src,dst
0,209
0,616
0,754
0,819
0,831
0,959
0,1328
0,1805
0,1875
0,2219
0,2363
0,2488
0,2825
0,3272
0,3340
0,3457
0,3837
0,4128
0,4533
0,4786
1,163
1,179
1,387
1,546
1,733
1,796
1,798
1,829
1,1165
1,1377
1,1631
1,1867
1,1937
1,2119
1,2143
1,2212
1,2315
1,2386
1,2732
1,2948
1,2996
1,3299
1,3525
1,3738
1,3788
1,3829
1,4007
1,4044
1,4144
1,4277
1,4462
1,4910
2,388
2,909
2,1271
2,1407
2,1823
2,1833
2,1841
2,2017
2,2399
2,2487
2,2692
2,2899
2,3066
2,3280
2,3348
2,3500
2,3598
2,3823
2,3872
2,3982
2,4589
2,4752
2,4975
2,4983
3,351
3,600
3,791
3,1260
3,1376
3,1420
3,1475
3,1609
3,1703
3,2521
3,2527
3,2946
3,3782
3,4241
3,4388
3,4778
4,143
4,165
4,365
4,483
4,678
4,891
4,1267
4,1369
4,1412
4,1710
4,1783
4,2224
4,2654
4,2847
4,2856
4,2941
4,2959
4,3534
4,3566
4,3828
4,3880
4,4254
4,4520
4,4845
5,39
5,131
5,301
5,379
5,424
5,457
5,551
5,668
5,852
5,869
5,1089
5,1119
5,1128
5,1328
5,1866
5,1921
5,2018
5,2046
5,2318
5,2379
5,2670
5,2744
5,3034
5,3135
5,3375
5,3871
5,4063
5,4095
5,4502
5,4595
5,4690
6,124
6,742
6,806
6,828
6,1869
6,2046
6,2437
6,2632
6,2778
6,2844
6,3084
6,3240
6,3568
6,3646
6,4232
6,4488
6,4531
6,4670
6,4911
6,4950
6,4967
7,83
7,465
7,492
7,513
7,576
7,591
7,727
7,1294
7,1376
7,1644
7,1828
7,1867
7,2481
7,2673
7,2750
7,2752
7,2885
7,2951
7,3045
7,3051
7,3433
7,3607
7,3907
7,3963
7,4246
7,4394
7,4521
7,4714
7,4957
8,465
8,562
8,593
8,1008
8,1041
8,1150
8,1618
8,1840
8,2329
8,2424
8,2588
8,2835
8,2983
8,3147
8,3323
8,3331
8,3399
8,3599
8,3600
8,3960
8,3975
8,4494
8,4505
9,152
9,967
9,1054
9,1290
9,1443
9,2195
9,2286
9,2348
9,2716
9,2720
9,2773
9,2822
9,3592
9,3967
9,4282
9,4344
9,4636
9,4825
9,4830
10,374
10,567
10,614
10,934
10,1001
10,1450
10,1451
10,1479
10,2576
10,2624
10,2828
10,2830
10,2896
10,3054
10,3265
10,3293
10,3331
10,3441
10,3466
10,3494
10,3715
10,3769
10,3808
10,3941
10,4171
10,4936
11,95
11,157
11,523
11,529
11,572
11,639
11,657
11,719
11,917
11,1046
11,1068
11,2104
11,2337
11,2411
11,2436
11,2443
11,2986
11,3973
11,4029
11,4129
11,4277
11,4789
12,422
12,465
12,729
12,1008
12,1010
12,1042
12,1222
12,1267
12,1743
12,2009
12,2202
12,2740
12,2947
12,3245
12,3472
12,3523
12,3565
12,3663
12,3705
12,4087
12,4530
12,4960
12,4969
13,40
13,440
13,648
13,850
13,1188
13,1208
13,1382
13,1680
13,1718
13,1746
13,1749
13,1924
13,1930
13,2119
13,2261
13,2297
13,2328
13,2725
13,2869
13,3449
13,3600
13,3764
13,4563
13,4585
13,4652
13,4888
14,596
14,714
14,937
14,1140
14,1185
14,1341
14,1447
14,1494
14,1562
14,1792
14,1868
14,2362
14,2380
14,2534
14,2732
14,2766
14,2881
14,3258
14,3272
14,3307
14,3353
14,3975
14,4063
14,4349
14,4519
14,4859
15,160
15,448
15,567
15,661
15,766
15,1020
15,1083
15,1117
15,1325
15,1521
15,1557
15,1974
15,1979
15,1995
15,2152
15,2969
15,3043
15,3129
15,3201
15,3449
15,3513
15,3552
15,3665
15,3709
15,3716
15,3830
15,4029
15,4117
15,4139
15,4210
15,4328
15,4687
15,4713
15,4839
15,4922
16,151
16,298
16,399
16,652
16,1023
16,1026
16,1083
16,1165
16,1276
16,1390
16,1477
16,1550
16,2670
16,2788
16,2940
16,2991
16,3124
16,3595
16,3774
16,3883
16,3965
16,4211
16,4385
16,4590
16,4804
16,4938
16,4961
17,78
17,105
17,164
17,167
17,379
17,648
17,838
17,904
17,1226
17,1309
17,1339
17,1555
17,1886
17,2174
17,2193
17,2406
17,2576
17,2832
17,2924
17,2970
17,3050
17,3352
17,3374
17,3407
17,3444
17,3512
17,3516
17,3968
17,4024
17,4616
17,4875
18,152
18,366
18,533
18,662
18,1178
18,1653
18,2169
18,2228
18,2305
18,2334
18,2468
18,3162
18,3503
18,3512
18,3693
18,3857
18,3907
18,3983
18,4074
18,4076
18,4128
18,4213
18,4384
18,4433
18,4863
19,260
19,424
19,536
19,628
19,1108
19,1451
19,1456
19,1527
19,1533
19,1573
19,1859
19,1964
19,2856
19,3276
19,3778
19,4470
19,4511
19,4621
19,4937
20,202
20,486
20,704
20,815
20,956
20,986
20,1102
20,1120
20,1168
20,1193
20,1326
20,1864
20,1973
20,2038
20,2300
20,2727
20,2794
20,2816
20,2849
20,3222
20,3347
20,3408
20,4304
20,4398
20,4435
20,4632
21,71
21,1317
21,1439
21,1455
21,1684
21,1790
21,2055
21,2426
21,2511
21,2606
21,3012
21,3065
21,3168
21,3879
21,4043
21,4476
21,4703
21,4869
21,4911
22,470
22,728
22,742
22,1227
22,1322
22,1455
22,2245
22,2572
22,2671
22,3222
22,3505
22,3821
22,3882
22,3940
22,4052
22,4374
22,4705
22,4921
23,932
23,1060
23,1273
23,1566
23,1581
23,2085
23,2270
23,2708
23,2812
23,3104
23,3351
23,3827
23,3887
23,3961
23,4079
23,4317
23,4631
23,4805
24,529
24,569
24,1072
24,1137
24,1352
24,1397
24,1646
24,1826
24,1863
24,1932
24,2129
24,2143
24,2217
24,2575
24,3412
24,3583
24,3831
24,4299
24,4404
24,4473
24,4520
24,4597
24,4606
25,283
25,371
25,372
25,433
25,499
25,738
25,788
25,1020
25,1290
25,1445
25,1480
25,1608
25,1626
25,1630
25,1745
25,1856
25,1871
25,2046
25,2239
25,2296
25,2473
25,3089
25,3386
25,3523
25,3660
25,3767
25,4004
25,4164
25,4385
25,4684
26,259
26,270
26,593
26,670
26,774
26,848
26,857
26,949
26,1032
26,1075
26,1555
26,2154
26,2195
26,2304
26,2308
26,2420
26,2602
26,2738
26,3356
26,3470
26,3838
26,3914
26,3959
26,4205
26,4432
26,4671
26,4822
26,4903
27,36
27,163
27,737
27,807
27,917
27,1261
27,1302
27,1553
27,1646
27,1825
27,2398
27,2435
27,2517
27,3188
27,3191
27,3381
27,3585
27,3754
27,3773
27,3826
27,4091
27,4330
27,4601
27,4980
28,412
28,1320
28,2102
28,2143
28,2187
28,2367
28,2516
28,2553
28,2714
28,2749
28,2871
28,2926
28,3254
28,3441
28,3767
28,4083
28,4205
28,4314
28,4466
28,4517
28,4539
28,4906
29,274
29,721
29,765
29,788
29,819
29,830
29,831
29,911
29,1026
29,1203
29,1621
29,1672
29,1734
29,1968
29,2049
29,2983
29,3908
29,4120
29,4315
30,132
30,348
30,616
30,668
30,912
30,1112
30,1473
30,1498
30,1730
30,2076
30,2260
30,2808
30,2815
30,2818
30,2936
30,3121
30,3628
30,3796
30,3819
30,3823
30,3831
30,4054
30,4068
30,4175
30,4257
30,4446
30,4494
31,223
31,526
31,542
31,842
31,930
31,964
31,1284
31,1332
31,2469
31,2574
31,2620
31,2732
31,3113
31,3382
31,3392
31,3623
31,3634
31,4048
31,4075
31,4092
31,4408
31,4472
31,4606
31,4836
31,4838
31,4916
32,559
32,858
32,1638
32,1694
32,1724
32,2300
32,2584
32,2607
32,2705
32,2730
32,2816
32,3415
32,3624
32,4137
32,4947
33,778
33,839
33,1071
33,1092
33,1173
33,1401
33,1417
33,1436
33,1615
33,1842
33,2168
33,2218
33,2235
33,2323
33,2672
33,2938
33,2967
33,3100
33,3693
33,3829
33,4018
33,4348
33,4441
33,4537
33,4560
33,4616
33,4894
34,269
34,909
34,1038
34,1323
34,1598
34,1616
34,1756
34,1955
34,1958
34,2223
34,2363
34,2462
34,2643
34,3584
34,3599
34,3606
34,3635
34,3740
34,3830
34,4055
34,4065
34,4275
34,4474
34,4664
34,4876
35,92
35,113
35,375
35,582
35,661
35,851
35,1032
35,1162
35,1200
35,1270
35,1589
35,1626
35,1758
35,1971
35,2193
35,2427
35,2440
35,2593
35,2972
35,3125
35,3676
35,3871
35,4488
35,4867
35,4957
36,388
36,484
36,662
36,1040
36,1438
36,1704
36,1860
36,2018
36,2154
36,2725
36,3363
36,3881
36,4225
36,4412
36,4463
36,4679
36,4686
36,4689
36,4969
37,117
37,256
37,290
37,359
37,489
37,626
37,993
37,1151
37,1215
37,1275
37,1290
37,1376
37,1450
37,1535
37,1541
37,2057
37,2373
37,2469
37,2591
37,2645
37,2938
37,3213
37,3514
37,3662
37,3752
37,4209
37,4226
37,4399
37,4479
37,4513
37,4547
38,251
38,603
38,632
38,659
38,670
38,672
38,676
38,1077
38,1092
38,1272
38,1277
38,1442
38,1912
38,2216
38,2262
38,2447
38,2448
38,2552
38,2634
38,3135
38,3361
38,3837
38,4080
38,4383
38,4460
38,4564
38,4618
38,4655
38,4747
38,4792
38,4846
39,199
39,473
39,517
39,595
39,1187
39,1207
39,1402
39,1664
39,1835
39,1898
39,2337
39,2375
39,2411
39,2690
39,2948
39,2985
39,3125
39,3272
39,3309
39,3620
39,3710
39,4403
39,4941
40,41
40,284
40,356
40,399
40,726
40,727
40,799
40,900
40,1468
40,1547
40,1794
40,2056
40,2091
40,2304
40,2637
40,2700
40,3204
40,3224
40,3321
40,3583
40,3663
40,3709
40,3781
40,4031
40,4129
40,4467
40,4532
40,4769
41,128
41,170
41,319
41,535
41,773
41,793
41,832
41,959
41,1154
41,1538
41,1762
41,1818
41,2301
41,2575
41,2663
41,2675
41,2731
41,2978
41,3432
41,3509
41,4041
41,4317
41,4433
41,4526
41,4766
41,4838
41,4989
42,157
42,190
42,381
42,783
42,1036
42,1470
42,1680
42,1759
42,1918
42,2002
42,2067
42,2159
42,2185
42,2523
42,2530
42,2727
42,2741
42,3086
42,3158
42,3771
42,4112
42,4290
42,4761
43,261
43,457
43,575
43,612
43,859
43,899
43,1230
43,1541
43,1936
43,1942
43,2180
43,2279
43,2284
43,2536
43,2750
43,3055
43,3210
43,3605
43,3632
43,3684
43,3768
43,3813
43,3955
43,4036
43,4089
43,4633
43,4667
44,169
44,596
44,605
44,674
44,904
44,949
44,1156
44,1163
44,1799
44,1866
44,1966
44,2012
44,2485
44,2545
44,2563
44,2974
44,3010
44,3014
44,3148
44,3160
44,3942
44,4060
44,4120
44,4268
44,4385
44,4799
45,147
45,277
45,767
45,1064
45,1137
45,1163
45,1230
45,1258
45,1391
45,1581
45,1709
45,1734
45,1835
45,1955
45,1962
45,2413
45,2687
45,2776
45,2919
45,3007
45,3033
45,3055
45,3156
45,3352
45,3967
45,3981
45,4288
45,4393
45,4604
45,4744
45,4780
46,205
46,424
46,479
46,782
46,1157
46,1215
46,1289
46,1341
46,1523
46,1615
46,1746
46,2362
46,3079
46,3157
46,3186
46,3501
46,3721
46,3957
46,4066
46,4076
46,4088
46,4473
46,4559
46,4576
47,80
47,144
47,287
47,566
47,576
47,679
47,864
47,901
47,948
47,1023
47,1201
47,1678
47,1763
47,1789
47,1871
47,1935
47,2010
47,2035
47,2724
47,2742
47,3411
47,3522
47,3724
47,3891
47,4688
47,4837
48,110
48,196
48,760
48,859
48,1057
48,1536
48,1679
48,1865
48,1940
48,2033
48,2253
48,2480
48,2729
48,3019
48,3259
48,3462
48,3627
48,3698
48,3937
48,4277
48,4507
48,4668
48,4738
48,4858
49,221
49,368
49,402
49,475
49,524
49,1585
49,1659
49,1777
49,2260
49,2278
49,2284
49,2309
49,2345
49,2463
49,2581
49,2641
49,3492
49,3545
49,3842
49,3996
49,4159
49,4201
49,4259
49,4442
49,4908
49,4996
49,4998
50,197
50,224
50,393
50,1008
50,1037
50,1088
50,1417
50,1508
50,1662
50,1720
50,1843
50,2083
50,2533
50,2733
50,2817
50,2934
50,2976
50,3140
50,3698
50,3831
50,3903
50,4202
50,4239
50,4559
50,4906
51,141
51,412
51,505
51,579
51,607
51,863
51,1021
51,1130
51,1167
51,1253
51,1492
51,1729
51,1978
51,2317
51,2381
51,2430
51,2514
51,2582
51,2747
51,2777
51,3158
51,3333
51,3505
51,3680
51,3881
51,3998
51,4028
51,4813
52,343
52,517
52,647
52,743
52,936
52,1124
52,1382
52,1665
52,1669
52,2218
52,2231
52,2368
52,2458
52,3019
52,3042
52,3284
52,3554
52,3659
52,3669
52,3746
52,3932
52,3990
52,3991
52,4113
52,4335
52,4549
52,4586
52,4648
52,4880
53,142
53,342
53,444
53,923
53,1213
53,1416
53,1719
53,2174
53,2299
53,2426
53,3005
53,3023
53,3044
53,3149
53,3153
53,3879
53,4703
54,651
54,799
54,1048
54,1124
54,1211
54,1397
54,1524
54,1672
54,1825
54,2089
54,2183
54,2198
54,2515
54,2623
54,3118
54,3122
54,3145
54,3452
54,3549
54,4354
54,4798
54,4852
55,463
55,644
55,719
55,875
55,935
55,1044
55,1369
55,1416
55,1524
55,1557
55,2275
55,2328
55,2471
55,2814
55,3043
55,3072
55,3140
55,3203
55,3475
55,3530
55,3973
55,4298
55,4444
55,4507
55,4796
55,4986
56,349
56,391
56,470
56,618
56,664
56,984
56,1280
56,1601
56,1723
56,1740
56,1853
56,2351
56,2539
56,2696
56,2770
56,2906
56,3118
56,3244
56,3299
56,3573
56,4110
56,4517
56,4943
57,654
57,763
57,1001
57,1081
57,1148
57,1255
57,2134
57,2172
57,2429
57,2464
57,2709
57,2729
57,4454
57,4817
58,246
58,571
58,1274
58,1276
58,1342
58,1395
58,1781
58,1796
58,1943
58,1948
58,2337
58,2500
58,2608
58,2616
58,2662
58,2869
58,2934
58,3086
58,3170
58,3428
58,3471
58,3537
58,3982
58,4138
58,4227
58,4324
58,4377
58,4525
59,150
59,155
59,380
59,391
59,398
59,410
59,549
59,607
59,1367
59,1508
59,1832
59,1963
59,2232
59,2295
59,2976
59,2983
59,4123
59,4158
59,4173
59,4255
59,4497
59,4746
60,233
60,256
60,629
60,810
60,1052
60,1073
60,1290
60,1598
60,1844
60,2065
60,2136
60,2323
60,2507
60,3188
60,3377
60,4072
60,4319
60,4352
60,4810
61,587
61,908
61,1036
61,1200
61,1202
61,2103
61,2244
61,2252
61,2322
61,2642
61,2686
61,3273
61,3371
61,3504
61,3563
61,3637
61,3717
61,3737
61,4142
61,4208
61,4279
61,4334
61,4775
62,182
62,669
62,817
62,989
62,1083
62,1250
62,1378
62,1489
62,1868
62,2033
62,2397
62,2508
62,2597
62,2770
62,2773
62,2939
62,3033
62,3443
62,3717
62,4790
62,4865
63,149
63,168
63,235
63,668
63,985
63,1075
63,1120
63,1400
63,1456
63,1639
63,2357
63,2513
63,2522
63,2810
63,2938
63,3363
63,3642
63,3726
63,3853
63,3896
63,4322
63,4325
64,97
64,333
64,373
64,447
64,461
64,911
64,1051
64,1092
64,1151
64,1216
64,1280
64,1678
64,1928
64,1964
64,2013
64,2172
64,2225
64,2340
64,2952
64,2997
64,3010
64,3062
64,3280
64,3464
64,3604
64,3608
64,3629
64,3830
64,4197
64,4355
64,4393
64,4430
64,4616
64,4991
65,113
65,533
65,894
65,1028
65,1053
65,1220
65,1542
65,1974
65,2170
65,2181
65,2222
65,2326
65,2723
65,2895
65,2938
65,3001
65,3161
65,3797
65,4322
65,4355
65,4398
65,4538
65,4882
65,4919
66,225
66,596
66,814
66,1135
66,1155
66,1295
66,1777
66,1839
66,2247
66,2433
66,2816
66,3222
66,3230
66,3269
66,3451
66,3476
66,3581
67,266
67,357
67,706
67,806
67,1013
67,1064
67,1153
67,1341
67,1376
67,1716
67,2021
67,2156
67,2461
67,2585
67,2797
67,2816
67,3015
67,3398
67,3400
67,3540
67,3612
67,3655
67,3693
67,4092
67,4181
67,4284
67,4492
67,4936
68,344
68,530
68,624
68,975
68,1097
68,1196
68,1906
68,1908
68,1964
68,2103
68,2404
68,2520
68,2587
68,2806
68,2814
68,2853
68,2975
68,3410
68,3792
68,3850
68,3981
68,4012
68,4457
68,4901
68,4924
68,4967
69,105
69,190
69,621
69,631
69,771
69,1030
69,1647
69,1750
69,1802
69,2075
69,2124
69,2329
69,2659
69,3349
69,3385
69,3566
69,3670
69,3697
69,3892
69,4135
69,4778
70,112
70,201
70,258
70,840
70,1286
70,1451
70,1577
70,1908
70,2121
70,2194
70,2210
70,2249
70,2294
70,2299
70,2533
70,2853
70,2886
70,3673
70,3800
70,3914
70,4121
70,4212
70,4246
70,4402
70,4439
70,4855
70,4873
70,4885
70,4967
71,122
71,492
71,558
71,700
71,831
71,1119
71,1173
71,1461
71,1511
71,1846
71,1879
71,1902
71,2215
71,2283
71,2529
71,2713
71,2721
71,2777
71,3153
71,3373
71,3603
71,3924
71,4035
71,4362
72,164
72,233
72,424
72,779
72,986
72,1411
72,1545
72,1684
72,1805
72,2070
72,2643
72,2648
72,2664
72,2693
72,2928
72,2962
72,3048
72,3278
72,3455
72,3955
72,4176
72,4194
72,4510
72,4662
72,4781
73,107
73,566
73,680
73,838
73,1010
73,1217
73,1308
73,1520
73,1597
73,1675
73,2017
73,2110
73,2286
73,2318
73,2376
73,2484
73,2991
73,3280
73,3496
73,3697
73,3754
73,3836
73,4475
73,4586
73,4808
74,299
74,546
74,638
74,748
74,831
74,1282
74,2207
74,2525
74,2579
74,2677
74,2685
74,2687
74,2792
74,2872
74,3395
74,3474
74,3579
74,4250
74,4395
74,4616
75,563
75,858
75,1350
75,1733
75,1755
75,1882
75,2228
75,2231
75,2263
75,2396
75,2526
75,2733
75,2890
75,2892
75,3034
75,3646
75,3749
75,3934
75,3963
75,4067
75,4075
75,4109
75,4193
75,4265
75,4506
75,4738
75,4793
75,4951
76,202
76,461
76,550
76,636
76,683
76,1094
76,1576
76,1754
76,2160
76,2399
76,2548
76,2673
76,2706
76,2813
76,3087
76,3354
76,3479
76,3612
76,3832
76,3960
76,4012
76,4203
76,4442
76,4557
76,4636
76,4716
76,4857
77,224
77,293
77,364
77,578
77,1683
77,1724
77,1729
77,1849
77,2393
77,2466
77,2552
77,2597
77,2744
77,2770
77,2944
77,2947
77,3071
77,3198
77,3414
77,3525
77,3947
77,4097
77,4100
77,4293
77,4779
78,984
78,1063
78,1147
78,1319
78,1993
78,2241
78,2476
78,2624
78,2684
78,2704
78,2945
78,3190
78,3205
78,3234
78,3609
78,3631
78,3915
78,3940
78,3948
78,3959
78,4054
78,4350
78,4821
78,4974
79,293
79,481
79,1268
79,1495
79,1823
79,1898
79,1926
79,1935
79,2013
79,2301
79,2402
79,2670
79,2720
79,2810
79,2882
79,2890
79,2986
79,3150
79,3220
79,3565
79,3684
79,3928
79,4884
80,484
80,672
80,881
80,955
80,1284
80,1328
80,1756
80,2081
80,2432
80,2555
80,2993
80,3049
80,3102
80,3109
80,3222
80,3292
80,3397
80,3550
80,3608
80,4089
80,4597
80,4794
80,4795
80,4828
81,155
81,278
81,402
81,463
81,608
81,657
81,670
81,706
81,1045
81,1367
81,1474
81,1518
81,1544
81,1744
81,1921
81,2019
81,2020
81,2085
81,2661
81,2722
81,2848
81,2948
81,3538
81,3567
81,3574
81,3702
81,3948
81,3987
81,4235
81,4617
81,4806
82,246
82,333
82,1007
82,1026
82,1073
82,1635
82,1975
82,2258
82,2313
82,2920
82,2938
82,3122
82,3464
82,3723
82,3831
82,4065
82,4402
82,4559
82,4776
83,263
83,351
83,355
83,368
83,600
83,678
83,786
83,836
83,1078
83,1828
83,2351
83,2399
83,2663
83,2797
83,3054
83,3189
83,3575
83,3798
83,3899
83,4067
83,4213
83,4280
83,4511
83,4651
83,4810
84,693
84,842
84,962
84,981
84,1151
84,1340
84,1465
84,1942
84,1979
84,2176
84,2249
84,2405
84,2582
84,3044
84,3106
84,3112
84,3162
84,3658
84,3811
84,3990
84,4556
84,4664
84,4780
84,4904
84,4997
85,431
85,1294
85,1431
85,1670
85,1873
85,2087
85,2181
85,2189
85,2297
85,2388
85,2564
85,2695
85,2803
85,2921
85,2990
85,3025
85,3030
85,3273
85,3518
85,3622
85,4098
85,4131
85,4451
85,4671
85,4672
85,4676
85,4857
86,87
86,108
86,316
86,325
86,452
86,1416
86,1434
86,1796
86,1972
86,2099
86,2272
86,2628
86,3087
86,3192
86,3221
86,3358
86,3551
86,4180
86,4191
86,4530
86,4639
86,4721
86,4723
87,230
87,485
87,497
87,1148
87,1482
87,1532
87,1980
87,2116
87,2140
87,2510
87,2662
87,2970
87,3204
87,3890
87,3965
87,4008
87,4066
87,4172
87,4404
87,4628
87,4652
87,4890
88,306
88,339
88,461
88,636
88,696
88,756
88,904
88,907
88,1104
88,1179
88,1455
88,1708
88,1728
88,2075
88,2155
88,2262
88,2354
88,2474
88,2774
88,3080
88,3124
88,3131
88,3319
88,3410
88,3436
88,3586
88,3739
88,4169
88,4363
88,4392
89,142
89,386
89,438
89,564
89,746
89,753
89,767
89,908
89,1520
89,1646
89,1657
89,1767
89,1787
89,2110
89,2125
89,2395
89,2469
89,2482
89,2607
89,2703
89,2922
89,3145
89,3186
89,3453
89,3703
89,3804
89,3831
89,4070
89,4267
89,4470
89,4568
90,92
90,183
90,335
90,542
90,554
90,660
90,884
90,914
90,1014
90,1255
90,1458
90,1600
90,1760
90,1883
90,2101
90,2235
90,2269
90,2429
90,2761
90,2779
90,2996
90,3026
90,3474
90,3495
90,3568
90,3796
90,4573
90,4599
90,4845
90,4995
91,116
91,215
91,677
91,742
91,837
91,1122
91,1377
91,1535
91,1819
91,2000
91,2196
91,2310
91,2312
91,2543
91,2730
91,2908
91,3077
91,3219
91,3288
91,3682
91,3773
91,3968
91,4029
91,4472
91,4575
91,4912
91,4925
92,204
92,338
92,345
92,488
92,833
92,883
92,912
92,1117
92,1275
92,1355
92,1360
92,1914
92,2314
92,2784
92,2877
92,2944
92,3085
92,3587
92,3590
92,3807
92,4247
92,4509
92,4567
92,4822
92,4919
93,160
93,235
93,293
93,875
93,920
93,928
93,1107
93,1408
93,1586
93,1764
93,1904
93,2856
93,3101
93,3315
93,3424
93,3486
93,3498
93,3668
93,3739
93,3776
93,3946
93,3955
93,4033
93,4252
93,4294
93,4340
93,4400
93,4408
93,4460
93,4510
93,4697
93,4786
93,4939
94,720
94,978
94,1018
94,1069
94,1321
94,1366
94,1497
94,1662
94,1840
94,1965
94,2470
94,2473
94,2497
94,3083
94,3708
94,3897
94,3928
94,4261
94,4494
94,4564
94,4695
94,4849
95,427
95,438
95,735
95,1178
95,1488
95,1510
95,1818
95,2148
95,2397
95,2431
95,2501
95,2526
95,3138
95,3168
95,3357
95,3483
95,3778
95,4001
95,4128
95,4664
95,4934
95,4937
96,396
96,465
96,968
96,1264
96,1704
96,1728
96,1866
96,2099
96,2413
96,2585
96,2715
96,2759
96,2954
96,2996
96,3056
96,3194
96,3295
96,3793
96,3908
96,3978
97,226
97,747
97,819
97,974
97,992
97,1149
97,1524
97,1685
97,1785
97,2335
97,2374
97,2437
97,3019
97,3243
97,3395
97,3407
97,3675
97,4682
98,170
98,240
98,447
98,450
98,744
98,976
98,1008
98,1188
98,1480
98,1695
98,2055
98,2348
98,2365
98,2661
98,2684
98,2814
98,3024
98,3672
98,3783
98,3824
98,3937
98,3954
98,4246
99,1304
99,1404
99,1787
99,1897
99,2115
99,2166
99,2359
99,2430
99,2780
99,3472
99,3475
99,3766
99,4162
99,4380
99,4409
99,4430
99,4460
99,4584
99,4604
99,4697
99,4734
99,4757
99,4834
100,108
100,165
100,862
100,956
100,1166
100,1180
100,1189
100,1331
100,1663
100,1823
100,1856
100,2153
100,2237
100,2328
100,2858
100,2919
100,3236
100,3428
100,3442
100,3677
100,3805
100,3823
100,4076
100,4372
101,427
101,1347
101,1357
101,1363
101,1422
101,1728
101,2203
101,2499
101,2690
101,2936
101,2955
101,3060
101,3137
101,3591
101,3711
101,4172
101,4185
101,4502
101,4577
101,4739
101,4966
101,4980
102,259
102,406
102,676
102,732
102,745
102,1297
102,1724
102,1962
102,2717
102,2901
102,3512
102,3531
102,3608
102,3645
102,3706
102,3849
102,3920
102,4148
102,4234
102,4325
102,4435
102,4761
102,4776
102,4797
103,487
103,530
103,578
103,1141
103,1145
103,1346
103,1627
103,1645
103,1918
103,2164
103,2186
103,2311
103,2368
103,2387
103,2454
103,2542
103,2877
103,2974
103,2982
103,3245
103,3267
103,3289
103,3328
103,3367
103,3697
103,3865
103,4095
103,4188
103,4212
103,4275
103,4386
103,4450
103,4488
103,4870
103,4905
104,464
104,815
104,838
104,880
104,911
104,1518
104,2037
104,2104
104,2261
104,2772
104,2914
104,2999
104,3337
104,3405
104,3429
104,4146
104,4494
104,4609
104,4944
105,178
105,261
105,700
105,787
105,788
105,1046
105,1135
105,1572
105,1750
105,1994
105,2005
105,2225
105,2333
105,2507
105,2639
105,3025
105,3188
105,3190
105,3772
105,4235
105,4283
105,4474
105,4629
105,4791
105,4870
105,4893
105,4959
106,171
106,469
106,590
106,653
106,1144
106,1250
106,1460
106,1477
106,2064
106,2453
106,2519
106,2653
106,2864
106,3102
106,3286
106,3737
106,4267
106,4278
106,4418
106,4432
106,4678
106,4770
106,4841
107,130
107,470
107,612
107,727
107,941
107,1009
107,2041
107,2301
107,2491
107,2557
107,2560
107,2622
107,2723
107,2836
107,2875
107,3080
107,3701
107,3957
107,4041
107,4051
107,4069
107,4117
107,4700
107,4740
107,4756
108,391
108,1197
108,1387
108,1781
108,2074
108,2160
108,2276
108,2512
108,2936
108,3162
108,3451
108,3457
108,3540
108,3652
108,3696
108,3705
108,3854
108,4067
108,4140
108,4185
108,4311
108,4649
108,4730
108,4803
108,4842
108,4993
109,225
109,297
109,377
109,442
109,785
109,936
109,1026
109,1165
109,1545
109,1774
109,2078
109,2156
109,2341
109,2425
109,2832
109,2866
109,3373
109,3420
109,3884
109,3944
109,3957
109,4142
109,4502
109,4507
109,4606
109,4945
110,276
110,628
110,887
110,1002
110,1169
110,1477
110,1492
110,1525
110,1658
110,1785
110,1842
110,2053
110,2623
110,3182
110,3781
110,3783
110,3838
110,4482
110,4483
111,440
111,468
111,595
111,919
111,1119
111,1457
111,1772
111,1936
111,1939
111,2386
111,2389
111,2394
111,2440
111,2690
111,2725
111,3181
111,3247
111,3377
111,3649
111,3672
111,3733
111,3973
111,4074
111,4291
111,4309
111,4532
111,4551
111,4594
111,4595
111,4630
112,272
112,356
112,1615
112,1631
112,1644
112,1859
112,1938
112,1992
112,2091
112,2194
112,2697
112,3028
112,3096
112,3139
112,3381
112,4127
112,4189
112,4675
112,4878
112,4978
113,136
113,1029
113,1152
113,1430
113,1685
113,1995
113,2019
113,2078
113,2212
113,2815
113,2847
113,2852
113,3358
113,3388
113,3435
113,3641
113,3743
113,3917
113,4537
113,4580
113,4695
113,4802
113,4822
113,4869
113,4925
114,191
114,238
114,380
114,630
114,734
114,892
114,924
114,1261
114,1506
114,1515
114,1820
114,1912
114,1920
114,2002
114,2009
114,2299
114,2966
114,3077
114,3326
114,3816
114,3830
114,4239
114,4304
114,4359
115,253
115,266
115,293
115,407
115,591
115,597
115,620
115,965
115,1021
115,1090
115,1786
115,1870
115,1934
115,2302
115,3066
115,3370
115,3968
115,4151
115,4628
115,4707
115,4805
115,4902
115,4917
116,175
116,177
116,347
116,482
116,594
116,736
116,1299
116,1367
116,1670
116,1831
116,2278
116,2384
116,2809
116,3115
116,3267
116,3558
116,3589
116,3749
116,3981
116,4016
116,4099
116,4207
116,4376
116,4388
116,4515
116,4589
116,4612
116,4805
116,4830
116,4885
116,4912
117,253
117,385
117,628
117,1270
117,1295
117,1541
117,1721
117,1982
117,2167
117,2205
117,2207
117,2333
117,2402
117,2840
117,3074
117,3180
117,3776
117,4011
117,4600
117,4644
117,4721
117,4969
118,862
118,888
118,1144
118,1190
118,1327
118,1359
118,1393
118,1928
118,2081
118,2088
118,2281
118,2412
118,2489
118,2708
118,2932
118,3614
118,4206
118,4572
118,4817
118,4944
119,167
119,171
119,186
119,321
119,390
119,718
119,957
119,1183
119,1459
119,1483
119,1534
119,1831
119,2044
119,2633
119,2735
119,2890
119,3026
119,3502
119,3560
119,3635
119,3965
119,4154
119,4773
120,262
120,457
120,1448
120,1650
120,1856
120,2328
120,2332
120,2468
120,2649
120,2964
120,3462
120,4056
120,4135
120,4471
120,4521
120,4693
121,435
121,774
121,1005
121,1075
121,1241
121,1300
121,1324
121,1596
121,1911
121,2200
121,2269
121,2383
121,2988
121,3526
121,4141
121,4194
121,4379
121,4409
121,4499
121,4500
121,4620
121,4957
122,289
122,329
122,678
122,679
122,785
122,972
122,1203
122,1280
122,1288
122,1735
122,1814
122,1917
122,2202
122,2431
122,2576
122,2782
122,2939
122,3004
122,3748
122,3749
122,3960
122,4153
122,4348
122,4373
122,4439
122,4450
122,4545
122,4730
123,314
123,728
123,815
123,852
123,874
123,1519
123,1698
123,1923
123,1927
123,2016
123,2243
123,2357
123,2425
123,2818
123,3103
123,3397
123,3447
123,3488
123,3615
123,3721
123,4119
123,4445
123,4456
123,4460
123,4462
124,223
124,1462
124,1668
124,1959
124,2135
124,2244
124,2426
124,2661
124,2746
124,2839
124,3010
124,3515
124,3537
124,3627
124,3672
124,3920
124,3944
124,4022
124,4039
124,4199
124,4349
124,4941
124,4943
125,478
125,577
125,692
125,702
125,717
125,807
125,1310
125,1465
125,1509
125,1833
125,1988
125,2055
125,2166
125,2256
125,2505
125,2543
125,2548
125,2593
125,2737
125,3148
125,3360
125,3898
125,4159
125,4701
125,4726
125,4857
126,276
126,481
126,764
126,802
126,815
126,1098
126,1205
126,1517
126,1997
126,2070
126,2086
126,2123
126,2346
126,2347
126,2400
126,2548
126,2732
126,2739
126,2944
126,3351
126,3488
126,3610
126,3637
126,3752
126,3870
126,4138
126,4205
126,4471
126,4580
126,4734
127,497
127,892
127,958
127,1065
127,1291
127,1369
127,1471
127,1653
127,1798
127,1825
127,2063
127,2295
127,2453
127,2653
127,2690
127,3085
127,3364
127,3467
127,3600
127,3813
127,4554
127,4581
127,4657
127,4706
127,4744
127,4840
128,361
128,367
128,596
128,691
128,729
128,849
128,903
128,1090
128,1141
128,1385
128,1560
128,1580
128,1624
128,1646
128,1704
128,1781
128,2079
128,2392
128,2868
128,3058
128,3565
128,3804
128,3836
128,3862
128,4102
128,4275
128,4307
128,4349
129,194
129,376
129,710
129,894
129,898
129,1058
129,1127
129,1373
129,1453
129,1858
129,2122
129,2329
129,2450
129,2758
129,2857
129,3321
129,3597
129,3634
129,3668
129,3913
129,4061
129,4294
129,4527
129,4634
129,4963
130,214
130,378
130,658
130,849
130,1105
130,1417
130,1490
130,1535
130,1615
130,1864
130,2120
130,2229
130,3711
130,3824
130,3888
130,3992
130,4085
130,4273
130,4452
130,4686
130,4951
131,207
131,308
131,325
131,472
131,659
131,744
131,965
131,1255
131,1346
131,1390
131,1626
131,1860
131,2538
131,2544
131,2664
131,3796
131,3842
131,3848
131,4080
131,4582
131,4826
131,4877
131,4880
131,4922
132,155
132,176
132,206
132,516
132,949
132,1016
132,1133
132,1336
132,1660
132,1740
132,1817
132,2061
132,2104
132,2173
132,2271
132,2580
132,2606
132,2621
132,2641
132,2722
132,2848
132,2922
132,3079
132,3592
132,3638
132,3927
132,3969
132,3981
132,3983
132,4217
132,4293
132,4427
132,4571
133,1249
133,1254
133,1307
133,1355
133,1486
133,1567
133,1624
133,1872
133,1893
133,2495
133,2594
133,2675
133,2842
133,3120
133,3379
133,3638
133,3753
133,3760
133,3872
133,4384
133,4494
133,4546
133,4692
133,4848
134,318
134,365
134,578
134,650
134,994
134,1155
134,1201
134,1237
134,1260
134,1473
134,1476
134,1775
134,1984
134,2650
134,2842
134,2886
134,2939
134,3319
134,4344
134,4817
134,4970
135,981
135,1077
135,1083
135,1137
135,1174
135,1367
135,2035
135,2532
135,2693
135,2729
135,2771
135,2788
135,3216
135,3228
135,3241
135,3654
135,3696
135,4066
135,4268
135,4675
136,447
136,538
136,554
136,555
136,565
136,897
136,904
136,918
136,1263
136,1693
136,1779
136,2159
136,2370
136,2699
136,2702
136,2841
136,3050
136,3084
136,3581
136,3947
136,4234
136,4632
136,4921
137,159
137,374
137,701
137,1382
137,1580
137,1684
137,1685
137,2186
137,2415
137,2591
137,3035
137,3136
137,3276
137,3383
137,3427
137,3890
137,4107
137,4165
137,4552
137,4785
137,4832
137,4883
137,4993
137,4998
138,856
138,1451
138,2001
138,2056
138,2123
138,2284
138,2330
138,2993
138,3446
138,3455
138,3528
138,4089
138,4137
138,4160
138,4670
138,4930
139,531
139,599
139,630
139,911
139,1035
139,1236
139,1342
139,1649
139,1782
139,1875
139,2001
139,2269
139,2379
139,2381
139,2444
139,2794
139,2901
139,3144
139,3221
139,3248
139,3417
139,3756
139,4394
139,4641
140,145
140,301
140,696
140,973
140,1505
140,1512
140,1671
140,1823
140,2026
140,2243
140,2344
140,2647
140,2672
140,2794
140,3178
140,3597
140,3639
140,3692
140,3901
140,3979
140,4083
140,4424
140,4919
141,213
141,411
141,597
141,951
141,1404
141,1704
141,1900
141,1951
141,2377
141,2517
141,3053
141,3587
141,3905
141,3970
141,4122
141,4253
141,4286
141,4573
141,4698
141,4761
142,480
142,1097
142,1411
142,1859
142,1931
142,1933
142,2065
142,2161
142,2464
142,2635
142,2950
142,2955
142,3097
142,3479
142,3608
142,3749
142,3966
142,3986
142,4294
142,4359
142,4382
142,4637
142,4733
142,4827
142,4880
143,162
143,179
143,357
143,562
143,567
143,627
143,817
143,905
143,1206
143,1260
143,1919
143,2142
143,2154
143,2244
143,2663
143,2757
143,3010
143,3048
143,3257
143,3269
143,3510
143,3751
143,4074
143,4141
143,4218
143,4289
143,4392
143,4593
143,4924
144,501
144,581
144,711
144,714
144,1259
144,1266
144,1453
144,1601
144,1923
144,2071
144,2395
144,2604
144,2845
144,3021
144,3673
144,3690
144,4132
144,4147
144,4159
144,4204
144,4205
144,4598
144,4918
145,438
145,653
145,750
145,822
145,1122
145,1161
145,1313
145,1454
145,1515
145,1567
145,1724
145,1878
145,2008
145,2044
145,2119
145,2556
145,2728
145,3028
145,3054
145,3805
145,3824
145,3941
145,4253
145,4476
145,4562
145,4570
145,4947
146,500
146,737
146,798
146,833
146,864
146,1237
146,1268
146,1439
146,1801
146,1934
146,1955
146,2131
146,2263
146,2366
146,2396
146,2551
146,2554
146,2755
146,2810
146,3226
146,3296
146,3405
146,3479
146,3697
146,3875
146,3880
146,3978
146,4066
146,4184
146,4461
146,4588
146,4908
147,223
147,512
147,611
147,709
147,950
147,1030
147,1278
147,1452
147,1583
147,1719
147,1735
147,2608
147,2846
147,2854
147,2946
147,3314
147,3895
147,4493
147,4577
147,4792
148,751
148,753
148,764
148,777
148,1133
148,1207
148,1326
148,1694
148,1915
148,2010
148,2136
148,2541
148,2639
148,3141
148,3627
148,3786
148,3885
148,3958
148,4070
148,4384
149,234
149,801
149,893
149,975
149,1001
149,1213
149,1216
149,1568
149,1667
149,2270
149,2364
149,2546
149,2608
149,3092
149,3165
149,3694
149,4027
149,4313
149,4519
149,4782
149,4867
150,620
150,1245
150,1272
150,1289
150,1386
150,1666
150,1877
150,2271
150,2396
150,2694
150,3092
150,3145
150,3339
150,3393
150,3696
150,3796
150,3867
150,4127
150,4483
150,4506
151,200
151,452
151,663
151,980
151,1043
151,1124
151,1164
151,1220
151,1299
151,1982
151,2025
151,2045
151,2133
151,2241
151,2248
151,2538
151,2706
151,2734
151,2757
151,2961
151,3009
151,3136
151,3407
151,3429
151,4075
151,4268
151,4418
151,4507
151,4517
151,4539
151,4592
151,4609
151,4695
151,4938
152,181
152,443
152,588
152,590
152,608
152,678
152,798
152,864
152,1065
152,1145
152,1411
152,1693
152,1943
152,2004
152,2093
152,2336
152,2373
152,2674
152,2807
152,2904
152,2995
152,3132
152,3194
152,3412
152,3557
152,3793
152,3868
152,4039
152,4063
152,4184
152,4458
152,4755
153,415
153,750
153,771
153,796
153,850
153,1074
153,1158
153,1307
153,1404
153,1506
153,2235
153,2350
153,2558
153,3119
153,3357
153,3670
153,3878
153,4097
153,4531
153,4743
153,4938
154,532
154,621
154,633
154,804
154,851
154,1329
154,1517
154,1791
154,1798
154,2826
154,3091
154,3127
154,3239
154,3258
154,3311
154,3765
154,3936
154,3989
154,4189
154,4321
154,4362
154,4556
154,4585
154,4899
155,450
155,511
155,588
155,699
155,1158
155,1261
155,1288
155,1317
155,1443
155,1517
155,1736
155,1793
155,1883
155,2030
155,2037
155,2927
155,3454
155,3564
155,3576
155,3654
155,3677
155,3687
155,3727
155,3913
155,4075
155,4110
155,4274
155,4319
155,4390
155,4425
155,4526
155,4564
155,4622
155,4862
155,4886
155,4939
156,531
156,1200
156,1385
156,1585
156,1705
156,1711
156,1920
156,2458
156,2647
156,2730
156,2805
156,2931
156,3091
156,3133
156,3185
156,4096
156,4240
156,4271
156,4293
156,4432
156,4461
156,4569
157,847
157,969
157,1050
157,1127
157,1471
157,1587
157,1642
157,2088
157,2277
157,2279
157,2382
157,2469
157,3000
157,3102
157,3190
157,3264
157,3353
157,3783
157,4019
157,4521
157,4603
157,4819
158,208
158,428
158,857
158,1249
158,1581
158,1587
158,1597
158,2383
158,2532
158,3098
158,3104
158,3118
158,3300
158,3495
158,3775
158,3795
158,3880
158,4060
158,4194
158,4336
158,4788
158,4970
159,176
159,395
159,443
159,665
159,756
159,823
159,990
159,1066
159,1110
159,1204
159,1460
159,1551
159,1683
159,2012
159,2440
159,2515
159,3029
159,3111
159,3151
159,3210
159,3399
159,3717
159,3829
159,3986
159,4919
159,4955
160,258
160,487
160,634
160,710
160,789
160,985
160,1005
160,1036
160,1298
160,1390
160,1770
160,1982
160,2213
160,2521
160,2770
160,3158
160,3159
160,3601
160,3623
160,3851
160,4070
160,4139
160,4175
160,4363
160,4715
160,4881
161,333
161,361
161,505
161,947
161,1386
161,1400
161,1641
161,1643
161,1721
161,1993
161,2030
161,2393
161,2453
161,2562
161,2653
161,2930
161,3196
161,3375
161,3417
161,3668
161,3915
161,4126
161,4491
161,4598
161,4683
162,286
162,293
162,584
162,899
162,1456
162,1530
162,1815
162,2260
162,2288
162,2342
162,2406
162,2419
162,2474
162,2531
162,2585
162,2923
162,2938
162,3333
162,3338
162,3476
162,3602
162,3909
162,3925
162,3962
162,4087
162,4573
162,4777
162,4838
162,4866
162,4957
162,4985
163,428
163,1024
163,1305
163,1547
163,1680
163,1819
163,1864
163,2328
163,2566
163,3248
163,3359
163,3743
163,4290
163,4781
164,337
164,458
164,528
164,752
164,901
164,928
164,975
164,987
164,1130
164,1567
164,2322
164,2547
164,2731
164,3221
164,3307
164,3345
164,3389
164,3406
164,3441
164,3847
164,3850
164,3999
164,4113
164,4312
164,4323
164,4365
164,4548
164,4628
164,4993
165,236
165,1006
165,1009
165,1791
165,1832
165,1886
165,2095
165,2257
165,3390
165,3478
165,3587
165,3615
165,3673
165,3760
165,3813
165,4119
165,4165
165,4238
165,4530
165,4934
166,343
166,488
166,591
166,720
166,1349
166,1371
166,1611
166,1717
166,1888
166,1899
166,1974
166,2085
166,2376
166,3693
166,3817
166,3891
166,4099
166,4571
166,4655
166,4709
166,4779
166,4809
167,276
167,613
167,729
167,816
167,1198
167,1280
167,1427
167,1539
167,1562
167,1572
167,1595
167,2011
167,2073
167,2216
167,2292
167,2345
167,2756
167,2766
167,2787
167,2909
167,3061
167,3063
167,3294
167,3303
167,3356
167,3393
167,3434
167,3496
167,3622
167,4124
167,4200
167,4331
167,4596
167,4601
167,4878
167,4900
168,1186
168,1276
168,1794
168,2071
168,2413
168,2438
168,2773
168,2978
168,3059
168,3322
168,3916
168,4410
168,4536
168,4939
169,202
169,207
169,315
169,391
169,517
169,552
169,970
169,1054
169,1202
169,1237
169,1556
169,1607
169,1881
169,1918
169,2031
169,2478
169,2586
169,2633
169,2751
169,2889
169,3143
169,3541
169,3557
169,3673
169,3676
169,3844
169,4175
169,4410
169,4621
169,4683
169,4764
169,4846
169,4940
170,207
170,258
170,450
170,515
170,556
170,664
170,1069
170,1287
170,1476
170,1479
170,1543
170,1907
170,2138
170,2349
170,2447
170,2497
170,2607
170,2678
170,2800
170,3036
170,3491
170,3647
170,3704
170,3717
170,4018
170,4107
170,4291
170,4556
170,4579
170,4611
170,4772
170,4838
171,690
171,703
171,827
171,1269
171,1798
171,1963
171,2187
171,2283
171,3025
171,3410
171,3848
171,3923
171,4214
171,4742
172,294
172,538
172,611
172,976
172,1159
172,1294
172,1680
172,1808
172,1902
172,2025
172,2322
172,2359
172,2697
172,2780
172,2901
172,3114
172,3213
172,3247
172,3253
172,3404
172,3417
172,3518
172,3761
172,4473
172,4525
172,4691
172,4820
172,4994
173,175
173,210
173,263
173,456
173,478
173,516
173,977
173,1521
173,1649
173,1872
173,1965
173,1992
173,2228
173,2428
173,3254
173,3341
173,3406
173,3554
173,3650
173,3717
173,4350
173,4578
173,4853
173,4984
174,507
174,641
174,932
174,1243
174,1901
174,1947
174,2257
174,2861
174,3627
174,3792
174,4588
174,4643
174,4803
174,4935
175,334
175,355
175,379
175,414
175,1234
175,1437
175,1490
175,1640
175,1671
175,1679
175,2198
175,2370
175,2448
175,2558
175,2663
175,2855
175,3341
175,3390
175,3527
175,3535
175,3814
175,4446
175,4663
175,4686
175,4830
175,4855
175,4927
176,347
176,514
176,533
176,576
176,1119
176,2004
176,2234
176,2303
176,2920
176,3012
176,3054
176,3322
176,3327
176,4143
176,4184
176,4436
176,4575
176,4636
176,4770
176,4881
176,4917
177,440
177,501
177,1034
177,1104
177,1164
177,1453
177,3486
177,3564
177,3701
177,3755
177,3981
177,4564
177,4573
177,4651
178,227
178,370
178,456
178,623
178,1357
178,1478
178,1762
178,1993
178,2068
178,2136
178,2368
178,2709
178,2807
178,3093
178,3098
178,3284
178,3638
178,3795
178,4137
178,4269
178,4352
178,4544
178,4623
178,4685
178,4736
179,371
179,531
179,608
179,701
179,1209
179,1215
179,1822
179,1854
179,1951
179,2133
179,2963
179,3498
179,3534
179,3825
179,3927
179,4029
179,4255
179,4424
179,4472
179,4475
179,4715
179,4778
180,271
180,420
180,652
180,957
180,1414
180,1946
180,2011
180,2312
180,2367
180,2446
180,2498
180,2636
180,2981
180,3260
180,3485
180,3627
180,4082
180,4203
180,4929
180,4935
181,208
181,228
181,277
181,284
181,524
181,530
181,615
181,804
181,828
181,933
181,999
181,1148
181,1160
181,1731
181,2150
181,2338
181,2531
181,2557
181,2860
181,3104
181,3205
181,3207
181,3300
181,3376
181,3614
181,3835
181,3850
181,3892
181,4404
181,4412
182,426
182,584
182,607
182,719
182,774
182,885
182,902
182,965
182,1089
182,1110
182,1167
182,1218
182,1398
182,1550
182,1603
182,1768
182,2029
182,2120
182,2501
182,2786
182,2938
182,3064
182,3940
182,3941
182,3977
182,4063
182,4143
182,4312
182,4350
182,4465
182,4642
182,4643
182,4881
182,4971
182,4995
183,242
183,251
183,339
183,386
183,633
183,1187
183,1336
183,1394
183,1691
183,1710
183,1757
183,1783
183,1788
183,2339
183,2406
183,2451
183,3277
183,3333
183,3608
183,3665
183,4157
183,4617
183,4863
184,891
184,1493
184,1571
184,2164
184,2167
184,3396
184,3454
184,3595
184,3716
184,3815
184,3868
184,4048
184,4328
184,4555
184,4639
184,4656
184,4767
184,4908
185,201
185,284
185,346
185,601
185,705
185,1112
185,1167
185,1248
185,1338
185,1827
185,2393
185,2551
185,3033
185,3242
185,3262
185,3346
185,3475
185,3570
185,4646
185,4670
185,4921
186,232
186,467
186,656
186,685
186,830
186,884
186,1524
186,1643
186,1892
186,2013
186,2238
186,2333
186,2783
186,2966
186,3349
186,3863
186,4076
186,4226
186,4515
186,4608
186,4802
186,4940
186,4949
187,390
187,631
187,858
187,906
187,1019
187,1147
187,1767
187,1846
187,1848
187,1905
187,1937
187,1973
187,1991
187,2600
187,2673
187,2892
187,2989
187,3466
187,3597
187,3673
187,3715
187,3811
187,3901
187,3946
187,4072
187,4251
187,4587
187,4600
187,4639
187,4875
188,554
188,905
188,1217
188,1262
188,1729
188,1977
188,2148
188,2203
188,2286
188,2511
188,2640
188,2929
188,2930
188,2940
188,3562
188,3704
188,3819
188,3930
188,4193
188,4265
188,4287
188,4288
188,4677
188,4814
188,4822
188,4935
189,370
189,795
189,801
189,803
189,815
189,828
189,918
189,924
189,1030
189,1189
189,1368
189,1398
189,1508
189,1685
189,1932
189,1953
189,2032
189,2310
189,2377
189,2571
189,2669
189,2941
189,2979
189,3638
189,4009
189,4207
189,4255
189,4497
189,4535
189,4542
190,223
190,783
190,1074
190,1257
190,1270
190,1281
190,1337
190,1673
190,2240
190,2438
190,2871
190,2964
190,3017
190,3381
190,4727
190,4924
191,233
191,331
191,406
191,817
191,840
191,1100
191,1155
191,1182
191,1395
191,2147
191,2174
191,2222
191,2592
191,2822
191,2939
191,3125
191,3182
191,3205
191,3656
191,3660
191,3776
191,3822
191,3856
191,4028
191,4298
191,4395
191,4473
192,330
192,500
192,829
192,855
192,1712
192,2066
192,2279
192,2308
192,2456
192,2564
192,2726
192,2965
192,3501
192,3576
192,3869
192,3890
192,3891
192,4120
192,4144
192,4266
192,4628
192,4732
192,4779
192,4880
192,4979
192,4989
193,730
193,1214
193,1761
193,2658
193,2676
193,2929
193,3512
193,3653
193,3895
193,4018
193,4117
193,4215
193,4862
193,4871
194,406
194,835
194,1212
194,1397
194,1553
194,1559
194,1655
194,1873
194,2768
194,3000
194,3288
194,3673
194,4039
194,4985
195,514
195,681
195,946
195,1008
195,1010
195,1697
195,2020
195,2232
195,2418
195,2442
195,2772
195,2782
195,3144
195,3161
195,3250
195,3359
195,3460
195,3557
195,3605
195,3769
195,3884
195,4162
195,4182
195,4374
195,4375
195,4614
195,4659
195,4785
195,4887
196,240
196,261
196,1007
196,1997
196,2484
196,3448
196,3857
196,4157
196,4255
196,4644
196,4648
196,4827
197,240
197,474
197,479
197,666
197,830
197,1151
197,1317
197,1871
197,2814
197,3088
197,3523
197,3660
197,3733
197,3785
197,4271
197,4890
198,218
198,343
198,376
198,518
198,848
198,2015
198,2024
198,2069
198,2108
198,2260
198,2287
198,2318
198,2345
198,2471
198,2869
198,3285
198,3632
198,3949
198,4027
198,4226
198,4257
198,4279
198,4330
198,4743
199,262
199,456
199,526
199,704
199,882
199,1157
199,1622
199,1694
199,2511
199,2646
199,2821
199,2830
199,2901
199,3136
199,3491
199,3504
199,4113
199,4195
199,4217
199,4247
199,4596
199,4637
199,4682
199,4972
200,495
200,690
200,1308
200,1631
200,1732
200,1790
200,2019
200,2118
200,2528
200,2728
200,2911
200,3055
200,3274
200,3383
200,3514
200,3551
200,3613
200,3877
200,4032
200,4947
200,4995
201,392
201,418
201,1200
201,1639
201,1719
201,1938
201,2013
201,2918
201,3012
201,3014
201,3189
201,3406
201,3420
201,3703
201,3729
201,3841
201,3893
201,4100
201,4654
201,4660
201,4667
201,4896
202,271
202,377
202,942
202,1087
202,1208
202,1252
202,1427
202,1447
202,1842
202,1921
202,2186
202,2528
202,2580
202,2840
202,2967
202,2986
202,2997
202,3063
202,3337
202,3648
202,3688
202,3818
202,3847
202,4056
202,4243
202,4366
202,4416
202,4497
202,4627
202,4628
202,4645
202,4741
202,4982
203,409
203,483
203,676
203,850
203,1249
203,1357
203,1371
203,1582
203,1617
203,1887
203,2660
203,2775
203,2819
203,3118
203,3189
203,3552
203,3629
203,3652
203,3762
203,3871
203,3930
203,4224
203,4374
203,4526
203,4836
203,4987
204,900
204,1038
204,1302
204,1582
204,1777
204,1803
204,2006
204,2052
204,2249
204,2795
204,2982
204,3150
204,3427
204,3860
204,4287
204,4567
204,4605
204,4676
204,4717
205,268
205,283
205,941
205,1334
205,1641
205,1965
205,2260
205,2293
205,2301
205,2431
205,2549
205,3255
205,3257
205,3268
205,3490
205,3549
205,3605
205,3682
205,3747
205,3785
205,3809
205,4282
205,4339
205,4429
206,504
206,810
206,1383
206,1686
206,2675
206,2818
206,2998
206,3366
206,3877
206,4153
206,4189
206,4228
206,4237
206,4993
207,214
207,275
207,452
207,507
207,517
207,1183
207,1207
207,1664
207,1783
207,1825
207,2247
207,2379
207,2654
207,2679
207,2723
207,2762
207,2797
207,2889
207,2905
207,2925
207,3055
207,3075
207,3492
207,3633
207,4115
207,4244
207,4433
207,4591
208,319
208,349
208,499
208,702
208,809
208,1153
208,1328
208,1348
208,1761
208,1881
208,1942
208,2002
208,2097
208,2635
208,2680
208,2797
208,2813
208,2952
208,3187
208,3361
208,3380
208,3731
208,3806
208,3813
208,3950
208,3963
208,4231
208,4643
208,4741
209,580
209,713
209,791
209,1485
209,1613
209,1618
209,1905
209,2061
209,2207
209,2379
209,2470
209,2624
209,2874
209,2907
209,3099
209,3148
209,3378
209,3685
209,3727
209,3933
209,4248
209,4610
209,4934
209,4936
210,1054
210,1075
210,1129
210,1224
210,1361
210,1588
210,1688
210,1825
210,2076
210,2135
210,2337
210,2434
210,2575
210,2754
210,3035
210,3053
210,3418
210,3546
210,3608
210,4040
210,4107
210,4286
210,4533
210,4815
210,4910
211,256
211,507
211,639
211,1069
211,1178
211,1456
211,1723
211,1926
211,1982
211,2150
211,2482
211,2751
211,2772
211,2802
211,2814
211,2816
211,3056
211,3080
211,3327
211,3703
211,3806
211,4209
211,4735
211,4913
211,4952
212,361
212,480
212,1067
212,1144
212,1338
212,1393
212,1410
212,1464
212,1536
212,1607
212,1697
212,1952
212,2298
212,2470
212,3344
212,3368
212,3382
212,3559
212,3744
212,4135
212,4333
212,4351
212,4618
212,4660
212,4964
213,584
213,639
213,1013
213,1050
213,1069
213,1208
213,1505
213,1514
213,1937
213,1956
213,1974
213,2055
213,2087
213,2357
213,2537
213,2621
213,2670
213,2678
213,2792
213,2973
213,3475
213,3512
213,3894
213,4313
213,4425
213,4665
213,4995
214,369
214,382
214,491
214,710
214,1455
214,1485
214,1564
214,1575
214,1655
214,1881
214,1927
214,2017
214,2090
214,2165
214,2217
214,2505
214,2694
214,2727
214,2854
214,3068
214,3121
214,3396
214,3471
214,3860
214,3958
214,4190
214,4345
214,4436
214,4646
215,379
215,532
215,551
215,799
215,940
215,1248
215,1339
215,1459
215,1557
215,1590
215,2044
215,2049
215,2130
215,2331
215,2625
215,2821
215,2831
215,2841
215,2897
215,2923
215,3070
215,3490
215,3514
215,3673
215,4485
215,4574
215,4597
215,4639
215,4692
215,4985
216,413
216,482
216,641
216,647
216,759
216,814
216,1286
216,1300
216,1532
216,1879
216,2116
216,2238
216,2348
216,2649
216,2688
216,2700
216,2710
216,3117
216,3206
216,3344
216,3370
216,3384
216,3449
216,3452
216,3677
216,3743
216,3783
216,3966
216,4072
216,4213
216,4543
216,4993
216,4997
217,693
217,1633
217,1900
217,1987
217,1996
217,2044
217,2270
217,2846
217,3212
217,3501
217,3673
217,3867
217,4165
217,4472
217,4831
218,494
218,591
218,654
218,679
218,863
218,1035
218,1265
218,1445
218,1451
218,1593
218,1884
218,1960
218,2216
218,2376
218,2427
218,2561
218,2623
218,2664
218,2738
218,2762
218,2779
218,2780
218,2858
218,2901
218,3432
218,3655
218,3821
218,4279
218,4450
218,4575
218,4998
219,299
219,300
219,356
219,461
219,763
219,1155
219,1220
219,1266
219,1377
219,1555
219,1601
219,1771
219,1850
219,1964
219,2280
219,2285
219,2478
219,2584
219,2644
219,2714
219,2795
219,2881
219,2908
219,2970
219,3248
219,3447
219,3474
219,3570
219,3676
219,3695
219,3910
219,4183
219,4209
219,4618
219,4627
219,4736
219,4765
219,4809
219,4927
220,221
220,442
220,570
220,939
220,1373
220,1382
220,1525
220,1621
220,1847
220,2164
220,2167
220,2173
220,2284
220,3040
220,3098
220,3504
220,4013
220,4146
220,4239
220,4287
220,4382
220,4992
221,363
221,383
221,392
221,1071
221,1198
221,1354
221,1414
221,1558
221,1668
221,1994
221,2113
221,2309
221,2343
221,2427
221,2674
221,2834
221,3014
221,3418
221,3525
221,3994
221,4103
221,4129
221,4150
221,4162
221,4237
221,4582
221,4646
221,4977
222,243
222,673
222,848
222,1079
222,1120
222,1510
222,1936
222,2243
222,2512
222,3087
222,3260
222,3369
222,3745
223,652
223,912
223,1055
223,1182
223,1259
223,1370
223,1522
223,1640
223,2614
223,2617
223,2685
223,3269
223,3444
223,3533
223,3537
223,3756
223,4060
223,4190
223,4234
223,4359
223,4511
223,4551
223,4695
223,4890
224,449
224,1064
224,1185
224,1231
224,1356
224,1454
224,1469
224,1640
224,2159
224,2263
224,2276
224,2564
224,2602
224,2890
224,2894
224,3182
224,3224
224,3493
224,3585
224,3699
224,3710
224,3870
224,3913
224,3933
224,4219
224,4294
224,4333
224,4642
224,4715
224,4899
224,4929
225,444
225,557
225,986
225,1021
225,1521
225,1563
225,1876
225,1941
225,1981
225,2111
225,2328
225,2634
225,3425
225,3665
225,3804
225,3999
225,4107
225,4187
225,4211
225,4305
225,4472
225,4478
225,4526
225,4539
225,4578
225,4948
225,4986
226,260
226,344
226,474
226,1226
226,1288
226,1322
226,1391
226,1449
226,1684
226,2108
226,2366
226,2498
226,2547
226,2896
226,2899
226,3386
226,3648
226,4005
226,4155
226,4162
226,4299
226,4940
227,378
227,550
227,745
227,908
227,934
227,1208
227,1298
227,1876
227,1894
227,2040
227,2570
227,2658
227,2684
227,2949
227,2958
227,3034
227,3149
227,3242
227,3322
227,3428
227,3678
227,3838
227,3943
227,4024
227,4178
227,4180
227,4374
227,4456
227,4741
227,4880
227,4953
228,742
228,829
228,1309
228,1510
228,1675
228,1752
228,1793
228,2059
228,2176
228,2461
228,2643
228,2654
228,2714
228,2770
228,2891
228,3054
228,3069
228,3167
228,3516
228,3960
228,4040
228,4076
228,4242
228,4262
228,4521
228,4875
229,532
229,675
229,757
229,864
229,1014
229,1072
229,1757
229,2201
229,2218
229,2261
229,2628
229,2946
229,2988
229,3035
229,3402
229,3644
229,3863
229,4399
229,4423
229,4611
230,546
230,765
230,889
230,1344
230,1360
230,1424
230,1532
230,1566
230,1811
230,2096
230,2359
230,2615
230,2763
230,2882
230,3494
230,4275
230,4730
231,281
231,315
231,550
231,558
231,1324
231,1959
231,1978
231,2005
231,2316
231,2752
231,2772
231,2819
231,3127
231,3171
231,3241
231,3245
231,4015
231,4239
231,4265
231,4420
232,242
232,306
232,731
232,996
232,1053
232,1074
232,1430
232,1771
232,1901
232,1965
232,2078
232,2127
232,2322
232,2378
232,2614
232,2731
232,2810
232,2828
232,3019
232,3063
232,3100
232,3205
232,3288
232,3552
232,3819
232,4103
232,4313
232,4432
232,4445
233,493
233,696
233,885
233,974
233,1050
233,1323
233,1613
233,1726
233,1855
233,1867
233,1900
233,1945
233,2033
233,2532
233,2676
233,2751
233,2824
233,2898
233,2912
233,3322
233,3400
233,3617
233,3670
233,3730
233,4005
233,4021
233,4095
233,4493
233,4515
233,4578
233,4875
234,361
234,530
234,816
234,948
234,1038
234,1444
234,1496
234,1973
234,2027
234,2197
234,2512
234,2541
234,2560
234,2634
234,2692
234,2779
234,2876
234,2982
234,3167
234,3340
234,3678
234,3931
234,3960
234,3982
234,4002
234,4177
234,4406
234,4581
234,4737
234,4855
235,1106
235,1141
235,1308
235,1400
235,1566
235,2574
235,2605
235,2814
235,2852
235,2858
235,3076
235,3131
235,3408
235,3468
235,3642
235,3845
235,4298
235,4337
235,4366
235,4397
235,4419
235,4952
236,294
236,313
236,339
236,387
236,420
236,548
236,740
236,868
236,1221
236,1224
236,1942
236,1974
236,2188
236,2229
236,2338
236,2397
236,2739
236,3099
236,3133
236,3562
236,3628
236,4187
236,4643
236,4658
236,4664
236,4731
236,4771
236,4859
236,4923
237,269
237,312
237,441
237,490
237,522
237,543
237,743
237,968
237,1010
237,1122
237,1425
237,1525
237,1597
237,1877
237,1993
237,2745
237,2788
237,2976
237,3040
237,3490
237,3509
237,3558
237,3979
237,3989
237,4288
237,4690
237,4734
237,4888
237,4909
238,478
238,826
238,1005
238,1200
238,1505
238,1683
238,1708
238,1734
238,2121
238,2283
238,2481
238,2840
238,2900
238,3018
238,3084
238,3361
238,3681
238,3793
238,3891
238,4108
238,4814
239,307
239,1360
239,1540
239,1803
239,2144
239,2500
239,2667
239,2897
239,2937
239,3076
239,3358
239,3364
239,3452
239,3550
239,3938
239,3982
239,3994
239,4462
239,4844
240,344
240,709
240,715
240,769
240,779
240,1298
240,1336
240,1595
240,1954
240,2071
240,2497
240,2537
240,2791
240,2792
240,2942
240,3195
240,3205
240,3247
240,3701
240,3821
240,3895
240,4049
240,4155
240,4193
240,4218
240,4339
240,4697
240,4804
240,4997
241,261
241,332
241,522
241,577
241,1265
241,1799
241,2207
241,2280
241,3402
241,3536
241,3668
241,4012
241,4396
241,4404
241,4412
241,4442
241,4690
241,4873
242,553
242,583
242,611
242,986
242,1875
242,1909
242,2421
242,2574
242,2715
242,2909
242,3079
242,3100
242,3256
242,3690
242,3754
242,3801
242,4062
242,4066
242,4072
242,4309
242,4353
242,4608
242,4780
242,4787
243,265
243,304
243,535
243,628
243,1032
243,1114
243,1567
243,1608
243,1726
243,1758
243,1976
243,2405
243,2503
243,3068
243,3120
243,3276
243,3448
243,3553
243,3601
243,3661
243,3784
243,3908
243,4129
243,4287
244,345
244,736
244,1022
244,1220
244,1268
244,1362
244,1532
244,1577
244,1579
244,1791
244,1911
244,2026
244,2189
244,2316
244,2853
244,2854
244,2868
244,2905
244,3536
244,3825
244,3844
244,4020
244,4042
244,4307
244,4553
244,4640
244,4804
244,4917
245,267
245,749
245,1184
245,1191
245,1409
245,1488
245,2308
245,2757
245,4003
245,4229
245,4381
245,4978
246,265
246,314
246,649
246,878
246,1045
246,1046
246,1233
246,1290
246,1610
246,1824
246,1950
246,2304
246,2581
246,2647
246,2914
246,3134
246,3332
246,3371
246,3484
246,3651
246,3742
246,3813
246,3839
246,3960
246,4113
246,4268
246,4559
246,4760
246,4785
246,4858
246,4934
247,553
247,706
247,905
247,951
247,1024
247,1365
247,1444
247,1538
247,1826
247,2309
247,2348
247,2349
247,2533
247,2590
247,3086
247,3192
247,3611
247,4209
247,4574
247,4595
247,4639
247,4911
248,444
248,1348
248,1703
248,1825
248,1862
248,1978
248,2659
248,2952
248,3080
248,3153
248,3165
248,3335
248,3401
248,3466
248,3724
248,3948
248,4189
248,4235
248,4821
249,1273
249,1319
249,1358
249,1422
249,1454
249,1469
249,1496
249,1577
249,1646
249,1783
249,2017
249,2025
249,2135
249,2380
249,2490
249,3026
249,3359
249,3864
249,3912
249,4211
249,4221
249,4357
250,302
250,627
250,675
250,749
250,824
250,1036
250,1151
250,1268
250,1373
250,1537
250,1740
250,1824
250,1969
250,2247
250,2945
250,3124
250,3225
250,3427
250,3999
250,4037
250,4607
250,4800
250,4926
251,306
251,553
251,645
251,745
251,1468
251,1825
251,2250
251,2274
251,2388
251,2765
251,2917
251,3220
251,3222
251,3567
251,4329
251,4468
251,4635
251,4678
251,4756
251,4872
251,4919
252,332
252,402
252,573
252,793
252,990
252,1019
252,1025
252,1028
252,1103
252,1135
252,1288
252,1359
252,1732
252,1842
252,2540
252,2710
252,2753
252,3040
252,3430
252,3457
252,3684
252,3860
252,4310
252,4645
252,4849
253,258
253,384
253,827
253,879
253,1222
253,1292
253,1492
253,1669
253,1675
253,1712
253,1747
253,1878
253,1898
253,1907
253,2096
253,2588
253,2626
253,2736
253,2876
253,3089
253,3164
253,3303
253,3480
253,3574
253,3581
253,3669
253,3807
253,4062
253,4453
253,4462
253,4479
253,4483
253,4707
253,4732
253,4787
253,4835
253,4989
254,442
254,540
254,625
254,832
254,1215
254,1360
254,1525
254,1746
254,1781
254,1972
254,2202
254,2574
254,2581
254,3089
254,3295
254,3665
254,3850
254,4234
254,4393
254,4477
254,4593
254,4728
254,4770
254,4873
254,4968
255,350
255,456
255,524
255,550
255,558
255,860
255,1196
255,1320
255,1434
255,1595
255,1597
255,1648
255,1696
255,1713
255,1746
255,1818
255,1941
255,2173
255,2424
255,2742
255,2888
255,4513
255,4829
255,4898
256,612
256,999
256,1124
256,1342
256,1360
256,1554
256,1620
256,1819
256,1852
256,1863
256,1933
256,2043
256,2095
256,2182
256,2409
256,2467
256,2809
256,3198
256,3212
256,3559
256,3569
256,3716
256,4056
256,4088
256,4109
256,4110
256,4277
256,4392
256,4690
256,4761
256,4801
256,4951
257,298
257,316
257,434
257,627
257,838
257,879
257,1081
257,1088
257,1452
257,1898
257,1932
257,2086
257,2205
257,2246
257,2326
257,2828
257,3079
257,3242
257,3390
257,3619
257,3623
257,4155
257,4238
257,4298
257,4414
257,4553
257,4681
257,4703
258,381
258,557
258,561
258,568
258,676
258,774
258,1038
258,1278
258,1710
258,1712
258,2355
258,2498
258,2525
258,2624
258,2732
258,2785
258,3134
258,3440
258,3479
258,3677
258,3771
258,4112
258,4258
258,4394
258,4556
258,4612
258,4894
259,391
259,441
259,941
259,945
259,1090
259,1134
259,1358
259,1842
259,1880
259,2733
259,2755
259,2955
259,2990
259,3366
259,3423
259,3732
259,4128
259,4473
260,634
260,793
260,979
260,1120
260,1123
260,1136
260,1293
260,1364
260,2300
260,2310
260,2391
260,2916
260,3013
260,3273
260,3363
260,3382
260,3870
260,4301
260,4476
260,4511
260,4894
260,4904
261,338
261,744
261,812
261,997
261,1507
261,1943
261,2194
261,2539
261,2684
261,2746
261,2906
261,2930
261,3064
261,3079
261,3176
261,3241
261,3600
261,3633
261,3759
261,3779
261,3857
261,4382
261,4549
261,4912
262,453
262,542
262,706
262,921
262,1245
262,1425
262,1582
262,1824
262,2003
262,2205
262,2378
262,2471
262,2503
262,2581
262,2686
262,3060
262,3434
262,3518
262,3537
262,3640
262,3672
262,3705
262,4179
262,4301
262,4433
262,4777
263,661
263,1128
263,1146
263,1227
263,1286
263,1414
263,1572
263,1605
263,1985
263,2234
263,2373
263,2855
263,2907
263,3192
263,3261
263,3741
263,3752
263,4667
263,4692
263,4714
264,331
264,759
264,796
264,880
264,1050
264,1588
264,2063
264,2075
264,2144
264,2176
264,2339
264,3151
264,3778
264,3803
264,4176
264,4668
264,4830
264,4914
264,4973
265,384
265,511
265,661
265,664
265,720
265,1199
265,1505
265,1784
265,2055
265,2845
265,3116
265,3287
265,3306
265,3768
265,3771
265,4232
265,4536
266,460
266,758
266,886
266,917
266,1024
266,1057
266,1117
266,1121
266,1726
266,1793
266,1901
266,2537
266,2640
266,2717
266,3075
266,3280
266,3665
266,4118
266,4137
266,4212
266,4327
266,4550
266,4734
266,4990
267,318
267,330
267,472
267,660
267,728
267,816
267,1008
267,1135
267,1213
267,1348
267,1392
267,1727
267,1764
267,1816
267,1873
267,2126
267,2261
267,2584
267,2619
267,2714
267,2813
267,2899
267,2925
267,2966
267,2986
267,3291
267,3553
267,4047
267,4218
267,4270
267,4411
267,4536
267,4687
267,4918
268,318
268,325
268,396
268,419
268,761
268,891
268,1045
268,1050
268,1122
268,1124
268,1274
268,1291
268,1434
268,1439
268,1882
268,1887
268,1995
268,2073
268,2362
268,2411
268,2478
268,2534
268,2539
268,2901
268,3015
268,3039
268,3300
268,3454
268,3619
268,3648
268,3870
268,4010
268,4028
268,4409
268,4458
268,4461
268,4494
268,4555
268,4609
268,4654
268,4680
268,4857
269,553
269,916
269,1223
269,1431
269,2294
269,2660
269,2689
269,2753
269,2962
269,2999
269,3045
269,3053
269,3174
269,3701
269,3886
269,4086
269,4141
269,4184
269,4195
269,4491
269,4702
269,4788
269,4917
270,352
270,419
270,514
270,815
270,1055
270,1169
270,1976
270,2207
270,2236
270,2678
270,2744
270,3005
270,3020
270,3491
270,3682
270,3704
270,3967
270,4155
270,4313
270,4881
271,668
271,754
271,927
271,1070
271,1124
271,1145
271,1161
271,1266
271,1617
271,1651
271,1853
271,2010
271,2513
271,2516
271,2945
271,3192
271,3269
271,3451
271,3512
271,3978
271,4027
271,4086
272,458
272,758
272,821
272,1336
272,1386
272,1619
272,2109
272,2295
272,2397
272,2761
272,2882
272,3018
272,3216
272,3471
272,3695
272,3726
272,3840
272,4181
272,4338
272,4468
273,302
273,488
273,503
273,593
273,624
273,1181
273,1323
273,1717
273,1754
273,2085
273,2237
273,2670
273,2808
273,3135
273,3377
273,3488
273,3671
273,3878
273,3973
273,4322
273,4422
273,4430
273,4918
274,475
274,485
274,655
274,683
274,709
274,767
274,1073
274,1867
274,1973
274,2411
274,2563
274,2838
274,2871
274,2901
274,3000
274,3019
274,3561
274,3850
274,3920
274,4111
274,4576
274,4663
274,4746
274,4765
274,4960
275,367
275,461
275,517
275,694
275,906
275,1074
275,1129
275,1326
275,1761
275,2017
275,2020
275,2167
275,2254
275,2786
275,3284
275,3743
275,3978
275,4073
275,4116
275,4693
276,439
276,462
276,838
276,873
276,882
276,1267
276,1780
276,1791
276,1804
276,1840
276,2472
276,2498
276,2618
276,2723
276,2970
276,3058
276,3089
276,3361
276,3673
276,3678
276,3768
276,4005
276,4285
276,4542
276,4668
276,4900
276,4952
277,286
277,359
277,800
277,1063
277,1373
277,1571
277,1592
277,1911
277,2068
277,2099
277,2175
277,2185
277,2313
277,2403
277,2552
277,2909
277,3019
277,3028
277,3288
277,3490
277,3493
277,3686
277,3739
277,3985
277,4784
278,310
278,352
278,550
278,560
278,676
278,723
278,748
278,814
278,931
278,994
278,1000
278,1469
278,1544
278,1628
278,1714
278,2152
278,2250
278,2448
278,2951
278,3007
278,3015
278,3085
278,3297
278,3350
278,3538
278,3874
278,3936
278,4142
278,4237
278,4288
278,4459
278,4544
278,4563
278,4862
279,660
279,996
279,1265
279,1329
279,1384
279,1716
279,1960
279,2209
279,2498
279,2583
279,2600
279,2856
279,3058
279,3368
279,3534
279,3807
279,3809
279,3914
279,4539
279,4765
279,4964
280,454
280,509
280,719
280,1042
280,1409
280,1703
280,1900
280,2087
280,2239
280,2369
280,2526
280,2578
280,2676
280,3083
280,3259
280,3359
280,3399
280,3429
280,3706
280,3716
280,3816
280,4122
280,4247
280,4285
280,4372
280,4484
280,4518
280,4540
281,327
281,628
281,699
281,820
281,890
281,1091
281,1321
281,1444
281,1573
281,1896
281,2269
281,2279
281,2516
281,2928
281,3036
281,3130
281,3298
281,3470
281,3540
281,3594
281,4804
282,299
282,559
282,610
282,939
282,974
282,1173
282,1878
282,2096
282,2140
282,2312
282,2416
282,2851
282,2909
282,2916
282,3048
282,3279
282,3318
282,4073
282,4284
282,4442
282,4644
283,302
283,357
283,732
283,794
283,856
283,1244
283,1306
283,1460
283,1486
283,1776
283,1934
283,2260
283,3061
283,3225
283,3435
283,3643
283,3902
283,3922
283,4182
283,4291
283,4334
283,4499
283,4575
283,4592
283,4725
283,4866
283,4920
283,4930
283,4992
284,481
284,571
284,1182
284,1549
284,1652
284,1762
284,2173
284,2232
284,2837
284,3234
284,3357
284,3565
284,3797
284,3802
284,3805
284,3827
284,3997
284,4531
285,338
285,387
285,398
285,628
285,700
285,870
285,1122
285,1255
285,1269
285,1916
285,1925
285,2608
285,2615
285,2659
285,2698
285,3129
285,3299
285,3314
285,3562
285,3613
285,3673
285,3753
285,3868
285,4293
285,4398
285,4478
285,4887
286,314
286,320
286,342
286,694
286,736
286,767
286,1635
286,1800
286,1870
286,1950
286,2000
286,2397
286,2667
286,2888
286,3244
286,3348
286,3517
286,3727
286,3822
286,3886
286,3934
286,4112
286,4217
286,4610
286,4701
286,4787
286,4823
286,4912
287,440
287,528
287,578
287,691
287,763
287,970
287,1014
287,1284
287,1361
287,1461
287,1552
287,1635
287,2227
287,2452
287,2549
287,2669
287,2787
287,2792
287,2856
287,3255
287,3302
287,3694
287,3836
287,4845
287,4917
287,4932
288,336
288,555
288,571
288,635
288,765
288,964
288,1374
288,1939
288,2017
288,2176
288,2255
288,2454
288,2465
288,2498
288,2987
288,3030
288,3043
288,3241
288,3245
288,3443
288,3581
288,3719
288,4307
289,470
289,760
289,776
289,811
289,843
289,1322
289,1323
289,1453
289,1599
289,1824
289,1878
289,2184
289,2256
289,2303
289,2313
289,2402
289,2637
289,3056
289,3390
289,4233
289,4408
289,4483
290,708
290,808
290,813
290,1270
290,1413
290,1726
290,1916
290,1972
290,1993
290,2583
290,2644
290,2706
290,2853
290,2935
290,3644
290,3950
290,4285
290,4841
290,4919
290,4922
290,4961
291,318
291,544
291,744
291,753
291,864
291,877
291,1081
291,1746
291,1816
291,1897
291,2763
291,3035
291,3111
291,3264
291,3358
291,3697
291,3907
291,3945
291,3976
291,4028
291,4144
291,4591
291,4663
291,4696
291,4731
291,4734
291,4855
291,4884
291,4917
292,534
292,543
292,858
292,888
292,1021
292,1058
292,1471
292,1478
292,1752
292,1788
292,2007
292,2100
292,2109
292,2230
292,2331
292,2732
292,2763
292,2873
292,3107
292,3310
292,3608
292,3979
292,4046
292,4087
292,4234
292,4596
293,525
293,1023
293,1228
293,1409
293,1452
293,1623
293,1656
293,1822
293,1888
293,2034
293,2047
293,2184
293,2237
293,2758
293,2951
293,3389
293,3659
293,3840
293,4049
293,4175
293,4250
293,4254
293,4632
293,4813
294,321
294,695
294,774
294,1193
294,1320
294,1652
294,1672
294,1685
294,1794
294,1875
294,1920
294,2112
294,2179
294,2223
294,2878
294,3202
294,3262
294,3309
294,3458
294,3739
294,3795
294,4011
294,4434
294,4668
295,634
295,1352
295,1627
295,1671
295,1730
295,2103
295,3186
295,3594
295,3629
295,3760
295,4234
295,4430
295,4842
296,328
296,372
296,600
296,1296
296,1397
296,1467
296,1480
296,2095
296,2194
296,2202
296,2424
296,2455
296,2522
296,2566
296,2737
296,2804
296,2867
296,2921
296,3018
296,3133
296,3242
296,3299
296,3622
296,3874
296,4007
296,4197
296,4336
296,4380
296,4512
296,4555
296,4581
296,4629
297,526
297,640
297,664
297,968
297,1032
297,1191
297,1373
297,1833
297,1924
297,1973
297,2205
297,2730
297,3633
297,3803
297,4102
297,4588
297,4744
297,4750
298,475
298,550
298,596
298,837
298,851
298,1215
298,1231
298,1248
298,1855
298,1994
298,2232
298,2755
298,3237
298,3550
298,3805
298,3812
298,3973
298,4538
298,4876
299,590
299,730
299,772
299,825
299,941
299,1189
299,1204
299,1274
299,1275
299,1393
299,1701
299,1735
299,2276
299,2576
299,2677
299,2813
299,2828
299,2899
299,2979
299,2986
299,3037
299,3070
299,3312
299,3345
299,4442
299,4791
299,4839
300,406
300,424
300,685
300,726
300,891
300,1134
300,1237
300,1339
300,2027
300,2297
300,2308
300,2407
300,3203
300,3436
300,3581
300,3774
300,3817
300,4000
300,4341
300,4818
300,4911
300,4935
301,772
301,798
301,972
301,1242
301,1325
301,1682
301,1719
301,1798
301,1966
301,2131
301,2362
301,2424
301,2430
301,2514
301,2951
301,3037
301,3199
301,3553
301,3581
301,3808
301,3869
301,4302
301,4473
301,4530
301,4639
301,4716
302,693
302,850
302,966
302,1032
302,2148
302,2573
302,2625
302,2644
302,2977
302,3033
302,3218
302,3906
302,4209
302,4415
302,4522
302,4617
302,4662
302,4701
302,4799
303,519
303,563
303,1218
303,1529
303,1752
303,1762
303,2226
303,2635
303,3635
303,3902
303,3927
303,4091
304,360
304,603
304,684
304,778
304,1151
304,1673
304,1733
304,2027
304,2355
304,2381
304,2530
304,3340
304,3806
304,3869
304,4091
304,4197
304,4387
304,4584
304,4627
305,945
305,1145
305,1298
305,1608
305,1999
305,2419
305,2470
305,2576
305,2745
305,3003
305,3206
305,3234
305,3300
305,3428
305,3773
305,4082
305,4084
305,4304
305,4429
305,4472
306,544
306,1071
306,1302
306,1348
306,1687
306,1692
306,1877
306,2233
306,2654
306,2721
306,2724
306,2872
306,2958
306,3035
306,3244
306,3337
306,3663
306,3836
306,4018
306,4237
306,4269
306,4446
306,4562
307,617
307,705
307,728
307,908
307,1085
307,1388
307,1395
307,1509
307,1585
307,2014
307,2212
307,2226
307,2301
307,2586
307,2666
307,2689
307,3246
307,3974
307,4046
307,4082
307,4100
307,4247
307,4261
307,4480
307,4485
307,4974
308,793
308,1129
308,1161
308,1229
308,1340
308,1428
308,1566
308,1651
308,1778
308,2201
308,2506
308,3029
308,3058
308,3441
308,3531
308,4140
308,4589
308,4663
308,4666
308,4914
309,583
309,918
309,1093
309,1331
309,1539
309,1816
309,1854
309,2937
309,3071
309,3292
309,3648
309,3700
309,3927
309,4179
309,4332
309,4455
309,4520
309,4707
309,4939
309,4989
310,339
310,346
310,358
310,535
310,586
310,607
310,705
310,825
310,1349
310,1483
310,1663
310,1849
310,1925
310,2168
310,2426
310,2634
310,2674
310,2769
310,2919
310,2965
310,3169
310,3406
310,3459
310,3664
310,4066
310,4146
310,4207
310,4311
310,4360
310,4476
310,4725
311,613
311,1125
311,1438
311,1620
311,1622
311,1639
311,1745
311,1784
311,2337
311,2628
311,2648
311,2688
311,2879
311,2919
311,3031
311,3625
311,3851
311,3903
311,4083
311,4734
311,4792
312,433
312,543
312,595
312,1382
312,1462
312,1804
312,2060
312,2269
312,2362
312,2574
312,2653
312,2682
312,2831
312,2996
312,3071
312,3212
312,3359
312,3868
312,4004
312,4169
312,4249
312,4314
312,4614
312,4907
313,345
313,453
313,1226
313,1364
313,1419
313,1503
313,1559
313,1590
313,2208
313,3013
313,3156
313,3388
313,3488
313,3764
313,3780
313,3970
313,4040
313,4271
313,4275
313,4965
314,539
314,1010
314,1203
314,1318
314,1349
314,1877
314,2292
314,2444
314,2472
314,2576
314,2644
314,2970
314,3266
314,3629
314,3781
314,3850
314,4022
314,4184
315,397
315,616
315,887
315,1010
315,1375
315,1383
315,1482
315,1526
315,2165
315,2228
315,2471
315,2592
315,2735
315,2800
315,2965
315,3027
315,3303
315,3324
315,3481
315,3799
315,3872
315,3908
315,4246
315,4527
315,4611
315,4636
315,4960
315,4971
316,359
316,599
316,738
316,1254
316,1373
316,1492
316,1533
316,2252
316,2262
316,2409
316,2472
316,2506
316,2630
316,3355
316,3468
316,3749
316,3831
316,3888
316,4208
316,4268
316,4351
316,4402
316,4664
316,4696
316,4774
317,342
317,431
317,582
317,619
317,754
317,896
317,938
317,1035
317,1213
317,1214
317,1583
317,1671
317,1819
317,1876
317,2277
317,2468
317,2605
317,2866
317,2993
317,2996
317,3264
317,3450
317,3678
317,3761
317,3831
317,3962
317,3985
317,4097
317,4202
317,4524
317,4779
317,4867
318,525
318,551
318,708
318,1383
318,1505
318,1653
318,1659
318,1713
318,1956
318,1965
318,2506
318,2720
318,2874
318,2880
318,2895
318,3566
318,3697
318,3850
318,4404
318,4710
318,4905
319,914
319,918
319,956
319,1553
319,2009
319,2367
319,2475
319,3003
319,3148
319,3362
319,3574
319,4032
319,4136
319,4179
319,4437
319,4558
319,4560
319,4732
320,702
320,921
320,1408
320,1511
320,1658
320,2191
320,2318
320,2657
320,2781
320,2909
320,2987
320,3056
320,3071
320,3382
320,3456
320,4170
320,4265
321,478
321,878
321,937
321,961
321,1469
321,1742
321,1788
321,2044
321,2231
321,2322
321,2491
321,2566
321,2705
321,2921
321,3267
321,3550
321,3939
321,4040
321,4177
321,4662
321,4717
322,406
322,711
322,724
322,736
322,1550
322,1663
322,1900
322,1930
322,2607
322,3007
322,3516
322,3521
322,3711
322,3850
322,3853
322,4620
322,4781
322,4819
322,4863
323,608
323,853
323,1151
323,1294
323,1385
323,1394
323,1821
323,1938
323,2162
323,2280
323,2349
323,2370
323,2664
323,2669
323,2756
323,2785
323,2879
323,2909
323,2940
323,2966
323,3393
323,3451
323,3470
323,4152
323,4232
323,4335
323,4578
323,4620
323,4767
324,591
324,698
324,740
324,894
324,956
324,1209
324,1246
324,1667
324,1869
324,2002
324,2339
324,2344
324,2381
324,2484
324,2683
324,2695
324,2858
324,3200
324,3209
324,3546
324,3740
324,4095
324,4196
324,4289
324,4535
324,4583
324,4610
325,470
325,727
325,770
325,916
325,983
325,1153
325,1679
325,1707
325,2055
325,2609
325,2849
325,3009
325,3241
325,3261
325,3457
325,3523
325,3546
325,3657
325,3798
325,3889
325,3954
325,4022
325,4071
325,4206
325,4245
325,4404
325,4573
325,4834
325,4856
326,382
326,532
326,646
326,668
326,836
326,1142
326,2015
326,2271
326,2337
326,2421
326,2514
326,3137
326,3346
326,3348
326,3720
326,3748
326,3817
326,3894
326,3925
326,3980
326,4086
326,4381
326,4664
326,4747
326,4841
327,676
327,1087
327,1228
327,1251
327,1304
327,1832
327,2062
327,2357
327,2825
327,2984
327,3358
327,3433
327,3448
327,3814
327,3849
327,3975
327,3986
327,4075
327,4182
327,4235
327,4414
327,4507
327,4834
328,412
328,497
328,547
328,609
328,824
328,835
328,1003
328,1079
328,1111
328,1584
328,1595
328,1715
328,1892
328,1917
328,1925
328,1993
328,2032
328,2205
328,2420
328,2593
328,2628
328,2631
328,2710
328,2799
328,3014
328,3205
328,3334
328,3517
328,3603
328,3953
328,4240
328,4305
328,4788
328,4802
329,365
329,481
329,571
329,617
329,831
329,856
329,1004
329,1048
329,1134
329,1413
329,1787
329,1833
329,1911
329,2127
329,2237
329,2744
329,2861
329,3200
329,3383
329,3440
329,3667
329,3796
329,4053
329,4576
329,4705
329,4865
330,462
330,1170
330,1237
330,1579
330,1728
330,1778
330,2229
330,2516
330,3124
330,3298
330,3462
330,3942
330,4036
330,4150
330,4195
330,4658
330,4797
330,4804
330,4883
331,430
331,520
331,531
331,714
331,804
331,1366
331,1938
331,1995
331,2310
331,2756
331,3142
331,3322
331,3354
331,3734
331,3958
331,4022
331,4626
331,4758
331,4800
332,347
332,404
332,606
332,837
332,885
332,927
332,940
332,1164
332,1194
332,1231
332,1479
332,1583
332,1890
332,1919
332,1990
332,2183
332,2241
332,2297
332,2485
332,2839
332,2863
332,3005
332,3113
332,3302
332,3623
332,3652
332,3684
332,3861
332,3903
332,3948
332,4160
333,347
333,499
333,556
333,829
333,946
333,1064
333,1133
333,1367
333,1421
333,2149
333,2177
333,2267
333,2304
333,2483
333,2701
333,2747
333,2792
333,3008
333,3137
333,3205
333,3603
333,3637
333,3669
333,4064
333,4093
333,4145
333,4275
333,4302
333,4316
333,4321
333,4494
333,4664
333,4808
333,4932
334,400
334,589
334,1039
334,1092
334,1122
334,1173
334,1369
334,1376
334,1407
334,1832
334,2059
334,2693
334,2920
334,3199
334,3224
334,3318
334,3485
334,3518
334,3820
334,3837
334,4242
334,4421
334,4905
335,856
335,1414
335,1434
335,1657
335,1707
335,1818
335,2105
335,2219
335,3173
335,3372
335,3421
335,3487
335,3622
335,3920
335,3965
335,4115
335,4221
335,4752
335,4860
335,4970
336,598
336,847
336,947
336,1008
336,1396
336,1681
336,2054
336,2056
336,2206
336,2440
336,2596
336,2880
336,2910
336,3767
336,3769
336,3783
336,3829
336,3848
336,4247
336,4289
336,4958
337,457
337,1557
337,1742
337,1743
337,2033
337,2259
337,2394
337,2424
337,2538
337,2824
337,2985
337,2998
337,3046
337,3381
337,3400
337,3442
337,3496
337,3718
337,3810
337,3846
337,3873
337,4808
337,4852
337,4855
338,391
338,458
338,636
338,1038
338,1047
338,1066
338,1155
338,1277
338,1551
338,1808
338,2193
338,2343
338,2445
338,2528
338,2553
338,2769
338,3243
338,3442
338,3759
338,3782
338,3941
338,4084
338,4163
338,4471
338,4547
338,4933
338,4971
339,581
339,588
339,841
339,1684
339,1686
339,1729
339,2493
339,2742
339,2771
339,3167
339,3434
339,3453
339,3841
339,4012
339,4038
339,4053
339,4081
339,4084
339,4216
339,4231
339,4250
339,4403
339,4421
339,4686
339,4708
339,4783
339,4941
340,447
340,457
340,486
340,496
340,499
340,543
340,575
340,679
340,782
340,792
340,1264
340,1463
340,1720
340,1836
340,1963
340,2036
340,2094
340,2326
340,2656
340,2751
340,2831
340,3342
340,3387
340,3665
340,3804
340,3936
340,3968
340,4110
340,4180
340,4479
340,4671
340,4898
340,4924
341,345
341,355
341,897
341,968
341,1004
341,1064
341,1338
341,1362
341,1449
341,1517
341,1654
341,1836
341,1974
341,2019
341,2060
341,2114
341,2324
341,3054
341,3162
341,3179
341,3270
341,3274
341,3528
341,3584
341,3585
341,3633
341,3909
341,4136
341,4139
341,4850
341,4938
341,4972
342,502
342,895
342,913
342,968
342,1513
342,1591
342,2680
342,2683
342,2834
342,2990
342,3020
342,3120
342,3126
342,3557
342,3558
342,4030
342,4117
342,4709
343,442
343,663
343,732
343,1014
343,1024
343,1160
343,1318
343,1384
343,1823
343,1840
343,2081
343,2194
343,2473
343,2518
343,2570
343,2606
343,3266
343,3845
343,3966
343,4248
343,4253
343,4642
343,4678
344,372
344,1230
344,1467
344,1607
344,1721
344,1786
344,1821
344,1892
344,1988
344,2167
344,2361
344,2868
344,2965
344,3251
344,3606
344,3615
344,3633
344,4050
344,4672
344,4784
345,504
345,577
345,1104
345,1539
345,1633
345,2148
345,2337
345,2397
345,2521
345,2915
345,3189
345,3288
345,3330
345,3346
345,3847
345,3925
345,3932
345,4286
345,4362
345,4508
345,4555
345,4826
345,4875
346,911
346,991
346,1092
346,1159
346,1379
346,1780
346,1861
346,1907
346,2248
346,2251
346,2921
346,2958
346,3006
346,3182
346,3244
346,3342
346,3400
346,3558
346,3742
346,4537
346,4933
346,4994
347,409
347,616
347,699
347,1167
347,1295
347,2274
347,2456
347,2498
347,2513
347,2581
347,2944
347,3149
347,3363
347,3382
347,3605
347,3630
347,3724
347,3867
347,4066
347,4451
347,4481
347,4565
347,4651
348,616
348,625
348,1034
348,1119
348,1225
348,1291
348,1334
348,1852
348,1913
348,2111
348,2131
348,2157
348,2196
348,2243
348,2252
348,2286
348,2287
348,2811
348,3149
348,3206
348,3714
348,3917
348,4405
348,4579
348,4935
349,382
349,1045
349,1335
349,1396
349,1464
349,1802
349,2432
349,2622
349,2693
349,2993
349,3129
349,3361
349,3659
349,3701
349,3754
349,3864
349,3881
349,3928
349,4152
349,4179
349,4230
349,4237
350,655
350,786
350,1011
350,1032
350,1600
350,1691
350,2163
350,2245
350,2721
350,2951
350,3142
350,3278
350,3776
350,4029
350,4137
350,4248
350,4310
350,4518
350,4766
350,4806
351,655
351,676
351,855
351,1367
351,1377
351,1557
351,1632
351,1714
351,1811
351,1872
351,1968
351,2329
351,2376
351,2481
351,2555
351,2597
351,2889
351,3033
351,3043
351,3163
351,3601
351,3626
351,3666
351,3740
351,4262
351,4375
351,4499
351,4505
351,4640
351,4788
352,482
352,1004
352,1069
352,1079
352,1356
352,1673
352,1734
352,2011
352,2644
352,2658
352,2793
352,2951
352,3080
352,3157
352,3158
352,3478
352,3589
352,4081
352,4268
352,4308
352,4688
352,4760
353,546
353,909
353,911
353,922
353,1217
353,1478
353,1494
353,1578
353,1732
353,1826
353,2200
353,2404
353,2482
353,2597
353,2605
353,2818
353,3006
353,3034
353,3175
353,3199
353,3409
353,3534
353,3622
353,4114
353,4189
353,4209
353,4263
353,4267
353,4592
353,4690
354,668
354,697
354,772
354,1142
354,1162
354,1208
354,1368
354,1389
354,1442
354,1549
354,1662
354,1853
354,2163
354,2203
354,2244
354,2510
354,2650
354,2735
354,2935
354,3071
354,3640
354,4124
354,4435
354,4468
354,4871
355,363
355,403
355,600
355,728
355,1126
355,1133
355,1350
355,1746
355,1904
355,2004
355,2047
355,2163
355,2402
355,2815
355,2909
355,3109
355,3360
355,3679
355,3953
355,4070
355,4382
355,4450
355,4498
355,4829
356,524
356,609
356,697
356,725
356,859
356,1183
356,1622
356,2187
356,2291
356,2350
356,2461
356,2621
356,2841
356,3855
356,3916
356,4082
356,4376
356,4803
357,373
357,434
357,818
357,970
357,1044
357,1684
357,1726
357,1751
357,3187
357,3271
357,3828
357,4211
357,4372
357,4401
357,4751
357,4758
357,4973
358,550
358,704
358,795
358,897
358,1472
358,1482
358,1567
358,1777
358,2296
358,2696
358,2894
358,3150
358,3306
358,3380
358,3946
358,3960
358,4313
358,4476
358,4562
358,4569
358,4853
359,385
359,399
359,554
359,591
359,725
359,765
359,1005
359,1247
359,1325
359,1738
359,2039
359,2070
359,2099
359,2108
359,2413
359,3289
359,3412
359,3419
359,3662
359,4022
359,4070
359,4156
359,4371
359,4590
360,914
360,945
360,1131
360,1467
360,1620
360,2038
360,2106
360,2362
360,2377
360,2558
360,2945
360,3013
360,3021
360,3107
360,3377
360,3512
360,3729
360,3772
360,4054
360,4211
361,565
361,917
361,924
361,1771
361,1883
361,2288
361,2451
361,2931
361,2997
361,3125
361,3129
361,3162
361,3280
361,3415
361,3542
361,3591
361,3696
361,3842
361,3882
361,4594
361,4877
361,4922
362,498
362,1285
362,1411
362,1418
362,1505
362,1749
362,1766
362,2150
362,2176
362,2257
362,2704
362,2801
362,2905
362,2946
362,3264
362,3374
362,3479
362,3669
362,3726
362,3821
362,3850
362,3870
362,4173
362,4571
362,4712
362,4770
362,4782
362,4992
363,505
363,567
363,741
363,849
363,855
363,1097
363,1171
363,1622
363,1706
363,1820
363,1832
363,1993
363,2295
363,2365
363,2939
363,3043
363,3178
363,3241
363,3698
363,3830
363,3838
363,4167
363,4299
363,4418
363,4578
363,4679
364,378
364,428
364,512
364,638
364,688
364,844
364,886
364,975
364,1208
364,1293
364,1697
364,1730
364,1816
364,2190
364,3428
364,3497
364,3530
364,3639
364,3686
364,3962
364,4046
364,4264
364,4314
364,4780
364,4861
365,746
365,925
365,1031
365,1048
365,1066
365,1221
365,1869
365,1965
365,2161
365,2277
365,2392
365,2589
365,2610
365,2705
365,2721
365,3071
365,3219
365,3948
365,4138
366,425
366,589
366,654
366,786
366,801
366,887
366,1102
366,1238
366,1668
366,1955
366,2307
366,2457
366,2538
366,2551
366,2724
366,2996
366,3535
366,3663
366,3682
366,3781
366,3843
366,3849
366,3894
366,4017
366,4320
366,4683
366,4788
367,375
367,911
367,1562
367,1604
367,1845
367,1855
367,2226
367,2337
367,2412
367,2521
367,2793
367,2962
367,2994
367,3288
367,3469
367,3621
367,4075
367,4519
368,427
368,529
368,614
368,741
368,980
368,1187
368,1229
368,1723
368,1774
368,1939
368,2249
368,2464
368,2528
368,2688
368,2742
368,2820
368,2913
368,3251
368,3357
368,3708
368,3909
368,3924
368,3956
368,4023
368,4115
368,4314
368,4426
368,4660
369,408
369,971
369,1453
369,1531
369,1730
369,1864
369,2202
369,2411
369,2516
369,2566
369,3382
369,3545
369,3593
369,3620
369,3710
369,3868
369,3895
369,3917
369,4057
369,4242
369,4577
369,4885
370,380
370,477
370,661
370,1618
370,1669
370,2262
370,2712
370,3059
370,3117
370,3142
370,3445
370,3457
370,3820
370,3973
370,4047
370,4283
370,4309
370,4322
371,618
371,767
371,1707
371,1724
371,1755
371,1862
371,2014
371,2372
371,2670
371,2736
371,2743
371,2781
371,2982
371,3393
371,3536
371,3627
371,3746
371,3764
371,3774
371,4217
371,4392
371,4409
371,4493
371,4562
372,597
372,644
372,1029
372,1091
372,1242
372,1467
372,1562
372,1865
372,2002
372,2046
372,2190
372,2414
372,2496
372,2551
372,2975
372,3124
372,3136
372,3235
372,3447
372,3488
372,3518
372,3739
372,3867
372,4003
372,4262
372,4948
373,582
373,673
373,867
373,889
373,895
373,956
373,1139
373,1318
373,1427
373,1544
373,1990
373,2068
373,2336
373,2602
373,3062
373,3116
373,3349
373,3350
373,3394
373,3476
373,3635
373,4100
373,4268
373,4284
373,4432
373,4682
373,4733
373,4781
373,4878
374,839
374,901
374,1093
374,1123
374,1490
374,1587
374,2078
374,2331
374,2369
374,2682
374,2706
374,2800
374,3050
374,3272
374,3376
374,3528
374,3642
374,3760
374,3969
374,4434
374,4522
374,4614
374,4693
374,4772
374,4963
375,436
375,495
375,555
375,739
375,770
375,1163
375,1170
375,1453
375,1519
375,1869
375,1938
375,2470
375,2832
375,3349
375,3988
375,4097
375,4254
375,4315
375,4796
375,4990
376,425
376,702
376,797
376,1089
376,1095
376,1220
376,1373
376,1937
376,2381
376,2478
376,2719
376,2748
376,2883
376,3213
376,3228
376,3431
376,3463
376,3656
376,3718
376,3867
376,3936
376,3962
376,4041
376,4092
376,4194
376,4201
376,4230
376,4485
376,4788
376,4869
377,672
377,735
377,858
377,968
377,1091
377,1232
377,1318
377,1375
377,1511
377,1631
377,1860
377,2392
377,2794
377,2860
377,3094
377,3239
377,3520
377,3873
377,3886
377,4221
377,4270
377,4411
377,4559
377,4601
378,788
378,1143
378,1478
378,1540
378,2122
378,2406
378,2687
378,2979
378,3550
378,3679
378,3888
378,3973
378,4203
378,4322
378,4415
379,402
379,802
379,814
379,1039
379,1217
379,1228
379,1497
379,1637
379,1727
379,1730
379,1795
379,1818
379,2408
379,2488
379,2745
379,3147
379,3870
379,3946
379,4101
379,4211
379,4553
379,4755
379,4822
379,4981
380,459
380,598
380,828
380,1351
380,1664
380,1815
380,2466
380,2808
380,3031
380,3304
380,3362
380,3874
380,3905
380,4435
381,553
381,1184
381,1544
381,1900
381,1981
381,2340
381,2590
381,2747
381,3278
381,3345
381,3492
381,3526
381,3669
381,3877
381,3932
381,4213
381,4427
381,4434
381,4491
381,4498
382,417
382,495
382,842
382,1185
382,1453
382,1759
382,1813
382,2149
382,2537
382,2572
382,2743
382,3052
382,3349
382,3364
382,3694
382,3785
382,3800
382,3906
382,4003
382,4174
382,4376
382,4796
382,4825
383,575
383,825
383,908
383,1079
383,1119
383,1395
383,1474
383,2141
383,2308
383,2379
383,2616
383,2842
383,3120
383,3140
383,3492
383,3686
383,3709
383,3835
383,3847
383,4242
383,4428
384,759
384,819
384,932
384,975
384,1523
384,1640
384,1999
384,2020
384,2444
384,2475
384,2492
384,2568
384,3042
384,3161
384,3170
384,3401
384,3688
384,3844
384,4017
384,4023
384,4030
384,4253
384,4374
384,4447
384,4663
384,4969
385,475
385,509
385,514
385,570
385,607
385,744
385,967
385,1032
385,1350
385,1440
385,1722
385,1769
385,2106
385,2286
385,2303
385,2405
385,2562
385,2625
385,3066
385,3319
385,3780
385,3967
385,4016
385,4277
385,4326
385,4575
385,4936
386,445
386,556
386,561
386,638
386,949
386,1165
386,1297
386,1473
386,1743
386,1744
386,1788
386,1901
386,2055
386,2127
386,2256
386,2535
386,2653
386,3169
386,3183
386,3496
386,3643
386,3861
386,4184
386,4420
386,4672
386,4809
387,446
387,1575
387,1599
387,1952
387,2001
387,2014
387,2542
387,2580
387,3118
387,3180
387,3190
387,3477
387,4330
387,4446
387,4733
388,497
388,1118
388,1165
388,1193
388,1220
388,1271
388,1415
388,1439
388,1541
388,1639
388,1964
388,1998
388,2118
388,2307
388,2310
388,2385
388,2398
388,2403
388,2452
388,2601
388,2667
388,2851
388,2871
388,2944
388,3371
388,3386
388,3591
388,3755
388,3766
388,4091
388,4394
388,4513
388,4684
388,4756
388,4795
388,4972
389,583
389,596
389,845
389,1161
389,1231
389,1418
389,1615
389,1677
389,1888
389,2158
389,2511
389,2744
389,2764
389,2980
389,2998
389,3050
389,3064
389,3548
389,3565
389,3598
389,4140
389,4211
389,4442
389,4464
389,4619
389,4864
390,437
390,484
390,592
390,741
390,1062
390,1373
390,1404
390,1526
390,1689
390,1712
390,2795
390,2803
390,3127
390,3585
390,3614
390,3646
390,3876
390,3978
390,4003
390,4111
390,4152
390,4399
390,4406
390,4471
390,4582
390,4606
390,4779
390,4785
390,4823
391,422
391,596
391,640
391,702
391,780
391,1268
391,1415
391,1434
391,1444
391,1709
391,1813
391,2163
391,2358
391,2409
391,2570
391,2831
391,2839
391,3011
391,3712
391,4317
391,4336
391,4382
391,4480
391,4785
391,4871
392,431
392,433
392,501
392,1473
392,1477
392,1564
392,1593
392,1783
392,1800
392,1906
392,2005
392,2156
392,2169
392,2216
392,2490
392,2644
392,2780
392,2913
392,3076
392,3298
392,3575
392,3817
392,4073
392,4214
392,4375
392,4497
392,4661
392,4713
393,522
393,538
393,983
393,1213
393,1406
393,1570
393,1677
393,1777
393,1817
393,2270
393,2676
393,3114
393,3323
393,3420
393,3726
393,3840
393,4275
393,4600
393,4799
393,4823
394,473
394,546
394,780
394,877
394,904
394,1094
394,1419
394,1729
394,1839
394,2126
394,2751
394,2969
394,3254
394,3440
394,3666
394,3841
394,4170
394,4732
394,4761
394,4881
394,4925
395,533
395,691
395,718
395,1222
395,1282
395,1378
395,1379
395,1620
395,1682
395,1702
395,1909
395,2604
395,2985
395,3125
395,3595
395,3612
395,4536
395,4662
395,4929
396,673
396,934
396,984
396,1825
396,1900
396,1997
396,2235
396,2335
396,2480
396,2527
396,2537
396,2736
396,3425
396,3614
396,3905
396,4266
396,4489
397,636
397,1177
397,1205
397,1231
397,1383
397,1554
397,1801
397,1832
397,2800
397,3480
397,3588
397,3800
397,3876
397,3939
397,4187
397,4225
397,4231
397,4912
398,499
398,722
398,805
398,884
398,1084
398,1699
398,2339
398,2637
398,2852
398,3328
398,3691
398,3760
398,3899
398,3984
398,4052
398,4137
398,4571
398,4673
398,4701
398,4799
398,4897
399,473
399,522
399,589
399,812
399,913
399,1008
399,1199
399,1223
399,1228
399,1693
399,1959
399,2027
399,2134
399,2146
399,2230
399,2507
399,2587
399,2598
399,2872
399,3167
399,3475
399,3851
399,4259
399,4462
399,4772
399,4869
400,464
400,748
400,918
400,994
400,1069
400,1473
400,1899
400,2107
400,2134
400,2217
400,3463
400,3599
400,4330
400,4492
400,4722
400,4827
400,4957
401,413
401,932
401,1124
401,1866
401,1926
401,2637
401,2703
401,2776
401,2816
401,3267
401,3270
401,3308
401,3369
401,3428
401,3469
401,3672
401,3786
401,3849
401,3932
401,4023
401,4149
401,4336
401,4728
401,4742
402,519
402,520
402,1038
402,1122
402,1179
402,1357
402,1767
402,2440
402,2848
402,3405
402,3655
402,3783
402,4275
403,1246
403,1333
403,1359
403,1762
403,1834
403,2388
403,2426
403,2445
403,2508
403,2597
403,2750
403,2972
403,2987
403,2998
403,3190
403,3606
403,3662
403,3719
403,3857
403,4046
403,4151
403,4188
403,4194
403,4467
403,4499
403,4816
403,4854
403,4990
404,798
404,888
404,892
404,901
404,911
404,1603
404,1826
404,2308
404,2386
404,2570
404,2688
404,2792
404,2878
404,2975
404,3065
404,3159
404,3178
404,3776
404,3895
404,3944
404,4062
404,4495
404,4712
404,4731
405,410
405,825
405,1190
405,1328
405,2503
405,2656
405,3013
405,3143
405,3790
405,3831
405,3959
405,3968
405,4624
405,4710
405,4727
405,4871
406,422
406,431
406,945
406,1084
406,1512
406,1591
406,1601
406,2050
406,2097
406,2329
406,2485
406,2685
406,2871
406,2963
406,3120
406,3256
406,3483
406,3533
406,3545
406,3610
406,3623
406,4075
406,4245
406,4437
406,4478
406,4687
406,4710
406,4754
406,4925
407,741
407,894
407,1362
407,1688
407,1964
407,1978
407,2236
407,2294
407,2707
407,3069
407,3309
407,3373
407,3383
407,3407
407,3637
407,3836
407,3872
407,3876
407,4081
407,4765
408,524
408,714
408,794
408,1370
408,1761
408,2101
408,2362
408,2400
408,2490
408,2549
408,2766
408,2993
408,3046
408,4438
408,4532
408,4599
408,4629
408,4734
408,4786
409,680
409,1379
409,1951
409,1975
409,2572
409,2608
409,2973
409,3407
409,3431
409,3588
409,3889
409,4328
409,4374
409,4460
409,4550
409,4722
410,618
410,679
410,751
410,811
410,1157
410,1173
410,1216
410,1371
410,1403
410,1425
410,1619
410,2173
410,2295
410,2370
410,2469
410,2523
410,2649
410,2867
410,3219
410,3264
410,3266
410,3293
410,3415
410,3480
410,3540
410,4022
410,4263
411,525
411,572
411,776
411,793
411,944
411,1328
411,1471
411,1882
411,1979
411,2074
411,2119
411,2176
411,2187
411,2463
411,2533
411,2546
411,2762
411,3292
411,3646
411,3776
411,4046
411,4319
411,4415
411,4422
411,4442
411,4610
411,4683
411,4909
412,468
412,522
412,612
412,837
412,1026
412,1159
412,1315
412,1640
412,1648
412,1923
412,1924
412,2357
412,2742
412,3088
412,3233
412,3426
412,3429
412,3486
412,3755
412,3908
412,3986
412,4168
412,4199
412,4369
412,4373
412,4374
412,4643
412,4687
412,4726
412,4805
413,502
413,682
413,1001
413,1229
413,1329
413,1477
413,1661
413,1962
413,2399
413,3398
413,4244
413,4792
413,4861
414,803
414,1184
414,1330
414,1610
414,1816
414,1864
414,1922
414,1969
414,2113
414,2117
414,2162
414,2227
414,2637
414,3066
414,3192
414,3312
414,3366
414,3405
414,3507
414,3512
414,3646
414,3984
414,4083
414,4218
414,4284
414,4323
414,4482
414,4554
414,4639
414,4649
414,4680
415,443
415,628
415,983
415,1114
415,1537
415,1549
415,1742
415,1794
415,1803
415,2070
415,2152
415,2558
415,2929
415,2947
415,3154
415,3168
415,3279
415,3465
415,3594
415,3736
415,3956
415,4296
415,4870
415,4960
415,4978
416,463
416,2237
416,2344
416,2458
416,2465
416,2789
416,3592
416,3714
416,3738
416,4146
416,4224
416,4419
416,4447
416,4509
416,4939
417,696
417,713
417,801
417,897
417,928
417,1074
417,1124
417,1492
417,1599
417,1642
417,1964
417,2726
417,2743
417,2929
417,3030
417,3066
417,3270
417,3296
417,3528
417,4014
417,4446
418,421
418,470
418,641
418,1169
418,1193
418,1331
418,1333
418,1673
418,1980
418,2469
418,3164
418,3435
418,3538
418,3843
418,3858
418,4093
418,4303
418,4450
418,4740
418,4829
418,4926
419,867
419,872
419,879
419,981
419,1173
419,1191
419,1204
419,1338
419,2050
419,2124
419,2139
419,2282
419,2427
419,2585
419,2786
419,2788
419,3018
419,3121
419,3349
419,4008
419,4156
419,4463
419,4556
419,4566
419,4854
420,606
420,798
420,870
420,1100
420,1408
420,1454
420,1598
420,1746
420,1842
420,2182
420,2328
420,2453
420,3196
420,3337
420,3388
420,3413
420,3447
420,3608
420,4081
420,4262
420,4292
420,4310
420,4416
420,4989
421,463
421,553
421,715
421,840
421,1011
421,1104
421,1167
421,1318
421,1456
421,1638
421,1658
421,1683
421,1798
421,1848
421,2366
421,2680
421,2753
421,2883
421,3036
421,3066
421,3319
421,3372
421,3424
421,3703
421,3746
421,4292
421,4319
421,4325
421,4540
421,4695
421,4867
421,4870
421,4875
421,4977
422,870
422,1204
422,1548
422,1804
422,1936
422,1980
422,2670
422,3070
422,3158
422,3302
422,3832
422,3856
422,3889
422,3896
422,3979
422,4258
422,4408
422,4623
422,4953
422,4991
423,621
423,989
423,1805
423,1828
423,1965
423,2099
423,2149
423,2533
423,2848
423,2987
423,3246
423,3300
423,3837
423,3929
423,3955
423,4194
423,4267
423,4813
423,4859
423,4926
424,542
424,712
424,975
424,1176
424,1959
424,2310
424,2316
424,2447
424,2617
424,3139
424,3166
424,3231
424,3376
424,3407
424,3415
424,3471
424,3477
424,3510
424,3692
424,3729
424,3810
424,4137
424,4445
424,4544
424,4988
425,796
425,1135
425,1364
425,1577
425,1735
425,2032
425,2076
425,2293
425,2393
425,3088
425,3134
425,3379
425,3516
425,3589
425,3895
425,4069
425,4071
425,4132
425,4607
426,536
426,1016
426,1033
426,1142
426,1213
426,1216
426,1348
426,1562
426,1598
426,1952
426,1997
426,2465
426,2591
426,2654
426,2679
426,2704
426,3300
426,3322
426,3410
426,3723
426,3809
426,4010
426,4025
426,4608
426,4620
426,4864
427,446
427,456
427,622
427,729
427,1071
427,1265
427,1416
427,1928
427,2073
427,2075
427,2499
427,2617
427,2855
427,3193
427,3243
427,3649
427,3672
427,4210
427,4345
427,4465
427,4487
427,4491
427,4534
427,4539
427,4595
427,4732
427,4981
428,620
428,1102
428,1552
428,1747
428,1936
428,2020
428,2235
428,2311
428,2613
428,3512
428,3616
428,3635
428,3641
428,3642
428,3811
428,3997
428,4307
428,4401
428,4759
429,723
429,1152
429,1405
429,1579
429,1678
429,1823
429,1849
429,1893
429,1993
429,2058
429,2167
429,2367
429,3071
429,3179
429,3222
429,3449
429,3898
429,4173
429,4470
429,4697
429,4762
430,541
430,848
430,1244
430,1314
430,1326
430,1957
430,2017
430,2457
430,2565
430,2771
430,2819
430,4658
430,4723
430,4747
431,445
431,582
431,708
431,740
431,791
431,885
431,1004
431,1373
431,1757
431,2005
431,2360
431,2477
431,2696
431,2975
431,3012
431,3045
431,3383
431,3387
431,4034
431,4113
431,4399
431,4938
432,649
432,910
432,1078
432,1104
432,1256
432,1617
432,1624
432,1644
432,1697
432,2355
432,2544
432,2781
432,3248
432,3530
432,3631
432,3796
432,4119
432,4305
432,4368
432,4393
432,4606
433,697
433,701
433,827
433,984
433,1099
433,1120
433,1781
433,1913
433,2129
433,2245
433,2570
433,2716
433,3021
433,3064
433,3805
433,3857
433,4022
433,4032
433,4165
433,4386
433,4465
433,4921
434,626
434,744
434,822
434,882
434,927
434,1005
434,1023
434,1243
434,1599
434,1979
434,1990
434,2385
434,2462
434,2606
434,2927
434,3078
434,3152
434,3358
434,3763
434,4090
434,4146
434,4228
434,4507
434,4515
434,4545
434,4669
434,4726
434,4962
435,457
435,619
435,1150
435,1311
435,1381
435,1612
435,1824
435,2023
435,2271
435,2276
435,2311
435,2377
435,2610
435,2938
435,3143
435,3496
435,3619
435,3720
435,4161
435,4559
435,4975
436,492
436,669
436,693
436,789
436,906
436,926
436,1032
436,1076
436,1287
436,1299
436,1301
436,2093
436,2128
436,2378
436,2402
436,2539
436,2700
436,2854
436,2912
436,2957
436,3031
436,3614
436,3729
436,4075
436,4314
436,4330
436,4467
436,4551
436,4596
436,4768
436,4974
437,992
437,1404
437,1879
437,1889
437,1978
437,2021
437,2714
437,2777
437,2846
437,3067
437,3099
437,3297
437,3463
437,3596
437,3781
437,3878
437,3911
437,4207
437,4382
437,4673
438,449
438,562
438,843
438,1007
438,1022
438,1122
438,1199
438,1382
438,1386
438,1400
438,1494
438,1569
438,1586
438,2127
438,2600
438,2854
438,3359
438,3370
438,3374
438,3595
438,4358
438,4655
438,4950
439,485
439,551
439,715
439,797
439,893
439,1035
439,1410
439,1805
439,2260
439,2699
439,3226
439,3725
439,3858
439,4050
439,4140
439,4236
439,4410
439,4580
440,746
440,875
440,1160
440,1442
440,1464
440,1957
440,2400
440,2586
440,2999
440,3520
440,3535
440,4339
440,4500
440,4625
440,4796
441,507
441,624
441,1052
441,1812
441,1912
441,1929
441,2085
441,2545
441,2669
441,2850
441,3154
441,3326
441,3394
441,3684
441,4879
442,527
442,574
442,1038
442,1242
442,1275
442,1297
442,1905
442,2061
442,2394
442,2422
442,2504
442,2798
442,3023
442,3086
442,3425
442,3482
442,3753
442,3817
442,3977
442,4011
442,4808
442,4874
443,542
443,979
443,1204
443,2185
443,2354
443,2512
443,2616
443,3180
443,3276
443,3401
443,3815
443,3985
443,4179
443,4351
443,4392
443,4688
443,4943
444,506
444,628
444,740
444,747
444,861
444,1195
444,1256
444,1833
444,2154
444,2259
444,2340
444,2431
444,2527
444,2532
444,2584
444,2834
444,2952
444,3032
444,3050
444,3067
444,3076
444,3104
444,3202
444,3800
444,3914
444,4181
444,4254
444,4348
444,4579
444,4765
444,4785
445,547
445,639
445,696
445,1572
445,1608
445,1741
445,1797
445,1932
445,2046
445,2103
445,2280
445,2313
445,2352
445,2729
445,2921
445,3035
445,3104
445,3390
445,3444
445,4015
445,4188
445,4375
445,4720
446,506
446,514
446,532
446,805
446,883
446,1285
446,1290
446,1656
446,1772
446,1936
446,1991
446,2109
446,2507
446,2560
446,2895
446,2986
446,2991
446,3477
446,3484
446,3490
446,3587
446,3610
446,3796
446,3984
446,4015
446,4026
446,4045
446,4444
446,4532
446,4535
446,4622
447,478
447,1160
447,1306
447,1379
447,1391
447,1995
447,2433
447,2468
447,2580
447,3089
447,3129
447,3243
447,3302
447,3733
447,3750
447,3827
447,3835
447,3911
447,3967
447,4229
447,4447
447,4690
447,4925
448,607
448,767
448,1724
448,1744
448,1801
448,1986
448,2142
448,2239
448,2394
448,2459
448,2461
448,2554
448,2581
448,2733
448,2807
448,2903
448,3368
448,4185
448,4573
448,4714
448,4820
448,4925
449,577
449,697
449,1036
449,1273
449,1301
449,1827
449,1873
449,1908
449,1955
449,2198
449,2448
449,2499
449,2710
449,2753
449,2778
449,2971
449,3211
449,3588
449,3645
449,3761
449,4048
449,4070
449,4100
449,4183
449,4399
449,4872
449,4928
450,519
450,746
450,802
450,921
450,1328
450,1706
450,2205
450,2436
450,2933
450,3298
450,3365
450,3445
450,3548
450,3689
450,3915
450,4095
450,4196
450,4274
450,4521
450,4618
450,4646
450,4677
450,4926
450,4937
451,896
451,925
451,1041
451,1199
451,1324
451,1744
451,1760
451,1847
451,2584
451,2673
451,2725
451,3024
451,3031
451,3037
451,3072
451,3114
451,3188
451,3696
451,3840
451,3941
451,4221
451,4242
451,4442
451,4471
451,4548
451,4748
452,556
452,583
452,999
452,1231
452,1302
452,1447
452,1616
452,1958
452,2116
452,2176
452,2304
452,2306
452,2347
452,2965
452,3446
452,3557
452,3770
452,3820
452,3852
452,4228
452,4458
452,4511
452,4631
452,4633
452,4773
452,4871
453,922
453,1203
453,1339
453,1405
453,1494
453,1795
453,1817
453,1885
453,2008
453,2585
453,2814
453,3268
453,3310
453,3323
453,3527
453,3680
453,3766
453,3947
453,4025
453,4280
453,4541
453,4928
454,543
454,887
454,1108
454,1131
454,1215
454,1668
454,1689
454,1711
454,1781
454,2140
454,2255
454,2417
454,2748
454,2958
454,3322
454,3604
454,3865
454,3909
454,4194
454,4323
454,4399
454,4651
454,4703
455,556
455,557
455,589
455,972
455,1151
455,1258
455,1310
455,1612
455,1616
455,1688
455,1998
455,2268
455,2519
455,2837
455,3173
455,3299
455,3325
455,3384
455,3650
455,3768
455,3784
455,4022
455,4086
455,4460
455,4876
456,729
456,870
456,990
456,1184
456,1680
456,1966
456,2406
456,2641
456,2751
456,2812
456,2837
456,3017
456,3055
456,3245
456,3377
456,3686
456,3741
456,3798
456,4552
456,4602
456,4753
456,4934
456,4993
457,588
457,726
457,1305
457,1369
457,1620
457,1973
457,2065
457,2281
457,2539
457,2789
457,3111
457,3342
457,3395
457,3943
457,4127
457,4188
457,4227
457,4268
457,4408
457,4658
458,815
458,1017
458,1718
458,1756
458,1928
458,2060
458,2166
458,2260
458,2289
458,2356
458,2622
458,2636
458,2849
458,2877
458,3076
458,3300
458,3309
458,3588
458,3626
458,4083
458,4527
458,4619
458,4844
458,4902
458,4980
459,483
459,646
459,745
459,929
459,1192
459,1665
459,1813
459,1860
459,2042
459,2177
459,2348
459,2577
459,2638
459,2907
459,3045
459,3211
459,3248
459,3276
459,3295
459,3763
459,4456
459,4576
459,4782
460,1570
460,1705
460,1840
460,2319
460,2751
460,3026
460,3091
460,3142
460,3237
460,3299
460,3392
460,3703
460,3893
460,4030
460,4157
460,4372
460,4737
460,4862
460,4884
461,915
461,995
461,1218
461,1636
461,1788
461,2153
461,2182
461,2650
461,2979
461,3379
461,3385
461,3658
461,3929
461,4052
461,4689
461,4777
461,4814
462,511
462,612
462,652
462,1271
462,1317
462,1487
462,1552
462,1617
462,1931
462,1993
462,2269
462,3083
462,3244
462,3290
462,3449
462,3560
462,3666
462,3777
462,3940
462,3957
462,4191
462,4419
462,4774
463,490
463,700
463,979
463,1012
463,1319
463,1399
463,1530
463,1935
463,2253
463,2314
463,2464
463,2700
463,2721
463,3071
463,3442
463,3548
463,3745
463,4315
463,4355
463,4573
463,4886
463,4889
463,4930
464,567
464,1010
464,1133
464,1644
464,1708
464,1828
464,1891
464,1998
464,2119
464,2268
464,2289
464,2358
464,2372
464,2542
464,2715
464,2985
464,3020
464,3416
464,3490
464,3566
464,3700
464,3856
464,4012
464,4183
464,4421
464,4542
464,4636
465,466
465,1060
465,1081
465,1222
465,1341
465,1730
465,1967
465,2016
465,2240
465,2268
465,2310
465,2345
465,2750
465,2982
465,3072
465,3344
465,3447
465,3810
465,3840
465,3851
465,4018
465,4022
465,4773
466,535
466,607
466,673
466,925
466,1255
466,1401
466,1457
466,1515
466,1526
466,1541
466,1603
466,1985
466,2165
466,2266
466,2378
466,2387
466,2457
466,2536
466,2572
466,2676
466,2861
466,2902
466,3122
466,3513
466,4093
466,4770
466,4781
467,693
467,761
467,764
467,878
467,1220
467,1404
467,1595
467,1630
467,1775
467,2073
467,2436
467,2521
467,2576
467,2581
467,2619
467,2968
467,3964
467,4126
467,4425
467,4495
467,4636
467,4746
468,562
468,684
468,1003
468,1098
468,1118
468,1312
468,1330
468,1481
468,1482
468,1491
468,1683
468,1710
468,1762
468,2153
468,2183
468,2190
468,3298
468,3334
468,3343
468,3702
468,3785
468,3796
468,3830
468,4034
468,4259
468,4524
468,4581
468,4617
468,4798
468,4981
469,550
469,718
469,819
469,854
469,897
469,1179
469,1698
469,1757
469,1771
469,1872
469,1993
469,2059
469,2308
469,2556
469,2581
469,2936
469,2951
469,3211
469,3225
469,3540
469,3759
469,3784
469,4128
469,4669
469,4746
469,4905
470,572
470,657
470,1289
470,1585
470,1634
470,1637
470,1807
470,1908
470,2014
470,2579
470,2644
470,2651
470,2868
470,4061
470,4094
470,4206
470,4254
470,4378
470,4581
470,4773
470,4869
471,474
471,585
471,687
471,1151
471,1245
471,1331
471,1443
471,1563
471,1749
471,1777
471,1946
471,2000
471,2220
471,2457
471,2538
471,2539
471,2657
471,2692
471,2704
471,2818
471,3141
471,3435
471,3492
471,3689
471,4130
471,4422
471,4610
471,4919
472,813
472,1254
472,1595
472,1843
472,2260
472,2380
472,2586
472,2603
472,2692
472,3320
472,3384
472,3693
472,3695
472,3707
472,3780
472,3858
472,3877
472,4004
472,4136
472,4339
472,4583
472,4607
472,4702
472,4769
473,715
473,868
473,952
473,998
473,1079
473,1228
473,1629
473,1683
473,2052
473,2089
473,2260
473,2308
473,2534
473,2773
473,3054
473,3222
473,3398
473,3543
473,3608
473,3703
473,3970
473,4200
473,4747
474,518
474,988
474,1400
474,1931
474,2001
474,2076
474,2170
474,2280
474,2356
474,2633
474,2642
474,3193
474,3440
474,3457
474,3464
474,4001
474,4086
474,4768
475,1126
475,1991
475,2084
475,3332
475,3407
475,3731
475,3966
475,4092
475,4147
475,4514
475,4630
475,4700
475,4956
476,1071
476,1352
476,1555
476,1593
476,1743
476,1787
476,1997
476,2271
476,2280
476,2449
476,2504
476,2800
476,2986
476,3125
476,3379
476,3568
476,3817
476,3915
476,4026
476,4054
476,4172
476,4709
476,4737
477,638
477,655
477,703
477,831
477,932
477,1195
477,1544
477,2083
477,2353
477,2590
477,2606
477,3120
477,3504
477,3558
477,3608
477,4263
477,4487
477,4665
477,4675
477,4700
478,564
478,587
478,1314
478,1326
478,1434
478,1539
478,1622
478,2038
478,2340
478,2463
478,2708
478,2934
478,3055
478,3083
478,3162
478,3468
478,3719
478,3810
478,3877
478,4330
478,4449
478,4676
478,4775
478,4821
478,4864
479,502
479,943
479,1371
479,1458
479,1625
479,2219
479,2580
479,2777
479,3065
479,3135
479,3530
479,3558
479,3667
479,3733
479,3751
479,3824
479,3842
479,4022
479,4246
479,4327
479,4352
479,4356
479,4858
479,4952
479,4961
480,941
480,969
480,1373
480,1514
480,1834
480,2182
480,2248
480,2547
480,2609
480,2668
480,3093
480,3241
480,3298
480,3380
480,3443
480,3451
480,3572
480,3628
480,3780
480,4377
480,4398
480,4891
481,504
481,1051
481,1132
481,1212
481,1574
481,2013
481,2142
481,2261
481,2272
481,2498
481,2651
481,2923
481,3216
481,3701
481,3980
481,4866
481,4907
482,799
482,886
482,922
482,1222
482,1444
482,1527
482,1542
482,1727
482,1766
482,1811
482,1974
482,2153
482,2218
482,2701
482,2753
482,2881
482,3135
482,3232
482,3248
482,3536
482,3542
482,3949
482,4085
482,4312
482,4378
482,4461
482,4879
482,4973
483,605
483,1208
483,1458
483,1959
483,2301
483,2669
483,2735
483,2958
483,3093
483,3094
483,3184
483,3237
483,3468
483,3550
483,3673
483,4477
483,4542
483,4673
483,4715
483,4811
483,4864
484,560
484,623
484,1448
484,1789
484,2085
484,2296
484,2437
484,2460
484,2878
484,2929
484,3038
484,3392
484,3607
484,3814
484,4543
484,4851
484,4983
485,511
485,667
485,864
485,1256
485,1499
485,1819
485,1876
485,2377
485,3096
485,3222
485,3283
485,3577
485,3630
485,3817
485,4625
485,4963
486,504
486,506
486,579
486,721
486,896
486,1069
486,1278
486,1595
486,1891
486,1968
486,2818
486,3050
486,3132
486,3142
486,3319
486,3509
486,3534
486,3778
486,3895
486,4232
486,4243
486,4317
486,4580
486,4714
486,4988
487,952
487,1123
487,1340
487,1368
487,1477
487,1853
487,1954
487,2367
487,2407
487,2560
487,3094
487,3157
487,3362
487,3521
487,3809
487,4031
487,4263
487,4399
487,4493
487,4685
488,678
488,1069
488,1285
488,1412
488,1542
488,1570
488,1711
488,1994
488,2090
488,2142
488,2150
488,2202
488,2589
488,2805
488,2825
488,3101
488,3260
488,3354
488,3470
488,3687
488,4073
488,4300
488,4359
488,4379
488,4444
488,4584
489,576
489,636
489,782
489,1016
489,1098
489,1179
489,1199
489,1268
489,1352
489,1653
489,1773
489,1900
489,1917
489,1983
489,1996
489,2150
489,2182
489,2203
489,2494
489,3070
489,3228
489,3540
489,3700
489,4175
489,4486
489,4914
490,538
490,718
490,732
490,777
490,1128
490,1297
490,1597
490,1705
490,1891
490,2157
490,2201
490,2261
490,2487
490,2735
490,2760
490,2795
490,3203
490,3505
490,3663
490,4274
490,4693
490,4826
491,517
491,586
491,967
491,1123
491,1231
491,1516
491,1763
491,1965
491,1988
491,2198
491,2785
491,2840
491,2871
491,3307
491,3335
491,3855
491,3898
491,4357
491,4371
492,807
492,897
492,925
492,984
492,1087
492,1599
492,1985
492,2182
492,2367
492,2428
492,2564
492,2973
492,3018
492,3284
492,3394
492,3753
492,3996
492,4077
492,4150
492,4469
492,4905
492,4919
492,4938
493,577
493,972
493,1253
493,1353
493,1453
493,1672
493,1689
493,2059
493,2242
493,2625
493,2838
493,2927
493,3078
493,3085
493,3195
493,3614
493,3789
493,3865
493,4160
493,4185
493,4194
493,4235
493,4888
493,4963
494,807
494,1030
494,1160
494,1354
494,1719
494,1831
494,1956
494,2038
494,2050
494,2321
494,2969
494,2990
494,3031
494,3043
494,3121
494,3317
494,3559
494,3663
494,3858
494,3881
494,3918
495,664
495,1075
495,1146
495,1419
495,1535
495,1545
495,1624
495,1662
495,2091
495,2149
495,2163
495,2363
495,2423
495,2652
495,3055
495,3230
495,3386
495,3675
495,3708
495,3924
495,4191
495,4224
495,4254
495,4283
495,4368
496,583
496,1483
496,1613
496,1627
496,1644
496,1867
496,2271
496,2274
496,2471
496,2670
496,2904
496,2920
496,3157
496,3217
496,3478
496,3768
496,3821
496,3887
496,4012
496,4098
496,4360
496,4520
496,4554
496,4690
496,4880
497,576
497,582
497,858
497,959
497,1175
497,1441
497,1669
497,1754
497,1853
497,1925
497,2306
497,2383
497,2472
497,2608
497,2805
497,2974
497,3213
497,3235
497,3411
497,3426
497,3445
497,3696
497,3727
497,3936
497,3954
497,3977
497,4114
497,4177
497,4427
497,4649
498,512
498,602
498,1249
498,1265
498,1482
498,1626
498,1821
498,1998
498,2058
498,2470
498,2745
498,3044
498,3236
498,3346
498,3502
498,3521
498,3740
498,3802
498,3831
498,4004
498,4157
498,4213
498,4690
499,590
499,601
499,1207
499,1259
499,1525
499,1579
499,2023
499,2096
499,2496
499,3254
499,3572
499,3589
499,3784
499,4026
499,4165
499,4401
500,547
500,743
500,935
500,1134
500,1378
500,1573
500,1630
500,1644
500,1677
500,1740
500,1823
500,2075
500,2349
500,2505
500,2513
500,2627
500,2640
500,2838
500,2847
500,3016
500,3022
500,3512
500,3571
500,3743
500,3786
500,4045
500,4125
500,4272
500,4499
500,4571
500,4671
500,4829
500,4834
500,4860
501,589
501,714
501,734
501,1482
501,1873
501,2145
501,2164
501,2570
501,2745
501,2947
501,2995
501,3414
501,3494
501,3613
501,3662
501,3767
501,3773
501,3837
501,3843
501,4647
501,4796
502,600
502,870
502,1085
502,1264
502,1629
502,1654
502,1904
502,1958
502,2146
502,2333
502,2341
502,2410
502,2423
502,2610
502,2826
502,2951
502,3063
502,3200
502,3428
502,3470
502,4089
502,4398
502,4409
502,4789
503,970
503,1182
503,1642
503,1733
503,1825
503,2172
503,2270
503,2436
503,2774
503,2834
503,2992
503,3633
503,3715
503,3744
503,3806
503,4132
503,4265
503,4904
504,509
504,689
504,893
504,1296
504,1353
504,1357
504,1498
504,2139
504,2245
504,2261
504,2284
504,2302
504,2442
504,2649
504,2720
504,2729
504,2753
504,3080
504,3119
504,3161
504,3410
504,3429
504,4033
504,4201
504,4242
504,4274
504,4332
504,4395
504,4401
504,4589
504,4639
504,4683
505,789
505,1477
505,1803
505,1851
505,1976
505,2108
505,2559
505,2698
505,3124
505,3175
505,3204
505,3451
505,3516
505,3610
505,3754
505,3823
505,3974
505,4386
505,4484
505,4796
506,539
506,679
506,1125
506,1258
506,1511
506,1657
506,1727
506,1907
506,1912
506,2335
506,2641
506,2760
506,2838
506,3000
506,3734
506,3801
506,4294
506,4312
507,597
507,942
507,1090
507,1297
507,1498
507,1625
507,1781
507,1935
507,2074
507,2271
507,2279
507,2294
507,2316
507,2409
507,2416
507,2483
507,2562
507,2733
507,2821
507,3462
507,3514
507,4340
507,4690
508,519
508,580
508,910
508,1205
508,1273
508,1515
508,1622
508,2168
508,2230
508,2259
508,2484
508,2708
508,2869
508,3179
508,3397
508,4104
508,4378
508,4524
508,4745
509,708
509,1091
509,1174
509,1237
509,1484
509,1512
509,1892
509,1964
509,1969
509,2330
509,2505
509,2738
509,2788
509,2999
509,3194
509,3496
509,3735
509,3845
509,3859
509,4096
509,4198
509,4230
509,4390
509,4466
510,583
510,636
510,1042
510,1168
510,1213
510,1865
510,2018
510,2037
510,2075
510,2269
510,2278
510,2280
510,2350
510,2527
510,2564
510,2566
510,2641
510,2896
510,3069
510,3568
510,3623
510,3626
510,4148
510,4222
510,4234
510,4258
510,4616
511,1000
511,1168
511,1719
511,1784
511,2104
511,2163
511,2329
511,2529
511,2743
511,3000
511,3482
511,4010
511,4047
511,4746
511,4887
511,4896
512,644
512,677
512,911
512,973
512,1008
512,1038
512,1614
512,1794
512,1828
512,1960
512,2442
512,2798
512,3099
512,3122
512,3342
512,3416
512,3441
512,3495
512,3597
512,3715
512,3716
512,3798
512,4250
512,4641
513,1057
513,1685
513,1709
513,1712
513,1922
513,1963
513,2260
513,2592
513,2758
513,2879
513,3007
513,3151
513,3171
513,4270
514,865
514,1086
514,1477
514,1655
514,1860
514,2000
514,2437
514,2507
514,2662
514,2687
514,3223
514,3259
514,3294
514,3686
514,3850
514,3954
514,4014
514,4303
514,4454
514,4812
515,518
515,673
515,712
515,912
515,915
515,1227
515,1477
515,1708
515,1735
515,2080
515,2119
515,2419
515,2423
515,2481
515,2747
515,2879
515,3224
515,3386
515,3438
515,3482
515,3603
515,3774
515,3997
515,4067
515,4078
515,4356
515,4382
515,4473
516,974
516,1323
516,2242
516,2253
516,2638
516,2779
516,2889
516,3656
516,3685
516,3710
516,3782
516,3837
516,3952
516,3960
516,4096
516,4363
516,4546
516,4633
516,4775
516,4896
517,534
517,558
517,588
517,1015
517,1446
517,1607
517,1701
517,1898
517,2294
517,2411
517,2459
517,2676
517,2978
517,3037
517,3306
517,3742
517,4721
517,4762
517,4816
517,4867
518,568
518,704
518,905
518,951
518,1112
518,1135
518,1251
518,1433
518,1504
518,1673
518,1818
518,1834
518,1972
518,2664
518,2675
518,3192
518,3706
518,3864
518,4018
518,4197
518,4423
518,4552
518,4613
518,4642
518,4673
518,4767
519,615
519,641
519,645
519,756
519,876
519,922
519,1304
519,1328
519,1341
519,1457
519,1859
519,2302
519,2337
519,2365
519,2520
519,2636
519,2745
519,2919
519,2931
519,3114
519,3117
519,3276
519,3316
519,3350
519,3469
519,3643
519,3826
519,3977
519,4036
519,4038
519,4439
519,4483
519,4653
519,4819
519,4870
520,704
520,1094
520,1226
520,1613
520,1711
520,1981
520,2352
520,2439
520,2894
520,2933
520,2965
520,3166
520,3410
520,3797
520,3886
520,3989
520,4043
520,4232
520,4261
520,4517
521,757
521,1351
521,1458
521,1643
521,1711
521,1748
521,1862
521,2085
521,2592
521,2770
521,2898
521,3174
521,3213
521,3227
521,3363
521,3743
521,3765
521,4416
521,4481
521,4535
521,4602
521,4812
521,4854
522,563
522,591
522,636
522,864
522,1542
522,1589
522,1606
522,1616
522,1666
522,1669
522,1905
522,2049
522,2111
522,2155
522,2560
522,2795
522,2823
522,3093
522,3286
522,3306
522,3478
522,3528
522,3530
522,3638
522,3657
522,3665
522,3683
522,3728
522,3779
522,3981
522,4095
522,4118
522,4135
522,4400
522,4599
522,4673
522,4745
522,4941
523,935
523,1050
523,1219
523,1332
523,1578
523,1579
523,2159
523,2453
523,2669
523,2761
523,2894
523,3312
523,3696
523,4127
523,4488
524,697
524,864
524,1350
524,1497
524,1531
524,2575
524,2641
524,2683
524,2910
524,3345
524,3988
524,4244
524,4528
524,4641
524,4726
524,4734
525,692
525,709
525,1219
525,1220
525,1227
525,1242
525,1659
525,1909
525,2016
525,2041
525,2086
525,2146
525,2305
525,2352
525,2682
525,2991
525,3103
525,3154
525,3175
525,3217
525,3250
525,3551
525,3625
525,3638
525,3644
525,3765
525,4471
525,4509
525,4579
525,4694
525,4819
526,1191
526,1206
526,1210
526,1238
526,1417
526,1528
526,1561
526,1670
526,1678
526,2020
526,2043
526,2414
526,2459
526,3083
526,3120
526,3136
526,3312
526,3573
526,3849
526,4107
526,4286
526,4493
526,4622
526,4737
526,4846
526,4916
527,662
527,856
527,927
527,1163
527,1662
527,1738
527,1786
527,1840
527,1962
527,2219
527,2323
527,2380
527,2786
527,2825
527,2848
527,3204
527,3499
527,3553
527,3590
527,4899
528,747
528,790
528,1447
528,1776
528,2117
528,2312
528,2313
528,2496
528,2541
528,2800
528,2851
528,3348
528,3523
528,3551
528,3562
528,3847
528,4373
528,4377
529,549
529,675
529,808
529,1084
529,1110
529,1119
529,1172
529,1177
529,1394
529,1448
529,1669
529,1919
529,2249
529,2413
529,2531
529,2790
529,2802
529,2813
529,2996
529,3281
529,3303
529,3476
529,3560
529,3901
529,4221
529,4755
529,4838
530,1289
530,1355
530,1829
530,1863
530,1993
530,2340
530,2720
530,2917
530,3057
530,3091
530,3547
530,3641
530,3766
530,3871
530,4134
530,4170
530,4226
530,4327
530,4418
530,4636
530,4639
530,4716
530,4886
531,643
531,1056
531,1157
531,1685
531,1787
531,2825
531,3072
531,3382
531,4294
531,4612
531,4709
532,662
532,1208
532,2321
532,2375
532,2519
532,2706
532,2726
532,3144
532,3168
532,3169
532,3248
532,3390
532,3618
532,3699
532,4142
532,4185
532,4287
532,4314
532,4405
532,4406
532,4533
532,4806
532,4868
533,751
533,862
533,1485
533,1605
533,2237
533,2611
533,2914
533,3012
533,3128
533,3334
533,3715
533,3772
533,3903
534,722
534,1175
534,1411
534,1681
534,1839
534,2100
534,2269
534,2362
534,2368
534,2623
534,2688
534,2890
534,2922
534,2989
534,3109
534,3443
534,3996
534,4033
534,4135
534,4148
534,4319
534,4409
534,4795
534,4842
535,716
535,846
535,849
535,1019
535,1263
535,1514
535,1560
535,1722
535,1914
535,2245
535,2288
535,2369
535,2394
535,2770
535,2830
535,3022
535,3026
535,3382
535,3424
535,3519
535,3665
535,3926
535,4048
535,4112
535,4454
535,4468
535,4588
535,4739
536,621
536,645
536,900
536,1302
536,1409
536,1555
536,1620
536,1683
536,1740
536,1985
536,2076
536,2182
536,2222
536,2224
536,2363
536,2417
536,2824
536,2928
536,2960
536,3159
536,3231
536,3257
536,3619
536,3848
536,3884
536,3885
536,3987
536,4625
536,4728
537,568
537,722
537,1077
537,1082
537,1250
537,1297
537,1372
537,1412
537,1565
537,1573
537,1594
537,1618
537,2262
537,2373
537,2622
537,2924
537,2939
537,2954
537,2973
537,2996
537,3014
537,3407
537,3603
537,3627
537,3735
537,3915
537,4074
537,4289
537,4681
537,4755
537,4801
538,642
538,810
538,865
538,1058
538,1301
538,1331
538,1797
538,1883
538,1945
538,2007
538,2068
538,2373
538,2622
538,2679
538,2717
538,3473
538,3501
538,3853
538,3863
538,3877
538,3940
538,3980
538,4093
538,4598
538,4828
539,661
539,761
539,991
539,1175
539,1638
539,1667
539,1683
539,2438
539,2549
539,2861
539,3194
539,3653
539,3674
539,3790
539,4163
539,4306
539,4691
539,4818
539,4826
539,4879
540,585
540,607
540,632
540,720
540,829
540,1099
540,1278
540,1374
540,1481
540,1748
540,1760
540,1858
540,1889
540,2081
540,2116
540,2465
540,2554
540,2808
540,3362
540,3642
540,3678
540,4129
540,4140
540,4189
540,4383
540,4417
540,4688
540,4958
541,793
541,1039
541,1185
541,1313
541,1694
541,1695
541,1900
541,2211
541,2316
541,2414
541,2421
541,2649
541,2736
541,2992
541,3069
541,3140
541,3225
541,3462
541,3613
541,3631
541,3735
541,3806
541,3819
541,3959
541,4001
541,4188
541,4415
541,4707
541,4716
541,4952
541,4995
542,736
542,1168
542,1272
542,1325
542,1796
542,2340
542,2489
542,2565
542,2979
542,3318
542,3427
542,3636
542,3730
542,3782
542,4010
542,4270
542,4344
542,4456
542,4505
542,4870
542,4873
543,859
543,984
543,998
543,1090
543,2158
543,2725
543,2893
543,2910
543,3070
543,3450
543,3603
543,3854
543,4145
543,4151
543,4199
543,4405
543,4922
544,1460
544,1463
544,1674
544,2470
544,2748
544,2795
544,3152
544,3157
544,3173
544,3305
544,3739
544,3755
544,3763
544,3969
544,4108
544,4362
544,4679
545,685
545,688
545,828
545,888
545,1345
545,1632
545,1686
545,1707
545,1826
545,1883
545,1984
545,2580
545,2860
545,3005
545,3087
545,3276
545,3315
545,3494
545,3537
545,3738
545,3923
545,4108
545,4222
545,4250
545,4543
546,1018
546,1164
546,1496
546,1587
546,1734
546,1957
546,2069
546,2347
546,2593
546,3850
546,4108
546,4203
546,4331
546,4385
546,4420
546,4428
547,962
547,1092
547,1297
547,1342
547,1522
547,1618
547,1960
547,1974
547,2127
547,2399
547,2481
547,2763
547,3071
547,3107
547,3316
547,3437
547,3658
547,3741
547,3870
547,3896
547,3933
547,3942
547,3945
547,4186
547,4254
547,4662
547,4729
547,4832
548,685
548,793
548,1072
548,1080
548,1085
548,1294
548,1960
548,1998
548,2014
548,2020
548,2304
548,3048
548,3152
548,3247
548,3430
548,3636
548,3653
548,3733
548,4010
548,4064
548,4220
548,4747
548,4853
548,4900
549,620
549,632
549,646
549,961
549,1588
549,2192
549,2277
549,2302
549,2457
549,2733
549,3045
549,3160
549,3338
549,3467
549,3911
549,4014
549,4038
549,4416
549,4485
549,4720
550,1125
550,1254
550,1318
550,1477
550,1580
550,1816
550,1859
550,1952
550,2019
550,2098
550,2686
550,2990
550,3268
550,3388
550,3741
550,4025
550,4039
550,4089
550,4159
550,4211
550,4237
550,4333
550,4631
551,565
551,815
551,903
551,1143
551,1255
551,1328
551,1557
551,1741
551,2499
551,2610
551,2862
551,3114
551,3204
551,3217
551,3317
551,3368
551,3426
551,3798
551,4631
551,4693
552,654
552,735
552,832
552,987
552,1223
552,1458
552,1747
552,1769
552,2175
552,2241
552,2432
552,2610
552,2704
552,2840
552,2864
552,2899
552,2959
552,3076
552,3333
552,3370
552,3799
552,3937
552,3995
552,4055
552,4109
552,4148
552,4336
552,4637
552,4756
552,4975
553,758
553,785
553,1156
553,1233
553,1593
553,2421
553,2520
553,2536
553,2865
553,2952
553,3065
553,3079
553,3198
553,3830
553,4532
553,4974
554,751
554,808
554,906
554,909
554,961
554,1706
554,2172
554,2215
554,2247
554,2479
554,2550
554,2564
554,2743
554,3228
554,3388
554,3470
554,3818
554,4096
554,4143
554,4204
554,4430
554,4617
554,4910
555,740
555,815
555,823
555,842
555,858
555,887
555,907
555,1177
555,1254
555,1294
555,1557
555,2013
555,2221
555,2463
555,2508
555,2629
555,2652
555,2837
555,2843
555,3041
555,3146
555,3154
555,3269
555,4006
555,4169
555,4475
555,4490
556,950
556,1050
556,2460
556,2468
556,2664
556,2857
556,2890
556,2986
556,3158
556,3194
556,3570
556,3821
556,3833
556,3879
556,4098
556,4264
556,4351
556,4491
556,4519
556,4574
556,4663
557,668
557,801
557,1095
557,1217
557,1220
557,1263
557,1827
557,2229
557,2455
557,2522
557,2584
557,2592
557,2997
557,3220
557,3256
557,3343
557,3556
557,3627
557,3643
557,4040
557,4420
557,4525
558,717
558,752
558,927
558,1447
558,1452
558,1672
558,1782
558,2251
558,2553
558,2609
558,2619
558,2622
558,2703
558,2922
558,3004
558,3013
558,3462
558,3770
558,3872
558,3879
558,3887
558,4148
558,4168
558,4395
558,4665
559,790
559,945
559,1048
559,1527
559,2508
559,2523
559,2841
559,3106
559,3445
559,3933
559,4515
559,4834
559,4893
559,4967
560,665
560,955
560,1410
560,1491
560,1608
560,2031
560,2103
560,2188
560,2615
560,2732
560,2781
560,2808
560,3024
560,3040
560,3385
560,3671
560,3734
560,3815
560,4128
560,4176
560,4223
560,4449
560,4583
560,4617
560,4945
561,637
561,836
561,846
561,971
561,1022
561,1037
561,1358
561,2207
561,2283
561,2400
561,2421
561,2428
561,2582
561,2752
561,3058
561,3157
561,3184
561,3397
561,3763
561,3953
561,4158
561,4196
561,4531
561,4650
562,915
562,940
562,941
562,1138
562,1371
562,1602
562,1696
562,1907
562,1958
562,2082
562,2235
562,2502
562,2755
562,2984
562,3237
562,3253
562,3474
562,3835
562,3974
562,4000
562,4027
562,4065
562,4115
562,4277
562,4536
563,790
563,1199
563,1421
563,1832
563,2042
563,2144
563,2607
563,3449
563,3581
563,3674
563,3686
563,3876
563,3905
563,3924
563,4018
563,4312
563,4370
563,4535
563,4546
564,1077
564,1364
564,1588
564,1700
564,2270
564,2328
564,2912
564,3007
564,3872
564,4150
564,4296
564,4353
564,4488
564,4617
564,4701
564,4787
564,4808
564,4949
565,651
565,732
565,1079
565,1225
565,1390
565,1806
565,1948
565,2035
565,2690
565,2702
565,2890
565,3174
565,3283
565,3459
565,3887
565,3905
565,3954
565,4248
565,4324
565,4395
565,4575
565,4624
565,4765
565,4860
565,4922
566,612
566,634
566,805
566,889
566,894
566,1204
566,1396
566,1649
566,1692
566,1732
566,1837
566,2121
566,2204
566,2327
566,2369
566,2501
566,2567
566,2605
566,2763
566,3143
566,3147
566,3513
566,3701
566,3936
566,4283
566,4329
566,4345
566,4524
566,4921
566,4941
567,676
567,732
567,871
567,1135
567,1359
567,1448
567,1732
567,2093
567,2131
567,2197
567,2277
567,2516
567,2674
567,2751
567,3154
567,3269
567,3547
567,3612
567,3776
567,3803
567,3894
567,3974
567,4096
567,4523
567,4837
568,921
568,1100
568,1551
568,1783
568,1867
568,2223
568,2229
568,2303
568,2373
568,2577
568,2850
568,3195
568,3383
568,3581
568,3596
568,3742
568,3847
568,3865
568,3886
568,4151
568,4434
568,4435
568,4892
569,710
569,827
569,840
569,1036
569,1124
569,1454
569,1519
569,1714
569,1853
569,1858
569,2099
569,2197
569,2233
569,2278
569,2414
569,2437
569,2964
569,3740
569,3778
569,3794
569,3888
569,4403
569,4665
569,4874
569,4991
570,573
570,1466
570,1492
570,1587
570,1992
570,2432
570,2574
570,2898
570,2975
570,3037
570,3274
570,3385
570,3403
570,3453
570,3651
570,3821
570,3828
570,3874
570,3976
570,4152
570,4652
570,4677
570,4904
571,667
571,1038
571,1145
571,1217
571,1288
571,1703
571,1721
571,2585
571,2589
571,2709
571,3642
571,3986
571,4347
571,4419
571,4505
571,4606
571,4747
571,4985
572,777
572,1133
572,1299
572,1596
572,1655
572,1690
572,1735
572,1740
572,1746
572,1883
572,2088
572,2101
572,2328
572,2534
572,2603
572,2952
572,3146
572,3257
572,3340
572,3803
572,4139
572,4363
572,4646
572,4867
572,4875
573,909
573,1490
573,1683
573,2066
573,2713
573,2769
573,3207
573,3251
573,3552
573,3879
573,4022
573,4398
573,4488
573,4569
573,4725
574,712
574,714
574,819
574,1443
574,1593
574,1757
574,1962
574,2925
574,3597
574,4028
574,4273
574,4652
574,4757
574,4959
574,4978
575,713
575,729
575,1087
575,1408
575,1496
575,1705
575,2021
575,2355
575,2628
575,2752
575,2782
575,3539
575,3618
575,3691
575,3904
575,4012
575,4142
575,4310
575,4473
575,4722
575,4982
576,819
576,1081
576,1083
576,1259
576,1430
576,1545
576,1794
576,2005
576,2139
576,2264
576,2662
576,2839
576,3063
576,3237
576,3313
576,3761
576,3808
576,3932
576,4110
576,4116
576,4458
576,4484
576,4715
576,4771
577,619
577,1031
577,1041
577,1069
577,1310
577,1950
577,2614
577,2649
577,3134
577,3457
577,3754
577,3840
577,3972
577,4410
577,4874
578,979
578,1051
578,1695
578,1970
578,2246
578,2430
578,2454
578,2467
578,3359
578,3393
578,3512
578,3555
578,3842
578,4132
578,4928
579,689
579,1156
579,1348
579,2323
579,2427
579,2519
579,2847
579,3146
579,3328
579,3499
579,3772
579,3806
579,3862
579,3900
579,4007
579,4026
579,4142
579,4292
579,4451
579,4491
579,4607
579,4729
579,4800
579,4868
580,602
580,943
580,1544
580,1930
580,2009
580,2024
580,2379
580,2599
580,2735
580,2837
580,3414
580,3597
580,3648
580,3950
580,4135
580,4209
580,4299
580,4501
580,4527
580,4616
581,763
581,1014
581,1192
581,1225
581,1351
581,1606
581,1654
581,1824
581,2016
581,2120
581,2346
581,2347
581,2539
581,2643
581,2803
581,3087
581,3116
581,3297
581,3369
581,3513
581,3853
581,3904
581,3984
581,4241
581,4392
581,4562
581,4626
581,4654
582,1693
582,1791
582,1830
582,2173
582,2741
582,2885
582,2913
582,2925
582,3546
582,3709
582,3734
582,4057
582,4157
582,4297
582,4750
582,4865
582,4902
582,4952
582,4954
582,4974
583,717
583,1151
583,1271
583,1946
583,2003
583,2071
583,2365
583,2468
583,2707
583,2773
583,3125
583,3128
583,3167
583,3187
583,3199
583,3244
583,3421
583,3542
583,3611
583,3621
583,3833
583,4147
583,4496
583,4910
583,4938
584,591
584,631
584,912
584,985
584,1135
584,1414
584,1497
584,2111
584,2143
584,2220
584,2291
584,2335
584,2703
584,2887
584,3128
584,3189
584,3270
584,3313
584,3403
584,3642
584,3974
584,4022
584,4166
584,4266
584,4792
585,781
585,937
585,968
585,992
585,1056
585,1090
585,1205
585,1206
585,1210
585,1429
585,1717
585,1754
585,1873
585,1884
585,1897
585,2078
585,2181
585,2182
585,2197
585,2479
585,2500
585,2648
585,2724
585,2981
585,3244
585,3419
585,3425
585,3447
585,3705
585,3712
585,3761
585,4077
585,4198
585,4208
585,4262
585,4538
585,4589
586,855
586,1393
586,1582
586,1964
586,2123
586,2178
586,2593
586,2716
586,3044
586,3092
586,3179
586,3336
586,3543
586,3571
586,3601
586,4414
586,4818
586,4859
586,4946
587,634
587,738
587,826
587,936
587,1014
587,1160
587,1359
587,1399
587,1853
587,2113
587,2531
587,2532
587,2689
587,2719
587,2929
587,3005
587,3118
587,3168
587,3328
587,3784
587,3836
587,3848
587,3964
587,3971
587,3992
587,4155
587,4461
587,4594
587,4769
587,4930
588,676
588,809
588,960
588,1003
588,1401
588,1498
588,1587
588,1596
588,2226
588,2257
588,2493
588,3029
588,3082
588,3119
588,3138
588,3521
588,3603
588,3692
588,3940
588,4086
588,4465
588,4580
588,4810
589,849
589,1355
589,1495
589,1689
589,1799
589,1906
589,2406
589,2473
589,2581
589,2590
589,2840
589,3314
589,3801
589,3970
589,4174
589,4664
589,4846
589,4906
590,709
590,1292
590,1468
590,1850
590,2091
590,2322
590,2463
590,2657
590,2749
590,2880
590,3089
590,3104
590,3237
590,3843
590,4019
590,4085
590,4161
590,4536
590,4642
590,4645
590,4730
590,4847
591,684
591,1516
591,1646
591,1657
591,1819
591,2023
591,2583
591,2603
591,2740
591,3002
591,3331
591,3456
591,3960
591,4324
591,4331
591,4443
591,4595
592,1306
592,1397
592,1577
592,1669
592,2421
592,2631
592,3134
592,3336
592,3391
592,3472
592,3489
592,3689
592,3761
592,3871
592,3875
592,3897
592,4075
592,4098
592,4201
592,4288
592,4336
592,4404
592,4408
592,4705
592,4883
593,761
593,771
593,901
593,1025
593,1107
593,1174
593,1266
593,1450
593,1460
593,1685
593,1688
593,1693
593,2066
593,2295
593,2970
593,2998
593,3057
593,3387
593,3443
593,3515
593,3649
593,3752
593,4038
593,4073
593,4099
593,4186
593,4285
593,4448
594,596
594,660
594,1386
594,1553
594,1957
594,2024
594,2087
594,2194
594,2449
594,2568
594,2601
594,2926
594,3087
594,3333
594,3392
594,3863
594,3871
595,653
595,920
595,929
595,946
595,1057
595,1122
595,1219
595,1523
595,1914
595,1944
595,2012
595,2166
595,2254
595,2648
595,2927
595,3406
595,3559
595,3721
595,3792
595,3986
595,4037
596,761
596,817
596,859
596,915
596,1090
596,1103
596,1357
596,1910
596,1988
596,2058
596,2232
596,2420
596,2566
596,2664
596,2885
596,3024
596,3044
596,3258
596,3619
596,3631
596,3734
596,3907
596,4107
596,4180
596,4367
596,4458
596,4460
597,942
597,1222
597,1268
597,1286
597,1328
597,1384
597,1505
597,1627
597,1843
597,1863
597,2135
597,2155
597,2292
597,2709
597,3004
597,3234
597,3857
597,4076
597,4138
597,4358
597,4384
597,4470
597,4557
597,4588
597,4685
598,1544
598,1745
598,1962
598,2245
598,2842
598,2930
598,3421
598,3766
598,3905
598,4143
598,4311
598,4605
598,4723
599,747
599,833
599,932
599,1126
599,1224
599,1409
599,1728
599,2056
599,2315
599,2345
599,2469
599,2687
599,2842
599,3042
599,4354
599,4615
599,4921
600,680
600,707
600,858
600,931
600,1186
600,1246
600,1490
600,2292
600,2338
600,2428
600,2553
600,2759
600,2865
600,2961
600,3366
600,3532
600,3547
600,4302
600,4385
600,4394
600,4474
601,886
601,890
601,1201
601,1604
601,1769
601,1907
601,2529
601,2585
601,3102
601,3134
601,3430
601,3435
601,3662
601,3776
601,4080
601,4893
602,1474
602,1793
602,1803
602,1808
602,1887
602,1999
602,2143
602,2241
602,2430
602,2543
602,3032
602,3305
602,3312
602,3608
602,4427
602,4583
602,4690
602,4717
602,4732
602,4779
602,4875
603,872
603,1279
603,1432
603,1580
603,1791
603,1798
603,1809
603,1826
603,1890
603,1993
603,2190
603,2237
603,2521
603,2569
603,2584
603,2817
603,3081
603,3242
603,3247
603,3484
603,3634
603,3672
603,3675
603,4249
603,4366
603,4445
603,4541
603,4942
604,822
604,891
604,1132
604,1266
604,1351
604,1360
604,1453
604,1488
604,1524
604,1577
604,1584
604,1609
604,1626
604,1986
604,2456
604,2486
604,2999
604,3124
604,3626
604,3649
604,3658
604,3744
604,3849
604,4070
604,4073
604,4160
604,4415
604,4549
604,4610
604,4617
604,4642
604,4760
604,4785
604,4798
604,4840
604,4865
604,4941
605,639
605,647
605,660
605,703
605,1230
605,1461
605,2009
605,2306
605,2377
605,2454
605,2537
605,2554
605,2837
605,3088
605,3210
605,3476
605,3722
605,4282
605,4410
605,4665
605,4854
605,4926
606,643
606,705
606,772
606,782
606,1052
606,1264
606,1299
606,1332
606,1380
606,1451
606,1546
606,2022
606,2154
606,2547
606,2606
606,2665
606,2879
606,2910
606,3521
606,3615
606,3819
606,3943
606,4928
606,4930
607,609
607,1188
607,1279
607,1310
607,1359
607,1403
607,1907
607,2294
607,2330
607,2394
607,2576
607,2851
607,2926
607,3155
607,3168
607,3429
607,3672
607,3751
607,4003
607,4225
607,4270
607,4452
608,1197
608,1472
608,1644
608,1744
608,1810
608,1981
608,2135
608,2189
608,2462
608,2664
608,2963
608,3046
608,3054
608,3135
608,3409
608,3432
608,3748
608,4711
608,4776
608,4795
608,4990
609,837
609,960
609,1005
609,1302
609,1479
609,1482
609,1665
609,1801
609,1953
609,2013
609,2109
609,2220
609,2274
609,2584
609,2733
609,2753
609,3123
609,3355
609,3562
609,3749
609,4100
609,4382
609,4588
610,764
610,789
610,905
610,1030
610,1839
610,1935
610,2237
610,2267
610,2295
610,2330
610,2331
610,2404
610,3053
610,3106
610,3391
610,3516
610,3843
610,4120
610,4482
610,4559
610,4663
610,4871
611,784
611,1101
611,1219
611,1315
611,1678
611,1751
611,1836
611,1837
611,2055
611,2167
611,2213
611,2309
611,2444
611,2611
611,2782
611,3324
611,3390
611,3449
611,3735
611,3825
611,4533
611,4589
612,1398
612,1448
612,1482
612,1687
612,1701
612,1961
612,2219
612,2467
612,2698
612,2820
612,2979
612,3143
612,3152
612,3257
612,3443
612,3706
612,3920
612,4364
612,4494
612,4697
612,4865
612,4957
613,793
613,979
613,1227
613,1233
613,1664
613,1711
613,2258
613,2396
613,2781
613,2903
613,3206
613,3302
613,3813
613,4073
613,4259
613,4309
613,4358
613,4585
613,4649
613,4865
614,827
614,853
614,1252
614,1255
614,1319
614,1374
614,1497
614,1685
614,1944
614,2303
614,2482
614,2566
614,2814
614,2819
614,2889
614,2896
614,2969
614,3192
614,3258
614,3278
614,3380
614,3556
614,3968
614,4035
614,4232
614,4273
614,4326
614,4341
615,795
615,829
615,1329
615,1712
615,1846
615,2048
615,3181
615,3247
615,3441
615,3744
615,4326
615,4467
615,4727
615,4781
615,4854
616,991
616,1386
616,1557
616,1650
616,1668
616,1887
616,2225
616,2354
616,2464
616,2621
616,2885
616,2909
616,3002
616,3070
616,3138
616,3213
616,3441
616,3450
616,3599
616,3641
616,3652
616,3653
616,4152
616,4269
616,4352
616,4480
616,4520
616,4703
617,772
617,1019
617,1063
617,1135
617,1158
617,1381
617,1528
617,1816
617,2355
617,2532
617,2665
617,3067
617,3144
617,3240
617,3360
617,3734
617,4102
617,4133
617,4155
617,4300
617,4486
617,4719
617,4975
618,1084
618,1088
618,1111
618,1270
618,1483
618,1889
618,2078
618,2313
618,2557
618,2573
618,2575
618,3359
618,3905
618,4315
618,4502
618,4507
618,4584
618,4757
618,4926
619,624
619,678
619,1269
619,1502
619,1539
619,1671
619,2235
619,2553
619,2801
619,4088
619,4145
619,4853
619,4944
620,738
620,1200
620,1286
620,1589
620,1623
620,1820
620,1988
620,2079
620,2231
620,2300
620,2456
620,2547
620,2993
620,3082
620,3239
620,3368
620,3385
620,3602
620,3800
620,3804
620,3831
620,4092
620,4234
620,4337
620,4373
620,4454
620,4918
621,833
621,996
621,1330
621,1545
621,1565
621,1907
621,1951
621,2134
621,2323
621,2340
621,2369
621,2406
621,2576
621,2608
621,2666
621,2818
621,2819
621,3387
621,3586
621,3643
621,4033
621,4087
621,4421
621,4514
621,4517
621,4644
621,4741
621,4827
622,1051
622,1109
622,1658
622,2276
622,2512
622,2555
622,2618
622,2698
622,2899
622,3400
622,3573
622,4014
622,4088
622,4119
622,4268
622,4375
622,4420
622,4423
622,4732
622,4761
622,4914
622,4948
623,937
623,1358
623,1743
623,1770
623,1873
623,2056
623,2443
623,2490
623,2554
623,3056
623,3188
623,3189
623,3238
623,3368
623,3720
623,3822
623,3966
623,4085
623,4362
623,4909
624,749
624,979
624,1437
624,2431
624,2569
624,3016
624,3559
624,3596
624,3972
624,4055
624,4114
624,4121
624,4206
624,4396
624,4406
624,4417
625,677
625,900
625,977
625,1257
625,1692
625,1763
625,1764
625,2455
625,3257
625,3304
625,3388
625,3485
625,3486
625,3658
625,3668
625,4076
625,4280
625,4326
625,4511
625,4631
625,4884
625,4995
626,1104
626,1261
626,1725
626,1810
626,1976
626,2108
626,2247
626,2418
626,2742
626,3027
626,3172
626,3293
626,3301
626,3479
626,3540
626,3755
626,3785
626,4056
626,4222
626,4671
626,4757
626,4944
627,714
627,1305
627,1440
627,1695
627,1727
627,2094
627,2229
627,2453
627,2821
627,2891
627,2935
627,3101
627,3246
627,3280
627,3282
627,3283
627,3391
627,3584
627,3856
627,4161
627,4222
627,4571
627,4775
627,4990
627,4998
628,651
628,955
628,1317
628,1730
628,2252
628,2307
628,2424
628,2683
628,2812
628,2894
628,2956
628,3049
628,3210
628,3561
628,3645
628,3700
628,3863
628,3997
628,4103
628,4375
628,4436
628,4599
628,4690
628,4815
628,4820
629,844
629,949
629,1558
629,1674
629,1750
629,1786
629,1923
629,1972
629,2115
629,2202
629,2406
629,2647
629,3098
629,3182
629,3514
629,3845
629,4281
629,4788
629,4872
629,4922
630,654
630,1015
630,1304
630,1536
630,1779
630,1951
630,1956
630,2121
630,2217
630,2296
630,2406
630,2408
630,3312
630,3445
630,3783
630,3937
630,3960
630,4184
630,4389
630,4433
630,4792
631,951
631,1025
631,1126
631,1273
631,1294
631,1763
631,1898
631,2484
631,2515
631,2539
631,2550
631,2757
631,2970
631,3028
631,3082
631,3233
631,3329
631,3771
631,3826
631,3943
631,4654
632,682
632,946
632,1038
632,1132
632,1143
632,1287
632,1365
632,1579
632,1638
632,1646
632,1665
632,2002
632,2575
632,2735
632,2807
632,3116
632,3486
632,3638
632,3787
632,4331
632,4563
632,4774
632,4912
633,735
633,739
633,948
633,965
633,979
633,985
633,1607
633,1826
633,1893
633,2101
633,2244
633,2454
633,2492
633,3417
633,3518
633,4516
633,4577
633,4584
633,4601
634,1072
634,1408
634,1755
634,1809
634,1902
634,2346
634,2620
634,2697
634,2784
634,2879
634,3001
634,3173
634,3444
634,3453
634,3767
634,3982
634,4040
634,4092
634,4495
634,4607
634,4911
635,984
635,1469
635,1971
635,2026
635,2050
635,2129
635,2143
635,2381
635,3080
635,3210
635,3263
635,3290
635,3394
635,3565
635,3610
635,3666
635,3675
635,4121
635,4708
635,4887
636,692
636,910
636,1160
636,1460
636,1696
636,2278
636,2673
636,3167
636,3417
636,3422
636,3464
636,3766
636,4291
636,4362
636,4639
636,4888
637,1267
637,1786
637,1824
637,2355
637,2477
637,2483
637,2627
637,2630
637,3074
637,3402
637,3471
637,3544
637,3554
637,3582
637,3622
637,3847
637,4418
637,4806
637,4945
638,748
638,898
638,1565
638,1649
638,1905
638,2279
638,2587
638,2597
638,2648
638,2673
638,2689
638,2993
638,2999
638,3187
638,3429
638,3558
638,3588
638,3647
638,3659
638,3887
638,3888
638,4060
638,4130
638,4161
638,4246
638,4277
638,4452
638,4499
638,4554
638,4789
639,711
639,816
639,948
639,1022
639,1026
639,1185
639,1230
639,1351
639,1561
639,1812
639,1915
639,2062
639,2203
639,2439
639,2858
639,2918
639,4004
639,4008
639,4039
639,4078
639,4242
639,4610
640,1101
640,1144
640,1306
640,1532
640,1578
640,1633
640,1910
640,2117
640,2194
640,2212
640,2436
640,2492
640,2577
640,2638
640,2820
640,3246
640,3327
640,3388
640,3705
640,3734
640,3744
640,3756
640,3983
640,4219
640,4317
640,4400
640,4596
640,4605
640,4705
640,4856
640,4863
641,767
641,824
641,951
641,1095
641,1380
641,1653
641,1758
641,1808
641,1926
641,2110
641,2476
641,2481
641,2652
641,3120
641,3850
641,3921
641,4201
641,4418
641,4970
642,882
642,1905
642,2037
642,2201
642,3198
642,3263
642,3373
642,3457
642,3795
642,3841
642,3978
642,4022
642,4426
642,4666
642,4685
642,4928
642,4963
643,1125
643,1356
643,1362
643,1503
643,1711
643,1822
643,1949
643,2195
643,2462
643,2683
643,2917
643,3322
643,3545
643,3780
643,4262
643,4668
643,4853
643,4906
644,898
644,909
644,1578
644,1661
644,2232
644,2369
644,2379
644,2469
644,4112
644,4308
644,4339
644,4476
644,4887
645,772
645,810
645,838
645,955
645,1276
645,1417
645,1488
645,1584
645,2421
645,2566
645,2605
645,2714
645,2738
645,2752
645,2980
645,3413
645,3430
645,4031
645,4143
645,4842
645,4873
646,1008
646,1079
646,1634
646,1744
646,1763
646,1777
646,1854
646,2045
646,2074
646,2163
646,2265
646,2452
646,2534
646,2824
646,4599
646,4655
646,4774
646,4786
647,669
647,699
647,827
647,994
647,1022
647,1427
647,1932
647,2003
647,2256
647,3113
647,3137
647,3340
647,3553
647,3671
647,3867
647,4032
647,4035
647,4283
647,4296
648,881
648,1790
648,1993
648,2066
648,2201
648,2317
648,2376
648,2777
648,2862
648,3337
648,3529
648,3614
648,4200
648,4258
648,4292
648,4568
649,875
649,882
649,978
649,1680
649,1864
649,2125
649,2147
649,2169
649,2392
649,2666
649,2882
649,3138
649,3183
649,3197
649,3526
649,3558
649,3735
649,3778
649,3904
649,4054
649,4306
649,4336
649,4553
649,4569
649,4991
650,1145
650,1597
650,1628
650,1720
650,1749
650,2014
650,2321
650,2486
650,2935
650,3063
650,3066
650,3338
650,3624
650,3648
650,4015
650,4820
650,4831
650,4889
651,726
651,798
651,840
651,1002
651,1171
651,1368
651,1484
651,1497
651,1991
651,2014
651,2050
651,2258
651,2263
651,2480
651,2639
651,2846
651,3154
651,3299
651,3492
651,3595
651,3636
651,3646
651,3664
651,3760
651,3800
651,3964
651,3993
651,4065
651,4851
652,1489
652,1521
652,2386
652,2519
652,2635
652,2668
652,2832
652,3006
652,3176
652,3364
652,3522
652,3564
652,3604
652,3790
652,3920
652,4268
652,4907
652,4936
653,946
653,1102
653,1390
653,1704
653,2469
653,2481
653,2543
653,2717
653,2761
653,2866
653,2935
653,2951
653,2953
653,3171
653,3187
653,3436
653,3465
653,4036
653,4222
653,4405
653,4704
653,4849
654,792
654,816
654,955
654,1215
654,1482
654,1534
654,1635
654,1720
654,1722
654,1826
654,1975
654,2092
654,2476
654,2797
654,2904
654,3272
654,3364
654,3608
654,3812
654,4031
654,4184
654,4506
654,4731
654,4994
655,662
655,669
655,866
655,885
655,920
655,1049
655,1230
655,1287
655,1316
655,1688
655,2284
655,2662
655,2831
655,3148
655,3556
655,3592
655,3891
655,4230
655,4234
655,4407
655,4501
655,4523
655,4597
655,4946
656,941
656,984
656,1063
656,1357
656,2104
656,2115
656,2335
656,2549
656,2628
656,3092
656,3356
656,3553
656,3574
656,3636
656,4114
656,4124
656,4217
656,4239
656,4533
656,4579
656,4832
657,1149
657,1445
657,1473
657,1733
657,1980
657,2085
657,2404
657,2420
657,2639
657,2678
657,2942
657,3048
657,3189
657,3199
657,3354
657,3357
657,3392
657,3575
657,3974
657,4081
657,4130
657,4221
657,4721
657,4786
657,4838
658,773
658,784
658,856
658,891
658,1356
658,1417
658,1794
658,2128
658,2232
658,2756
658,2958
658,2969
658,3043
658,3150
658,3330
658,3440
658,3909
658,3913
658,4044
658,4052
658,4352
658,4397
658,4732
658,4801
658,4932
659,811
659,1196
659,1248
659,1578
659,1831
659,1854
659,1899
659,2105
659,2213
659,2746
659,2966
659,3482
659,3572
659,3798
659,4326
659,4968
660,1084
660,1178
660,1222
660,1482
660,1799
660,1869
660,1876
660,1951
660,2207
660,2320
660,2476
660,2632
660,2645
660,3068
660,3189
660,4229
660,4394
660,4486
660,4531
660,4619
660,4823
660,4978
661,681
661,709
661,796
661,1014
661,1261
661,1304
661,1355
661,1543
661,1617
661,1968
661,2106
661,2340
661,2431
661,2568
661,2612
661,2996
661,3214
661,3379
661,3465
661,3484
661,3861
661,4794
661,4837
661,4839
661,4981
662,1070
662,1114
662,1229
662,1253
662,1355
662,1503
662,1865
662,1884
662,2000
662,2051
662,2248
662,2469
662,2609
662,3116
662,3413
662,3441
662,3976
662,4042
662,4343
662,4487
662,4626
662,4656
662,4792
662,4894
663,939
663,957
663,982
663,1465
663,1470
663,1914
663,2100
663,2102
663,2236
663,2351
663,2570
663,2984
663,3064
663,3220
663,3300
663,3413
663,3519
663,3733
663,3777
663,3974
663,4256
663,4514
663,4913
663,4922
663,4927
664,1015
664,1374
664,1466
664,1629
664,2067
664,2209
664,2357
664,2403
664,2553
664,2579
664,3221
664,3316
664,3480
664,4305
664,4317
664,4394
664,4533
664,4690
664,4727
664,4858
665,1059
665,1316
665,1856
665,1929
665,2827
665,2860
665,2903
665,3140
665,3693
665,3836
665,4006
665,4087
665,4264
665,4386
665,4413
665,4671
666,685
666,708
666,839
666,1051
666,1088
666,1370
666,1629
666,1736
666,2142
666,2304
666,2651
666,3178
666,3645
666,3796
666,3895
666,4196
666,4588
666,4698
666,4820
666,4979
667,771
667,829
667,885
667,897
667,1390
667,1409
667,1745
667,2014
667,2124
667,2228
667,2326
667,2507
667,2723
667,3290
667,3494
667,3607
667,3715
667,3847
667,3882
667,4006
667,4089
667,4476
667,4483
667,4815
667,4839
668,682
668,694
668,878
668,883
668,999
668,1354
668,1997
668,2138
668,2228
668,2726
668,2820
668,3015
668,3289
668,3405
668,3419
668,3798
668,4289
668,4375
668,4709
668,4736
669,1108
669,1208
669,1701
669,1826
669,2226
669,2255
669,2549
669,2827
669,2955
669,3056
669,3232
669,3801
669,3894
669,3898
669,4125
669,4633
669,4690
669,4872
669,4965
670,920
670,1067
670,1292
670,1318
670,1353
670,1694
670,2038
670,2067
670,2099
670,2218
670,2384
670,2411
670,2432
670,2754
670,2770
670,2822
670,2934
670,3086
670,3092
670,3298
670,3480
670,3741
670,3880
670,4178
670,4454
670,4654
671,1409
671,1466
671,1571
671,1601
671,1948
671,2176
671,2193
671,2337
671,2809
671,2947
671,2978
671,3345
671,3856
671,4176
671,4379
671,4417
671,4576
672,833
672,1122
672,1238
672,1246
672,1880
672,2544
672,2908
672,2988
672,3317
672,3343
672,3613
672,3636
672,3814
672,4184
672,4355
672,4413
672,4452
673,894
673,1111
673,1199
673,2241
673,2529
673,2680
673,2690
673,2723
673,3201
673,4010
673,4015
673,4324
673,4434
673,4864
673,4991
674,1051
674,1222
674,1473
674,1476
674,1617
674,1922
674,1939
674,2398
674,2433
674,2505
674,2556
674,2993
674,3225
674,3530
674,3736
674,3886
674,3966
674,4429
674,4540
674,4612
674,4629
674,4660
674,4785
674,4994
675,1008
675,1171
675,1302
675,1327
675,1360
675,1440
675,2408
675,3127
675,3491
675,3525
675,3622
675,3835
675,3910
675,4022
675,4119
675,4888
675,4930
676,794
676,1013
676,1039
676,1586
676,1754
676,1997
676,2078
676,2874
676,3027
676,3066
676,3496
676,3532
676,3988
676,4111
676,4217
676,4653
676,4691
676,4719
676,4765
676,4861
677,748
677,1449
677,1491
677,1877
677,1893
677,2126
677,2242
677,2817
677,3254
677,3571
677,3825
677,3835
677,4094
677,4265
677,4872
678,778
678,823
678,1090
678,1242
678,1471
678,1765
678,1919
678,1976
678,2243
678,2305
678,2497
678,2786
678,3166
678,3218
678,3300
678,3314
678,3515
678,3938
678,4072
678,4569
678,4679
678,4973
679,836
679,1040
679,1235
679,1272
679,1427
679,1512
679,1524
679,1576
679,1802
679,2530
679,3164
679,3186
679,3449
679,3481
679,3499
679,3503
679,3544
679,3932
679,3987
679,4224
679,4459
679,4481
679,4513
679,4700
679,4708
679,4752
680,718
680,1048
680,1499
680,1611
680,1805
680,1820
680,1858
680,2210
680,2242
680,2454
680,2473
680,2803
680,3142
680,3474
680,3734
680,3828
680,3847
680,3931
680,3970
680,4935
681,700
681,774
681,1054
681,1120
681,1213
681,1256
681,1264
681,1598
681,1704
681,2194
681,2483
681,2493
681,2727
681,2947
681,3502
681,3565
681,4103
681,4146
681,4239
682,774
682,843
682,893
682,985
682,1141
682,1333
682,1380
682,1451
682,1476
682,1502
682,1859
682,2479
682,2618
682,2773
682,2826
682,3002
682,3042
682,3500
682,3779
682,4076
682,4160
682,4183
682,4257
682,4679
682,4711
682,4826
682,4857
683,1067
683,1281
683,1386
683,1397
683,1488
683,1848
683,1983
683,2053
683,2096
683,2354
683,2448
683,2546
683,2770
683,3116
683,3319
683,3606
683,3822
683,3884
683,4862
683,4989
684,914
684,1059
684,1367
684,1639
684,1820
684,1893
684,2060
684,2068
684,2346
684,2593
684,2643
684,2770
684,3196
684,3468
684,3787
684,3895
684,4012
684,4033
684,4368
684,4994
685,977
685,1223
685,1676
685,1924
685,2183
685,2206
685,2289
685,2424
685,2504
685,2538
685,2633
685,2798
685,2890
685,3335
685,3540
685,3618
685,3620
685,3900
685,4247
685,4251
685,4442
685,4457
685,4887
686,698
686,850
686,950
686,1499
686,1716
686,1760
686,2010
686,2058
686,2127
686,2189
686,2309
686,2447
686,2469
686,2853
686,3031
686,3245
686,3255
686,3538
686,3721
686,3783
686,4206
686,4393
686,4432
686,4938
687,1011
687,1012
687,1042
687,1044
687,1524
687,1676
687,1737
687,1944
687,2132
687,2142
687,2163
687,2271
687,2351
687,2533
687,2545
687,2617
687,2635
687,2696
687,2785
687,2813
687,2959
687,3401
687,3483
687,3516
687,3677
687,4076
687,4268
687,4586
687,4666
687,4731
687,4989
687,4995
688,800
688,1000
688,1075
688,1359
688,1431
688,1495
688,1543
688,1858
688,2037
688,2195
688,2326
688,2442
688,2578
688,2626
688,2720
688,2867
688,3246
688,3285
688,3293
688,3626
688,4494
688,4659
688,4730
689,797
689,977
689,1164
689,1242
689,1478
689,1480
689,1621
689,1818
689,1856
689,1930
689,2114
689,2129
689,2255
689,2395
689,2443
689,2673
689,3236
689,3272
689,3537
689,4055
689,4098
689,4172
689,4248
690,1080
690,1288
690,1467
690,1795
690,1972
690,2038
690,2105
690,2175
690,2281
690,2607
690,2832
690,2864
690,3070
690,3104
690,3188
690,3243
690,3429
690,3699
690,4491
690,4860
690,4883
690,4921
691,864
691,957
691,1077
691,1360
691,1497
691,1550
691,1856
691,1987
691,2032
691,2062
691,2382
691,2769
691,2906
691,3036
691,3415
691,3645
691,3871
691,3881
691,3903
691,3996
691,4115
691,4211
691,4435
691,4754
692,1002
692,1328
692,1423
692,1439
692,1624
692,1666
692,1899
692,2250
692,2328
692,2338
692,2993
692,3082
692,3204
692,3277
692,3433
692,3482
692,3676
692,3759
692,4028
692,4046
692,4170
692,4182
693,722
693,747
693,950
693,1460
693,1653
693,2132
693,2172
693,2188
693,2457
693,3210
693,3310
693,3515
693,3772
693,3949
693,3959
693,4095
693,4177
693,4414
693,4472
693,4674
693,4795
693,4823
694,916
694,989
694,1274
694,1569
694,1810
694,1813
694,1960
694,2201
694,2222
694,2286
694,2357
694,2456
694,2556
694,2584
694,2910
694,3172
694,3281
694,3462
694,3543
694,3609
694,4375
695,1261
695,1289
695,1991
695,2187
695,2348
695,2465
695,2542
695,2690
695,2697
695,2808
695,2914
695,2994
695,3036
695,3287
695,3510
695,3581
695,3632
695,3713
695,4076
695,4148
695,4721
695,4771
695,4968
695,4972
696,794
696,1233
696,1234
696,1277
696,1744
696,1832
696,2270
696,2383
696,2484
696,2531
696,2660
696,2674
696,2906
696,3071
696,3105
696,3170
696,3183
696,3598
696,3676
696,3679
696,4383
696,4740
697,960
697,1297
697,1306
697,1332
697,1593
697,1875
697,2043
697,2278
697,2403
697,2421
697,2726
697,3625
697,4028
697,4048
697,4416
697,4527
697,4625
697,4705
698,1006
698,1129
698,1350
698,1549
698,1852
698,2073
698,2510
698,3088
698,3172
698,3284
698,3427
698,3437
698,3522
698,3563
698,3814
698,3826
698,4000
698,4109
698,4123
698,4191
698,4292
698,4630
699,709
699,808
699,820
699,840
699,1065
699,1341
699,1572
699,1692
699,2533
699,2642
699,2997
699,3274
699,3625
699,3835
699,3885
699,3941
699,4060
699,4123
699,4177
699,4817
700,1085
700,1379
700,1637
700,1831
700,2249
700,2421
700,2486
700,2694
700,3470
700,3656
700,4169
700,4659
700,4755
700,4792
700,4880
700,4965
700,4977
701,759
701,797
701,1038
701,1413
701,1834
701,2030
701,2434
701,2518
701,2608
701,2661
701,2686
701,2872
701,3224
701,3387
701,3476
701,3606
701,3717
701,3949
701,4067
701,4135
701,4504
701,4915
702,1416
702,1635
702,1865
702,1958
702,2159
702,2183
702,2187
702,2727
702,3016
702,3139
702,3457
702,3526
702,3577
702,4052
702,4114
702,4158
702,4207
702,4465
702,4506
702,4809
702,4863
703,784
703,950
703,1314
703,1535
703,1577
703,1590
703,1716
703,1817
703,1861
703,2158
703,2614
703,2804
703,2820
703,2850
703,2951
703,3165
703,3943
703,4656
703,4697
703,4746
703,4935
703,4972
704,1186
704,1317
704,1488
704,1612
704,1808
704,1902
704,2089
704,2169
704,2390
704,2545
704,2591
704,2926
704,3071
704,3502
704,3657
704,3732
704,3853
704,3926
704,3943
704,4237
704,4448
705,881
705,948
705,1022
705,1632
705,1672
705,1743
705,1815
705,1821
705,2022
705,2032
705,2127
705,2276
705,2297
705,2314
705,2484
705,2641
705,2772
705,3013
705,3017
705,3419
705,3596
705,3641
705,3732
705,3812
705,3850
705,3972
706,927
706,1080
706,1158
706,1254
706,1316
706,1529
706,1621
706,1709
706,1773
706,1817
706,1924
706,2278
706,2560
706,2753
706,3066
706,3532
706,3623
706,3867
706,4031
706,4334
706,4414
706,4491
706,4609
706,4845
706,4924
707,754
707,1033
707,1034
707,1243
707,1616
707,1687
707,1708
707,1754
707,1803
707,2305
707,2387
707,2582
707,2660
707,2738
707,3132
707,3292
707,3404
707,3433
707,3441
707,3547
707,3557
707,3770
707,3811
707,3963
708,1328
708,1365
708,1767
708,1932
708,2021
708,2035
708,2891
708,2940
708,3273
708,3470
708,3630
708,3819
708,3858
708,3935
708,4150
708,4341
708,4347
708,4761
708,4816
708,4874
708,4919
709,864
709,1015
709,1390
709,1553
709,1677
709,1824
709,1867
709,1872
709,2331
709,2803
709,2983
709,3477
709,3831
709,3919
709,4026
709,4551
709,4759
710,1421
710,1720
710,2010
710,2489
710,2644
710,2788
710,2846
710,2867
710,3256
710,3483
710,4134
710,4162
710,4185
710,4312
710,4357
711,1056
711,1071
711,1099
711,1202
711,1223
711,1460
711,1509
711,1739
711,1944
711,2373
711,2421
711,2762
711,2835
711,2888
711,2962
711,2979
711,3000
711,3301
711,3431
711,3626
711,4043
711,4165
711,4177
711,4315
711,4378
711,4936
712,777
712,859
712,914
712,1032
712,1198
712,1584
712,1757
712,1799
712,1951
712,2009
712,2010
712,2027
712,2919
712,2971
712,2997
712,3053
712,3268
712,3395
712,3935
712,4284
712,4739
712,4869
713,773
713,944
713,1022
713,1215
713,1258
713,1289
713,1428
713,1451
713,1483
713,1574
713,1919
713,1962
713,2256
713,2658
713,2715
713,2790
713,2849
713,3166
713,3317
713,3488
713,3531
713,3560
713,3734
713,3918
713,3929
713,4172
713,4446
713,4556
713,4600
713,4739
714,939
714,978
714,1028
714,1083
714,1135
714,1165
714,1487
714,1672
714,1827
714,1897
714,2398
714,2571
714,2705
714,3101
714,3103
714,3120
714,3386
714,3792
714,3843
714,3989
714,4273
714,4333
714,4608
715,1146
715,1203
715,1302
715,1565
715,1846
715,2004
715,2188
715,2199
715,2818
715,2898
715,3408
715,3855
715,4464
715,4516
715,4517
715,4555
715,4868
716,1075
716,1242
716,1613
716,1647
716,1723
716,1736
716,1854
716,2003
716,2132
716,2224
716,2831
716,2935
716,3176
716,3674
716,3811
716,3919
716,4078
716,4121
716,4416
716,4426
717,726
717,851
717,989
717,1230
717,1323
717,1892
717,2270
717,3050
717,3361
717,3704
717,3950
717,4017
717,4465
717,4603
717,4775
718,809
718,1407
718,1550
718,2021
718,2355
718,2552
718,2699
718,3302
718,3664
718,3789
718,3837
718,4189
718,4373
718,4749
718,4815
718,4849
718,4953
718,4955
719,847
719,861
719,1087
719,1417
719,1774
719,1891
719,1898
719,2463
719,2522
719,2574
719,2762
719,2789
719,2840
719,2977
719,3046
719,3084
719,3396
719,3471
719,4165
719,4604
719,4830
719,4839
719,4890
720,959
720,1146
720,1269
720,1323
720,1444
720,1606
720,1722
720,1931
720,2108
720,2258
720,2830
720,2889
720,3430
720,3498
720,3702
720,4397
720,4685
721,1140
721,1267
721,1376
721,1524
721,1640
721,1992
721,2995
721,3006
721,3142
721,3248
721,3622
721,3646
721,3751
721,3835
721,4260
721,4323
721,4452
722,787
722,898
722,918
722,991
722,1238
722,1570
722,1586
722,1618
722,2042
722,2186
722,2516
722,2608
722,2768
722,2870
722,3017
722,3135
722,3163
722,3218
722,3235
722,3260
722,3371
722,3605
722,3692
722,3813
722,3938
722,4323
722,4855
722,4906
722,4929
723,1185
723,1237
723,2556
723,2558
723,2705
723,2806
723,3090
723,3182
723,3202
723,3329
723,4891
723,4895
724,1740
724,3199
724,3451
724,3499
724,4011
724,4239
724,4284
724,4507
724,4584
724,4691
724,4753
724,4962
725,849
725,941
725,1473
725,1477
725,1578
725,1670
725,1966
725,2301
725,2361
725,2458
725,2490
725,3193
725,3225
725,3495
725,3613
725,3717
725,3919
725,3967
725,3981
725,4100
725,4133
725,4158
725,4189
725,4305
725,4310
725,4546
725,4656
725,4758
725,4844
726,986
726,1352
726,1359
726,1668
726,1711
726,1776
726,1843
726,1994
726,2418
726,2439
726,2596
726,3780
726,3797
726,3834
726,4265
726,4595
726,4840
727,834
727,1027
727,1236
727,1330
727,1404
727,2323
727,2358
727,2411
727,2833
727,3082
727,3168
727,3189
727,3495
727,3514
727,3620
727,3875
727,3909
727,3938
727,4120
727,4298
727,4510
727,4669
727,4891
728,1120
728,1206
728,1875
728,1920
728,2036
728,2134
728,2189
728,2256
728,2444
728,2709
728,2935
728,3047
728,3339
728,3467
728,3742
728,3828
728,4339
728,4467
728,4631
728,4964
729,893
729,1077
729,1123
729,1213
729,1664
729,2095
729,2197
729,2332
729,2355
729,2560
729,3050
729,3699
729,3700
729,3715
729,3743
729,3791
729,4393
729,4526
730,1038
730,1202
730,1303
730,1589
730,1853
730,1923
730,2212
730,2297
730,2467
730,3026
730,3096
730,3223
730,3462
730,3927
730,4091
730,4245
730,4290
730,4381
730,4601
730,4868
730,4927
731,834
731,950
731,1153
731,1282
731,1510
731,1611
731,2110
731,2171
731,2277
731,2391
731,2583
731,2677
731,2901
731,3078
731,3185
731,3220
731,3245
731,3254
731,3354
731,3790
731,3825
731,3931
731,4293
731,4698
731,4732
731,4804
731,4819
732,1574
732,1815
732,2066
732,2090
732,2325
732,2434
732,3611
732,3726
732,3750
732,4152
732,4324
732,4355
732,4683
733,1089
733,1405
733,1650
733,1739
733,2088
733,2122
733,2362
733,2837
733,3024
733,3082
733,3509
733,3535
733,3620
733,4255
733,4295
733,4372
733,4480
733,4740
733,4887
733,4978
733,4981
734,745
734,1043
734,1097
734,1868
734,1951
734,1989
734,2095
734,2263
734,2473
734,2582
734,2728
734,3143
734,3264
734,3278
734,3534
734,3850
734,3916
734,3963
734,4002
734,4046
734,4123
734,4707
734,4849
735,1203
735,1265
735,1289
735,1349
735,1560
735,1577
735,1931
735,2058
735,2162
735,2378
735,3186
735,3199
735,3208
735,3465
735,3503
735,3628
735,3630
735,3687
735,3990
735,4010
735,4500
735,4668
735,4707
735,4877
736,1255
736,1738
736,2089
736,2135
736,2188
736,2685
736,3285
736,3334
736,3414
736,3459
736,3529
736,3585
736,3674
736,3701
736,4778
737,931
737,1038
737,1104
737,1196
737,1389
737,1456
737,1493
737,1650
737,2246
737,2326
737,2435
737,3548
737,3714
737,3777
737,4315
737,4636
737,4677
738,1127
738,1385
738,1598
738,1627
738,1792
738,1954
738,2793
738,3043
738,3500
738,3805
738,4255
738,4328
738,4841
739,966
739,1016
739,1215
739,1232
739,1261
739,1525
739,1767
739,1780
739,1800
739,2024
739,2063
739,2112
739,2386
739,2446
739,2459
739,2951
739,3216
739,3307
739,3663
739,3720
739,3950
739,4139
739,4243
739,4380
739,4477
739,4570
739,4593
739,4821
740,1041
740,1651
740,1657
740,1770
740,2470
740,2578
740,2660
740,2820
740,2925
740,3168
740,3303
740,3306
740,3492
740,3549
740,4116
740,4118
740,4408
740,4778
741,778
741,1450
741,1535
741,1566
741,1825
741,2071
741,2296
741,2672
741,2913
741,3114
741,3278
741,3305
741,3606
741,4010
741,4050
741,4319
741,4378
741,4878
742,827
742,948
742,975
742,1702
742,1843
742,1976
742,2009
742,2035
742,2412
742,2446
742,2532
742,2776
742,3129
742,3170
742,3665
742,4009
742,4392
742,4635
742,4773
742,4811
742,4923
743,828
743,1145
743,1692
743,2120
743,2121
743,2338
743,2551
743,2564
743,2610
743,3470
743,3472
743,4173
743,4331
743,4346
743,4563
743,4734
743,4787
743,4877
744,927
744,1208
744,1497
744,1530
744,1850
744,1885
744,2515
744,2958
744,3006
744,3020
744,3267
744,3295
744,3376
744,3462
744,3490
744,3938
744,4047
744,4189
744,4307
744,4409
744,4904
745,756
745,858
745,911
745,1000
745,1622
745,1690
745,1704
745,2104
745,2107
745,2435
745,2492
745,2511
745,2760
745,3017
745,3053
745,3303
745,3743
745,3911
745,4080
745,4372
745,4656
745,4691
746,1103
746,1104
746,1390
746,1486
746,1539
746,1686
746,1779
746,1834
746,2272
746,2468
746,2636
746,2646
746,2779
746,3060
746,3193
746,3663
746,3841
746,4067
746,4116
746,4233
746,4662
746,4899
747,865
747,1631
747,1850
747,2078
747,2145
747,2688
747,2740
747,2773
747,2842
747,3401
747,3413
747,3548
747,3590
747,3654
747,3705
747,3758
747,4213
747,4282
747,4300
747,4371
747,4383
747,4406
747,4629
747,4759
748,967
748,972
748,1122
748,1342
748,1432
748,1446
748,1647
748,1924
748,1995
748,2035
748,2187
748,2247
748,2592
748,2767
748,2772
748,2907
748,2980
748,3123
748,3363
748,3557
748,3602
748,3671
748,4264
748,4481
748,4507
748,4877
749,789
749,1214
749,1643
749,1912
749,2020
749,2324
749,2454
749,2495
749,2514
749,2534
749,2680
749,3000
749,3464
749,3995
749,4582
749,4634
749,4705
749,4916
750,1029
750,1066
750,1403
750,1521
750,1822
750,2092
750,2274
750,2461
750,2524
750,2599
750,2618
750,2734
750,3302
750,3587
750,3654
750,3755
750,3766
750,4242
750,4377
750,4733
750,4869
751,828
751,835
751,1425
751,1470
751,1559
751,1581
751,1716
751,1805
751,1863
751,1988
751,2334
751,2623
751,3020
751,3602
751,3892
751,4322
751,4372
751,4601
751,4612
751,4925
751,4952
752,782
752,972
752,1020
752,1495
752,1630
752,1758
752,1806
752,1946
752,2113
752,2309
752,2376
752,2464
752,2543
752,2674
752,2740
752,3413
752,3464
752,3665
752,3686
752,3688
752,4017
752,4542
752,4634
752,4689
752,4728
752,4740
752,4780
753,1231
753,1237
753,1671
753,1694
753,2184
753,2448
753,2496
753,2585
753,2638
753,2822
753,2916
753,3005
753,3142
753,3417
753,3490
753,4052
753,4113
753,4258
753,4398
753,4425
753,4541
753,4768
753,4800
753,4818
753,4877
753,4878
754,909
754,1251
754,1763
754,1846
754,1877
754,2155
754,2805
754,2953
754,2999
754,3000
754,3127
754,3256
754,3719
754,4367
754,4834
754,4927
754,4948
754,4958
755,785
755,1071
755,1306
755,1345
755,1440
755,1689
755,1784
755,1861
755,2258
755,2268
755,2619
755,2852
755,2917
755,3261
755,3381
755,3521
755,3787
755,3792
755,3954
755,4731
755,4801
756,900
756,1623
756,1636
756,1681
756,2330
756,2473
756,2523
756,2533
756,2900
756,3023
756,3070
756,3117
756,3133
756,3345
756,3592
756,3720
756,3756
756,3823
756,3837
756,3899
756,4035
756,4222
756,4476
756,4729
756,4755
757,1105
757,1343
757,1491
757,1532
757,1916
757,1977
757,1983
757,2443
757,2537
757,2566
757,2959
757,3099
757,3495
757,3639
757,3746
757,4069
757,4100
757,4112
757,4682
758,779
758,1001
758,1037
758,1140
758,1275
758,1343
758,1451
758,1559
758,2167
758,2183
758,2888
758,2987
758,3247
758,3445
758,3565
758,4061
758,4222
758,4261
758,4280
758,4822
758,4851
759,1104
759,1251
759,1344
759,1686
759,1717
759,1894
759,2006
759,2320
759,2636
759,2656
759,3031
759,3421
759,3681
759,3705
759,3753
759,4193
760,1029
760,1236
760,1406
760,2189
760,2433
760,2801
760,3468
760,3561
760,3920
760,3968
760,4178
760,4399
760,4639
760,4729
761,1578
761,1652
761,1752
761,1990
761,2188
761,2652
761,2707
761,3022
761,3159
761,3356
761,3377
761,3613
761,3676
761,3848
761,3943
761,4130
761,4224
761,4231
761,4241
761,4335
761,4351
761,4527
761,4561
761,4954
762,1150
762,1463
762,1719
762,1849
762,1868
762,1880
762,2077
762,2245
762,2347
762,2373
762,2699
762,2935
762,3259
762,3387
762,3397
762,4167
762,4752
762,4759
763,902
763,1127
763,1605
763,1933
763,2608
763,3176
763,3484
763,3612
763,3675
763,4053
763,4164
763,4289
763,4784
763,4887
764,855
764,1170
764,1347
764,1472
764,1516
764,1517
764,1572
764,1583
764,2087
764,2599
764,2666
764,2734
764,2797
764,2835
764,2840
764,3018
764,3307
764,3337
764,3375
764,3539
764,4252
764,4289
764,4493
764,4874
764,4875
765,893
765,1061
765,1070
765,1444
765,1800
765,1857
765,2222
765,2329
765,2485
765,3121
765,3411
765,3939
765,4031
765,4272
765,4584
765,4754
765,4867
765,4947
766,1001
766,1062
766,1110
766,1140
766,1238
766,1273
766,1359
766,1559
766,1595
766,1636
766,2114
766,2178
766,2370
766,2549
766,2563
766,2617
766,2746
766,2783
766,3179
766,3210
766,3218
766,3308
766,3435
766,3574
766,3639
766,3816
766,4028
766,4308
766,4618
766,4673
766,4719
766,4988
767,1064
767,1930
767,1935
767,1977
767,2243
767,2288
767,2455
767,2768
767,2985
767,3036
767,3358
767,3392
767,3781
767,3799
767,3963
767,4057
767,4215
767,4257
767,4573
767,4688
767,4818
767,4958
767,4985
768,904
768,991
768,1535
768,1744
768,1862
768,1979
768,2214
768,2351
768,2373
768,2970
768,3055
768,3128
768,3581
768,4052
768,4067
768,4072
768,4089
768,4355
768,4450
768,4467
768,4481
768,4976
769,964
769,1280
769,1441
769,1499
769,1622
769,1811
769,1893
769,1969
769,2070
769,2154
769,2456
769,2596
769,2615
769,3019
769,3251
769,3501
769,3574
769,3611
769,3725
769,4187
769,4265
769,4319
769,4398
770,831
770,888
770,1023
770,1046
770,1127
770,1944
770,1995
770,2009
770,2254
770,2363
770,2649
770,2887
770,3005
770,3024
770,3080
770,3580
770,3682
770,3726
770,3785
770,4669
770,4763
770,4974
771,1644
771,1891
771,2258
771,2288
771,2294
771,2546
771,2573
771,2739
771,2897
771,2954
771,3121
771,3273
771,3417
771,3476
771,3493
771,3501
771,4376
771,4423
771,4914
771,4941
772,1109
772,1210
772,1323
772,1421
772,1470
772,1562
772,1654
772,1732
772,1896
772,2028
772,2038
772,2240
772,2291
772,2548
772,2659
772,2684
772,3291
772,3585
772,3843
772,4442
772,4787
772,4864
772,4949
773,811
773,893
773,1642
773,1711
773,2262
773,2334
773,2389
773,2560
773,2575
773,2789
773,3117
773,3372
773,3435
773,3576
773,3682
773,3956
773,4454
773,4681
773,4736
773,4754
773,4876
774,949
774,994
774,1094
774,1204
774,1403
774,1682
774,2041
774,2258
774,2298
774,2578
774,2818
774,3322
774,3437
774,3474
774,4072
774,4108
774,4533
774,4936
775,843
775,1422
775,1475
775,1791
775,2043
775,2769
775,2941
775,2948
775,3125
775,3532
775,3909
775,4008
775,4206
775,4475
775,4579
775,4764
775,4975
776,858
776,1917
776,2023
776,2501
776,2687
776,2773
776,2834
776,3061
776,3213
776,3318
776,3373
776,3939
776,4050
776,4318
776,4478
776,4499
777,818
777,958
777,1018
777,1045
777,1242
777,1284
777,1999
777,2172
777,2193
777,2246
777,2561
777,2618
777,2706
777,2874
777,3136
777,3550
777,3986
777,4015
777,4246
777,4417
777,4490
777,4844
777,4997
778,956
778,1006
778,1318
778,1391
778,1420
778,1719
778,2174
778,2306
778,2857
778,3238
778,3474
778,4227
778,4553
778,4581
778,4708
779,852
779,1072
779,1100
779,1368
779,1708
779,1891
779,1903
779,1942
779,2244
779,2403
779,2455
779,2615
779,2630
779,2757
779,2865
779,2940
779,2987
779,3138
779,3465
779,3867
779,3877
779,4142
779,4309
779,4495
779,4756
779,4788
780,1105
780,1131
780,1596
780,1703
780,2761
780,3091
780,3371
780,3580
780,3685
780,3721
780,3984
780,4033
780,4183
780,4193
780,4971
781,881
781,1067
781,1196
781,1421
781,1484
781,1928
781,2179
781,2210
781,3037
781,3150
781,3186
781,3259
781,3455
781,3572
781,4283
781,4509
781,4686
781,4853
782,906
782,1328
782,1436
782,2095
782,2139
782,2616
782,2893
782,2912
782,3419
782,3680
782,3844
782,4055
782,4138
782,4179
782,4365
782,4469
782,4484
782,4509
782,4512
782,4532
782,4994
783,977
783,1001
783,1298
783,1357
783,1720
783,2110
783,2345
783,2583
783,2595
783,2781
783,2795
783,2936
783,2939
783,2974
783,3108
783,3171
783,3223
783,3440
783,3661
783,3865
783,4482
783,4863
783,4985
783,4987
784,1124
784,1218
784,1250
784,1358
784,1598
784,1726
784,1904
784,1994
784,2071
784,2338
784,2392
784,2963
784,2991
784,3156
784,3546
784,3933
784,4061
784,4250
784,4375
784,4918
785,806
785,808
785,876
785,1089
785,1122
785,1261
785,1678
785,1731
785,1953
785,2247
785,2275
785,2654
785,2944
785,3627
785,3964
785,4050
785,4126
785,4312
785,4397
785,4545
785,4760
785,4844
786,1759
786,1783
786,1872
786,1914
786,2052
786,2103
786,2441
786,2508
786,2608
786,2635
786,2761
786,2787
786,2793
786,3740
786,3938
786,3984
786,3987
786,4292
786,4418
786,4588
786,4595
786,4616
786,4635
786,4881
786,4898
787,906
787,922
787,1054
787,1116
787,1452
787,1455
787,1713
787,1731
787,2074
787,2419
787,2528
787,2553
787,2633
787,2921
787,3038
787,3723
787,3770
787,3810
787,4355
787,4426
787,4437
787,4491
787,4672
787,4740
787,4814
787,4970
788,1060
788,1269
788,1603
788,1692
788,2091
788,2426
788,2439
788,2546
788,2673
788,2754
788,2924
788,3389
788,3629
788,3631
788,3774
788,4622
788,4649
788,4852
789,1388
789,1464
789,1563
789,1798
789,2175
789,2263
789,2389
789,2453
789,2468
789,2665
789,2886
789,3301
789,3446
789,3873
789,3899
789,4056
789,4290
789,4427
790,962
790,965
790,1245
790,1439
790,1495
790,1626
790,1846
790,2091
790,2254
790,2597
790,2758
790,2941
790,2999
790,3086
790,3379
790,3530
790,4043
790,4049
790,4261
790,4465
790,4509
791,880
791,934
791,1077
791,1206
791,1228
791,1360
791,1549
791,1584
791,1603
791,1614
791,1667
791,1720
791,1797
791,1998
791,2176
791,2613
791,2884
791,3010
791,3200
791,3235
791,3382
791,3432
791,3954
791,4078
791,4414
792,1655
792,1659
792,2321
792,2393
792,2705
792,2987
792,3064
792,3094
792,3168
792,3889
792,3965
792,4033
792,4036
792,4040
792,4226
792,4485
792,4684
793,872
793,929
793,932
793,1482
793,1506
793,1710
793,1759
793,2459
793,2527
793,2582
793,2735
793,2769
793,2942
793,3153
793,4427
793,4472
793,4705
793,4778
793,4799
794,909
794,984
794,990
794,1215
794,1238
794,1484
794,1489
794,2005
794,2293
794,2501
794,3100
794,3117
794,3432
794,3700
794,3715
794,4026
794,4027
794,4954
795,834
795,946
795,1201
795,1260
795,1441
795,1554
795,1649
795,1650
795,1751
795,1928
795,2127
795,2388
795,2672
795,3269
795,3588
795,3822
795,3865
795,3962
795,4083
795,4214
795,4929
795,4931
795,4962
796,1018
796,1340
796,1472
796,1701
796,1960
796,2307
796,3003
796,3369
796,3414
796,3453
796,4271
796,4420
796,4495
796,4530
796,4533
796,4563
796,4667
796,4783
796,4999
797,799
797,807
797,870
797,906
797,1190
797,1918
797,1949
797,1968
797,2201
797,2425
797,2580
797,2645
797,3253
797,3254
797,3350
797,3618
797,3923
797,4868
797,4978
798,878
798,1024
798,1614
798,1804
798,1858
798,2446
798,2760
798,2792
798,3123
798,3167
798,3280
798,3359
798,3640
798,3807
798,4576
798,4710
799,830
799,1299
799,1349
799,1516
799,2084
799,2140
799,2658
799,2815
799,2837
799,3081
799,3180
799,3542
799,3914
799,3967
799,4208
799,4218
799,4229
799,4372
799,4401
799,4532
799,4980
800,841
800,953
800,997
800,1210
800,1346
800,2709
800,2809
800,3164
800,3566
800,3687
800,4111
800,4535
800,4890
800,4906
800,4965
801,1212
801,1761
801,2167
801,2264
801,2310
801,2527
801,2532
801,2562
801,3184
801,3842
801,3899
801,4045
801,4639
801,4693
801,4852
801,4930
802,1065
802,1472
802,1987
802,2039
802,2336
802,2606
802,2918
802,3114
802,3413
802,3671
802,3706
802,3717
802,3760
802,3781
802,3810
802,4139
802,4164
802,4178
802,4251
802,4375
802,4557
802,4582
803,825
803,878
803,917
803,1195
803,1226
803,1533
803,2148
803,2469
803,3020
803,3083
803,3099
803,3570
803,3835
803,4104
803,4214
803,4609
803,4928
803,4960
804,1205
804,1219
804,1525
804,1528
804,2153
804,2422
804,2469
804,2692
804,2926
804,3158
804,3506
804,3549
804,3768
804,3985
804,4021
804,4287
804,4546
804,4793
804,4811
804,4998
805,1204
805,1498
805,1531
805,1671
805,1682
805,1991
805,2225
805,2392
805,2414
805,2803
805,2901
805,3154
805,3403
805,3500
805,3540
805,3898
805,4102
805,4332
805,4347
805,4567
805,4666
805,4933
806,1344
806,1371
806,1689
806,2285
806,2775
806,3133
806,3173
806,3480
806,3482
806,3750
806,3805
806,4199
806,4206
806,4634
806,4848
806,4931
807,1000
807,1235
807,1287
807,1529
807,1780
807,1947
807,1963
807,2369
807,2373
807,2635
807,2682
807,2785
807,3196
807,3249
807,3323
807,3463
807,3998
807,4253
807,4352
807,4675
807,4760
808,1597
808,1730
808,2145
808,2154
808,2335
808,3041
808,3071
808,3191
808,3401
808,3600
808,3661
808,3700
808,3806
808,3823
808,3866
808,3868
808,3966
808,4398
808,4643
808,4895
808,4947
809,857
809,897
809,1141
809,1159
809,1181
809,1322
809,1479
809,1493
809,1674
809,1725
809,2107
809,2341
809,2420
809,2607
809,2623
809,3647
809,3720
809,4129
809,4480
809,4649
810,1119
810,1358
810,1449
810,1592
810,1757
810,1774
810,1923
810,1974
810,2098
810,2433
810,2955
810,3048
810,3251
810,3392
810,3468
810,3737
810,3804
810,4264
810,4542
810,4722
810,4942
810,4958
811,879
811,1139
811,1330
811,1579
811,1961
811,2271
811,2300
811,2695
811,2787
811,2892
811,3021
811,3074
811,3592
811,3683
811,3737
811,3877
811,3900
811,3962
811,4436
811,4944
812,821
812,1154
812,1224
812,1690
812,1909
812,1979
812,2169
812,2203
812,2289
812,2314
812,2366
812,2456
812,2618
812,2639
812,3439
812,3574
812,3615
812,3796
812,4162
812,4198
812,4369
812,4720
812,4838
812,4913
813,834
813,837
813,859
813,1213
813,1293
813,1436
813,1486
813,1823
813,2040
813,2189
813,2244
813,2551
813,2975
813,3416
813,4100
813,4113
813,4288
813,4464
813,4613
813,4735
814,1086
814,1223
814,1279
814,1713
814,1717
814,1831
814,2296
814,2322
814,2432
814,2495
814,2594
814,2638
814,2675
814,3027
814,3204
814,3392
814,3500
814,3713
814,4032
814,4076
814,4351
814,4366
814,4379
814,4578
814,4764
814,4853
815,940
815,997
815,1237
815,1468
815,1548
815,1676
815,1804
815,2334
815,2480
815,2563
815,2927
815,2987
815,3024
815,3359
815,3475
815,3688
815,3703
815,4327
816,1067
816,1160
816,1211
816,1357
816,1366
816,1393
816,2041
816,2334
816,2594
816,2631
816,2760
816,2895
816,3040
816,3074
816,3135
816,3144
816,3195
816,3551
816,3575
816,3930
816,4003
816,4435
816,4932
816,4942
817,914
817,1216
817,1620
817,1629
817,1672
817,1768
817,1919
817,1989
817,2078
817,2092
817,2236
817,2632
817,2719
817,2747
817,2843
817,3112
817,3224
817,3258
817,3352
817,3374
817,3472
817,3578
817,3777
817,4205
817,4347
817,4874
818,846
818,1263
818,1395
818,1523
818,1582
818,1864
818,2235
818,2413
818,2637
818,2793
818,3109
818,3399
818,3489
818,3662
818,3824
818,4803
819,1010
819,1328
819,1461
819,1496
819,1727
819,1899
819,2201
819,2927
819,3527
819,3589
819,3701
819,4002
819,4028
819,4236
819,4252
819,4408
819,4955
820,1089
820,1091
820,1216
820,1277
820,1622
820,1726
820,1805
820,1815
820,1863
820,2237
820,2258
820,2322
820,2367
820,2460
820,2566
820,2891
820,3144
820,3337
820,3339
820,3511
820,3533
820,3774
820,3882
820,4139
820,4759
820,4892
820,4939
821,1241
821,1378
821,1390
821,1761
821,1838
821,2036
821,2053
821,2057
821,2401
821,2512
821,2724
821,2844
821,3166
821,3329
821,3337
821,3460
821,3797
821,3920
821,4024
821,4308
821,4415
821,4541
821,4552
821,4571
821,4696
821,4732
822,823
822,1140
822,1161
822,1258
822,2080
822,2521
822,2647
822,3262
822,3266
822,3303
822,3415
822,3424
822,3457
822,3543
822,3618
822,3764
822,4026
822,4221
822,4501
822,4506
822,4670
822,4886
823,832
823,1083
823,1373
823,1740
823,1905
823,2066
823,2087
823,2225
823,2315
823,2735
823,2925
823,3227
823,3399
823,3634
823,3694
823,3706
823,3715
823,3723
823,4101
823,4448
823,4720
824,1024
824,1422
824,1450
824,1921
824,2278
824,2617
824,2969
824,2978
824,3082
824,3227
824,3233
824,3772
824,3943
824,4154
824,4156
824,4363
824,4528
824,4581
824,4783
824,4817
825,1152
825,1196
825,1202
825,1441
825,1675
825,1863
825,1970
825,1987
825,2141
825,2215
825,2455
825,2462
825,2468
825,2535
825,2632
825,2647
825,2770
825,3125
825,3211
825,3216
825,3471
825,3731
825,3905
825,3914
825,4096
825,4543
825,4668
825,4786
825,4926
826,907
826,1490
826,1857
826,1918
826,1921
826,2288
826,2305
826,2315
826,2483
826,2815
826,2952
826,3468
826,3515
826,3654
826,4068
826,4640
826,4713
826,4952
826,4975
827,1029
827,1236
827,1302
827,1371
827,1401
827,1412
827,1456
827,1536
827,1679
827,1802
827,1831
827,2322
827,2417
827,2424
827,2767
827,3148
827,3210
827,3216
827,3341
827,3459
827,3491
827,3498
827,3502
827,3607
827,3908
827,4076
827,4213
827,4638
827,4737
827,4791
827,4812
828,914
828,1134
828,1265
828,1387
828,1432
828,1692
828,1701
828,2106
828,2160
828,2404
828,2695
828,2720
828,3209
828,3249
828,4177
828,4205
828,4344
828,4682
828,4924
829,1027
829,1292
829,1754
829,2077
829,2282
829,2867
829,2995
829,3228
829,3659
829,4293
829,4761
829,4806
829,4909
830,853
830,1250
830,1889
830,2001
830,2076
830,2144
830,2284
830,2372
830,2516
830,2707
830,2744
830,3281
830,3579
830,3703
830,3937
830,3995
830,3997
830,4178
830,4663
830,4691
830,4710
831,1035
831,1197
831,1211
831,1453
831,1650
831,1978
831,2042
831,2679
831,2812
831,2821
831,2836
831,3037
831,3114
831,3421
831,4128
831,4335
831,4361
832,1064
832,1462
832,1467
832,1603
832,1754
832,1994
832,2049
832,2079
832,2178
832,2314
832,2343
832,2362
832,2365
832,2434
832,2732
832,3120
832,3296
832,3844
832,4329
832,4429
833,1425
833,1566
833,1582
833,1967
833,2135
833,2202
833,2276
833,2334
833,2346
833,2424
833,2504
833,2982
833,3062
833,3106
833,3660
833,4049
833,4099
833,4807
834,935
834,995
834,1000
834,1265
834,1281
834,1669
834,1686
834,1874
834,1900
834,1962
834,2043
834,2157
834,2195
834,2445
834,2448
834,2606
834,2866
834,3021
834,3570
834,3698
834,3829
834,4158
834,4625
834,4700
834,4809
834,4941
835,997
835,1017
835,1234
835,1245
835,2231
835,2680
835,3000
835,3144
835,3435
835,3826
835,3903
835,4588
835,4699
835,4856
835,4928
835,4951
836,1083
836,1098
836,1251
836,1293
836,1544
836,1598
836,1835
836,1932
836,2051
836,2071
836,2488
836,2503
836,2633
836,2995
836,3171
836,3321
836,3376
836,3481
836,3594
836,3725
836,3820
836,4078
836,4146
836,4194
836,4376
836,4641
836,4717
837,1089
837,1392
837,1485
837,1504
837,2082
837,2808
837,3214
837,3311
837,3437
837,3439
837,3965
837,3971
837,4164
837,4219
837,4335
837,4481
838,931
838,1028
838,1142
838,1252
838,1460
838,1555
838,1889
838,2286
838,2303
838,2369
838,2845
838,2998
838,3281
838,3368
838,3401
838,3417
838,3529
838,3805
838,3909
838,3921
838,3939
838,4158
838,4426
839,866
839,1002
839,1183
839,1471
839,1479
839,1589
839,1701
839,1762
839,1839
839,1897
839,2337
839,2348
839,2429
839,2573
839,2670
839,3029
839,3167
839,3270
839,3606
839,3621
839,3654
839,3798
839,4021
839,4427
839,4763
839,4945
840,892
840,1321
840,1878
840,2042
840,2134
840,2172
840,2301
840,2316
840,2699
840,2787
840,3074
840,3334
840,3338
840,4688
841,1012
841,1198
841,1455
841,1502
841,1533
841,1678
841,1702
841,1737
841,1826
841,2273
841,2320
841,2363
841,2997
841,3106
841,3189
841,3469
841,3560
841,3643
841,4152
841,4194
841,4289
841,4304
841,4786
842,1179
842,1194
842,1242
842,1341
842,1368
842,1394
842,1831
842,1946
842,1951
842,2271
842,2400
842,2526
842,2551
842,3281
842,3310
842,3473
842,3531
842,4630
842,4647
842,4796
843,890
843,924
843,1089
843,1245
843,1390
843,2079
843,2186
843,2266
843,2304
843,2359
843,2412
843,2432
843,2941
843,2947
843,3657
843,3658
843,3686
843,3957
843,4110
843,4143
843,4179
843,4185
843,4228
843,4257
843,4603
843,4615
843,4830
843,4922
844,907
844,1050
844,1089
844,1134
844,1309
844,1358
844,1484
844,2138
844,2223
844,2292
844,2305
844,2329
844,2457
844,2540
844,2590
844,2662
844,2669
844,3079
844,3820
844,3874
844,3957
844,4157
844,4318
844,4532
844,4897
844,4917
845,942
845,1067
845,1104
845,1235
845,1679
845,1778
845,1804
845,1947
845,2043
845,2274
845,2429
845,2596
845,2831
845,2911
845,3005
845,3121
845,3132
845,3430
845,3473
845,3560
845,3969
845,3990
845,4137
845,4604
845,4807
846,1641
846,1759
846,2372
846,2489
846,2577
846,2630
846,2819
846,3059
846,3086
846,3230
846,3371
846,3482
846,3915
846,4294
846,4307
846,4428
846,4447
846,4518
846,4602
846,4709
847,958
847,1119
847,1468
847,1731
847,1743
847,2442
847,2457
847,2720
847,2731
847,2847
847,3257
847,3762
847,3784
847,3987
847,4028
847,4211
847,4695
847,4702
847,4712
847,4747
847,4797
848,945
848,946
848,1078
848,1101
848,1203
848,1416
848,1649
848,1735
848,1770
848,1799
848,1837
848,2304
848,2431
848,2448
848,2573
848,2615
848,2641
848,2674
848,2792
848,2812
848,2844
848,3108
848,3216
848,3669
848,3676
848,4295
848,4621
848,4665
848,4673
848,4683
848,4702
848,4836
849,1074
849,1353
849,1392
849,1549
849,1593
849,1839
849,2211
849,2255
849,2494
849,2549
849,2631
849,3180
849,3191
849,3221
849,3396
849,3482
849,3755
849,4155
849,4316
849,4331
849,4390
849,4432
849,4571
849,4773
849,4835
849,4962
850,1001
850,1084
850,1273
850,1393
850,1531
850,1809
850,1932
850,1940
850,2105
850,2427
850,2448
850,2600
850,2941
850,4154
850,4239
850,4447
850,4456
850,4520
850,4855
850,4863
850,4926
851,940
851,994
851,1250
851,1262
851,1383
851,1442
851,1507
851,1600
851,1666
851,1840
851,2242
851,2319
851,2473
851,2488
851,2624
851,2874
851,2926
851,2980
851,2992
851,3118
851,3174
851,3226
851,3298
851,3572
851,3650
851,3677
851,4642
851,4654
851,4846
852,968
852,1617
852,1655
852,2355
852,2696
852,2852
852,3511
852,3679
852,3706
852,3809
852,4233
853,858
853,1021
853,1284
853,1348
853,1468
853,1650
853,1947
853,1948
853,1957
853,2014
853,2095
853,2175
853,2438
853,3143
853,3219
853,3863
853,3887
853,4031
853,4241
853,4260
853,4520
853,4773
853,4865
854,1118
854,1306
854,1366
854,1382
854,1467
854,1740
854,1921
854,1929
854,2376
854,2430
854,2549
854,2575
854,2621
854,2687
854,2924
854,2995
854,3301
854,3816
854,4407
854,4450
854,4503
854,4544
855,911
855,1013
855,1379
855,1411
855,1435
855,1474
855,1655
855,1673
855,1756
855,1821
855,2058
855,2059
855,2174
855,2697
855,3651
855,3749
855,4055
855,4254
855,4455
855,4883
856,1471
856,1636
856,1744
856,1827
856,2097
856,2185
856,2261
856,2313
856,2314
856,2696
856,2789
856,3071
856,3423
856,3454
856,3455
856,3489
856,3513
856,3969
856,4559
856,4911
856,4991
857,1023
857,1830
857,1843
857,1941
857,2133
857,2194
857,2212
857,2402
857,2469
857,2491
857,2544
857,3144
857,3278
857,3490
857,3585
857,3708
857,3721
857,3863
857,4634
857,4794
857,4981
858,1099
858,1613
858,1709
858,1979
858,2143
858,2261
858,2635
858,2905
858,3152
858,3202
858,3216
858,3228
858,3320
858,3649
858,3979
858,4160
858,4171
858,4312
858,4550
858,4703
858,4932
859,1203
859,1326
859,1588
859,1689
859,1781
859,2250
859,2889
859,2994
859,3701
859,3866
859,4251
859,4464
859,4491
859,4533
860,1066
860,1147
860,1322
860,1327
860,1966
860,2034
860,2139
860,2271
860,2637
860,2774
860,3442
860,3584
860,4185
860,4399
860,4538
860,4588
861,867
861,922
861,1133
861,1317
861,1715
861,1981
861,2210
861,2680
861,2759
861,2944
861,2952
861,3483
861,3617
861,3693
861,3757
861,3764
861,3867
861,4823
861,4829
861,4900
861,4985
862,951
862,1054
862,1180
862,1659
862,1717
862,1805
862,2232
862,2712
862,2942
862,2984
862,2987
862,3161
862,3176
862,3297
862,3407
862,3458
862,3982
862,4029
862,4076
862,4209
862,4247
862,4248
862,4393
862,4545
862,4555
862,4678
862,4701
863,964
863,1571
863,1645
863,1656
863,1682
863,1791
863,2024
863,2041
863,2071
863,2102
863,2245
863,2516
863,2743
863,2855
863,2949
863,3104
863,3286
863,3862
863,3944
863,4122
863,4483
863,4567
863,4578
863,4870
864,1497
864,1548
864,1896
864,1970
864,2024
864,2047
864,2091
864,2158
864,2554
864,2696
864,3213
864,3454
864,3630
864,3768
864,3794
864,4021
864,4173
864,4481
864,4512
864,4617
864,4717
865,1099
865,1119
865,2214
865,2281
865,2301
865,2771
865,3392
865,3651
865,3718
865,3950
865,4581
865,4604
865,4696
865,4974
866,1112
866,1742
866,1754
866,1901
866,1962
866,2327
866,2329
866,2731
866,2756
866,3094
866,3808
866,4400
866,4494
866,4751
867,1399
867,1494
867,1620
867,1987
867,2100
867,2262
867,2535
867,2877
867,3094
867,3163
867,3380
867,3574
867,3730
868,1116
868,1299
868,1307
868,1465
868,1617
868,2468
868,2635
868,2864
868,2908
868,3074
868,3240
868,3340
868,3639
868,3647
868,3700
868,3832
868,3870
868,3872
868,4084
868,4118
868,4281
868,4532
868,4894
869,1258
869,1379
869,1858
869,1876
869,1942
869,2152
869,2186
869,2256
869,2908
869,3265
869,3430
869,3461
869,3570
869,3949
869,3975
869,4130
869,4308
869,4486
869,4521
869,4554
869,4637
869,4792
869,4843
870,1173
870,1237
870,1468
870,1731
870,2030
870,2323
870,2392
870,2419
870,2677
870,2825
870,2967
870,3157
870,3637
870,3775
870,3849
870,3864
870,3996
870,4135
870,4171
870,4172
870,4539
870,4576
870,4687
870,4979
871,980
871,1182
871,1420
871,1585
871,1602
871,2048
871,2194
871,2462
871,3028
871,3036
871,3382
871,3686
871,3757
871,3899
871,4131
871,4605
871,4754
872,907
872,936
872,986
872,1127
872,1333
872,1535
872,1609
872,1618
872,1627
872,1636
872,1705
872,1778
872,1847
872,1978
872,1983
872,2213
872,2593
872,3022
872,3114
872,3685
872,3716
872,4319
872,4355
872,4815
872,4884
873,1150
873,1154
873,1159
873,1323
873,1830
873,2016
873,2299
873,2637
873,2694
873,2895
873,3215
873,3305
873,3600
873,3946
873,4042
873,4204
873,4239
873,4342
873,4811
873,4877
873,4908
874,995
874,1030
874,1097
874,1817
874,1836
874,2045
874,2100
874,2171
874,2254
874,2499
874,2905
874,3040
874,4143
874,4511
874,4580
874,4789
875,990
875,1000
875,1085
875,1130
875,1985
875,2328
875,2416
875,2453
875,2604
875,2607
875,2772
875,2815
875,3023
875,3364
875,3463
875,3524
875,3559
875,3646
875,3751
875,4094
875,4098
875,4226
875,4236
875,4431
876,1497
876,1533
876,1576
876,1677
876,1861
876,2015
876,2144
876,2456
876,2521
876,2571
876,2651
876,2849
876,3042
876,3628
876,4122
876,4737
877,923
877,1259
877,1343
877,1573
877,1643
877,2097
877,2347
877,2424
877,2436
877,2495
877,2698
877,2792
877,3141
877,3674
877,4458
877,4490
877,4582
877,4590
877,4607
877,4878
877,4961
878,997
878,1064
878,1499
878,1890
878,2205
878,2224
878,2281
878,2385
878,2500
878,2719
878,2815
878,3043
878,3245
878,3286
878,3333
878,4059
878,4101
878,4205
878,4484
878,4606
878,4703
878,4771
878,4794
878,4815
878,4915
878,4947
879,884
879,980
879,1135
879,1484
879,1502
879,1583
879,1639
879,1737
879,1770
879,2316
879,2383
879,2626
879,2721
879,2965
879,3903
879,4014
879,4028
879,4194
879,4335
879,4346
879,4388
879,4734
879,4737
880,935
880,1206
880,1555
880,1697
880,1823
880,1974
880,1995
880,2033
880,2266
880,2547
880,2987
880,3062
880,3433
880,3654
880,4014
880,4031
880,4264
880,4323
880,4429
880,4519
880,4582
880,4639
880,4677
881,1004
881,1113
881,1474
881,1864
881,2178
881,2574
881,2613
881,2777
881,2905
881,2995
881,3016
881,3065
881,3133
881,3222
881,3297
881,3424
881,4119
881,4151
881,4263
881,4402
881,4917
882,958
882,1415
882,1590
882,1790
882,1966
882,2145
882,2616
882,2675
882,2677
882,2718
882,3737
882,3743
882,3771
882,3804
882,4098
882,4105
882,4231
882,4603
882,4882
883,1002
883,1091
883,1257
883,1307
883,1502
883,1960
883,2279
883,2319
883,2910
883,3335
883,3416
883,3455
883,4154
883,4168
883,4190
883,4334
883,4622
884,917
884,1105
884,1108
884,1139
884,1253
884,1434
884,1597
884,1697
884,1873
884,1916
884,2137
884,2434
884,2577
884,2610
884,2647
884,2904
884,3753
884,3833
884,4290
884,4399
884,4531
884,4863
885,1084
885,1216
885,1431
885,1653
885,1691
885,1972
885,2155
885,2193
885,2282
885,2614
885,2679
885,2933
885,2937
885,3026
885,3035
885,3251
885,3405
885,3682
885,4176
885,4215
885,4362
885,4457
885,4766
885,4834
886,1288
886,1433
886,1548
886,1620
886,1811
886,1963
886,2140
886,2439
886,2440
886,2872
886,2933
886,3246
886,3255
886,3284
886,3435
886,3465
886,3495
886,3543
886,3833
886,4149
886,4307
886,4369
886,4497
886,4656
887,900
887,1270
887,1355
887,1397
887,1617
887,2030
887,2394
887,2580
887,2719
887,2734
887,3033
887,3043
887,3186
887,3324
887,3389
887,3546
887,3630
887,4000
887,4100
887,4613
888,893
888,1144
888,1175
888,1546
888,1618
888,1866
888,2180
888,2284
888,2501
888,3191
888,3320
888,3587
888,3985
888,4432
888,4600
888,4611
888,4628
888,4642
889,955
889,1154
889,1199
889,1330
889,1758
889,2344
889,2553
889,3004
889,3017
889,3076
889,3167
889,3274
889,3481
889,3809
889,3851
889,4451
889,4738
889,4916
890,1132
890,1231
890,1278
890,1523
890,1606
890,1837
890,2342
890,2733
890,2977
890,3135
890,3219
890,3225
890,3273
890,3721
890,3795
890,3823
890,4286
890,4370
890,4491
890,4760
890,4835
890,4857
891,1034
891,1210
891,1321
891,1366
891,1665
891,1775
891,1981
891,2067
891,2125
891,2142
891,2411
891,2726
891,2873
891,2933
891,3367
891,3487
891,3665
891,3758
891,3951
891,3982
891,4059
891,4092
891,4683
891,4906
891,4980
892,1053
892,1274
892,1377
892,1379
892,1434
892,1609
892,1834
892,2014
892,2119
892,2473
892,2491
892,2714
892,2736
892,3294
892,3328
892,3332
892,3519
892,3650
892,3767
892,4086
892,4581
892,4818
892,4909
893,1003
893,1020
893,1297
893,1349
893,1750
893,1768
893,2433
893,2469
893,2508
893,2674
893,3211
893,3551
893,4389
893,4436
893,4442
893,4531
893,4661
893,4780
893,4802
893,4826
893,4862
893,4863
893,4952
893,4984
894,905
894,1465
894,1625
894,1727
894,1890
894,1981
894,2398
894,2617
894,2660
894,2982
894,3060
894,3180
894,3265
894,3272
894,3329
894,3672
894,3924
894,4088
894,4130
894,4290
894,4389
894,4484
894,4971
895,1088
895,1184
895,1227
895,1359
895,1767
895,2774
895,3496
895,3767
895,3948
895,4149
895,4706
895,4914
896,1224
896,1302
896,1379
896,2247
896,2669
896,2822
896,2866
896,3261
896,3426
896,3481
896,3637
896,3737
896,4188
896,4234
896,4971
897,971
897,1578
897,2756
897,2853
897,3156
897,3653
897,3891
897,4204
897,4252
897,4481
897,4633
897,4651
898,1038
898,1045
898,1289
898,1665
898,1773
898,2365
898,2431
898,2578
898,2760
898,3177
898,3196
898,3356
898,3723
898,3807
898,3903
898,4001
898,4488
899,1094
899,1209
899,1642
899,1983
899,2344
899,2851
899,3116
899,3191
899,3782
899,3902
899,3957
899,3959
899,4264
899,4504
899,4531
899,4666
900,949
900,1097
900,1281
900,1366
900,1380
900,1828
900,1869
900,2995
900,3082
900,3334
900,3686
900,3782
900,4120
900,4238
900,4303
900,4550
900,4593
901,974
901,1090
901,1280
901,1296
901,1430
901,1659
901,1750
901,1842
901,1901
901,1915
901,1945
901,2007
901,2248
901,2455
901,2501
901,2638
901,2857
901,2928
901,3072
901,3350
901,3505
901,3861
901,4106
901,4203
901,4798
901,4827
901,4838
901,4904
902,989
902,1056
902,1158
902,1249
902,1404
902,1532
902,1652
902,1876
902,1883
902,2118
902,2251
902,2463
902,3069
902,3186
902,3283
902,3488
902,3613
902,3690
902,3879
902,3924
902,4149
902,4910
903,1068
903,1822
903,2018
903,2040
903,2311
903,2448
903,2457
903,2547
903,2730
903,2740
903,2965
903,3616
903,3849
903,3922
903,4549
903,4601
903,4762
904,1069
904,1096
904,1602
904,1617
904,1728
904,1750
904,1818
904,1879
904,2116
904,2329
904,2384
904,2389
904,2405
904,2537
904,3278
904,3326
904,4007
904,4476
904,4544
904,4601
904,4635
905,1040
905,1623
905,1761
905,1810
905,2067
905,2503
905,2540
905,2622
905,3177
905,3258
905,3262
905,3614
905,4081
905,4103
905,4292
905,4523
905,4720
906,976
906,1091
906,1296
906,1313
906,1402
906,1473
906,1590
906,1605
906,1948
906,2251
906,2344
906,2348
906,2533
906,3945
906,4296
907,916
907,921
907,1106
907,1158
907,1392
907,1577
907,1585
907,1617
907,1662
907,1693
907,2113
907,2303
907,2316
907,2665
907,2845
907,3011
907,3093
907,3098
907,4274
907,4335
907,4524
907,4621
907,4628
907,4631
907,4950
908,1060
908,1101
908,1244
908,1748
908,2085
908,2166
908,2181
908,2595
908,3543
908,3550
908,3864
908,3877
908,4583
908,4993
909,1199
909,1606
909,1741
909,1927
909,1958
909,1977
909,2372
909,2401
909,2464
909,2549
909,2559
909,2688
909,3145
909,3341
909,3627
909,4209
909,4566
909,4711
910,926
910,1004
910,1586
910,1763
910,2384
910,2424
910,2477
910,2528
910,2591
910,2735
910,3006
910,3158
910,3226
910,3234
910,3606
910,3706
910,3831
910,4053
910,4153
910,4288
910,4400
910,4645
910,4682
910,4750
910,4899
910,4939
910,4940
910,4974
911,1099
911,1565
911,1761
911,1803
911,2110
911,2906
911,3050
911,3053
911,3225
911,3616
911,3804
911,4049
911,4111
911,4755
911,4799
912,1059
912,1112
912,1151
912,1530
912,1692
912,1842
912,2215
912,2245
912,2422
912,2845
912,2878
912,2975
912,3109
912,3135
912,3177
912,3402
912,3987
912,4008
912,4050
912,4784
912,4955
913,919
913,995
913,1142
913,1592
913,1610
913,1636
913,1699
913,1777
913,2485
913,2510
913,2646
913,2698
913,2837
913,3004
913,3531
913,3614
913,3708
913,4154
913,4476
913,4801
913,4969
914,968
914,1141
914,1730
914,1736
914,2109
914,2169
914,2336
914,2379
914,2906
914,3064
914,3919
914,4278
914,4894
914,4920
915,1203
915,1500
915,1862
915,2039
915,2084
915,2219
915,2373
915,2394
915,2588
915,3168
915,3169
915,3493
915,3579
915,4033
915,4459
915,4579
915,4600
915,4869
916,963
916,1080
916,1112
916,1117
916,1292
916,1347
916,1946
916,1985
916,2896
916,2960
916,2977
916,3294
916,3373
916,3472
916,3577
916,3809
916,3900
916,4005
916,4623
917,983
917,1304
917,1401
917,1489
917,1499
917,1785
917,2297
917,2393
917,2430
917,2807
917,2816
917,3653
917,3743
917,3898
917,3942
917,3962
917,4118
917,4227
917,4303
917,4511
917,4533
917,4543
917,4581
917,4819
918,1313
918,1372
918,1592
918,1761
918,1949
918,1999
918,2323
918,2349
918,2385
918,2488
918,2506
918,3069
918,3170
918,3251
918,3506
918,3651
918,3787
918,3982
918,4008
918,4157
918,4366
918,4582
918,4632
918,4795
919,978
919,988
919,1025
919,1038
919,1078
919,1218
919,1641
919,1760
919,2712
919,2934
919,3183
919,3477
919,3647
919,3762
919,3847
919,3876
919,4304
919,4332
919,4624
920,927
920,1017
920,1114
920,1137
920,1151
920,1197
920,1286
920,1406
920,1617
920,1681
920,1860
920,2244
920,2295
920,2579
920,2747
920,2809
920,3310
920,3406
920,3467
920,3546
920,4316
920,4443
920,4744
920,4817
921,1033
921,1336
921,1863
921,2196
921,2625
921,2661
921,2729
921,2780
921,3247
921,3506
921,3538
921,3658
921,3990
921,4033
921,4045
921,4175
921,4272
921,4979
922,1432
922,1556
922,1621
922,1642
922,1674
922,1860
922,1885
922,2332
922,2563
922,2695
922,2943
922,3061
922,3063
922,3411
922,3552
922,3632
922,3638
922,3886
922,4128
922,4283
922,4395
922,4406
922,4771
923,1037
923,1132
923,1310
923,1374
923,1491
923,1980
923,2089
923,2150
923,2487
923,2623
923,2821
923,2823
923,3032
923,3121
923,3153
923,3357
923,3363
923,3477
923,3503
923,3621
923,3979
923,3986
923,4056
923,4124
923,4221
923,4490
923,4693
923,4807
923,4928
923,4952
924,1228
924,1568
924,1804
924,2092
924,2288
924,2303
924,2795
924,3154
924,3166
924,3554
924,3879
924,4150
924,4354
924,4535
924,4992
925,1099
925,1169
925,1395
925,1960
925,2066
925,2131
925,2600
925,2970
925,3077
925,3098
925,3450
925,3676
925,3863
925,4022
925,4366
925,4559
925,4604
925,4688
925,4878
925,4960
926,1273
926,1320
926,1331
926,1432
926,1628
926,1653
926,1878
926,2341
926,2492
926,2495
926,2585
926,2675
926,3225
926,3412
926,3526
926,4397
926,4508
926,4877
926,4880
927,1032
927,1093
927,1232
927,1632
927,1691
927,1958
927,2005
927,2013
927,2120
927,2145
927,2148
927,2231
927,2401
927,2425
927,2554
927,2647
927,2795
927,3033
927,3276
927,3331
927,3820
928,1055
928,1282
928,1891
928,1908
928,2443
928,2640
928,2851
928,2966
928,3057
928,3594
928,3639
928,3701
928,3963
928,4407
929,1532
929,1545
929,1617
929,1795
929,1816
929,1903
929,2103
929,2252
929,2293
929,2637
929,2946
929,3002
929,3348
929,3375
929,3438
929,3550
929,3569
929,3589
929,3762
929,4117
929,4176
929,4229
929,4409
929,4532
929,4677
929,4900
929,4974
930,1572
930,1591
930,1964
930,2074
930,2773
930,2890
930,3224
930,3269
930,3290
930,3635
930,3646
930,3678
930,3704
930,4018
930,4221
930,4432
930,4528
930,4787
931,1130
931,1182
931,1294
931,1309
931,1314
931,1751
931,1790
931,2002
931,2105
931,2204
931,2388
931,2445
931,2524
931,3252
931,3461
931,3817
931,3858
931,3890
931,3972
931,4065
931,4071
931,4176
931,4423
931,4425
931,4427
931,4558
931,4583
932,1049
932,1244
932,1299
932,1601
932,1987
932,2230
932,2472
932,2532
932,2659
932,2696
932,2961
932,3058
932,3198
932,3333
932,3390
932,3591
932,3683
932,3981
932,4048
932,4362
932,4428
932,4513
933,980
933,1464
933,1534
933,1553
933,1668
933,1730
933,1787
933,2062
933,2138
933,2466
933,2619
933,2968
933,3058
933,3523
933,3643
933,4248
933,4569
933,4732
934,1236
934,1299
934,1540
934,1849
934,2132
934,2588
934,3043
934,3262
934,3617
934,4166
934,4177
934,4358
934,4587
934,4867
935,1041
935,1098
935,1231
935,1292
935,1447
935,1570
935,1605
935,1796
935,2250
935,2485
935,2679
935,2875
935,2937
935,3564
935,4084
935,4287
935,4364
935,4399
935,4504
935,4704
935,4779
935,4796
935,4804
935,4879
935,4896
935,4937
935,4972
936,1643
936,1735
936,2059
936,2219
936,2227
936,2387
936,2607
936,3023
936,3273
936,3599
936,4227
936,4551
937,1119
937,1287
937,2436
937,2622
937,2838
937,2846
937,2903
937,3112
937,3116
937,3182
937,3249
937,3371
937,4023
937,4531
937,4769
938,1077
938,1200
938,1447
938,1761
938,1779
938,1956
938,1973
938,2265
938,2884
938,2886
938,3119
938,3413
938,3788
938,3873
938,4030
938,4062
938,4130
938,4289
938,4309
938,4459
938,4543
938,4613
938,4833
939,1199
939,1443
939,1768
939,1945
939,2137
939,2248
939,4196
939,4208
939,4263
939,4491
939,4826
940,1037
940,1839
940,1841
940,2123
940,2144
940,2329
940,2515
940,3102
940,3348
940,3763
940,3842
940,3985
940,4116
940,4472
940,4815
940,4833
940,4890
941,1295
941,1352
941,1465
941,1556
941,1573
941,1824
941,2592
941,2844
941,2941
941,3536
941,3651
941,3699
941,3912
941,3923
941,4123
941,4298
941,4303
941,4551
941,4876
942,1010
942,1438
942,1541
942,1664
942,1709
942,2165
942,2310
942,2360
942,2366
942,2890
942,2904
942,2988
942,3113
942,3599
942,3709
942,4193
942,4811
942,4880
943,977
943,994
943,1030
943,1087
943,1204
943,1254
943,1330
943,1617
943,1945
943,1966
943,2578
943,2918
943,3115
943,3314
943,3383
943,3676
943,3721
943,3778
943,3841
943,4156
943,4176
943,4561
943,4585
943,4753
944,1088
944,1273
944,1480
944,1657
944,1678
944,1974
944,2103
944,2389
944,3004
944,3516
944,3597
944,3635
944,4213
944,4214
944,4711
944,4854
944,4976
945,960
945,1197
945,1333
945,1484
945,1609
945,1969
945,2120
945,2149
945,2278
945,2581
945,2855
945,3120
945,3136
945,3164
945,3299
945,3364
945,3415
945,3690
945,3922
945,4021
945,4080
945,4088
945,4393
945,4438
945,4623
945,4808
945,4863
946,1250
946,1383
946,1774
946,1909
946,2317
946,2735
946,2961
946,3260
946,3296
946,3741
946,3752
946,4052
946,4159
946,4231
946,4282
946,4698
946,4779
947,1027
947,1471
947,1631
947,1649
947,1781
947,1959
947,2155
947,2176
947,2255
947,2822
947,2846
947,2857
947,2946
947,3080
947,3286
947,3430
947,3881
947,3886
947,4063
947,4313
947,4406
947,4430
947,4532
947,4583
947,4820
947,4939
948,1177
948,1506
948,1638
948,1639
948,2430
948,2566
948,2701
948,3120
948,3497
948,3639
948,3803
948,3819
948,3907
948,3984
948,4202
948,4469
948,4597
948,4689
948,4880
948,4931
949,970
949,1144
949,1194
949,1197
949,1265
949,1310
949,1438
949,1515
949,1780
949,1826
949,2157
949,2933
949,2976
949,3092
949,3230
949,3426
949,3784
949,3898
949,3924
949,4138
949,4289
949,4586
949,4947
949,4951
950,1124
950,1219
950,1229
950,1592
950,1668
950,1751
950,1759
950,2242
950,2257
950,2415
950,2668
950,2929
950,2952
950,3207
950,3214
950,3460
950,3508
950,3715
950,3748
950,4107
950,4201
950,4474
950,4484
950,4510
950,4732
950,4867
951,1117
951,1259
951,1395
951,1460
951,1515
951,1598
951,1624
951,1771
951,1775
951,1912
951,1936
951,2314
951,2720
951,2953
951,2955
951,3122
951,3412
951,3587
951,3858
951,4022
951,4607
951,4631
952,1125
952,1213
952,1307
952,2144
952,2336
952,2527
952,2533
952,2657
952,3078
952,3180
952,3262
952,3884
952,4022
952,4073
952,4114
952,4146
952,4186
952,4386
952,4420
952,4710
952,4736
953,1082
953,1277
953,1345
953,1412
953,1524
953,1561
953,2350
953,2484
953,2491
953,2506
953,2520
953,2611
953,3276
953,3589
953,3822
953,3993
953,4694
954,1106
954,1173
954,1178
954,1314
954,1486
954,1581
954,1582
954,1717
954,2066
954,2238
954,2352
954,2428
954,2464
954,2559
954,2683
954,2854
954,3099
954,3356
954,3484
954,3530
954,3575
954,3820
954,4140
954,4294
954,4632
954,4680
954,4982
955,978
955,999
955,1051
955,1082
955,1137
955,1247
955,1453
955,1617
955,2248
955,2366
955,2630
955,3176
955,3267
955,3407
955,3537
955,3588
955,3625
955,3748
955,3782
955,4758
955,4849
956,1070
956,1171
956,1348
956,1637
956,1646
956,1737
956,1815
956,1864
956,1933
956,2356
956,2370
956,2689
956,2727
956,3174
956,3782
956,4182
956,4283
956,4576
957,1054
957,1074
957,1119
957,1387
957,1510
957,1564
957,2265
957,2329
957,2369
957,2725
957,2823
957,3105
957,3301
957,3743
957,3814
957,3825
957,3902
957,3977
957,4545
957,4575
957,4776
958,1774
958,1777
958,1810
958,1815
958,1816
958,1828
958,1878
958,2299
958,2386
958,2648
958,2824
958,2974
958,3126
958,3250
958,3378
958,3453
958,3709
958,4279
958,4311
958,4787
958,4868
959,995
959,1226
959,1379
959,1428
959,1495
959,1563
959,2084
959,2130
959,2325
959,2330
959,2378
959,2901
959,3339
959,3369
959,3543
959,3587
959,3628
959,3656
959,3703
959,3951
959,4079
959,4086
959,4207
959,4583
959,4595
959,4682
959,4731
959,4982
960,978
960,1799
960,2438
960,2847
960,2992
960,3027
960,3164
960,3577
960,3706
960,3761
960,4164
960,4215
960,4388
960,4557
960,4724
960,4790
960,4924
961,1005
961,1130
961,1399
961,1427
961,1558
961,1671
961,1759
961,1782
961,1891
961,1900
961,1901
961,1976
961,2108
961,2772
961,3141
961,3647
961,4199
961,4242
961,4383
961,4733
961,4969
962,1294
962,1336
962,1373
962,1519
962,1676
962,1990
962,2201
962,2981
962,3216
962,4108
962,4289
962,4411
962,4472
962,4589
962,4639
962,4756
963,1037
963,1235
963,1338
963,1380
963,1787
963,1791
963,1946
963,2166
963,2195
963,2878
963,3259
963,3366
963,3619
963,3650
963,3898
963,3922
963,4342
963,4411
963,4465
963,4553
963,4580
963,4721
963,4890
964,1102
964,1171
964,1286
964,1405
964,1513
964,2510
964,2537
964,2582
964,2605
964,2946
964,2983
964,3179
964,3208
964,3217
964,3976
964,3988
964,4416
964,4835
964,4920
965,1056
965,1447
965,1558
965,1571
965,1574
965,1682
965,2020
965,2494
965,2848
965,2936
965,3235
965,3623
965,3673
965,3817
965,4059
965,4263
965,4524
965,4550
966,1039
966,1289
966,1388
966,3233
966,3447
966,3622
966,3685
966,3694
966,3752
966,3878
966,4268
966,4361
966,4941
966,4980
967,1048
967,1642
967,1700
967,1710
967,1782
967,1878
967,1936
967,2321
967,2578
967,2667
967,2834
967,2870
967,2879
967,3844
967,3901
967,3948
967,4167
967,4366
967,4489
967,4526
967,4788
968,1396
968,1647
968,1681
968,1863
968,1963
968,2621
968,2626
968,2945
968,2950
968,3160
968,3161
968,3324
968,3476
968,3707
968,3849
968,4132
968,4378
968,4772
969,1060
969,1189
969,1476
969,1961
969,2264
969,2284
969,2393
969,2814
969,3046
969,3136
969,3271
969,3298
969,3352
969,3362
969,3442
969,3591
969,3775
969,3808
969,4132
969,4154
969,4318
969,4553
969,4934
969,4953
970,1001
970,1016
970,1208
970,1339
970,1356
970,2235
970,2690
970,2825
970,3112
970,3144
970,3329
970,3413
970,3521
970,3522
970,3525
970,4142
970,4182
970,4420
970,4477
970,4628
970,4907
970,4996
971,983
971,1292
971,1350
971,1460
971,1750
971,1874
971,2027
971,2051
971,2189
971,2327
971,2498
971,2769
971,2794
971,2985
971,3192
971,3468
971,3536
971,3745
971,4198
971,4434
971,4533
971,4551
971,4563
971,4577
971,4676
972,1272
972,1368
972,1606
972,1964
972,2252
972,2484
972,3035
972,3139
972,3186
972,3226
972,3318
972,3655
972,4039
972,4086
972,4474
972,4668
972,4741
972,4804
972,4885
972,4901
973,1236
973,1283
973,1416
973,1529
973,1810
973,1885
973,2040
973,2257
973,2359
973,2387
973,2485
973,2707
973,3035
973,3136
973,3325
973,3359
973,3788
973,3820
973,3837
973,3932
973,4009
973,4037
973,4558
973,4872
974,1037
974,1409
974,1858
974,1898
974,2032
974,2174
974,2602
974,2630
974,3193
974,3403
974,3939
974,4099
974,4169
974,4227
974,4480
975,1537
975,1623
975,1966
975,2063
975,2194
975,2305
975,2520
975,2599
975,2980
975,3113
975,3281
975,3530
975,3700
975,3972
975,4156
975,4234
975,4426
975,4663
976,1104
976,1325
976,1428
976,2354
976,2521
976,2556
976,2973
976,3423
976,3493
976,4098
976,4277
976,4522
976,4705
976,4723
976,4934
977,1065
977,1218
977,1253
977,1270
977,1520
977,1552
977,1600
977,1618
977,1743
977,2038
977,2491
977,2854
977,2934
977,3139
977,3153
977,3566
977,3893
977,4034
977,4050
977,4493
977,4963
978,980
978,1386
978,2112
978,2166
978,2226
978,2611
978,2616
978,2648
978,2709
978,3026
978,3083
978,3884
978,4834
978,4845
979,986
979,1240
979,1528
979,1725
979,2280
979,2730
979,2803
979,2860
979,2905
979,3223
979,3604
979,3697
979,3703
979,3847
979,4484
979,4490
979,4559
979,4642
979,4681
980,1658
980,2386
980,2499
980,2560
980,2570
980,3140
980,3163
980,3233
980,3552
980,3763
980,4050
980,4263
980,4586
981,1094
981,1303
981,1355
981,1736
981,2064
981,2140
981,2162
981,2251
981,2262
981,2404
981,2429
981,2658
981,2728
981,3080
981,3179
981,3664
981,3983
981,4134
981,4414
981,4629
981,4800
981,4827
981,4835
982,1145
982,1367
982,1434
982,1723
982,1757
982,1852
982,1886
982,2117
982,2131
982,2217
982,2295
982,2719
982,3371
982,3398
982,4422
982,4757
982,4762
982,4860
983,999
983,1299
983,1333
983,1658
983,1714
983,1967
983,1979
983,2072
983,2586
983,2928
983,2997
983,3322
983,3649
983,3720
983,3802
983,4003
983,4225
983,4286
983,4379
983,4642
983,4874
983,4992
984,1240
984,1281
984,1288
984,1319
984,1420
984,1831
984,1992
984,2112
984,2135
984,2163
984,2199
984,2228
984,2470
984,2525
984,2545
984,2583
984,2723
984,2759
984,3091
984,3217
984,3490
984,3718
984,3818
984,3925
984,4258
984,4311
984,4367
984,4633
984,4911
984,4914
984,4921
984,4927
985,1162
985,1166
985,1402
985,1662
985,2066
985,2636
985,3107
985,3581
985,3687
985,3918
985,3943
985,3994
985,4418
985,4642
985,4671
986,1192
986,1244
986,1534
986,1618
986,1623
986,1735
986,2353
986,2461
986,3471
986,3636
986,3650
986,3693
986,3720
986,4229
986,4340
986,4362
986,4466
986,4489
986,4678
986,4898
986,4942
986,4999
987,1073
987,1312
987,1419
987,1585
987,2029
987,2468
987,2470
987,3005
987,3030
987,3316
987,3334
987,3531
987,3601
987,3952
987,4063
987,4341
987,4711
987,4763
988,1111
988,1130
988,1225
988,1413
988,1511
988,1686
988,1816
988,2257
988,2399
988,2415
988,3501
988,3566
988,3892
988,3952
988,4034
988,4077
988,4185
988,4187
988,4260
988,4446
988,4472
988,4621
989,1558
989,1679
989,1726
989,1743
989,1989
989,2072
989,2213
989,2236
989,2802
989,2859
989,3561
989,3575
989,3585
989,3607
989,3709
989,4718
989,4913
990,1010
990,1068
990,1317
990,1336
990,1397
990,1475
990,1487
990,2610
990,2874
990,3248
990,3557
990,3776
990,3946
990,4432
990,4573
991,1079
991,1262
991,1292
991,1756
991,1980
991,2101
991,2190
991,2537
991,2682
991,3002
991,3610
991,3689
991,3885
991,4024
991,4158
991,4246
991,4314
991,4322
991,4341
991,4475
991,4742
992,1250
992,1387
992,1506
992,1993
992,2163
992,2304
992,2356
992,2745
992,2866
992,2943
992,2960
992,3293
992,3591
992,3645
992,3850
992,3873
992,4083
992,4731
992,4847
992,4969
993,999
993,1300
993,1328
993,1333
993,1363
993,1392
993,1459
993,2013
993,2082
993,2148
993,2160
993,2333
993,2385
993,2443
993,2547
993,2703
993,2797
993,3016
993,3135
993,3379
993,3387
993,3419
993,3993
993,4055
993,4496
993,4536
993,4768
993,4790
993,4948
994,1131
994,1453
994,1980
994,2039
994,2053
994,2073
994,2142
994,2185
994,2327
994,2425
994,2538
994,2838
994,2913
994,3347
994,3823
994,3978
994,4016
994,4049
994,4134
994,4453
994,4624
994,4661
994,4920
995,1108
995,1125
995,1278
995,1298
995,1364
995,1389
995,1515
995,1626
995,1631
995,1805
995,1868
995,2182
995,2505
995,2915
995,2949
995,2986
995,3704
995,3737
995,4067
995,4158
995,4304
995,4367
995,4529
995,4600
995,4973
996,1166
996,1199
996,2115
996,2123
996,2449
996,2733
996,3123
996,3148
996,3926
996,4193
996,4699
996,4892
997,1076
997,1105
997,1413
997,1828
997,1877
997,2001
997,2132
997,2182
997,2212
997,2371
997,2405
997,2434
997,2455
997,2638
997,2674
997,2802
997,3057
997,3246
997,3369
997,3407
997,3477
997,3530
997,3604
997,4007
997,4093
997,4455
997,4753
997,4923
998,1518
998,1780
998,1829
998,2038
998,2256
998,2449
998,2654
998,2682
998,2958
998,3429
998,3457
998,4010
998,4347
998,4739
998,4868
999,1043
999,1973
999,2149
999,2261
999,2316
999,2337
999,2488
999,2539
999,2839
999,3038
999,3066
999,3553
999,3584
999,3638
999,4006
999,4164
999,4465
1000,1019
1000,1418
1000,1539
1000,1704
1000,1731
1000,1795
1000,2094
1000,2231
1000,2331
1000,2467
1000,2681
1000,2896
1000,2942
1000,3210
1000,3371
1000,3672
1000,3891
1000,3959
1000,4371
1001,1193
1001,1240
1001,1401
1001,1498
1001,1623
1001,1701
1001,1865
1001,1894
1001,1913
1001,1923
1001,1926
1001,2540
1001,2788
1001,2926
1001,3225
1001,3365
1001,3744
1001,3929
1001,4283
1001,4525
1001,4560
1001,4718
1002,1104
1002,1542
1002,1577
1002,1583
1002,1716
1002,1837
1002,1869
1002,1917
1002,1993
1002,2142
1002,2525
1002,3111
1002,3524
1002,3908
1002,3909
1002,3995
1002,4279
1002,4415
1002,4423
1002,4507
1002,4722
1003,1203
1003,1564
1003,1708
1003,2211
1003,2285
1003,2759
1003,2940
1003,3270
1003,4354
1003,4439
1003,4578
1003,4867
1003,4985
1004,1035
1004,1294
1004,1457
1004,1595
1004,1685
1004,2371
1004,2455
1004,2550
1004,3016
1004,3064
1004,3334
1004,3346
1004,4030
1004,4231
1004,4259
1004,4413
1004,4451
1004,4616
1004,4751
1004,4908
1005,1082
1005,1637
1005,2196
1005,2643
1005,2682
1005,2967
1005,3035
1005,3140
1005,3593
1005,3612
1005,3830
1005,3873
1005,4063
1005,4071
1005,4285
1005,4337
1005,4364
1005,4768
1006,1048
1006,1137
1006,1552
1006,1744
1006,1805
1006,1829
1006,1835
1006,2204
1006,2471
1006,2520
1006,2656
1006,2861
1006,2957
1006,3258
1006,3604
1006,3667
1006,3746
1006,3992
1006,4856
1006,4898
1006,4999
1007,1274
1007,1302
1007,1385
1007,1541
1007,1834
1007,1996
1007,2071
1007,2139
1007,2167
1007,2318
1007,2646
1007,2830
1007,2926
1007,3173
1007,3415
1007,3492
1007,3604
1007,3929
1007,4404
1007,4422
1007,4479
1007,4625
1007,4638
1007,4900
1007,4950
1008,1821
1008,1852
1008,2067
1008,2250
1008,2420
1008,2548
1008,3485
1008,3573
1008,3641
1008,3782
1008,3793
1008,4225
1008,4384
1008,4785
1008,4812
1008,4814
1009,2684
1009,3233
1009,3361
1009,3387
1009,3562
1009,3831
1009,4193
1009,4513
1009,4602
1009,4622
1009,4865
1009,4887
1009,4903
1010,1647
1010,1909
1010,2016
1010,2018
1010,2233
1010,2410
1010,2427
1010,2429
1010,2576
1010,2604
1010,2735
1010,2772
1010,2791
1010,3633
1010,3874
1010,4375
1010,4448
1010,4612
1011,1255
1011,1285
1011,1301
1011,1348
1011,1537
1011,1934
1011,1981
1011,2107
1011,2184
1011,2335
1011,2532
1011,2564
1011,3087
1011,3219
1011,3370
1011,3685
1011,4438
1011,4441
1011,4970
1012,1675
1012,1678
1012,1923
1012,1944
1012,2213
1012,2318
1012,2589
1012,2955
1012,2990
1012,3362
1012,3704
1012,3847
1012,3960
1012,4266
1012,4367
1012,4439
1012,4577
1012,4601
1013,1162
1013,1370
1013,1598
1013,2027
1013,2145
1013,2170
1013,2566
1013,2786
1013,2813
1013,2985
1013,3076
1013,3414
1013,3457
1013,4026
1013,4205
1013,4429
1013,4568
1013,4642
1013,4980
1014,1020
1014,1256
1014,1352
1014,1519
1014,1944
1014,1949
1014,2336
1014,2754
1014,2798
1014,3468
1014,3469
1014,3585
1014,3605
1014,3791
1014,4301
1014,4661
1014,4792
1014,4945
1014,4966
1015,1842
1015,1916
1015,2091
1015,2241
1015,2466
1015,2719
1015,2747
1015,2817
1015,2842
1015,2920
1015,3195
1015,3291
1015,4115
1015,4280
1015,4363
1015,4373
1015,4671
1015,4728
1015,4927
1016,1150
1016,1182
1016,1203
1016,1489
1016,1540
1016,1627
1016,2104
1016,2209
1016,2219
1016,2245
1016,2456
1016,2533
1016,2562
1016,2673
1016,2950
1016,2968
1016,3137
1016,3243
1016,3383
1016,3408
1016,3792
1016,3860
1016,4158
1016,4247
1016,4260
1016,4299
1016,4817
1017,1028
1017,1076
1017,1218
1017,1569
1017,1955
1017,2041
1017,2295
1017,2320
1017,2482
1017,2588
1017,2594
1017,2855
1017,2918
1017,2926
1017,3125
1017,3343
1017,3410
1017,3428
1017,3644
1017,3648
1017,3849
1017,4729
1017,4734
1017,4736
1017,4774
1018,1163
1018,1257
1018,1368
1018,1694
1018,1904
1018,1951
1018,2054
1018,2174
1018,2359
1018,2782
1018,2907
1018,3140
1018,3248
1018,3386
1018,3450
1018,3488
1018,3536
1018,3563
1018,3585
1018,3613
1018,3666
1018,3731
1018,3856
1018,3997
1018,4356
1018,4410
1018,4851
1018,4903
1019,1093
1019,1746
1019,2287
1019,2352
1019,2685
1019,2853
1019,3002
1019,3479
1019,3518
1019,3968
1019,4252
1019,4361
1019,4502
1019,4548
1020,1151
1020,1168
1020,1229
1020,1345
1020,1379
1020,1593
1020,1713
1020,1991
1020,2480
1020,2678
1020,2771
1020,2914
1020,3278
1020,3552
1020,4063
1020,4217
1020,4378
1020,4708
1020,4939
1021,1043
1021,1287
1021,1573
1021,1705
1021,1926
1021,1962
1021,1973
1021,2043
1021,2304
1021,2390
1021,2566
1021,2739
1021,2950
1021,3111
1021,3169
1021,3247
1021,3287
1021,3291
1021,3406
1021,3415
1021,3887
1021,4182
1021,4299
1021,4753
1021,4902
1021,4991
1022,1056
1022,1076
1022,1216
1022,1352
1022,1414
1022,1453
1022,1467
1022,1475
1022,1553
1022,1573
1022,1599
1022,1699
1022,1725
1022,2056
1022,2103
1022,2366
1022,2477
1022,2533
1022,2550
1022,2566
1022,2669
1022,2823
1022,3014
1022,3104
1022,3109
1022,3225
1022,3226
1022,3438
1022,3508
1022,3574
1022,3683
1022,3772
1022,3933
1022,4361
1022,4672
1022,4729
1022,4830
1022,4865
1022,4940
1023,1050
1023,1286
1023,1748
1023,1800
1023,2024
1023,2061
1023,2238
1023,2244
1023,2378
1023,2696
1023,2783
1023,2854
1023,3009
1023,3050
1023,3090
1023,3186
1023,3214
1023,3489
1023,3577
1023,3601
1023,3619
1023,3659
1023,3745
1023,3828
1023,3861
1023,3977
1023,4160
1023,4503
1023,4707
1023,4830
1024,1288
1024,1314
1024,1381
1024,1951
1024,2293
1024,2489
1024,2512
1024,2585
1024,2735
1024,2752
1024,2957
1024,2967
1024,3231
1024,3330
1024,3598
1024,4144
1024,4319
1024,4531
1024,4652
1025,1157
1025,1193
1025,1277
1025,1424
1025,1636
1025,1925
1025,1938
1025,2253
1025,2343
1025,2378
1025,2625
1025,2942
1025,3247
1025,3430
1025,3763
1025,4094
1025,4148
1025,4156
1025,4251
1025,4372
1025,4644
1025,4790
1025,4866
1025,4887
1025,4967
1026,1197
1026,1224
1026,1315
1026,2115
1026,2542
1026,2618
1026,2757
1026,2780
1026,3074
1026,3337
1026,4034
1026,4334
1026,4713
1026,4838
1026,4939
1026,4975
1027,1161
1027,1323
1027,1438
1027,1546
1027,1832
1027,2034
1027,2550
1027,2940
1027,3206
1027,3608
1027,3670
1027,4046
1027,4080
1027,4241
1027,4254
1027,4268
1027,4274
1027,4531
1027,4590
1027,4648
1028,1076
1028,1314
1028,1350
1028,1416
1028,1580
1028,1584
1028,1946
1028,2235
1028,2387
1028,2482
1028,2581
1028,2656
1028,2918
1028,3043
1028,3150
1028,3343
1028,3379
1028,3406
1028,3435
1028,3471
1028,3735
1028,3779
1028,3953
1028,3964
1028,4066
1028,4129
1028,4283
1028,4298
1028,4329
1028,4500
1028,4524
1028,4630
1028,4923
1029,1045
1029,1070
1029,1175
1029,1723
1029,1915
1029,1996
1029,2056
1029,2271
1029,2380
1029,2521
1029,2639
1029,2693
1029,2828
1029,3001
1029,3099
1029,3785
1029,4277
1029,4416
1029,4855
1029,4985
1030,1113
1030,1420
1030,1581
1030,1731
1030,1851
1030,1875
1030,2110
1030,2139
1030,2321
1030,2478
1030,3216
1030,4193
1030,4265
1030,4502
1030,4618
1030,4674
1030,4856
1031,1116
1031,1196
1031,1373
1031,1449
1031,1834
1031,1923
1031,2084
1031,2430
1031,2523
1031,2719
1031,2819
1031,2871
1031,2900
1031,3094
1031,3148
1031,3337
1031,3354
1031,3483
1031,3589
1031,3662
1031,3713
1031,4035
1031,4308
1031,4357
1031,4447
1031,4636
1031,4772
1032,1076
1032,1248
1032,1725
1032,1782
1032,1912
1032,1915
1032,2519
1032,2649
1032,3087
1032,3093
1032,3190
1032,3308
1032,3529
1032,3680
1032,4078
1032,4130
1032,4215
1032,4299
1032,4627
1032,4639
1032,4720
1032,4836
1032,4847
1033,1099
1033,1107
1033,1134
1033,1770
1033,1854
1033,2306
1033,3056
1033,3095
1033,3203
1033,3744
1033,3892
1033,4007
1033,4543
1033,4947
1034,1753
1034,1786
1034,1997
1034,2065
1034,2688
1034,2925
1034,3329
1034,3585
1034,3775
1034,4144
1034,4205
1034,4461
1034,4600
1034,4622
1034,4652
1034,4703
1034,4760
1034,4917
1035,1138
1035,1172
1035,1175
1035,1280
1035,1354
1035,1708
1035,1733
1035,2267
1035,2462
1035,3261
1035,4029
1035,4634
1035,4842
1035,4922
1035,4939
1036,1229
1036,1532
1036,1716
1036,1966
1036,2144
1036,2260
1036,2778
1036,2791
1036,3196
1036,3436
1036,3488
1036,3509
1036,3737
1036,4168
1036,4201
1036,4305
1036,4337
1036,4419
1036,4449
1036,4969
1037,1180
1037,1547
1037,1680
1037,1931
1037,1983
1037,2049
1037,2163
1037,2491
1037,2596
1037,2973
1037,3092
1037,3401
1037,3464
1037,3749
1037,3822
1037,4533
1037,4694
1037,4932
1037,4943
1038,1041
1038,1169
1038,1280
1038,1316
1038,1439
1038,1848
1038,2014
1038,2112
1038,2387
1038,2553
1038,3151
1038,3228
1038,3291
1038,3354
1038,3627
1038,3663
1038,3887
1038,3901
1038,3975
1038,4018
1038,4173
1038,4358
1038,4476
1038,4612
1039,1151
1039,1280
1039,1333
1039,1783
1039,1865
1039,1870
1039,1906
1039,2017
1039,2863
1039,3597
1039,3740
1039,4100
1039,4503
1040,1062
1040,1067
1040,1250
1040,1387
1040,1762
1040,1853
1040,2132
1040,2165
1040,2413
1040,2800
1040,3221
1040,3395
1040,3411
1040,3627
1040,3791
1040,4102
1040,4170
1040,4181
1040,4340
1041,1155
1041,1158
1041,1222
1041,1283
1041,2075
1041,2105
1041,2145
1041,2234
1041,2286
1041,2327
1041,2388
1041,2520
1041,2553
1041,2653
1041,2923
1041,3973
1041,4066
1041,4132
1041,4287
1041,4625
1041,4765
1041,4856
1041,4961
1041,4998
1042,1215
1042,1275
1042,1524
1042,1755
1042,2122
1042,2288
1042,2334
1042,2391
1042,2431
1042,2514
1042,2550
1042,2695
1042,3470
1042,3544
1042,3838
1042,4050
1042,4217
1042,4327
1042,4843
1042,4850
1042,4871
1043,1069
1043,1093
1043,1130
1043,1154
1043,1616
1043,2495
1043,3111
1043,3120
1043,3161
1043,3172
1043,3356
1043,3888
1043,4015
1044,1166
1044,1238
1044,1599
1044,1648
1044,2077
1044,2095
1044,2548
1044,2681
1044,2741
1044,2828
1044,2968
1044,3456
1044,3741
1044,4174
1044,4204
1044,4274
1044,4526
1044,4600
1044,4660
1045,1246
1045,1321
1045,1325
1045,1501
1045,1507
1045,1539
1045,1854
1045,1903
1045,2049
1045,2378
1045,2379
1045,2477
1045,2566
1045,2618
1045,2755
1045,2931
1045,3107
1045,3353
1045,3379
1045,3435
1045,3457
1045,3665
1045,3666
1045,3906
1045,4023
1045,4205
1045,4380
1045,4607
1045,4865
1045,4948
1045,4964
1046,1136
1046,1620
1046,1640
1046,1883
1046,1886
1046,1918
1046,2588
1046,2761
1046,2877
1046,3202
1046,3209
1046,4377
1046,4803
1046,4837
1046,4846
1046,4880
1046,4922
1047,1541
1047,1577
1047,1582
1047,1742
1047,1783
1047,1848
1047,2372
1047,2377
1047,2531
1047,2672
1047,3101
1047,3151
1047,3625
1047,3698
1047,4283
1047,4772
1047,4834
1047,4953
1048,1176
1048,1222
1048,1303
1048,1524
1048,1542
1048,1781
1048,2114
1048,2296
1048,2344
1048,2495
1048,2648
1048,2793
1048,2968
1048,3268
1048,3376
1048,3727
1048,3856
1048,4147
1048,4356
1048,4558
1048,4707
1048,4739
1048,4815
1048,4821
1048,4953
1049,1124
1049,1438
1049,1708
1049,1711
1049,1789
1049,2033
1049,2140
1049,2203
1049,2271
1049,2280
1049,2534
1049,2575
1049,2686
1049,2723
1049,2851
1049,2878
1049,2943
1049,3012
1049,3228
1049,3272
1049,3517
1049,3595
1049,4082
1049,4105
1049,4147
1049,4200
1050,1159
1050,1237
1050,1341
1050,1558
1050,2316
1050,2346
1050,2600
1050,2717
1050,2862
1050,2981
1050,3356
1050,3392
1050,3939
1050,4170
1050,4316
1050,4482
1050,4668
1050,4885
1051,1405
1051,1610
1051,1721
1051,1820
1051,1884
1051,2007
1051,2343
1051,2520
1051,2887
1051,3855
1051,3857
1051,3999
1051,4398
1051,4933
1052,1445
1052,1520
1052,1600
1052,1666
1052,1759
1052,2204
1052,2495
1052,2566
1052,2608
1052,2613
1052,2715
1052,2743
1052,2923
1052,3065
1052,3140
1052,3560
1052,3916
1052,3975
1052,4288
1052,4324
1052,4363
1052,4677
1052,4895
1052,4896
1052,4953
1053,1134
1053,1231
1053,1337
1053,1367
1053,1390
1053,1601
1053,1627
1053,1681
1053,2137
1053,2217
1053,2254
1053,2595
1053,2650
1053,2762
1053,2860
1053,2894
1053,3205
1053,3319
1053,3359
1053,3605
1053,3841
1053,3904
1053,4008
1053,4080
1053,4145
1053,4312
1053,4321
1053,4577
1053,4770
1054,1433
1054,1683
1054,1859
1054,1945
1054,2037
1054,2071
1054,2688
1054,2760
1054,2942
1054,3670
1054,3697
1055,1106
1055,1611
1055,1760
1055,1966
1055,2259
1055,2372
1055,2410
1055,2439
1055,2521
1055,2535
1055,2596
1055,2630
1055,2671
1055,2990
1055,3014
1055,3087
1055,3159
1055,3439
1055,3639
1055,3925
1055,3989
1055,4342
1055,4405
1055,4574
1055,4882
1055,4921
1055,4985
1056,1174
1056,1455
1056,1483
1056,1802
1056,2129
1056,2176
1056,2230
1056,2283
1056,2305
1056,2541
1056,2595
1056,2775
1056,2998
1056,3314
1056,3341
1056,3349
1056,3512
1056,3608
1056,3680
1056,4002
1056,4694
1056,4822
1057,1184
1057,1247
1057,1763
1057,1951
1057,1971
1057,2218
1057,2262
1057,2284
1057,2461
1057,2533
1057,2905
1057,3003
1057,3282
1057,3309
1057,3769
1057,4292
1057,4303
1057,4700
1057,4943
1057,4977
1058,1781
1058,1794
1058,2274
1058,2276
1058,2280
1058,2825
1058,2938
1058,3380
1058,3570
1058,3611
1058,4371
1058,4418
1058,4448
1058,4560
1058,4755
1058,4787
1059,1269
1059,2668
1059,2847
1059,3011
1059,3417
1059,3523
1059,3552
1059,4099
1059,4587
1059,4717
1059,4923
1059,4966
1060,1148
1060,1235
1060,1416
1060,1424
1060,1450
1060,1780
1060,2080
1060,2089
1060,2152
1060,2324
1060,2350
1060,2589
1060,2837
1060,2858
1060,3055
1060,3189
1060,3518
1060,3562
1060,3769
1060,3884
1060,4007
1060,4411
1060,4698
1060,4871
1060,4923
1061,1372
1061,1640
1061,2550
1061,2579
1061,2804
1061,2815
1061,2882
1061,2901
1061,3124
1061,3380
1061,3723
1061,3753
1061,3763
1061,4668
1061,4733
1061,4755
1062,1595
1062,1670
1062,1887
1062,1929
1062,2275
1062,2386
1062,2731
1062,3148
1062,3211
1062,3462
1062,3837
1062,4006
1062,4037
1062,4164
1062,4332
1063,1125
1063,1130
1063,1277
1063,1301
1063,1334
1063,1356
1063,1451
1063,1867
1063,2012
1063,2224
1063,2487
1063,2564
1063,2602
1063,2604
1063,2632
1063,2701
1063,3281
1063,3789
1063,4256
1063,4358
1063,4374
1063,4529
1063,4764
1063,4802
1064,1284
1064,1489
1064,2098
1064,2289
1064,2628
1064,2856
1064,2930
1064,3534
1064,3863
1064,4530
1064,4693
1064,4824
1064,4841
1064,4899
1064,4971
1064,4984
1065,1198
1065,1414
1065,1488
1065,1551
1065,1978
1065,2176
1065,2277
1065,2386
1065,2444
1065,2586
1065,2634
1065,2657
1065,2753
1065,3335
1065,3460
1065,4019
1065,4770
1065,4778
1065,4918
1066,1292
1066,1449
1066,1638
1066,1995
1066,2178
1066,2284
1066,2399
1066,2457
1066,2638
1066,3129
1066,3314
1066,3379
1066,3450
1066,3518
1066,3630
1066,3666
1066,3878
1066,4142
1066,4193
1066,4226
1066,4802
1066,4941
1067,1322
1067,1329
1067,1388
1067,1483
1067,1497
1067,1932
1067,2140
1067,2291
1067,2560
1067,2620
1067,3027
1067,3413
1067,3669
1067,3843
1067,4222
1067,4368
1067,4506
1068,1363
1068,1507
1068,1518
1068,1560
1068,1808
1068,1854
1068,1935
1068,1936
1068,2204
1068,2360
1068,2414
1068,2463
1068,2919
1068,3086
1068,3464
1068,4040
1068,4437
1069,1105
1069,1516
1069,1599
1069,1639
1069,2217
1069,2639
1069,2718
1069,2830
1069,3097
1069,3279
1069,3387
1069,4165
1069,4992
1070,1170
1070,1435
1070,1467
1070,1548
1070,2076
1070,2193
1070,2515
1070,2622
1070,2694
1070,2802
1070,2907
1070,3046
1070,3376
1070,3677
1070,3967
1070,4415
1070,4816
1070,4893
1070,4900
1070,4902
1070,4937
1070,4985
1071,1227
1071,1798
1071,1922
1071,2390
1071,3049
1071,3124
1071,3230
1071,3364
1071,3490
1071,3556
1071,3659
1071,3746
1071,3814
1071,4434
1071,4451
1071,4505
1071,4795
1071,4918
1072,1392
1072,1637
1072,1888
1072,1904
1072,1928
1072,1974
1072,2149
1072,2354
1072,2767
1072,2790
1072,2833
1072,2933
1072,2987
1072,3020
1072,3283
1072,3624
1072,3755
1072,3762
1072,3796
1072,3902
1072,4040
1072,4323
1072,4731
1072,4808
1072,4918
1073,1546
1073,1906
1073,1997
1073,2045
1073,2307
1073,2346
1073,2812
1073,2955
1073,3055
1073,3182
1073,4031
1073,4467
1073,4484
1073,4644
1074,1110
1074,1656
1074,1779
1074,1825
1074,1830
1074,2121
1074,2579
1074,2956
1074,3171
1074,3208
1074,3325
1074,4010
1074,4138
1074,4299
1074,4347
1074,4665
1074,4946
1075,1245
1075,1544
1075,1726
1075,1805
1075,1985
1075,2258
1075,2937
1075,3226
1075,3306
1075,3519
1075,3796
1075,3841
1075,3975
1075,4361
1075,4676
1075,4708
1076,1229
1076,1493
1076,1550
1076,1740
1076,1922
1076,2223
1076,2383
1076,2681
1076,3060
1076,3099
1076,3300
1076,3484
1076,3586
1076,3761
1076,3843
1076,3914
1076,3960
1076,4155
1076,4234
1076,4460
1076,4586
1076,4646
1076,4770
1076,4918
1077,1947
1077,2948
1077,3103
1077,3202
1077,3600
1077,3757
1077,3798
1077,3886
1077,4026
1077,4243
1077,4252
1077,4263
1077,4321
1077,4342
1077,4535
1077,4646
1077,4802
1078,1193
1078,1273
1078,1326
1078,1422
1078,1783
1078,2194
1078,2468
1078,3191
1078,3227
1078,3229
1078,3239
1078,3692
1078,3785
1078,3892
1078,3994
1078,4132
1078,4199
1078,4299
1078,4502
1078,4604
1078,4658
1078,4757
1078,4802
1078,4819
1079,1413
1079,1706
1079,2342
1079,2641
1079,2653
1079,2698
1079,3026
1079,4098
1079,4403
1079,4587
1079,4723
1079,4816
1079,4823
1079,4979
1080,1123
1080,1391
1080,1476
1080,1528
1080,1590
1080,2172
1080,2581
1080,2719
1080,2991
1080,3152
1080,3166
1080,3549
1080,3698
1080,3810
1080,4050
1080,4072
1080,4241
1080,4258
1080,4375
1080,4445
1080,4849
1081,1216
1081,1240
1081,1518
1081,2496
1081,2853
1081,3253
1081,3294
1081,3435
1081,3450
1081,3613
1081,3956
1081,4352
1081,4386
1081,4636
1081,4735
1081,4756
1082,1582
1082,1901
1082,1905
1082,1965
1082,1985
1082,2286
1082,2323
1082,2691
1082,2739
1082,3479
1082,3545
1082,3725
1082,3777
1082,4003
1082,4184
1082,4261
1082,4479
1082,4890
1083,1190
1083,1377
1083,1727
1083,1902
1083,2084
1083,2213
1083,2319
1083,2350
1083,2411
1083,2469
1083,2605
1083,2880
1083,2985
1083,3443
1083,3493
1083,3617
1083,3662
1083,3792
1083,3955
1083,4014
1083,4017
1083,4076
1083,4743
1083,4850
1084,1440
1084,1541
1084,1902
1084,2038
1084,2050
1084,2084
1084,2169
1084,2330
1084,2496
1084,2595
1084,3369
1084,3464
1084,3678
1084,3704
1084,3803
1084,3877
1084,4100
1084,4146
1084,4495
1084,4717
1085,1156
1085,1260
1085,1422
1085,1992
1085,2014
1085,2296
1085,2430
1085,2485
1085,3003
1085,3157
1085,3248
1085,3339
1085,3478
1085,3624
1085,3939
1085,4127
1085,4496
1086,2178
1086,2316
1086,2362
1086,2368
1086,2419
1086,2476
1086,2673
1086,2747
1086,3270
1086,3304
1086,3371
1086,3478
1086,3608
1086,4026
1086,4030
1086,4145
1086,4268
1086,4321
1086,4643
1087,1127
1087,1139
1087,1140
1087,1342
1087,1804
1087,2649
1087,2875
1087,2980
1087,3014
1087,3246
1087,3540
1087,3626
1087,3697
1087,3919
1087,3927
1087,3945
1087,4087
1087,4418
1087,4507
1087,4541
1088,1116
1088,1533
1088,1971
1088,1972
1088,2730
1088,2811
1088,3241
1088,3283
1088,3320
1088,3367
1088,3723
1088,3839
1088,3901
1088,4069
1088,4221
1088,4235
1088,4326
1088,4336
1088,4546
1088,4658
1088,4835
1088,4851
1088,4963
1089,1090
1089,1278
1089,1535
1089,2009
1089,2475
1089,2655
1089,2891
1089,2892
1089,3023
1089,3301
1089,3966
1089,4058
1089,4329
1089,4384
1089,4399
1089,4580
1089,4802
1089,4948
1090,1142
1090,1214
1090,1484
1090,1612
1090,1618
1090,1782
1090,2188
1090,2195
1090,2228
1090,2277
1090,2318
1090,2421
1090,2669
1090,2719
1090,2831
1090,3026
1090,3097
1090,3152
1090,3326
1090,3416
1090,3729
1090,4280
1090,4345
1090,4630
1090,4714
1090,4765
1091,1321
1091,1569
1091,1629
1091,1683
1091,2725
1091,3102
1091,3174
1091,3220
1091,3586
1091,3702
1091,3889
1091,4030
1091,4166
1091,4186
1091,4193
1091,4263
1091,4436
1091,4694
1092,1271
1092,1858
1092,2001
1092,2046
1092,2251
1092,2296
1092,2468
1092,3040
1092,3280
1092,3578
1092,3771
1092,3875
1092,4241
1092,4543
1092,4619
1092,4623
1092,4721
1092,4757
1092,4789
1092,4934
1092,4970
1093,1179
1093,1351
1093,1432
1093,1434
1093,1552
1093,1672
1093,1762
1093,1834
1093,2075
1093,2389
1093,2480
1093,2920
1093,3087
1093,3311
1093,3645
1093,3661
1093,3829
1093,3866
1093,3944
1093,4025
1093,4447
1093,4914
1093,4936
1093,4995
1093,4997
1094,1197
1094,1429
1094,1834
1094,3053
1094,3068
1094,3361
1094,3667
1094,3777
1094,3800
1094,3922
1094,4339
1094,4612
1094,4618
1094,4705
1094,4765
1095,1184
1095,1263
1095,1408
1095,1498
1095,1752
1095,1820
1095,2418
1095,2535
1095,2776
1095,2877
1095,3069
1095,3093
1095,3338
1095,3624
1095,3640
1095,3734
1095,3845
1095,4010
1095,4123
1095,4141
1095,4542
1095,4697
1095,4897
1096,1504
1096,1603
1096,1824
1096,2487
1096,2586
1096,2605
1096,2636
1096,3232
1096,3639
1096,3739
1096,3993
1096,4482
1096,4928
1097,1325
1097,2394
1097,2695
1097,3236
1097,3343
1097,3778
1097,3851
1097,3912
1097,3956
1097,4232
1097,4346
1097,4548
1098,1225
1098,2235
1098,2317
1098,2419
1098,2599
1098,2696
1098,3432
1098,3944
1098,4110
1098,4541
1098,4689
1098,4695
1099,1150
1099,1233
1099,1729
1099,2135
1099,2461
1099,2714
1099,2857
1099,2873
1099,2948
1099,3064
1099,3140
1099,3359
1099,3417
1099,3745
1099,3798
1099,4148
1099,4639
1099,4735
1099,4789
1099,4982
1100,1189
1100,1191
1100,1210
1100,1381
1100,1652
1100,1756
1100,1888
1100,2315
1100,2400
1100,2434
1100,2667
1100,3118
1100,3134
1100,3282
1100,3742
1100,4236
1100,4336
1101,1169
1101,1458
1101,1764
1101,1799
1101,1997
1101,2040
1101,2160
1101,2367
1101,2428
1101,2433
1101,2635
1101,2638
1101,2694
1101,2696
1101,2984
1101,3171
1101,3676
1101,3778
1101,3820
1101,4136
1101,4772
1102,1326
1102,1590
1102,1632
1102,1668
1102,1944
1102,2536
1102,2606
1102,2682
1102,2723
1102,3264
1102,3551
1102,3689
1102,3719
1102,4194
1102,4785
1103,1255
1103,1381
1103,1390
1103,1771
1103,2387
1103,2572
1103,3155
1103,3201
1103,3368
1103,3743
1103,3781
1103,4232
1103,4517
1104,1173
1104,1208
1104,1251
1104,1277
1104,1516
1104,1831
1104,1951
1104,2277
1104,3326
1104,3547
1104,3759
1104,3805
1104,3914
1104,3963
1104,4040
1104,4042
1104,4131
1104,4269
1104,4320
1104,4379
1104,4430
1104,4456
1104,4519
1104,4760
1104,4793
1105,1273
1105,1321
1105,1330
1105,1366
1105,1722
1105,1884
1105,1971
1105,2089
1105,2190
1105,2295
1105,2355
1105,2547
1105,2769
1105,2805
1105,3169
1105,3257
1105,3476
1105,3503
1105,3884
1105,3929
1105,3952
1105,4245
1105,4250
1105,4260
1105,4321
1106,1181
1106,1286
1106,1580
1106,1594
1106,1729
1106,1912
1106,2172
1106,2515
1106,2699
1106,3488
1106,4295
1106,4437
1106,4885
1107,1351
1107,1799
1107,1891
1107,2335
1107,2537
1107,2806
1107,3257
1107,3497
1107,4203
1107,4269
1107,4672
1107,4778
1108,1129
1108,1305
1108,1516
1108,2310
1108,2453
1108,3120
1108,3255
1108,3351
1108,3506
1108,3709
1108,3778
1108,3901
1108,4526
1108,4640
1109,1424
1109,1527
1109,1772
1109,1780
1109,1870
1109,1924
1109,1955
1109,1994
1109,2296
1109,2319
1109,2357
1109,2807
1109,2861
1109,2890
1109,2918
1109,3107
1109,3145
1109,3737
1109,3796
1109,3952
1109,4056
1109,4120
1109,4338
1109,4811
1110,1144
1110,1150
1110,1320
1110,1459
1110,1550
1110,2367
1110,2391
1110,2410
1110,2512
1110,2576
1110,2579
1110,2847
1110,3105
1110,3111
1110,3640
1110,4031
1110,4187
1110,4238
1110,4292
1110,4444
1111,1558
1111,1810
1111,1882
1111,1953
1111,1969
1111,2167
1111,2232
1111,2542
1111,2710
1111,3050
1111,3150
1111,3157
1111,3507
1111,3634
1111,3951
1111,4229
1111,4243
1111,4316
1111,4660
1112,1558
1112,1601
1112,1741
1112,1776
1112,1887
1112,2355
1112,2365
1112,2439
1112,2465
1112,2648
1112,2780
1112,2806
1112,2945
1112,3434
1112,3600
1112,3711
1112,4617
1112,4653
1113,1782
1113,1890
1113,2314
1113,2613
1113,2963
1113,3097
1113,3215
1113,3366
1113,3585
1113,3661
1113,3717
1113,4307
1113,4640
1113,4774
1114,1334
1114,1808
1114,1812
1114,1904
1114,2298
1114,2325
1114,2408
1114,2414
1114,2500
1114,2603
1114,2700
1114,3304
1114,3434
1114,3456
1114,3481
1114,3551
1114,3615
1114,3654
1114,3851
1114,4345
1114,4348
1114,4398
1114,4522
1114,4656
1115,1592
1115,1593
1115,1677
1115,2427
1115,2464
1115,2480
1115,2838
1115,2891
1115,2912
1115,3051
1115,3209
1115,3308
1115,3391
1115,3506
1115,3604
1115,3839
1115,3855
1115,4088
1115,4199
1115,4261
1115,4697
1115,4800
1115,4839
1115,4965
1116,1168
1116,1191
1116,1324
1116,1626
1116,1766
1116,1895
1116,2027
1116,2038
1116,2123
1116,2552
1116,2679
1116,2932
1116,3474
1116,3500
1116,3658
1116,3830
1116,3845
1116,3973
1116,4011
1116,4059
1116,4310
1116,4713
1116,4886
1117,1449
1117,2134
1117,2289
1117,2361
1117,3156
1117,3258
1117,4076
1117,4377
1117,4499
1117,4698
1118,1524
1118,1641
1118,1922
1118,1923
1118,2358
1118,2608
1118,2773
1118,2894
1118,2960
1118,3010
1118,3024
1118,3082
1118,3249
1118,3315
1118,3449
1118,3501
1118,3695
1118,3971
1118,3989
1118,4004
1118,4009
1118,4044
1118,4186
1118,4203
1118,4443
1118,4648
1118,4739
1118,4926
1118,4978
1119,1202
1119,1473
1119,1575
1119,1609
1119,1613
1119,1781
1119,1934
1119,2150
1119,2185
1119,2336
1119,2480
1119,2586
1119,3068
1119,3692
1119,3694
1119,3768
1119,3893
1119,4326
1119,4337
1119,4434
1119,4453
1119,4677
1119,4795
1119,4889
1119,4979
1120,1286
1120,1442
1120,1688
1120,1704
1120,1968
1120,2407
1120,2857
1120,3124
1120,3185
1120,3330
1120,3345
1120,3426
1120,3482
1120,3731
1120,3876
1120,3925
1120,3964
1120,4280
1120,4424
1120,4764
1120,4981
1121,1921
1121,2195
1121,2285
1121,2325
1121,2458
1121,3151
1121,3599
1121,3636
1121,3967
1121,4003
1121,4250
1121,4270
1121,4489
1121,4581
1121,4702
1122,1235
1122,1273
1122,1294
1122,1366
1122,1916
1122,2417
1122,3071
1122,3075
1122,3307
1122,3501
1122,3539
1122,3610
1122,3742
1122,3912
1122,3958
1122,4012
1122,4066
1122,4391
1122,4572
1122,4635
1122,4856
1122,4924
1122,4930
1122,4971
1123,1166
1123,1576
1123,1714
1123,1861
1123,2440
1123,2491
1123,2514
1123,2632
1123,3160
1123,3278
1123,4157
1123,4232
1123,4325
1123,4788
1124,1527
1124,1558
1124,1585
1124,1859
1124,2505
1124,2830
1124,2960
1124,3016
1124,3100
1124,3273
1124,3336
1124,3339
1124,3586
1124,3720
1124,3777
1124,3977
1124,4016
1124,4179
1124,4228
1124,4229
1124,4765
1124,4886
1125,1131
1125,1360
1125,1416
1125,1722
1125,2099
1125,2134
1125,2213
1125,2489
1125,2869
1125,2949
1125,3052
1125,3318
1125,3490
1125,3733
1125,3821
1125,3984
1125,3990
1125,4453
1125,4704
1126,1311
1126,1317
1126,1424
1126,2017
1126,2129
1126,2361
1126,2614
1126,2779
1126,2825
1126,2943
1126,3186
1126,3322
1126,3386
1126,3403
1126,3915
1126,4017
1126,4063
1126,4103
1126,4324
1126,4349
1126,4540
1126,4574
1126,4649
1127,1129
1127,1446
1127,1863
1127,1964
1127,2289
1127,2443
1127,2450
1127,2588
1127,2921
1127,3061
1127,3064
1127,3435
1127,3681
1127,4034
1127,4562
1127,4727
1127,4929
1127,4961
1128,1437
1128,1492
1128,1826
1128,1900
1128,2045
1128,2135
1128,2152
1128,2252
1128,2448
1128,2780
1128,2796
1128,2955
1128,3116
1128,3778
1128,3784
1128,4206
1128,4207
1128,4268
1128,4377
1128,4462
1128,4467
1128,4497
1128,4722
1128,4888
1129,1153
1129,1425
1129,1575
1129,1919
1129,2073
1129,2082
1129,2087
1129,2158
1129,2170
1129,3227
1129,3451
1129,3557
1129,4411
1129,4816
1129,4915
1129,4939
1130,1256
1130,1295
1130,1304
1130,1424
1130,1496
1130,1911
1130,2339
1130,2642
1130,2852
1130,2903
1130,2953
1130,3144
1130,3429
1130,3891
1130,4418
1131,1340
1131,1399
1131,1556
1131,1824
1131,1924
1131,2091
1131,2403
1131,2618
1131,2683
1131,3233
1131,3476
1131,3527
1131,3632
1131,4151
1131,4184
1131,4208
1131,4293
1131,4354
1131,4772
1132,1136
1132,1149
1132,1226
1132,1271
1132,1430
1132,1625
1132,1912
1132,1993
1132,2118
1132,2242
1132,2401
1132,2438
1132,2451
1132,2544
1132,2638
1132,3397
1132,3783
1132,4930
1133,1270
1133,1298
1133,1480
1133,1665
1133,1775
1133,1961
1133,2051
1133,2089
1133,2258
1133,2561
1133,2962
1133,3074
1133,3090
1133,3183
1133,3227
1133,3484
1133,3540
1133,3659
1133,3735
1133,3873
1133,4431
1133,4931
1134,1160
1134,1296
1134,1512
1134,2022
1134,2703
1134,2954
1134,3016
1134,3128
1134,3182
1134,3583
1134,3646
1134,4010
1134,4017
1134,4372
1134,4761
1134,4794
1134,4985
1135,1607
1135,1627
1135,1767
1135,2429
1135,2560
1135,2591
1135,2986
1135,3113
1135,3215
1135,3353
1135,3366
1135,3446
1135,3573
1135,3734
1135,3822
1135,3892
1135,4008
1135,4469
1135,4736
1136,1639
1136,1737
1136,1744
1136,2046
1136,2122
1136,2281
1136,2639
1136,3018
1136,3757
1136,3770
1136,3857
1136,4263
1136,4485
1136,4687
1137,1166
1137,1189
1137,1758
1137,1823
1137,1842
1137,1938
1137,2228
1137,2234
1137,2561
1137,2808
1137,3134
1137,3368
1137,3721
1137,3828
1137,4073
1137,4086
1137,4206
1137,4528
1137,4794
1137,4809
1138,1173
1138,1289
1138,1322
1138,1638
1138,1774
1138,1843
1138,2048
1138,2076
1138,2077
1138,2212
1138,2617
1138,2893
1138,3122
1138,3706
1138,3731
1138,3813
1138,3891
1138,3971
1138,4527
1138,4551
1138,4809
1138,4923
1138,4941
1139,1589
1139,1639
1139,1881
1139,1973
1139,2066
1139,2097
1139,2267
1139,2473
1139,2502
1139,2981
1139,3301
1139,3745
1139,3975
1139,4364
1139,4717
1139,4796
1139,4960
1140,1586
1140,1659
1140,1805
1140,1869
1140,2283
1140,2298
1140,2407
1140,2545
1140,2873
1140,3011
1140,3068
1140,3264
1140,3447
1140,3652
1140,3724
1140,3956
1140,4146
1140,4150
1140,4327
1140,4351
1140,4363
1140,4455
1140,4473
1140,4546
1140,4962
1141,1354
1141,1404
1141,1543
1141,1566
1141,1673
1141,1678
1141,1772
1141,2857
1141,3020
1141,3340
1141,4194
1141,4347
1141,4719
1142,1699
1142,2675
1142,3767
1142,3781
1142,3782
1142,4395
1142,4430
1142,4533
1142,4753
1142,4856
1143,1155
1143,1425
1143,1456
1143,1485
1143,1844
1143,2102
1143,2103
1143,2396
1143,2491
1143,2546
1143,2585
1143,2677
1143,3400
1143,3425
1143,3551
1143,3627
1143,3733
1143,4084
1144,1293
1144,1515
1144,1522
1144,1600
1144,1774
1144,1789
1144,2039
1144,2049
1144,2090
1144,2284
1144,2520
1144,2581
1144,2679
1144,2748
1144,2763
1144,2934
1144,2973
1144,3039
1144,3359
1144,3558
1144,3571
1144,3909
1144,3916
1144,4068
1144,4126
1144,4193
1144,4647
1144,4725
1144,4754
1144,4905
1145,1169
1145,1291
1145,1555
1145,1571
1145,1597
1145,1985
1145,2014
1145,2170
1145,2194
1145,2256
1145,2276
1145,2679
1145,2716
1145,2742
1145,2771
1145,2920
1145,3246
1145,3978
1145,3983
1145,4089
1145,4327
1145,4391
1145,4562
1146,1608
1146,1632
1146,1706
1146,1877
1146,1917
1146,2148
1146,2182
1146,2486
1146,2816
1146,3221
1146,3261
1146,3331
1146,3435
1146,3605
1146,4091
1146,4237
1146,4352
1146,4358
1146,4620
1146,4696
1147,1278
1147,1645
1147,1723
1147,1907
1147,1940
1147,2080
1147,2123
1147,2530
1147,2783
1147,2876
1147,2908
1147,3141
1147,3192
1147,4035
1147,4536
1147,4726
1147,4964
1148,1333
1148,1480
1148,1553
1148,1693
1148,1851
1148,1886
1148,1926
1148,2016
1148,2018
1148,2097
1148,2200
1148,2409
1148,2437
1148,2507
1148,2564
1148,2939
1148,3194
1148,3621
1148,4026
1148,4333
1148,4401
1148,4449
1148,4482
1148,4750
1148,4922
1148,4938
1149,1186
1149,1343
1149,1630
1149,1732
1149,2142
1149,2384
1149,2412
1149,3059
1149,3263
1149,3446
1149,3623
1149,4147
1149,4210
1149,4338
1149,4734
1149,4856
1150,1394
1150,1478
1150,1525
1150,2155
1150,2158
1150,2384
1150,2395
1150,2406
1150,2805
1150,2830
1150,2834
1150,3244
1150,3284
1150,4282
1150,4516
1150,4759
1151,1316
1151,1323
1151,2047
1151,2266
1151,2380
1151,2397
1151,2523
1151,2587
1151,2673
1151,2687
1151,2832
1151,2891
1151,2938
1151,3059
1151,3258
1151,3379
1151,3752
1151,3795
1151,4328
1151,4464
1151,4494
1151,4703
1151,4797
1151,4812
1151,4819
1152,1376
1152,1874
1152,2261
1152,2319
1152,2748
1152,3044
1152,3345
1152,3408
1152,3411
1152,3494
1152,3523
1152,3735
1152,4121
1152,4259
1152,4820
1152,4972
1153,1496
1153,1739
1153,1740
1153,1860
1153,2215
1153,2365
1153,2463
1153,2494
1153,2531
1153,2536
1153,2655
1153,3279
1153,3439
1153,3600
1153,3609
1153,4105
1153,4243
1153,4451
1153,4548
1153,4760
1153,4820
1154,1499
1154,1675
1154,1902
1154,2084
1154,2186
1154,2318
1154,2362
1154,2540
1154,2717
1154,2846
1154,3015
1154,3060
1154,3095
1154,3114
1154,3203
1154,3361
1154,3685
1154,3697
1154,3764
1154,3854
1154,4386
1154,4737
1154,4992
1155,1178
1155,1213
1155,1221
1155,1565
1155,1699
1155,1761
1155,1800
1155,1817
1155,2179
1155,2370
1155,2740
1155,2760
1155,2816
1155,2974
1155,3007
1155,3166
1155,3199
1155,3406
1155,3518
1155,3674
1155,3737
1155,3893
1155,3960
1155,4107
1155,4244
1155,4247
1155,4503
1155,4535
1155,4564
1155,4999
1156,1190
1156,1584
1156,1651
1156,1939
1156,2108
1156,2279
1156,2287
1156,2417
1156,2521
1156,2619
1156,2621
1156,2772
1156,3041
1156,3167
1156,3431
1156,3567
1156,3650
1156,3842
1156,4052
1156,4594
1156,4855
1157,1218
1157,1925
1157,2640
1157,2824
1157,2928
1157,2987
1157,3222
1157,3279
1157,3329
1157,3713
1157,4444
1157,4496
1157,4611
1158,1226
1158,1383
1158,1559
1158,1639
1158,1641
1158,1642
1158,1705
1158,2071
1158,2488
1158,2582
1158,2735
1158,3312
1158,3434
1158,3579
1158,3599
1158,3729
1158,3937
1158,4095
1158,4324
1158,4658
1158,4898
1159,1186
1159,1391
1159,1635
1159,2367
1159,2578
1159,2733
1159,2782
1159,3063
1159,3460
1159,3788
1159,4036
1159,4654
1159,4888
1159,4899
1160,1417
1160,1509
1160,1525
1160,2265
1160,2455
1160,3001
1160,3131
1160,3204
1160,3267
1160,3548
1160,3748
1160,3808
1160,4295
1160,4576
1160,4969
1161,2021
1161,2869
1161,2902
1161,3120
1161,3408
1161,4573
1161,4760
1161,4790
1161,4820
1161,4946
1162,1253
1162,1380
1162,1622
1162,1669
1162,1913
1162,2020
1162,2034
1162,2110
1162,2165
1162,2350
1162,2974
1162,2993
1162,3120
1162,3186
1162,3508
1162,3973
1162,4367
1162,4471
1162,4647
1162,4900
1163,1168
1163,1197
1163,1406
1163,1470
1163,1830
1163,2075
1163,2513
1163,2727
1163,2742
1163,3016
1163,3177
1163,3216
1163,3317
1163,3436
1163,3438
1163,3586
1163,3895
1163,4257
1163,4695
1164,1177
1164,1786
1164,2878
1164,2883
1164,3010
1164,3158
1164,3502
1164,3992
1164,4396
1164,4476
1164,4557
1164,4679
1164,4684
1164,4751
1164,4827
1164,4999
1165,1272
1165,1391
1165,1393
1165,1432
1165,1508
1165,1591
1165,1666
1165,1710
1165,1821
1165,1987
1165,2085
1165,2680
1165,2708
1165,2979
1165,2986
1165,3522
1165,3569
1165,3866
1165,4109
1165,4537
1165,4720
1165,4925
1166,1497
1166,1575
1166,1749
1166,1825
1166,1877
1166,1906
1166,1964
1166,2033
1166,2076
1166,2138
1166,2655
1166,2750
1166,2898
1166,3394
1166,3597
1166,3853
1166,4072
1166,4106
1166,4244
1166,4461
1166,4738
1167,1275
1167,1399
1167,2194
1167,2411
1167,2465
1167,2484
1167,2547
1167,2886
1167,2912
1167,3505
1167,3682
1167,3790
1167,4047
1167,4158
1167,4306
1167,4612
1168,1477
1168,1770
1168,1902
1168,2080
1168,2551
1168,2781
1168,2843
1168,2939
1168,3087
1168,3402
1168,3479
1168,3487
1168,3503
1168,3798
1168,3803
1168,3887
1168,4546
1168,4779
1168,4812
1169,1633
1169,2146
1169,2571
1169,2842
1169,2857
1169,2960
1169,3317
1169,3410
1169,3484
1169,3756
1169,4032
1169,4754
1170,1277
1170,1307
1170,1681
1170,1692
1170,1892
1170,1896
1170,2029
1170,2082
1170,2125
1170,2264
1170,2782
1170,2945
1170,3020
1170,3367
1170,3966
1170,4297
1170,4430
1170,4837
1171,1342
1171,1399
1171,1526
1171,1729
1171,1817
1171,2008
1171,2164
1171,2698
1171,2703
1171,2710
1171,3195
1171,3622
1171,4155
1171,4400
1171,4891
1171,4933
1172,1193
1172,1318
1172,1373
1172,1402
1172,1837
1172,2099
1172,2330
1172,2371
1172,2668
1172,2687
1172,3079
1172,3160
1172,3356
1172,3438
1172,3671
1172,3862
1172,4310
1172,4680
1172,4835
1172,4956
1173,1490
1173,1667
1173,1790
1173,1983
1173,2907
1173,2980
1173,2984
1173,3090
1173,3580
1173,3744
1173,3874
1173,4137
1173,4155
1173,4266
1173,4521
1173,4609
1173,4738
1173,4838
1173,4991
1174,1405
1174,1589
1174,2190
1174,2278
1174,2383
1174,2390
1174,3052
1174,3113
1174,3160
1174,3488
1174,4180
1174,4531
1175,1316
1175,1333
1175,1405
1175,1962
1175,2037
1175,2431
1175,2533
1175,3175
1175,3845
1175,3872
1175,3900
1175,3906
1175,4514
1175,4756
1175,4772
1176,1264
1176,1423
1176,1806
1176,1824
1176,2204
1176,2268
1176,2279
1176,2312
1176,2335
1176,2519
1176,2710
1176,2907
1176,3152
1176,3320
1176,3788
1176,3910
1176,4709
1176,4942
1177,1229
1177,1381
1177,1939
1177,2008
1177,2305
1177,2559
1177,2598
1177,2684
1177,2698
1177,3053
1177,3337
1177,3460
1177,3509
1177,3655
1177,4563
1177,4794
1178,1267
1178,1377
1178,1403
1178,1568
1178,1667
1178,1905
1178,1925
1178,2424
1178,2884
1178,3679
1178,3759
1178,3774
1178,3900
1178,4010
1178,4538
1178,4562
1178,4675
1178,4820
1178,4872
1178,4971
1178,4988
1179,1225
1179,1370
1179,1738
1179,2554
1179,3496
1179,4102
1179,4121
1179,4255
1179,4403
1179,4939
1179,4941
1180,1397
1180,1545
1180,2360
1180,2420
1180,2508
1180,2649
1180,2775
1180,2802
1180,2861
1180,3683
1180,3761
1180,3776
1180,3816
1180,4042
1180,4055
1180,4543
1180,4701
1181,1492
1181,2047
1181,2138
1181,2281
1181,2288
1181,2378
1181,2686
1181,2734
1181,2884
1181,3117
1181,3323
1181,3430
1181,3883
1181,4000
1181,4168
1181,4345
1181,4931
1181,4943
1182,1759
1182,2061
1182,2700
1182,3175
1182,3228
1182,3243
1182,3540
1182,3687
1182,4027
1182,4035
1182,4267
1182,4366
1182,4387
1182,4623
1182,4764
1183,1339
1183,1376
1183,1399
1183,1434
1183,1570
1183,1873
1183,1897
1183,2067
1183,2530
1183,2602
1183,2886
1183,2963
1183,3490
1183,3590
1183,3651
1183,3794
1183,3967
1183,4188
1183,4531
1183,4709
1183,4860
1183,4944
1184,1496
1184,2148
1184,2347
1184,2415
1184,2715
1184,2917
1184,3039
1184,3210
1184,3318
1184,3440
1184,3583
1184,3607
1184,3719
1184,4379
1184,4397
1184,4469
1184,4540
1184,4622
1184,4657
1184,4906
1185,1395
1185,1567
1185,1589
1185,1868
1185,1883
1185,2424
1185,2498
1185,2571
1185,2654
1185,3022
1185,3262
1185,3335
1185,3798
1185,3825
1185,4073
1185,4474
1185,4575
1185,4690
1185,4917
1185,4963
1186,1339
1186,1502
1186,1793
1186,2297
1186,2386
1186,2512
1186,2598
1186,2775
1186,2845
1186,3097
1186,3323
1186,3856
1186,4021
1186,4653
1186,4696
1186,4729
1186,4947
1187,1235
1187,1457
1187,1663
1187,1675
1187,2349
1187,2546
1187,2603
1187,2748
1187,2808
1187,2869
1187,3026
1187,3400
1187,3413
1187,4130
1187,4252
1187,4284
1187,4285
1187,4360
1187,4549
1187,4588
1187,4763
1187,4872
1188,1252
1188,1999
1188,2233
1188,2414
1188,2624
1188,2739
1188,2800
1188,2816
1188,3041
1188,3445
1188,3463
1188,3550
1188,3828
1188,3836
1188,4210
1188,4570
1188,4959
1188,4966
1189,1191
1189,1561
1189,2378
1189,2616
1189,2759
1189,3022
1189,3044
1189,3172
1189,3189
1189,3353
1189,3513
1189,3566
1189,3626
1189,3858
1189,4108
1189,4247
1189,4337
1189,4342
1189,4408
1189,4950
1190,1193
1190,1472
1190,1623
1190,1673
1190,1764
1190,1836
1190,1974
1190,2148
1190,2234
1190,3065
1190,3365
1190,3490
1190,3751
1190,3900
1190,3927
1190,3958
1190,4118
1190,4294
1190,4511
1190,4816
1190,4871
1190,4948
1190,4952
1191,1797
1191,1969
1191,2079
1191,2134
1191,2181
1191,2535
1191,3094
1191,3763
1191,3890
1191,4517
1191,4790
1192,1357
1192,1388
1192,1559
1192,1787
1192,1851
1192,1861
1192,2073
1192,2336
1192,2750
1192,2821
1192,3225
1192,3515
1192,3575
1192,3924
1192,3958
1192,4211
1192,4335
1192,4345
1192,4396
1192,4922
1193,1203
1193,1811
1193,1869
1193,2072
1193,2078
1193,2104
1193,2291
1193,2368
1193,2500
1193,2564
1193,2640
1193,2887
1193,3489
1193,3571
1193,3727
1193,3795
1193,3807
1193,3933
1193,3989
1193,4309
1193,4482
1193,4720
1193,4764
1194,1372
1194,1382
1194,1687
1194,1690
1194,1980
1194,2134
1194,2212
1194,3305
1194,3447
1194,3586
1194,3731
1194,3813
1194,3900
1194,3942
1194,4420
1194,4594
1194,4888
1195,1463
1195,1685
1195,1763
1195,1949
1195,2133
1195,2162
1195,2646
1195,3079
1195,3585
1195,3723
1195,4005
1195,4139
1195,4159
1195,4383
1195,4669
1196,1396
1196,1454
1196,1496
1196,1628
1196,1746
1196,2032
1196,2089
1196,2244
1196,2287
1196,2410
1196,2877
1196,3054
1196,3061
1196,3427
1196,3629
1196,3801
1196,3856
1196,3921
1196,3987
1196,4279
1196,4346
1196,4709
1196,4972
1197,1219
1197,1272
1197,1804
1197,1878
1197,2001
1197,2025
1197,2345
1197,2675
1197,2923
1197,2964
1197,3116
1197,3193
1197,3253
1197,3674
1197,3802
1197,3825
1197,3846
1197,4109
1197,4148
1197,4391
1197,4435
1197,4795
1198,1571
1198,1598
1198,1724
1198,1751
1198,1882
1198,2002
1198,2037
1198,2124
1198,2332
1198,2336
1198,2423
1198,2890
1198,3521
1198,3700
1198,3897
1198,4227
1198,4494
1198,4532
1198,4580
1198,4781
1199,1272
1199,1831
1199,1909
1199,1969
1199,2007
1199,2053
1199,2323
1199,2464
1199,2567
1199,2866
1199,3243
1199,3265
1199,3886
1199,3925
1199,4046
1199,4255
1199,4610
1199,4853
1199,4908
1200,1594
1200,1914
1200,1971
1200,2077
1200,2104
1200,2202
1200,2539
1200,2686
1200,2839
1200,2974
1200,3507
1200,4101
1200,4474
1200,4717
1200,4812
1200,4966
1201,1249
1201,1341
1201,1502
1201,1597
1201,1698
1201,1773
1201,2012
1201,2378
1201,2414
1201,2542
1201,2594
1201,2972
1201,3091
1201,3674
1201,3872
1201,4310
1201,4388
1201,4555
1201,4779
1201,4899
1201,4912
1202,1308
1202,1474
1202,1689
1202,1745
1202,2100
1202,2206
1202,2482
1202,2564
1202,2664
1202,2994
1202,3013
1202,3483
1202,3599
1202,3730
1202,3874
1202,3993
1202,3995
1202,4189
1202,4203
1202,4396
1203,1689
1203,1990
1203,2419
1203,2492
1203,2616
1203,2802
1203,2912
1203,3040
1203,3075
1203,3399
1203,3448
1203,3799
1203,4304
1203,4308
1203,4357
1203,4577
1203,4592
1203,4644
1203,4847
1204,1737
1204,1821
1204,1912
1204,2124
1204,2212
1204,2269
1204,2511
1204,2614
1204,3065
1204,3386
1204,3847
1204,4067
1204,4177
1204,4383
1204,4486
1204,4489
1204,4526
1205,1288
1205,1353
1205,1407
1205,1539
1205,1623
1205,1668
1205,1677
1205,1878
1205,2014
1205,2243
1205,2692
1205,2719
1205,2847
1205,4001
1205,4582
1205,4596
1205,4804
1206,1356
1206,1438
1206,1888
1206,1956
1206,1965
1206,2429
1206,2750
1206,2834
1206,3181
1206,3529
1206,3713
1206,3833
1206,3865
1206,3929
1206,4677
1206,4885
1206,4887
1207,1365
1207,1468
1207,1747
1207,1818
1207,1930
1207,2159
1207,2345
1207,2475
1207,2656
1207,2673
1207,2822
1207,2900
1207,3069
1207,3286
1207,3442
1207,3454
1207,3460
1207,3472
1207,3945
1207,4366
1207,4373
1207,4445
1207,4525
1207,4559
1208,1487
1208,2130
1208,2196
1208,2198
1208,2853
1208,3401
1208,3462
1208,3477
1208,3618
1208,4111
1208,4367
1208,4404
1208,4770
1208,4941
1209,1332
1209,1351
1209,1681
1209,1740
1209,1796
1209,1918
1209,1922
1209,1995
1209,2030
1209,2086
1209,2281
1209,2528
1209,2553
1209,2598
1209,2834
1209,2931
1209,3510
1209,3584
1209,3600
1209,3745
1209,3780
1209,4296
1209,4535
1209,4661
1209,4941
1210,1549
1210,1952
1210,2323
1210,2535
1210,2785
1210,2831
1210,2856
1210,3124
1210,3244
1210,3493
1210,3585
1210,3735
1210,3750
1210,3767
1210,3975
1210,4109
1210,4136
1210,4211
1210,4240
1210,4836
1211,1994
1211,2027
1211,2396
1211,2599
1211,2649
1211,3000
1211,3432
1211,3641
1211,3892
1211,3929
1211,4040
1211,4159
1211,4671
1211,4853
1212,1223
1212,1405
1212,1558
1212,1591
1212,1788
1212,1855
1212,1857
1212,2277
1212,2543
1212,2571
1212,3534
1212,3759
1212,3958
1212,4225
1212,4437
1212,4462
1212,4568
1212,4842
1212,4945
1213,1335
1213,1389
1213,1435
1213,1555
1213,1594
1213,1637
1213,1714
1213,1799
1213,1822
1213,1951
1213,2056
1213,2173
1213,2515
1213,2670
1213,2814
1213,2842
1213,2847
1213,2914
1213,3141
1213,3161
1213,3281
1213,3423
1213,3442
1213,3482
1213,4148
1213,4456
1213,4521
1213,4625
1214,1537
1214,1665
1214,1869
1214,1970
1214,2021
1214,2377
1214,2522
1214,2561
1214,2741
1214,2860
1214,3126
1214,4101
1214,4323
1214,4430
1214,4993
1215,1301
1215,1532
1215,1614
1215,1793
1215,2091
1215,2337
1215,2383
1215,2582
1215,2674
1215,2891
1215,3379
1215,3553
1215,3863
1215,3911
1215,3984
1215,4212
1215,4234
1215,4827
1215,4991
1216,1376
1216,1437
1216,1974
1216,2067
1216,2207
1216,2318
1216,2706
1216,2862
1216,2913
1216,2962
1216,3085
1216,3201
1216,3210
1216,3338
1216,3901
1216,4412
1216,4704
1216,4833
1216,4849
1217,1553
1217,1562
1217,1701
1217,1960
1217,2142
1217,2448
1217,2466
1217,2628
1217,2861
1217,3089
1217,3573
1217,3927
1217,4070
1217,4342
1217,4413
1217,4466
1217,4832
1217,4879
1218,1666
1218,1683
1218,2075
1218,2095
1218,2195
1218,2594
1218,2749
1218,2864
1218,3449
1218,3739
1218,3994
1218,4302
1218,4520
1218,4534
1218,4547
1218,4925
1219,1466
1219,1604
1219,1630
1219,1736
1219,1843
1219,2102
1219,2212
1219,2226
1219,2261
1219,2878
1219,3189
1219,3397
1219,3419
1219,3447
1219,3450
1219,3491
1219,3506
1219,3596
1219,3618
1219,4075
1219,4101
1219,4760
1219,4965
1220,2058
1220,2300
1220,2639
1220,2711
1220,2897
1220,3119
1220,3253
1220,4047
1220,4050
1220,4755
1220,4797
1221,1492
1221,1567
1221,1924
1221,2068
1221,2093
1221,2201
1221,2368
1221,3104
1221,3538
1221,3715
1221,4130
1221,4155
1221,4316
1221,4829
1221,4853
1221,4870
1222,1488
1222,1664
1222,1802
1222,2067
1222,2191
1222,2197
1222,2381
1222,2492
1222,2991
1222,3901
1222,3945
1222,4531
1222,4707
1222,4709
1223,1303
1223,1390
1223,2004
1223,3271
1223,3356
1223,3651
1223,3679
1223,3740
1223,3862
1223,4272
1223,4326
1223,4448
1223,4503
1223,4718
1223,4722
1223,4890
1224,1317
1224,1467
1224,1589
1224,1590
1224,1706
1224,1864
1224,2447
1224,2999
1224,3158
1224,3225
1224,3400
1224,3577
1224,4239
1224,4430
1224,4788
1224,4986
1225,1482
1225,1663
1225,1777
1225,1981
1225,2054
1225,2517
1225,2630
1225,2848
1225,2918
1225,2944
1225,3100
1225,3105
1225,3217
1225,3931
1225,4144
1225,4146
1225,4495
1225,4504
1225,4593
1225,4644
1226,1612
1226,1725
1226,1802
1226,2042
1226,2057
1226,2625
1226,2833
1226,3299
1226,3355
1226,3388
1226,3456
1226,3492
1226,3948
1226,3977
1226,4395
1226,4498
1226,4622
1226,4693
1226,4746
1226,4771
1226,4911
1227,1991
1227,2300
1227,2465
1227,2822
1227,2947
1227,3059
1227,3382
1227,3923
1227,3965
1227,4088
1227,4145
1227,4235
1227,4293
1227,4681
1227,4825
1228,1327
1228,1466
1228,1524
1228,1669
1228,1788
1228,2042
1228,2096
1228,2307
1228,2571
1228,2695
1228,2951
1228,3028
1228,3228
1228,3244
1228,3261
1228,3529
1228,4040
1228,4397
1228,4535
1228,4544
1228,4727
1228,4968
1229,1580
1229,1678
1229,1700
1229,1795
1229,2324
1229,2361
1229,2679
1229,2839
1229,2914
1229,2962
1229,3024
1229,3125
1229,3553
1229,3709
1229,3766
1229,4166
1229,4434
1229,4439
1229,4714
1230,1250
1230,1805
1230,2180
1230,2348
1230,2579
1230,2606
1230,2679
1230,2891
1230,3266
1230,3276
1230,3287
1230,3477
1230,3584
1230,3684
1230,3766
1230,3791
1230,3859
1230,4033
1230,4043
1230,4596
1231,1253
1231,1599
1231,1789
1231,1974
1231,2010
1231,2124
1231,2360
1231,2620
1231,2668
1231,2714
1231,2969
1231,2986
1231,3258
1231,3366
1231,3625
1231,3725
1231,3744
1231,4282
1231,4336
1231,4499
1231,4564
1231,4686
1231,4869
1231,4969
1232,2162
1232,2893
1232,2935
1232,3120
1232,4412
1232,4601
1232,4755
1232,4766
1232,4848
1233,1257
1233,1343
1233,1588
1233,1675
1233,1678
1233,1719
1233,1748
1233,1841
1233,1865
1233,2032
1233,2116
1233,2131
1233,2228
1233,2235
1233,2276
1233,2657
1233,2762
1233,3200
1233,3433
1233,3675
1233,3802
1233,3858
1233,3912
1233,3966
1233,4122
1233,4182
1233,4209
1233,4377
1233,4586
1233,4650
1233,4848
1234,1315
1234,1802
1234,1846
1234,1972
1234,2285
1234,2365
1234,2556
1234,2575
1234,2705
1234,2846
1234,3121
1234,3321
1234,3729
1234,3732
1234,3756
1234,4128
1234,4219
1234,4291
1234,4410
1234,4435
1234,4753
1234,4904
1235,1310
1235,1425
1235,1642
1235,1720
1235,1754
1235,2019
1235,2911
1235,3661
1235,3779
1235,4035
1235,4797
1236,1329
1236,1490
1236,2223
1236,2347
1236,2373
1236,2452
1236,2545
1236,3280
1236,3352
1236,3480
1236,3585
1236,3597
1236,3797
1236,3934
1236,4171
1236,4497
1236,4586
1236,4713
1237,1450
1237,2196
1237,2205
1237,2726
1237,2764
1237,3404
1237,3624
1237,3731
1237,3978
1237,4239
1237,4286
1237,4581
1237,4643
1237,4669
1237,4746
1237,4764
1238,1495
1238,2182
1238,2481
1238,2811
1238,3144
1238,3288
1238,3560
1238,3591
1238,3648
1238,3778
1238,3821
1238,4002
1238,4321
1238,4382
1238,4514
1238,4620
1238,4652
1238,4851
1238,4940
1239,1304
1239,1308
1239,2573
1239,2605
1239,2622
1239,2674
1239,3191
1239,3609
1239,3737
1239,3922
1239,3955
1239,4088
1239,4147
1239,4308
1239,4402
1239,4484
1239,4705
1240,1972
1240,2018
1240,2134
1240,2361
1240,2459
1240,2493
1240,2915
1240,3516
1240,3616
1240,3693
1240,3855
1240,3969
1240,4119
1240,4234
1240,4467
1240,4501
1240,4535
1240,4976
1240,4990
1240,4993
1241,1255
1241,1260
1241,1605
1241,1741
1241,2178
1241,2256
1241,2613
1241,3029
1241,3070
1241,3520
1241,3753
1241,4084
1241,4166
1241,4172
1241,4385
1241,4398
1241,4484
1241,4589
1241,4866
1242,1324
1242,1450
1242,1580
1242,1647
1242,1830
1242,2206
1242,2216
1242,2307
1242,2345
1242,2790
1242,2807
1242,3083
1242,3150
1242,3175
1242,3621
1242,3663
1242,4097
1242,4623
1243,1266
1243,1447
1243,1658
1243,1907
1243,2527
1243,2583
1243,2822
1243,2983
1243,3751
1243,3909
1243,3984
1243,3994
1243,4030
1243,4381
1243,4675
1244,1305
1244,1517
1244,1614
1244,1834
1244,1926
1244,1981
1244,3012
1244,3022
1244,3587
1244,3685
1244,3713
1244,3834
1244,3896
1244,4021
1244,4236
1244,4243
1244,4417
1244,4450
1244,4535
1244,4627
1244,4719
1244,4934
1244,4945
1244,4984
1245,1642
1245,1777
1245,2041
1245,2123
1245,2201
1245,2435
1245,2862
1245,2905
1245,3341
1245,3866
1245,4163
1245,4278
1245,4453
1245,4678
1245,4870
1246,1311
1246,1411
1246,1491
1246,1611
1246,1740
1246,1757
1246,1783
1246,1842
1246,2174
1246,2978
1246,2986
1246,3011
1246,3313
1246,3333
1246,3462
1246,3553
1246,3594
1246,3805
1246,3902
1246,3912
1246,4125
1247,1349
1247,1384
1247,1449
1247,1596
1247,1716
1247,2001
1247,2025
1247,2146
1247,2154
1247,2530
1247,2565
1247,2778
1247,3033
1247,3801
1247,4111
1247,4295
1247,4381
1247,4387
1247,4615
1247,4632
1247,4734
1247,4792
1247,4845
1247,4873
1247,4976
1248,1905
1248,2109
1248,2596
1248,2766
1248,3069
1248,3244
1248,3416
1248,3870
1248,3960
1248,4083
1248,4106
1248,4781
1248,4809
1248,4940
1249,1347
1249,1348
1249,1811
1249,2462
1249,2638
1249,2813
1249,3657
1249,3710
1249,3731
1249,4094
1249,4114
1249,4203
1249,4620
1249,4710
1249,4724
1250,1293
1250,1561
1250,1862
1250,2038
1250,2247
1250,2502
1250,2959
1250,2969
1250,2972
1250,2983
1250,3135
1250,3890
1250,4003
1250,4326
1250,4524
1250,4579
1250,4638
1250,4710
1251,1848
1251,2138
1251,2369
1251,2530
1251,2731
1251,2740
1251,2851
1251,3359
1251,3528
1251,3561
1251,3697
1251,3946
1251,3979
1251,4465
1251,4927
1251,4975
1252,1315
1252,1927
1252,2068
1252,2262
1252,2305
1252,2329
1252,2566
1252,2726
1252,2829
1252,2899
1252,3277
1252,3390
1252,3610
1252,3618
1252,3710
1252,4144
1252,4341
1252,4356
1252,4416
1252,4435
1252,4874
1253,1286
1253,1402
1253,1467
1253,1830
1253,1941
1253,2535
1253,2588
1253,2622
1253,3164
1253,3450
1253,3503
1253,3601
1253,3717
1253,3762
1253,3842
1253,4149
1253,4217
1253,4301
1253,4468
1253,4654
1253,4985
1254,1315
1254,1421
1254,1680
1254,2022
1254,2277
1254,2576
1254,2603
1254,2669
1254,3110
1254,3295
1254,3749
1254,4075
1254,4405
1255,1368
1255,1561
1255,1932
1255,2151
1255,2167
1255,2411
1255,2780
1255,3650
1255,3759
1255,3910
1255,3978
1255,4277
1255,4283
1255,4310
1255,4825
1256,1287
1256,1492
1256,1619
1256,2155
1256,2229
1256,2682
1256,2684
1256,2923
1256,3367
1256,3467
1256,3660
1256,3884
1256,4682
1256,4892
1257,1283
1257,1301
1257,1499
1257,1687
1257,1715
1257,1951
1257,1975
1257,2109
1257,2431
1257,2497
1257,3164
1257,3178
1257,3225
1257,3482
1257,3586
1257,3665
1257,3790
1257,3791
1257,4243
1257,4502
1258,1521
1258,1690
1258,2069
1258,2602
1258,3492
1258,3496
1258,3558
1258,3742
1258,4105
1258,4147
1258,4330
1258,4430
1258,4469
1258,4523
1258,4618
1258,4654
1258,4785
1258,4900
1258,4943
1259,1317
1259,1383
1259,1551
1259,1660
1259,1700
1259,2147
1259,2170
1259,2321
1259,2351
1259,2532
1259,2993
1259,3041
1259,3214
1259,3273
1259,3424
1259,3425
1259,3583
1259,3722
1259,3739
1259,3877
1259,4584
1259,4622
1259,4673
1259,4694
1259,4797
1259,4917
1260,1281
1260,1748
1260,2073
1260,2285
1260,2361
1260,2482
1260,2810
1260,3105
1260,3365
1260,3366
1260,3585
1260,3672
1260,4081
1260,4133
1260,4135
1260,4289
1260,4925
1261,1541
1261,1581
1261,1777
1261,2092
1261,2293
1261,2302
1261,2307
1261,2559
1261,2580
1261,2777
1261,3230
1261,3574
1261,3832
1261,3938
1261,4036
1261,4323
1261,4829
1262,2003
1262,2081
1262,2148
1262,2412
1262,2585
1262,3140
1262,3406
1262,3445
1262,3993
1262,4276
1262,4347
1262,4468
1262,4601
1262,4631
1262,4658
1262,4676
1263,2237
1263,2402
1263,2455
1263,2559
1263,3284
1263,3608
1263,3676
1263,3716
1263,3723
1263,4066
1263,4082
1263,4176
1263,4230
1263,4461
1263,4509
1263,4568
1263,4572
1263,4632
1263,4891
1264,1312
1264,1705
1264,2107
1264,2248
1264,2263
1264,2601
1264,2755
1264,3057
1264,3216
1264,3297
1264,3556
1264,3950
1264,4194
1264,4259
1264,4556
1264,4591
1264,4925
1265,1398
1265,1758
1265,1823
1265,1840
1265,2205
1265,2214
1265,2722
1265,3195
1265,3272
1265,3613
1265,3621
1265,3662
1265,3800
1265,3831
1265,4129
1265,4210
1265,4324
1265,4451
1265,4457
1265,4574
1265,4797
1265,4800
1266,1430
1266,1742
1266,2045
1266,2066
1266,2161
1266,2169
1266,2200
1266,2388
1266,2526
1266,2647
1266,3051
1266,3522
1266,3767
1266,3857
1266,4023
1266,4938
1267,1587
1267,1637
1267,1821
1267,2551
1267,2602
1267,2752
1267,3110
1267,3158
1267,3612
1267,3788
1267,4409
1267,4628
1267,4643
1267,4653
1267,4678
1267,4941
1267,4942
1268,1362
1268,1448
1268,1692
1268,1840
1268,1888
1268,2178
1268,2713
1268,3074
1268,3151
1268,3245
1268,3354
1268,3376
1268,3546
1268,3761
1268,3828
1268,3837
1268,3936
1268,4022
1268,4491
1268,4661
1268,4824
1268,4922
1269,1362
1269,1391
1269,1421
1269,1549
1269,1975
1269,2174
1269,2338
1269,2430
1269,2705
1269,3338
1269,3370
1269,3603
1269,3629
1269,3894
1269,3948
1269,3979
1269,4483
1269,4499
1269,4599
1269,4666
1269,4723
1269,4945
1270,1496
1270,1860
1270,2232
1270,2273
1270,2386
1270,2619
1270,2674
1270,2779
1270,2825
1270,2833
1270,2991
1270,3276
1270,3413
1270,3552
1270,3583
1270,3944
1270,4000
1270,4421
1270,4537
1270,4643
1270,4998
1271,1275
1271,1671
1271,2235
1271,2910
1271,3016
1271,3306
1271,3921
1271,4376
1271,4464
1271,4694
1271,4756
1272,1527
1272,1602
1272,1764
1272,2204
1272,2283
1272,2300
1272,2839
1272,2984
1272,3108
1272,3115
1272,3186
1272,3369
1272,3686
1272,4159
1272,4207
1272,4260
1272,4444
1272,4472
1272,4752
1272,4893
1273,1410
1273,1591
1273,2092
1273,2247
1273,2256
1273,2270
1273,2398
1273,2892
1273,3366
1273,3427
1273,3496
1273,3633
1273,3968
1273,4030
1273,4071
1273,4128
1273,4224
1273,4255
1273,4462
1273,4506
1273,4548
1273,4854
1273,4925
1274,1308
1274,1393
1274,1504
1274,1568
1274,1615
1274,1684
1274,1929
1274,1936
1274,2796
1274,3139
1274,3593
1274,3876
1274,3939
1274,4196
1274,4405
1274,4449
1274,4861
1274,4998
1275,1304
1275,1360
1275,1523
1275,1587
1275,1604
1275,1874
1275,1875
1275,1935
1275,2040
1275,2078
1275,2331
1275,2826
1275,3127
1275,3262
1275,3394
1275,4282
1275,4378
1275,4794
1275,4919
1276,1657
1276,1979
1276,1982
1276,2127
1276,2144
1276,2318
1276,2396
1276,3238
1276,3240
1276,3410
1276,3675
1276,3870
1276,4153
1276,4308
1276,4432
1276,4520
1276,4606
1277,1444
1277,1655
1277,1736
1277,1955
1277,2251
1277,2427
1277,2428
1277,2458
1277,2568
1277,2940
1277,3071
1277,3093
1277,3201
1277,3439
1277,3807
1277,4540
1277,4834
1277,4914
1278,1372
1278,1380
1278,1418
1278,1445
1278,1659
1278,1674
1278,2122
1278,2562
1278,2633
1278,2900
1278,3458
1278,4021
1278,4034
1278,4231
1278,4622
1278,4795
1279,1292
1279,1545
1279,1816
1279,2145
1279,2621
1279,2983
1279,3131
1279,3323
1279,3430
1279,3577
1279,3593
1279,3644
1279,3784
1279,3986
1279,4419
1279,4606
1279,4615
1279,4754
1280,1497
1280,1670
1280,1815
1280,1967
1280,2076
1280,2222
1280,2334
1280,2381
1280,2395
1280,2426
1280,2983
1280,3077
1280,3259
1280,3501
1280,3797
1280,3831
1280,4042
1280,4076
1280,4178
1280,4349
1280,4480
1280,4600
1281,1581
1281,1663
1281,1735
1281,1816
1281,1850
1281,1893
1281,2090
1281,2227
1281,2419
1281,2670
1281,2725
1281,3251
1281,3438
1281,3535
1281,4029
1281,4091
1281,4378
1281,4394
1281,4415
1281,4974
1282,1539
1282,1688
1282,2230
1282,2263
1282,2296
1282,2400
1282,2442
1282,2693
1282,2701
1282,2716
1282,2833
1282,3196
1282,3259
1282,3457
1282,3613
1282,3981
1282,3997
1282,4219
1282,4484
1282,4734
1282,4922
1282,4982
1283,1773
1283,1918
1283,1945
1283,2035
1283,2322
1283,3196
1283,3509
1283,3705
1283,3716
1283,3797
1283,3982
1283,4310
1283,4706
1283,4746
1283,4929
1284,1447
1284,1468
1284,1478
1284,1689
1284,1880
1284,2208
1284,2503
1284,2958
1284,3109
1284,3289
1284,3364
1284,3426
1284,3520
1284,3833
1284,3855
1284,4083
1284,4212
1284,4467
1284,4709
1284,4766
1284,4771
1284,4904
1284,4932
1285,1554
1285,1916
1285,2088
1285,2125
1285,2471
1285,2507
1285,2917
1285,2935
1285,3183
1285,3262
1285,3326
1285,3455
1285,3633
1285,3810
1285,3913
1285,4122
1285,4517
1285,4555
1285,4810
1286,1471
1286,1506
1286,1738
1286,2020
1286,2277
1286,2317
1286,2343
1286,2449
1286,2475
1286,2563
1286,2627
1286,2663
1286,2667
1286,3120
1286,3197
1286,3271
1286,3468
1286,3571
1286,3624
1286,3737
1286,3758
1286,4578
1286,4916
1286,4920
1287,1751
1287,1972
1287,2393
1287,2740
1287,2748
1287,2943
1287,2987
1287,3403
1287,3756
1287,3978
1287,4084
1287,4104
1287,4141
1287,4521
1287,4524
1287,4632
1287,4779
1287,4894
1287,4918
1287,4978
1288,1356
1288,1373
1288,1485
1288,1554
1288,2353
1288,2619
1288,2844
1288,2911
1288,3388
1288,3508
1288,3795
1288,4207
1288,4230
1288,4340
1288,4348
1288,4448
1288,4593
1288,4747
1288,4754
1288,4842
1288,4885
1288,4895
1289,1706
1289,1751
1289,1853
1289,1965
1289,2180
1289,2446
1289,2717
1289,3663
1289,3705
1289,3819
1289,4094
1289,4125
1289,4571
1289,4828
1290,1616
1290,1643
1290,1756
1290,1849
1290,1936
1290,1957
1290,1969
1290,2014
1290,2276
1290,2287
1290,2950
1290,3708
1290,3855
1290,4213
1290,4403
1290,4657
1290,4730
1290,4765
1290,4769
1291,1710
1291,2118
1291,2241
1291,2379
1291,2559
1291,2810
1291,2820
1291,3085
1291,3211
1291,3736
1291,3996
1291,4220
1291,4243
1291,4838
1292,1529
1292,1580
1292,2126
1292,2188
1292,2512
1292,2855
1292,2880
1292,3492
1292,4194
1292,4286
1292,4334
1292,4407
1292,4653
1292,4749
1293,1394
1293,1457
1293,1757
1293,1783
1293,1839
1293,2287
1293,2328
1293,2567
1293,2575
1293,2629
1293,2739
1293,2936
1293,2969
1293,3137
1293,3302
1293,3403
1293,3455
1293,3510
1293,3541
1293,3580
1293,3610
1293,3721
1293,3866
1293,4107
1293,4402
1293,4613
1294,1347
1294,1370
1294,1640
1294,1888
1294,2252
1294,2410
1294,2446
1294,2544
1294,2623
1294,2756
1294,3005
1294,3615
1294,3753
1294,3813
1294,3950
1294,4239
1294,4832
1295,1551
1295,1838
1295,1843
1295,1973
1295,2226
1295,2328
1295,2483
1295,2658
1295,2783
1295,3021
1295,3070
1295,3764
1295,3852
1295,3881
1295,4016
1295,4254
1295,4755
1295,4840
1296,1628
1296,1661
1296,1967
1296,2332
1296,2557
1296,2660
1296,2968
1296,2971
1296,3758
1296,3769
1296,3837
1296,4634
1296,4789
1296,4879
1297,1402
1297,1718
1297,1863
1297,1987
1297,2106
1297,2344
1297,2728
1297,2787
1297,2808
1297,2876
1297,2979
1297,3083
1297,3139
1297,3217
1297,3529
1297,3532
1297,3553
1297,3782
1297,3985
1297,4339
1297,4392
1297,4700
1297,4892
1297,4895
1297,4914
1298,1765
1298,1926
1298,2110
1298,2775
1298,2838
1298,2873
1298,2926
1298,3038
1298,3404
1298,3458
1298,3584
1298,3837
1298,4014
1298,4343
1298,4638
1298,4983
1299,1333
1299,1362
1299,1411
1299,1564
1299,1695
1299,1954
1299,2045
1299,2081
1299,2707
1299,2824
1299,3356
1299,3858
1299,3878
1299,3917
1299,3926
1299,3947
1299,4301
1299,4355
1299,4460
1299,4776
1300,1694
1300,1858
1300,2058
1300,2072
1300,2359
1300,2560
1300,2648
1300,2656
1300,2687
1300,2716
1300,2841
1300,3138
1300,3276
1300,3621
1300,3929
1300,3962
1300,4147
1300,4171
1300,4293
1300,4389
1300,4469
1300,4495
1300,4551
1300,4802
1300,4862
1300,4960
1301,1331
1301,1741
1301,1812
1301,1910
1301,2701
1301,2789
1301,2868
1301,3013
1301,3126
1301,3248
1301,3994
1301,4059
1301,4516
1301,4537
1301,4674
1301,4881
1302,1364
1302,1431
1302,1456
1302,1523
1302,1759
1302,2018
1302,2019
1302,2496
1302,3285
1302,3520
1302,3560
1302,3589
1302,3732
1302,3905
1302,4015
1302,4071
1302,4341
1302,4366
1302,4531
1302,4577
1303,1627
1303,1989
1303,2324
1303,2361
1303,2362
1303,2434
1303,2897
1303,3320
1303,3471
1303,4170
1303,4211
1303,4286
1303,4311
1303,4341
1303,4864
1303,4926
1304,1309
1304,1360
1304,1437
1304,1636
1304,1697
1304,2025
1304,2278
1304,2558
1304,2621
1304,2695
1304,2938
1304,3011
1304,3034
1304,3094
1304,3119
1304,3177
1304,3838
1304,4008
1304,4017
1304,4028
1304,4233
1304,4271
1304,4419
1304,4704
1305,1434
1305,1459
1305,1637
1305,1832
1305,2064
1305,2106
1305,2239
1305,2339
1305,2368
1305,2597
1305,2842
1305,2852
1305,2876
1305,2970
1305,3261
1305,3440
1305,4514
1305,4882
1305,4911
1305,4979
1306,1373
1306,1483
1306,1630
1306,1871
1306,2188
1306,2193
1306,2340
1306,2366
1306,2393
1306,2959
1306,2981
1306,3149
1306,3310
1306,3339
1306,3837
1306,3931
1306,4152
1306,4218
1306,4353
1306,4419
1306,4476
1306,4803
1306,4823
1306,4917
1306,4951
1307,1422
1307,1989
1307,2428
1307,2607
1307,2608
1307,2752
1307,2791
1307,2893
1307,3271
1307,3353
1307,3355
1307,3553
1307,3621
1307,3877
1307,3957
1307,4019
1307,4023
1307,4193
1307,4289
1307,4578
1307,4818
1307,4843
1307,4958
1308,1939
1308,2498
1308,2869
1308,3125
1308,3128
1308,3312
1308,3404
1308,3473
1308,4116
1308,4125
1308,4200
1308,4259
1308,4483
1308,4569
1308,4597
1309,1505
1309,1676
1309,1906
1309,1986
1309,2068
1309,2186
1309,2247
1309,2250
1309,2417
1309,2518
1309,2989
1309,3207
1309,3237
1309,3360
1309,3389
1309,3461
1309,3815
1309,4259
1309,4480
1309,4504
1309,4875
1310,1358
1310,1375
1310,1457
1310,1530
1310,1909
1310,2369
1310,2683
1310,2804
1310,3066
1310,3348
1310,3412
1310,3456
1310,3728
1310,3790
1310,3822
1310,3847
1310,4009
1310,4403
1310,4514
1310,4965
1311,1352
1311,1582
1311,1702
1311,1929
1311,2370
1311,2532
1311,2720
1311,2780
1311,3024
1311,3188
1311,3473
1311,3513
1311,3515
1311,3772
1311,3899
1311,4261
1311,4535
1311,4926
1311,4937
1311,4994
1312,1346
1312,1407
1312,1513
1312,1658
1312,1741
1312,2608
1312,2657
1312,2738
1312,2818
1312,2904
1312,2926
1312,3205
1312,3244
1312,3473
1312,3754
1312,3977
1312,3984
1312,4048
1312,4323
1312,4389
1312,4697
1312,4751
1312,4808
1312,4940
1313,1462
1313,1764
1313,1774
1313,1796
1313,2173
1313,2467
1313,2497
1313,2619
1313,2830
1313,3205
1313,3376
1313,3379
1313,3685
1313,3735
1313,4075
1313,4085
1313,4165
1313,4264
1313,4270
1313,4272
1313,4741
1313,4925
1314,1468
1314,1529
1314,1677
1314,2146
1314,2220
1314,2227
1314,2355
1314,2477
1314,2562
1314,2597
1314,2766
1314,2956
1314,3101
1314,3170
1314,3267
1314,3373
1314,3398
1314,3488
1314,3522
1314,3717
1314,3941
1314,3997
1314,4549
1315,1515
1315,1788
1315,1949
1315,2057
1315,2695
1315,2829
1315,3137
1315,3206
1315,3211
1315,3284
1315,3460
1315,3469
1315,3616
1315,3667
1315,4062
1315,4187
1315,4251
1315,4320
1315,4336
1315,4380
1315,4405
1315,4598
1315,4609
1315,4713
1315,4803
1315,4818
1315,4933
1315,4970
1316,2049
1316,2168
1316,2413
1316,2433
1316,2532
1316,2659
1316,2927
1316,3117
1316,3133
1316,3147
1316,3313
1316,3382
1316,4016
1316,4042
1316,4096
1316,4430
1316,4551
1316,4597
1316,4607
1316,4691
1317,1468
1317,1503
1317,1652
1317,1903
1317,2284
1317,2347
1317,2625
1317,2713
1317,2882
1317,3020
1317,3287
1317,4075
1317,4266
1317,4475
1317,4613
1317,4981
1318,1430
1318,1735
1318,1823
1318,2010
1318,2072
1318,2094
1318,2673
1318,2854
1318,3144
1318,3217
1318,3277
1318,3486
1318,3515
1318,3520
1318,3533
1318,4012
1318,4248
1318,4254
1318,4432
1318,4569
1318,4819
1319,1444
1319,1627
1319,1685
1319,1702
1319,1706
1319,1952
1319,2599
1319,2847
1319,2864
1319,3175
1319,3380
1319,3486
1319,3532
1319,3617
1319,4498
1319,4628
1319,4848
1320,1326
1320,1351
1320,1603
1320,1604
1320,1695
1320,1799
1320,1800
1320,1842
1320,2020
1320,2104
1320,2114
1320,2327
1320,2467
1320,2635
1320,2657
1320,2837
1320,2896
1320,3894
1320,3905
1320,4022
1320,4459
1320,4675
1320,4737
1320,4914
1321,1602
1321,1661
1321,1699
1321,2013
1321,2425
1321,2794
1321,2813
1321,2969
1321,3037
1321,3227
1321,3750
1321,3851
1321,3870
1321,4087
1321,4167
1321,4272
1321,4344
1321,4391
1321,4508
1322,1419
1322,1542
1322,1551
1322,1727
1322,1902
1322,2028
1322,2048
1322,2083
1322,2105
1322,2701
1322,2808
1322,3033
1322,3300
1322,3322
1322,3610
1322,3735
1322,4766
1322,4874
1322,4879
1323,1499
1323,1775
1323,1969
1323,2248
1323,2433
1323,2448
1323,2684
1323,2744
1323,2973
1323,3057
1323,3171
1323,3638
1323,4362
1323,4431
1323,4484
1323,4621
1323,4708
1323,4863
1323,4951
1323,4968
1324,1325
1324,1558
1324,1666
1324,1714
1324,1880
1324,1936
1324,1938
1324,2003
1324,2103
1324,2368
1324,2451
1324,2833
1324,2857
1324,3263
1324,3572
1324,3588
1324,3692
1324,3705
1324,3855
1324,3909
1324,4264
1324,4289
1324,4467
1324,4725
1325,1946
1325,1963
1325,2177
1325,2413
1325,2415
1325,2510
1325,2526
1325,2579
1325,2693
1325,2718
1325,2719
1325,2729
1325,2784
1325,2852
1325,3045
1325,3367
1325,3444
1325,4043
1325,4085
1325,4238
1325,4246
1325,4439
1325,4459
1325,4495
1325,4959
1326,1982
1326,2013
1326,2256
1326,2305
1326,2627
1326,3118
1326,4181
1326,4320
1326,4755
1327,1363
1327,1510
1327,1519
1327,1870
1327,2303
1327,2350
1327,2476
1327,2587
1327,2637
1327,2758
1327,3164
1327,3345
1327,3446
1327,3967
1327,4140
1327,4474
1327,4734
1328,1559
1328,1716
1328,1867
1328,1917
1328,2870
1328,2992
1328,3092
1328,3185
1328,3284
1328,3527
1328,4216
1328,4251
1328,4311
1328,4531
1328,4664
1329,1441
1329,1631
1329,1794
1329,1820
1329,1941
1329,2206
1329,2288
1329,2300
1329,2669
1329,2759
1329,3033
1329,3405
1329,3590
1329,3754
1329,3837
1329,3852
1329,4022
1329,4053
1329,4131
1329,4183
1329,4288
1329,4438
1329,4499
1329,4874
1330,1398
1330,1464
1330,1603
1330,2242
1330,2394
1330,2466
1330,2479
1330,2745
1330,2775
1330,2808
1330,2882
1330,3195
1330,3235
1330,3286
1330,3319
1330,3594
1330,3692
1330,3734
1330,4215
1330,4259
1330,4533
1330,4777
1330,4936
1331,1778
1331,1792
1331,2019
1331,2109
1331,2176
1331,2221
1331,2252
1331,2396
1331,2595
1331,2675
1331,3164
1331,3238
1331,3308
1331,3582
1331,3916
1331,4354
1331,4405
1331,4563
1331,4865
1331,4899
1332,1592
1332,1757
1332,1807
1332,2016
1332,2610
1332,2662
1332,3257
1332,3285
1332,3332
1332,3405
1332,3748
1332,3846
1332,4027
1332,4082
1332,4670
1332,4856
1333,1447
1333,1492
1333,1587
1333,1592
1333,1627
1333,1802
1333,1945
1333,1959
1333,2023
1333,2631
1333,3289
1333,3343
1333,3386
1333,3403
1333,3506
1333,3903
1333,4138
1333,4550
1333,4645
1333,4899
1334,1738
1334,2071
1334,2610
1334,2626
1334,2640
1334,3022
1334,3224
1334,3770
1334,3972
1334,4228
1334,4549
1334,4550
1334,4852
1334,4952
1335,1383
1335,1534
1335,1580
1335,1674
1335,1742
1335,2057
1335,2060
1335,2596
1335,2915
1335,3329
1335,3391
1335,3509
1335,3580
1335,3645
1335,3724
1335,3769
1335,3935
1335,3985
1335,4081
1335,4146
1335,4327
1335,4458
1335,4505
1336,1433
1336,1511
1336,1642
1336,1781
1336,2119
1336,2198
1336,2237
1336,2822
1336,2960
1336,3138
1336,3611
1336,3818
1336,3952
1336,4195
1336,4238
1336,4291
1336,4562
1336,4627
1336,4655
1336,4832
1337,1381
1337,1551
1337,1594
1337,1679
1337,1697
1337,2546
1337,2575
1337,2655
1337,2695
1337,2744
1337,2805
1337,3166
1337,3203
1337,3295
1337,3611
1337,4036
1337,4167
1337,4225
1337,4526
1337,4919
1338,1400
1338,1798
1338,1963
1338,1984
1338,2137
1338,2287
1338,2293
1338,2312
1338,2909
1338,2946
1338,3228
1338,3349
1338,3459
1338,3829
1338,4137
1338,4422
1338,4523
1338,4716
1338,4939
1339,1411
1339,1626
1339,1647
1339,1718
1339,2106
1339,2437
1339,2498
1339,2508
1339,2552
1339,2685
1339,2713
1339,2727
1339,2754
1339,3398
1339,3638
1339,3724
1339,3845
1339,4615
1339,4701
1340,1391
1340,1488
1340,1621
1340,1666
1340,1667
1340,1838
1340,2417
1340,2545
1340,2565
1340,2589
1340,3169
1340,3583
1340,4118
1340,4270
1340,4466
1340,4641
1340,4673
1340,4718
1340,4877
1341,1366
1341,1850
1341,2042
1341,2082
1341,2148
1341,2373
1341,2374
1341,2405
1341,2499
1341,2550
1341,2981
1341,3107
1341,3316
1341,3377
1341,3733
1341,3803
1341,3854
1341,4216
1341,4296
1341,4310
1341,4326
1341,4402
1341,4843
1342,1463
1342,1562
1342,2224
1342,2298
1342,2389
1342,2617
1342,2637
1342,2716
1342,2777
1342,2795
1342,2964
1342,3147
1342,3419
1342,3502
1342,3658
1342,4443
1342,4584
1342,4654
1342,4672
1342,4771
1342,4832
1342,4944
1342,4960
1342,4991
1343,1403
1343,1551
1343,1569
1343,1606
1343,1745
1343,2051
1343,2196
1343,2392
1343,2887
1343,2947
1343,3079
1343,3403
1343,3442
1343,3497
1343,3722
1343,3782
1343,3830
1343,3941
1343,3975
1343,4009
1343,4182
1343,4399
1343,4436
1343,4440
1343,4803
1343,4893
1344,1474
1344,1593
1344,1719
1344,1888
1344,2004
1344,2321
1344,2534
1344,2808
1344,3052
1344,3103
1344,3815
1344,4079
1344,4179
1344,4235
1344,4367
1344,4719
1345,1695
1345,1994
1345,2113
1345,2292
1345,2914
1345,2948
1345,3006
1345,3195
1345,3407
1345,3752
1345,3966
1345,4511
1345,4696
1345,4799
1345,4999
1346,1509
1346,1593
1346,1598
1346,1965
1346,2399
1346,2543
1346,2871
1346,3071
1346,3183
1346,3351
1346,3477
1346,3710
1346,4157
1346,4610
1346,4616
1346,4915
1347,1397
1347,1594
1347,1944
1347,2175
1347,2628
1347,2766
1347,2864
1347,3251
1347,3319
1347,3366
1347,3370
1347,3710
1347,3887
1347,4072
1347,4166
1347,4346
1347,4395
1347,4425
1348,1509
1348,1934
1348,2050
1348,2805
1348,2959
1348,3897
1348,4172
1348,4174
1348,4418
1348,4490
1348,4810
1348,4862
1348,4903
1349,1782
1349,1790
1349,1964
1349,2172
1349,2266
1349,2276
1349,2547
1349,2559
1349,2581
1349,2791
1349,3297
1349,3346
1349,3839
1349,3878
1349,3985
1349,4398
1349,4414
1349,4699
1349,4739
1349,4773
1349,4790
1349,4973
1349,4995
1350,1462
1350,1504
1350,1608
1350,1665
1350,1720
1350,1807
1350,1812
1350,2001
1350,2444
1350,2599
1350,2654
1350,2987
1350,3144
1350,3196
1350,3708
1350,4076
1350,4162
1350,4268
1350,4418
1350,4523
1350,4763
1351,1684
1351,1874
1351,2008
1351,2017
1351,2090
1351,2750
1351,3030
1351,3255
1351,3285
1351,3417
1351,3425
1351,3657
1351,3689
1351,3974
1351,4041
1351,4153
1351,4438
1352,1440
1352,1505
1352,1845
1352,2192
1352,2279
1352,2319
1352,2359
1352,2711
1352,3092
1352,3681
1352,3908
1352,3986
1352,4071
1352,4186
1352,4213
1352,4307
1352,4699
1353,1385
1353,1440
1353,1552
1353,1978
1353,2033
1353,2085
1353,2098
1353,2361
1353,2370
1353,2682
1353,3776
1353,4000
1353,4150
1353,4222
1353,4290
1353,4513
1353,4579
1353,4614
1353,4811
1354,1665
1354,1978
1354,2551
1354,2630
1354,3120
1354,3462
1354,3567
1354,3698
1354,3800
1354,3870
1354,3981
1354,4057
1354,4126
1354,4374
1354,4458
1354,4629
1354,4667
1354,4946
1355,1371
1355,1527
1355,1615
1355,1786
1355,1897
1355,2355
1355,2646
1355,2847
1355,2994
1355,3207
1355,3513
1355,3837
1355,4031
1355,4105
1355,4191
1355,4283
1355,4327
1355,4364
1355,4388
1355,4681
1355,4713
1356,1509
1356,1543
1356,2016
1356,2743
1356,2991
1356,3006
1356,3223
1356,3448
1356,3493
1356,3626
1356,3638
1356,3671
1356,3916
1356,4571
1356,4582
1356,4627
1356,4962
1357,1454
1357,1502
1357,1644
1357,2264
1357,2661
1357,2677
1357,3118
1357,3165
1357,3195
1357,3380
1357,3577
1357,3646
1357,3685
1357,3699
1357,3896
1357,3966
1357,4057
1357,4293
1357,4799
1357,4817
1357,4921
1358,1468
1358,1481
1358,1687
1358,1851
1358,2550
1358,3090
1358,3308
1358,3395
1358,3406
1358,4133
1358,4612
1358,4823
1358,4933
1359,1386
1359,2030
1359,2063
1359,2442
1359,2551
1359,2791
1359,2928
1359,3040
1359,3170
1359,3190
1359,3347
1359,3767
1359,4215
1359,4361
1359,4443
1359,4969
1360,1494
1360,1888
1360,2162
1360,2174
1360,2490
1360,2530
1360,2727
1360,3550
1360,3645
1360,3785
1360,4060
1360,4315
1360,4429
1360,4776
1361,1489
1361,1575
1361,2060
1361,2159
1361,2398
1361,2527
1361,2541
1361,2621
1361,2765
1361,3134
1361,3183
1361,4190
1361,4404
1361,4494
1361,4844
1362,1410
1362,1503
1362,1552
1362,2171
1362,2606
1362,3000
1362,3001
1362,3132
1362,3155
1362,3223
1362,3400
1362,3480
1362,3586
1362,4093
1362,4119
1362,4322
1362,4629
1363,1526
1363,1534
1363,1709
1363,1999
1363,2140
1363,2578
1363,2804
1363,2921
1363,2944
1363,3178
1363,3183
1363,3664
1363,3935
1363,3952
1363,4349
1363,4535
1363,4760
1363,4775
1364,1548
1364,2074
1364,3175
1364,3225
1364,3532
1364,3703
1364,4671
1365,1660
1365,3043
1365,3544
1365,3582
1365,3631
1365,4287
1366,1697
1366,2048
1366,2196
1366,3257
1366,3541
1366,3662
1366,3817
1366,3905
1366,4181
1366,4513
1366,4546
1367,1488
1367,1635
1367,2164
1367,2450
1367,2472
1367,2554
1367,2797
1367,2821
1367,2848
1367,2914
1367,3465
1367,3593
1367,3716
1367,3804
1367,3832
1367,4057
1367,4168
1367,4230
1367,4256
1367,4291
1368,2055
1368,2224
1368,2247
1368,2375
1368,2409
1368,2421
1368,2552
1368,2906
1368,2915
1368,2973
1368,3161
1368,3447
1368,3481
1368,3882
1368,4553
1368,4709
1369,1857
1369,1997
1369,2120
1369,2226
1369,2637
1369,2651
1369,2674
1369,2763
1369,3023
1369,3289
1369,3850
1369,4051
1369,4053
1369,4364
1369,4477
1369,4543
1369,4553
1369,4787
1369,4925
1369,4973
1370,1372
1370,1438
1370,1756
1370,2092
1370,2225
1370,2336
1370,2599
1370,2703
1370,3257
1370,3334
1370,3399
1370,3419
1370,3542
1370,3889
1370,4117
1370,4160
1370,4215
1370,4297
1370,4440
1370,4555
1370,4578
1371,1384
1371,1646
1371,1670
1371,1722
1371,2181
1371,2465
1371,2555
1371,2703
1371,2819
1371,3864
1371,4050
1371,4332
1371,4440
1371,4698
1371,4748
1372,1601
1372,1753
1372,1862
1372,1878
1372,2221
1372,2374
1372,2888
1372,2923
1372,3092
1372,3099
1372,3255
1372,3555
1372,3697
1372,3703
1372,3781
1372,4149
1372,4522
1372,4606
1373,1684
1373,1739
1373,1758
1373,1964
1373,2511
1373,2580
1373,2749
1373,3103
1373,3119
1373,3351
1373,3448
1373,3462
1373,3513
1373,3746
1373,4058
1373,4149
1373,4215
1373,4295
1374,1576
1374,1601
1374,1615
1374,1670
1374,1733
1374,1756
1374,1807
1374,1862
1374,1894
1374,1969
1374,2938
1374,3214
1374,3280
1374,3452
1374,3470
1374,3531
1374,3768
1374,3876
1374,3891
1374,4258
1374,4661
1375,1388
1375,1607
1375,1649
1375,1834
1375,1903
1375,2145
1375,2404
1375,2839
1375,3066
1375,3399
1375,3896
1375,3952
1375,4073
1375,4186
1375,4686
1375,4771
1376,1551
1376,1666
1376,1752
1376,1874
1376,1960
1376,2245
1376,2309
1376,2451
1376,2921
1376,3283
1376,3502
1376,4087
1376,4816
1376,4823
1377,1526
1377,1939
1377,2341
1377,2391
1377,2402
1377,2944
1377,3111
1377,3120
1377,3751
1377,4163
1377,4193
1377,4434
1377,4545
1377,4882
1377,4932
1378,1389
1378,1656
1378,1795
1378,1880
1378,2098
1378,2402
1378,2675
1378,2765
1378,2811
1378,3011
1378,3123
1378,3309
1378,3450
1378,4024
1378,4204
1378,4224
1378,4624
1378,4655
1379,1693
1379,1734
1379,1819
1379,1866
1379,1992
1379,2177
1379,2416
1379,2535
1379,2756
1379,3155
1379,3166
1379,3409
1379,3603
1379,3738
1379,3758
1379,3974
1379,4310
1379,4462
1379,4465
1379,4665
1379,4826
1380,1976
1380,2277
1380,2572
1380,2836
1380,2912
1380,3628
1380,3756
1380,3769
1380,3781
1380,3970
1380,4041
1381,1479
1381,1581
1381,1854
1381,1925
1381,2233
1381,2467
1381,2564
1381,2956
1381,3415
1381,3472
1381,3650
1381,3653
1381,3752
1381,3763
1381,4410
1381,4443
1381,4593
1381,4672
1381,4758
1382,1511
1382,1529
1382,1664
1382,2011
1382,2874
1382,3012
1382,3322
1382,3403
1382,3561
1382,3866
1382,4183
1382,4353
1382,4608
1382,4640
1382,4798
1382,4960
1383,1432
1383,1443
1383,1994
1383,2013
1383,2075
1383,2526
1383,2598
1383,2693
1383,2766
1383,3448
1383,3455
1383,3468
1383,3497
1383,3568
1383,3948
1383,4093
1383,4492
1383,4874
1384,1395
1384,1564
1384,2147
1384,2297
1384,2599
1384,2741
1384,2887
1384,3017
1384,3028
1384,3248
1384,3332
1384,3365
1384,3826
1384,3972
1384,3995
1384,4048
1384,4200
1385,1439
1385,1566
1385,1825
1385,1878
1385,2026
1385,2102
1385,2373
1385,2571
1385,2655
1385,2834
1385,3311
1385,3321
1385,3419
1385,3458
1385,3543
1385,4171
1385,4203
1385,4216
1385,4297
1385,4820
1386,1430
1386,1482
1386,1711
1386,1847
1386,2503
1386,2580
1386,2695
1386,2874
1386,2931
1386,3041
1386,3131
1386,3334
1386,3396
1386,3608
1386,3707
1386,3718
1386,3744
1386,4414
1387,2013
1387,2271
1387,2550
1387,2631
1387,2647
1387,3085
1387,3252
1387,3478
1387,3737
1387,4020
1387,4132
1387,4172
1387,4666
1387,4986
1388,1539
1388,1890
1388,2186
1388,2463
1388,2593
1388,2646
1388,2794
1388,3583
1388,3762
1388,3928
1388,4067
1388,4232
1388,4405
1388,4584
1388,4608
1388,4624
1388,4630
1388,4731
1388,4983
1389,1441
1389,1644
1389,1760
1389,2024
1389,2496
1389,2705
1389,3114
1389,3448
1389,3529
1389,3915
1389,4003
1389,4058
1389,4219
1389,4302
1389,4642
1389,4692
1389,4828
1390,1839
1390,1966
1390,2048
1390,2125
1390,2262
1390,2331
1390,2566
1390,2612
1390,2817
1390,2877
1390,3161
1390,3303
1390,3629
1390,3646
1390,3916
1390,3935
1390,4345
1390,4495
1390,4847
1390,4938
1390,4995
1391,1762
1391,1923
1391,2223
1391,2249
1391,2397
1391,2472
1391,2602
1391,3050
1391,3481
1391,3499
1391,3519
1391,3631
1391,3708
1391,4379
1391,4417
1391,4510
1391,4574
1391,4809
1392,1584
1392,1782
1392,1791
1392,2340
1392,2558
1392,2717
1392,3271
1392,4060
1392,4330
1392,4531
1392,4701
1392,4870
1392,4958
1393,1602
1393,1654
1393,1748
1393,1830
1393,1906
1393,1941
1393,2020
1393,2160
1393,2345
1393,2370
1393,2488
1393,2508
1393,2987
1393,3227
1393,3509
1393,3713
1393,4161
1393,4169
1393,4183
1393,4227
1393,4293
1393,4472
1393,4628
1393,4683
1394,1855
1394,2398
1394,2482
1394,2701
1394,3215
1394,3421
1394,3497
1394,3678
1394,3764
1394,3824
1394,4030
1394,4085
1394,4725
1394,4887
1394,4915
1395,1480
1395,1554
1395,1698
1395,1793
1395,1814
1395,1889
1395,2153
1395,2431
1395,3061
1395,3165
1395,3461
1395,3807
1395,3839
1395,4217
1395,4347
1395,4653
1395,4785
1395,4795
1395,4814
1395,4956
1396,1491
1396,1814
1396,1862
1396,1940
1396,2013
1396,2177
1396,2234
1396,2251
1396,2322
1396,2363
1396,2676
1396,2823
1396,2862
1396,3045
1396,3086
1396,3241
1396,3399
1396,3403
1396,3668
1396,3676
1396,3993
1396,4015
1396,4496
1396,4539
1397,1429
1397,1755
1397,2099
1397,2361
1397,2972
1397,2973
1397,2984
1397,3207
1397,3284
1397,3579
1397,3659
1397,3815
1397,4028
1397,4246
1397,4331
1397,4368
1397,4387
1397,4569
1398,1441
1398,1802
1398,1866
1398,2004
1398,2011
1398,2070
1398,2337
1398,2506
1398,2598
1398,2629
1398,2657
1398,2714
1398,3225
1398,3334
1398,3451
1398,3706
1398,4044
1398,4125
1398,4188
1398,4255
1398,4648
1398,4798
1398,4854
1399,1536
1399,1622
1399,2249
1399,2423
1399,2741
1399,2768
1399,2842
1399,3178
1399,3425
1399,3466
1399,4054
1399,4512
1399,4522
1399,4603
1400,1401
1400,1631
1400,1971
1400,2297
1400,2305
1400,2405
1400,2410
1400,2472
1400,2473
1400,2521
1400,2640
1400,2902
1400,3101
1400,3236
1400,3631
1400,4162
1400,4378
1400,4435
1400,4839
1400,4959
1401,1605
1401,1910
1401,1946
1401,2088
1401,2117
1401,2581
1401,2636
1401,2878
1401,2943
1401,2979
1401,3068
1401,3155
1401,3382
1401,3484
1401,3699
1401,3806
1401,3818
1401,4218
1401,4310
1401,4568
1401,4822
1401,4885
1402,1451
1402,1526
1402,1561
1402,1587
1402,1751
1402,2081
1402,2523
1402,2699
1402,3418
1402,3435
1402,3571
1402,3935
1402,4010
1402,4331
1402,4508
1402,4953
1403,1721
1403,1897
1403,2049
1403,2214
1403,2351
1403,2477
1403,2637
1403,2945
1403,3087
1403,3151
1403,3199
1403,3617
1403,3791
1403,3840
1403,3967
1403,3977
1403,4349
1404,1489
1404,1716
1404,1824
1404,1932
1404,2163
1404,2186
1404,2253
1404,2644
1404,2725
1404,2854
1404,2973
1404,3061
1404,3297
1404,3364
1404,3534
1404,3663
1404,3896
1404,4513
1404,4678
1404,4805
1405,1565
1405,1575
1405,2064
1405,2579
1405,2841
1405,3036
1405,3588
1405,3728
1405,3745
1405,3999
1405,4389
1405,4401
1406,1439
1406,1487
1406,1494
1406,1730
1406,1744
1406,2069
1406,2292
1406,2310
1406,2355
1406,2458
1406,3093
1406,3282
1406,3404
1406,3567
1406,3586
1406,3686
1406,3898
1406,3904
1406,4234
1406,4430
1406,4460
1406,4526
1406,4722
1406,4888
1406,4928
1407,1629
1407,1882
1407,2156
1407,2258
1407,2457
1407,2562
1407,2616
1407,3247
1407,3636
1407,3640
1407,3990
1407,4043
1407,4053
1407,4275
1407,4327
1407,4882
1407,4976
1408,1507
1408,1569
1408,2322
1408,2519
1408,2682
1408,3145
1408,3459
1408,3832
1408,4073
1408,4199
1408,4278
1408,4515
1409,1466
1409,1540
1409,1727
1409,1899
1409,1928
1409,1952
1409,2063
1409,2255
1409,2308
1409,2455
1409,2528
1409,2682
1409,3335
1409,3667
1409,3733
1409,3841
1409,3848
1409,4212
1409,4254
1409,4374
1409,4379
1409,4615
1409,4834
1410,1586
1410,1689
1410,1708
1410,1730
1410,1735
1410,1811
1410,2201
1410,2333
1410,2543
1410,2557
1410,2674
1410,2767
1410,2863
1410,3291
1410,3371
1410,3403
1410,3420
1410,3487
1410,3538
1410,4113
1410,4508
1410,4968
1411,1655
1411,1767
1411,1979
1411,2000
1411,2173
1411,2303
1411,2308
1411,2316
1411,2677
1411,3005
1411,3378
1411,3413
1411,3417
1411,3475
1411,4080
1411,4275
1411,4300
1411,4407
1411,4765
1411,4831
1411,4895
1411,4988
1412,1433
1412,1449
1412,1481
1412,1614
1412,1987
1412,2247
1412,2892
1412,3046
1412,3651
1412,3749
1412,3772
1412,4029
1412,4403
1412,4506
1412,4510
1412,4600
1412,4870
1412,4920
1412,4962
1413,1501
1413,1835
1413,1882
1413,1906
1413,2024
1413,2204
1413,2322
1413,2754
1413,2851
1413,2854
1413,2866
1413,2955
1413,3127
1413,3526
1413,3599
1413,4182
1413,4187
1413,4596
1414,1434
1414,1484
1414,1537
1414,1855
1414,1859
1414,2218
1414,2670
1414,3034
1414,3263
1414,3487
1414,3736
1414,3739
1414,4429
1414,4803
1414,4847
1415,1607
1415,2063
1415,2149
1415,2247
1415,2261
1415,2468
1415,2946
1415,3679
1415,3681
1415,4027
1415,4109
1415,4566
1415,4590
1415,4668
1415,4863
1416,1500
1416,1808
1416,2131
1416,2199
1416,2606
1416,2803
1416,2820
1416,2924
1416,2939
1416,3149
1416,3241
1416,3321
1416,3324
1416,3429
1416,3544
1416,3976
1416,4072
1416,4132
1416,4165
1416,4232
1416,4390
1416,4591
1416,4746
1417,1464
1417,1522
1417,1537
1417,1716
1417,1910
1417,2204
1417,2379
1417,2583
1417,2643
1417,2718
1417,2745
1417,2818
1417,3010
1417,3087
1417,3362
1417,3512
1417,3598
1417,3795
1417,3815
1417,3904
1417,4577
1417,4762
1417,4940
1418,1582
1418,1811
1418,1938
1418,1963
1418,2032
1418,2822
1418,3045
1418,3567
1418,3949
1418,4142
1418,4343
1418,4423
1418,4928
1419,1539
1419,1821
1419,2291
1419,2632
1419,2705
1419,2786
1419,2837
1419,2843
1419,3066
1419,3133
1419,3232
1419,3460
1419,3700
1419,4155
1419,4269
1419,4407
1419,4526
1419,4610
1420,1587
1420,1605
1420,1866
1420,2202
1420,2297
1420,2671
1420,2778
1420,2785
1420,3385
1420,3530
1420,3539
1420,3658
1420,3741
1420,3814
1420,3833
1420,4121
1420,4701
1420,4971
1421,1429
1421,1443
1421,1570
1421,1722
1421,1794
1421,2316
1421,2394
1421,2461
1421,2818
1421,3013
1421,3064
1421,3342
1421,3396
1421,3893
1421,3921
1421,4198
1421,4700
1421,4817
1421,4888
1422,1445
1422,1645
1422,2263
1422,2407
1422,2588
1422,2694
1422,3377
1422,4713
1422,4875
1422,4922
1422,4961
1423,1498
1423,1500
1423,1620
1423,1629
1423,2019
1423,2072
1423,2144
1423,2414
1423,3119
1423,3254
1423,3450
1423,3589
1423,3942
1423,4346
1424,1702
1424,1847
1424,1968
1424,2289
1424,2623
1424,2706
1424,2820
1424,3050
1424,3054
1424,3098
1424,3201
1424,3340
1424,3390
1424,3768
1424,3888
1424,3962
1424,4123
1424,4440
1424,4554
1424,4722
1425,1594
1425,2090
1425,2251
1425,2314
1425,2365
1425,2425
1425,2593
1425,2872
1425,3033
1425,3106
1425,3252
1425,3273
1425,3368
1425,3443
1425,3634
1425,4213
1425,4235
1425,4566
1425,4802
1425,4899
1425,4970
1426,1648
1426,2041
1426,2042
1426,2473
1426,2770
1426,2925
1426,3419
1426,4175
1426,4178
1426,4240
1426,4365
1426,4491
1426,4726
1427,1613
1427,1742
1427,1842
1427,2046
1427,2167
1427,2311
1427,2765
1427,2899
1427,2920
1427,3110
1427,3398
1427,3659
1427,3888
1427,4101
1427,4124
1427,4465
1427,4592
1427,4838
1427,4957
1428,1502
1428,1883
1428,2127
1428,2820
1428,2852
1428,2921
1428,3120
1428,3479
1428,3589
1428,4539
1429,1906
1429,2082
1429,2126
1429,2398
1429,2432
1429,2444
1429,3199
1429,4064
1429,4182
1429,4564
1429,4598
1429,4630
1429,4646
1429,4882
1430,1463
1430,1622
1430,1967
1430,2151
1430,2495
1430,2557
1430,2561
1430,2854
1430,2941
1430,3059
1430,3093
1430,3473
1430,3780
1430,3936
1430,4348
1430,4387
1430,4514
1430,4536
1430,4539
1430,4578
1430,4708
1431,1866
1431,1948
1431,2409
1431,2845
1431,2877
1431,2936
1431,3080
1431,3288
1431,3348
1431,3426
1431,3523
1431,4213
1431,4604
1431,4633
1431,4933
1432,1464
1432,1692
1432,1823
1432,2240
1432,2769
1432,3080
1432,3277
1432,3319
1432,3699
1432,3769
1432,4239
1432,4271
1432,4336
1432,4452
1432,4683
1433,1528
1433,1566
1433,1790
1433,2074
1433,2310
1433,2517
1433,2775
1433,2988
1433,3233
1433,3276
1433,3322
1433,3627
1433,3774
1433,3988
1433,4093
1433,4316
1433,4452
1433,4650
1433,4682
1433,4698
1433,4761
1434,1787
1434,1979
1434,2180
1434,2336
1434,2465
1434,2557
1434,2570
1434,2668
1434,2717
1434,2813
1434,3016
1434,3054
1434,3207
1434,3224
1434,3443
1434,3482
1434,3522
1434,3560
1434,4293
1434,4305
1434,4338
1434,4436
1434,4840
1435,1729
1435,1764
1435,2142
1435,2588
1435,3346
1435,3644
1435,4014
1435,4094
1435,4159
1435,4804
1435,4849
1435,4929
1436,1627
1436,1844
1436,1903
1436,1907
1436,2045
1436,2661
1436,3254
1436,3409
1436,3670
1436,3876
1436,4411
1436,4415
1436,4447
1436,4974
1436,4997
1437,1604
1437,1697
1437,1723
1437,1806
1437,2082
1437,2248
1437,2729
1437,2922
1437,3202
1437,3480
1437,3491
1437,3650
1437,3676
1437,4313
1437,4612
1437,4797
1438,1513
1438,1567
1438,1735
1438,1786
1438,1866
1438,2454
1438,2611
1438,2708
1438,2713
1438,2722
1438,3012
1438,3301
1438,3333
1438,3725
1438,3902
1438,4061
1439,1522
1439,1739
1439,1855
1439,1969
1439,2299
1439,2305
1439,2311
1439,2368
1439,2721
1439,2887
1439,2975
1439,3389
1439,3517
1439,3673
1439,3691
1439,3699
1439,3861
1439,3966
1439,3972
1439,4316
1439,4664
1439,4995
1440,1769
1440,1781
1440,1852
1440,2056
1440,2415
1440,2545
1440,2740
1440,2881
1440,2986
1440,3108
1440,3579
1440,3638
1440,3662
1440,4325
1440,4452
1440,4576
1441,1616
1441,1715
1441,1716
1441,1932
1441,2030
1441,2258
1441,2606
1441,2619
1441,3288
1441,3412
1441,3540
1441,3734
1441,3779
1441,3888
1441,3929
1441,4047
1441,4124
1441,4130
1441,4367
1441,4588
1441,4639
1441,4903
1441,4996
1442,1468
1442,1970
1442,2414
1442,2578
1442,2595
1442,3006
1442,3164
1442,3230
1442,3358
1442,3361
1442,3462
1442,3569
1442,3613
1442,3809
1442,4307
1442,4453
1442,4529
1442,4758
1443,1867
1443,1910
1443,2404
1443,2482
1443,2510
1443,2608
1443,2836
1443,2844
1443,3223
1443,3273
1443,3369
1443,3503
1443,3585
1443,3663
1443,3768
1443,4016
1443,4116
1443,4153
1443,4203
1443,4387
1443,4627
1443,4647
1443,4680
1443,4875
1443,4950
1444,1613
1444,1791
1444,2381
1444,2545
1444,2967
1444,3170
1444,3311
1444,4541
1444,4800
1445,1513
1445,1580
1445,1730
1445,1975
1445,1976
1445,2755
1445,2895
1445,3271
1445,3313
1445,3319
1445,3735
1445,4576
1445,4719
1445,4760
1445,4950
1446,1589
1446,1671
1446,1819
1446,1994
1446,2072
1446,2459
1446,2672
1446,2788
1446,2977
1446,3524
1446,3544
1446,3622
1446,3787
1446,4120
1446,4128
1446,4353
1446,4626
1447,1584
1447,1644
1447,1736
1447,2011
1447,2575
1447,2651
1447,2875
1447,2884
1447,2976
1447,3631
1447,3842
1447,4010
1447,4280
1448,1585
1448,1792
1448,2207
1448,2215
1448,2465
1448,2877
1448,2916
1448,3066
1448,3103
1448,3291
1448,3303
1448,3402
1448,3512
1448,3565
1448,3854
1448,3925
1448,4254
1448,4948
1449,1486
1449,1496
1449,1624
1449,1716
1449,2145
1449,2639
1449,2873
1449,2945
1449,3127
1449,3308
1449,3547
1449,3746
1449,3779
1449,3929
1449,3934
1449,3979
1449,4342
1449,4628
1449,4938
1450,1458
1450,1702
1450,2328
1450,2373
1450,2480
1450,2741
1450,2742
1450,3178
1450,3335
1450,3356
1450,3474
1450,3590
1450,3653
1450,3889
1450,3943
1450,4153
1450,4574
1450,4684
1450,4722
1450,4810
1450,4865
1451,2104
1451,2357
1451,2460
1451,2485
1451,2615
1451,3064
1451,3200
1451,3327
1451,3643
1451,3997
1451,4116
1451,4222
1451,4901
1452,1709
1452,1804
1452,2391
1452,2429
1452,2457
1452,2838
1452,3044
1452,3422
1452,3509
1452,3867
1452,3950
1452,4193
1452,4288
1452,4756
1452,4818
1452,4937
1452,4948
1453,1536
1453,1710
1453,2092
1453,2383
1453,2627
1453,2903
1453,3050
1453,3351
1453,3357
1453,3892
1453,3943
1453,4067
1453,4200
1453,4217
1453,4241
1453,4757
1453,4815
1453,4830
1453,4933
1453,4934
1454,1907
1454,1956
1454,2426
1454,2564
1454,2582
1454,2694
1454,2703
1454,2909
1454,3110
1454,3193
1454,3351
1454,3537
1454,3675
1454,3922
1454,4151
1454,4352
1454,4417
1454,4438
1454,4448
1455,1477
1455,1715
1455,1815
1455,1881
1455,1919
1455,1942
1455,2113
1455,2744
1455,2798
1455,2950
1455,3005
1455,3431
1455,3645
1455,3718
1455,3834
1455,4480
1455,4642
1455,4841
1456,1539
1456,1587
1456,1862
1456,2107
1456,2177
1456,2374
1456,2860
1456,2877
1456,3136
1456,3488
1456,3506
1456,3629
1456,3675
1456,3812
1456,3852
1456,3961
1456,4091
1456,4520
1456,4629
1456,4697
1456,4860
1457,1495
1457,1541
1457,1919
1457,2284
1457,2342
1457,2417
1457,2500
1457,2792
1457,2838
1457,3156
1457,3362
1457,3498
1457,3637
1457,3941
1457,4028
1457,4236
1457,4262
1457,4385
1457,4843
1457,4892
1458,1492
1458,1642
1458,1694
1458,1720
1458,2009
1458,2112
1458,2137
1458,2340
1458,2395
1458,2522
1458,2525
1458,2562
1458,2680
1458,2784
1458,2841
1458,3095
1458,3182
1458,3207
1458,3255
1458,3509
1458,3517
1458,3883
1458,3940
1458,4205
1458,4245
1458,4431
1458,4471
1458,4511
1458,4961
1459,1941
1459,2255
1459,2488
1459,2727
1459,2734
1459,2958
1459,2962
1459,3412
1459,3507
1459,3773
1459,3806
1459,3983
1459,4159
1459,4576
1459,4604
1459,4637
1459,4766
1459,4796
1459,4916
1459,4946
1459,4994
1460,1519
1460,1586
1460,1733
1460,2119
1460,2477
1460,2544
1460,3735
1460,3771
1460,4066
1460,4077
1460,4098
1461,1978
1461,2126
1461,2361
1461,2547
1461,2584
1461,3007
1461,3017
1461,3343
1461,3477
1461,3725
1461,3964
1461,3972
1461,4444
1462,1507
1462,1904
1462,2110
1462,2143
1462,2323
1462,2943
1462,3204
1462,3589
1462,3626
1462,3629
1462,4027
1462,4150
1462,4588
1462,4752
1462,4995
1463,1511
1463,2158
1463,2674
1463,2702
1463,3102
1463,3124
1463,3677
1463,3794
1463,3872
1463,4035
1463,4944
1463,4983
1464,1496
1464,1542
1464,1647
1464,1853
1464,1880
1464,1975
1464,2166
1464,2189
1464,2762
1464,2825
1464,3007
1464,3378
1464,3426
1464,3953
1464,4245
1464,4249
1464,4524
1465,1568
1465,1907
1465,1965
1465,2150
1465,2247
1465,2370
1465,2723
1465,2912
1465,3060
1465,3521
1465,3537
1465,3866
1465,4005
1465,4021
1465,4085
1465,4516
1465,4691
1465,4775
1465,4985
1466,1512
1466,1551
1466,1812
1466,2110
1466,2307
1466,2457
1466,2638
1466,2869
1466,2995
1466,3474
1466,3544
1466,3581
1466,3761
1466,3903
1466,3957
1466,4196
1466,4288
1466,4508
1466,4726
1466,4789
1467,1815
1467,1876
1467,1927
1467,2168
1467,2292
1467,3123
1467,3411
1467,3574
1467,3616
1467,4820
1467,4965
1468,1619
1468,1660
1468,1858
1468,2228
1468,2381
1468,2404
1468,2535
1468,2758
1468,3266
1468,3296
1468,3758
1468,4099
1468,4307
1468,4336
1468,4767
1469,1868
1469,2186
1469,2601
1469,2785
1469,2914
1469,3287
1469,3605
1469,3970
1469,4025
1469,4465
1469,4563
1469,4702
1470,1709
1470,2289
1470,2473
1470,2507
1470,2630
1470,2739
1470,2963
1470,3084
1470,3266
1470,3558
1470,3818
1470,3864
1470,4138
1470,4200
1470,4435
1470,4627
1470,4678
1470,4953
1471,1565
1471,1825
1471,2058
1471,2149
1471,2631
1471,2698
1471,2807
1471,3197
1471,3252
1471,3388
1471,3410
1471,4028
1471,4850
1471,4940
1472,1602
1472,1612
1472,1941
1472,2373
1472,2391
1472,2548
1472,2789
1472,3062
1472,3168
1472,3188
1472,3640
1472,3865
1472,3932
1472,4300
1472,4444
1472,4617
1473,1600
1473,1753
1473,1758
1473,1950
1473,2595
1473,2655
1473,2700
1473,2839
1473,2857
1473,3002
1473,3046
1473,3102
1473,3154
1473,3729
1473,3779
1473,4350
1473,4363
1473,4746
1473,4934
1473,4979
1474,1686
1474,1987
1474,2110
1474,2326
1474,3302
1474,3536
1474,3706
1474,3732
1474,3778
1474,4087
1474,4201
1474,4224
1474,4237
1474,4265
1474,4490
1474,4601
1474,4610
1474,4777
1475,1946
1475,2020
1475,2131
1475,2150
1475,2311
1475,2382
1475,2633
1475,2659
1475,2743
1475,3134
1475,3341
1475,3551
1475,3949
1475,4247
1475,4257
1475,4310
1475,4917
1475,4931
1476,1521
1476,1543
1476,1726
1476,1998
1476,2951
1476,2961
1476,3393
1476,3472
1476,3495
1476,4012
1476,4135
1476,4248
1476,4757
1477,1512
1477,1550
1477,2215
1477,2785
1477,3115
1477,3448
1477,3719
1477,3902
1477,3932
1477,4719
1477,4720
1477,4757
1477,4773
1477,4949
1478,1589
1478,1740
1478,1879
1478,2165
1478,2337
1478,2538
1478,2545
1478,2658
1478,3029
1478,3327
1478,3415
1478,3955
1478,4008
1478,4030
1478,4274
1478,4319
1478,4388
1478,4632
1478,4772
1478,4816
1478,4898
1478,4913
1479,1639
1479,1735
1479,1817
1479,2101
1479,2512
1479,2529
1479,2965
1479,3126
1479,3422
1479,3481
1479,3709
1479,3916
1479,4051
1479,4808
1479,4843
1479,4970
1480,1519
1480,1940
1480,1945
1480,2262
1480,2366
1480,2656
1480,2724
1480,2725
1480,3001
1480,3044
1480,3077
1480,3523
1480,3758
1480,3892
1480,4004
1480,4028
1480,4204
1480,4299
1480,4510
1480,4535
1480,4980
1481,1496
1481,1505
1481,1507
1481,1608
1481,1646
1481,2101
1481,2645
1481,3079
1481,3115
1481,3276
1481,3331
1481,3367
1481,3707
1481,4158
1481,4249
1481,4736
1481,4745
1481,4947
1482,1598
1482,1885
1482,2160
1482,2379
1482,2815
1482,3067
1482,3798
1482,4602
1482,4779
1483,1910
1483,2012
1483,2398
1483,2529
1483,2583
1483,2665
1483,2679
1483,3145
1483,3239
1483,3270
1483,3784
1483,3994
1483,4038
1483,4260
1483,4298
1483,4307
1483,4596
1483,4623
1483,4634
1483,4638
1483,4687
1483,4738
1484,2138
1484,2361
1484,2930
1484,3129
1484,3137
1484,3354
1484,3436
1484,3481
1484,3799
1484,3975
1484,4136
1484,4171
1484,4288
1484,4332
1484,4869
1484,4999
1485,1743
1485,1870
1485,1997
1485,2160
1485,2166
1485,2376
1485,2441
1485,2848
1485,2880
1485,3439
1485,3458
1485,3752
1485,3755
1485,3763
1485,4025
1485,4039
1485,4085
1485,4154
1485,4172
1485,4795
1485,4853
1485,4990
1486,1599
1486,1682
1486,1746
1486,1765
1486,1766
1486,2492
1486,2535
1486,2858
1486,2978
1486,3434
1486,3978
1486,3981
1486,4383
1486,4474
1487,1492
1487,1555
1487,1977
1487,2128
1487,2252
1487,2400
1487,2448
1487,2670
1487,2774
1487,2880
1487,3531
1487,3580
1487,3866
1487,4160
1487,4776
1488,1957
1488,1991
1488,2126
1488,2293
1488,2949
1488,2991
1488,3147
1488,3163
1488,3250
1488,3407
1488,3595
1488,3619
1488,3669
1488,3711
1488,3738
1488,3794
1488,3830
1488,3902
1488,4044
1488,4365
1488,4446
1488,4460
1488,4646
1488,4698
1488,4871
1489,1654
1489,1708
1489,1955
1489,2221
1489,2621
1489,2657
1489,2658
1489,2694
1489,2762
1489,2812
1489,2903
1489,3023
1489,3121
1489,3506
1489,3563
1489,3605
1489,4796
1490,1537
1490,2166
1490,2584
1490,2743
1490,2752
1490,2827
1490,2882
1490,3241
1490,3464
1490,3481
1490,3728
1490,4028
1490,4234
1490,4525
1490,4634
1490,4845
1490,4898
1490,4922
1491,2573
1491,3342
1491,3599
1491,3981
1491,3989
1491,4325
1491,4435
1491,4477
1491,4555
1491,4556
1492,1605
1492,1890
1492,1921
1492,2226
1492,2569
1492,2676
1492,2690
1492,2877
1492,3092
1492,3136
1492,3494
1492,3548
1492,3658
1492,3691
1493,1640
1493,1724
1493,2107
1493,2442
1493,2455
1493,2622
1493,3090
1493,3118
1493,3281
1493,3300
1493,3331
1493,3828
1493,3973
1493,4096
1493,4172
1493,4312
1493,4407
1493,4419
1493,4607
1493,4766
1494,1541
1494,1657
1494,1846
1494,1893
1494,1958
1494,2011
1494,2119
1494,2541
1494,2828
1494,3058
1494,3393
1494,3687
1494,3731
1494,3813
1494,3973
1494,4213
1494,4292
1494,4490
1494,4573
1494,4767
1495,1866
1495,2023
1495,2317
1495,2424
1495,2768
1495,3006
1495,3520
1495,3633
1495,3726
1495,4002
1495,4133
1495,4139
1495,4312
1495,4413
1495,4465
1496,1498
1496,2061
1496,2259
1496,2262
1496,2354
1496,2489
1496,2637
1496,2698
1496,2704
1496,2873
1496,3221
1496,3231
1496,3233
1496,3306
1496,3686
1496,3859
1496,4033
1496,4112
1496,4431
1496,4661
1496,4696
1497,2217
1497,2368
1497,2523
1497,2779
1497,2784
1497,3291
1497,3306
1497,3384
1497,3391
1497,3407
1497,3560
1497,3574
1497,3701
1497,4146
1497,4563
1497,4614
1497,4800
1498,1574
1498,1999
1498,2032
1498,2059
1498,2325
1498,2728
1498,2754
1498,2787
1498,2876
1498,2976
1498,3330
1498,3466
1498,3559
1498,3647
1498,3812
1498,3836
1498,3851
1498,4088
1498,4425
1498,4630
1498,4716
1498,4845
1498,4939
1499,1566
1499,1577
1499,1587
1499,2017
1499,2119
1499,2316
1499,2490
1499,2571
1499,3185
1499,3376
1499,3560
1499,3952
1499,3998
1499,4212
1499,4232
1499,4758
1499,4824
1499,4843
1499,4870
1500,1509
1500,1617
1500,2875
1500,3287
1500,3306
1500,3511
1500,3551
1500,3787
1500,3881
1500,4015
1500,4101
1500,4142
1500,4360
1500,4382
1500,4658
1500,4777
1500,4810
1500,4929
1501,1847
1501,2265
1501,2366
1501,2397
1501,3081
1501,3244
1501,3436
1501,3954
1501,4000
1501,4110
1501,4436
1501,4438
1501,4943
1502,1634
1502,1920
1502,2527
1502,2667
1502,2899
1502,3231
1502,3633
1502,3643
1502,3644
1502,3701
1502,3755
1502,3772
1502,3890
1502,3966
1502,4444
1502,4538
1502,4590
1502,4827
1503,1598
1503,2341
1503,2409
1503,2470
1503,2724
1503,3040
1503,3623
1503,3756
1503,4788
1503,4801
1503,4822
1503,4868
1504,2074
1504,2076
1504,2172
1504,2355
1504,2602
1504,2691
1504,2834
1504,3075
1504,3194
1504,3249
1504,3532
1504,4066
1504,4209
1504,4222
1504,4387
1504,4458
1504,4718
1504,4868
1505,1920
1505,2026
1505,2355
1505,2631
1505,2940
1505,3083
1505,3111
1505,3227
1505,3255
1505,3664
1505,3790
1505,4042
1505,4150
1505,4771
1505,4910
1505,4938
1505,4961
1506,1511
1506,1606
1506,1696
1506,2035
1506,2150
1506,2265
1506,2576
1506,2718
1506,2720
1506,2794
1506,2796
1506,2817
1506,2852
1506,2880
1506,3028
1506,3097
1506,3112
1506,3241
1506,3548
1506,4024
1506,4795
1506,4920
1507,1739
1507,1817
1507,1920
1507,2130
1507,2157
1507,2290
1507,2390
1507,2684
1507,2837
1507,2990
1507,3076
1507,3195
1507,3315
1507,3615
1507,4089
1507,4213
1507,4217
1507,4260
1507,4743
1507,4744
1508,1615
1508,1790
1508,2651
1508,2755
1508,2971
1508,3012
1508,3909
1508,4032
1508,4091
1508,4211
1508,4584
1509,1745
1509,2183
1509,2726
1509,3220
1509,3244
1509,3301
1509,3317
1509,3858
1509,4331
1509,4408
1509,4475
1509,4493
1509,4642
1509,4733
1509,4851
1510,1516
1510,2017
1510,2094
1510,2104
1510,2127
1510,2172
1510,2228
1510,2244
1510,2298
1510,2518
1510,2519
1510,2698
1510,2939
1510,2973
1510,3603
1510,4305
1510,4521
1510,4575
1511,2300
1511,2301
1511,2419
1511,2904
1511,3047
1511,3084
1511,3425
1511,3478
1511,3644
1511,3834
1511,3954
1511,4066
1511,4105
1511,4855
1511,4908
1512,2130
1512,2163
1512,2211
1512,2274
1512,2587
1512,2962
1512,2986
1512,3206
1512,3342
1512,3395
1512,3857
1512,3891
1512,4377
1512,4869
1512,4897
1513,1540
1513,1547
1513,1596
1513,1776
1513,1952
1513,2547
1513,2670
1513,2756
1513,2858
1513,3054
1513,3593
1513,3806
1513,3808
1513,4283
1513,4285
1513,4669
1513,4831
1513,4852
1514,1569
1514,1935
1514,2161
1514,2488
1514,2579
1514,2669
1514,2706
1514,3742
1514,3746
1514,3850
1514,4083
1514,4179
1514,4309
1514,4385
1514,4676
1514,4744
1514,4810
1514,4844
1515,1614
1515,1908
1515,1968
1515,2207
1515,2611
1515,2880
1515,2895
1515,3269
1515,3298
1515,4021
1515,4033
1515,4051
1515,4445
1515,4487
1515,4853
1516,1567
1516,1785
1516,1814
1516,1869
1516,2130
1516,2218
1516,2363
1516,2427
1516,2906
1516,2969
1516,3031
1516,3277
1516,3290
1516,3333
1516,3762
1516,3861
1516,4015
1516,4048
1516,4340
1516,4747
1516,4947
1517,1569
1517,1648
1517,1947
1517,2199
1517,2508
1517,2962
1517,3389
1517,3804
1517,3852
1517,3931
1517,4083
1517,4322
1517,4404
1517,4851
1517,4878
1517,4950
1517,4951
1518,1609
1518,1729
1518,1752
1518,2446
1518,2663
1518,3106
1518,3450
1518,3927
1518,4079
1518,4143
1518,4496
1518,4598
1518,4757
1518,4865
1518,4869
1519,1641
1519,1985
1519,2388
1519,2502
1519,2605
1519,2627
1519,2730
1519,2899
1519,3039
1519,3289
1519,3475
1519,3645
1519,4013
1519,4157
1519,4224
1519,4230
1519,4337
1519,4428
1519,4454
1520,3463
1520,3553
1520,3561
1520,3884
1520,4323
1520,4429
1520,4475
1520,4506
1520,4873
1521,1730
1521,2012
1521,2077
1521,2372
1521,2431
1521,2471
1521,2590
1521,2714
1521,2773
1521,3185
1521,3690
1521,3728
1521,3744
1521,3851
1521,4350
1521,4442
1521,4544
1522,1723
1522,1740
1522,1792
1522,1958
1522,2129
1522,2392
1522,2595
1522,2697
1522,3106
1522,3520
1522,3553
1522,4326
1522,4537
1523,1600
1523,1606
1523,1658
1523,1803
1523,2088
1523,2339
1523,2352
1523,2455
1523,2579
1523,2613
1523,2914
1523,2957
1523,3063
1523,3146
1523,3361
1523,3838
1523,4134
1523,4235
1524,1921
1524,1982
1524,2082
1524,2103
1524,2336
1524,2733
1524,2920
1524,3042
1524,3176
1524,3560
1524,3937
1524,3952
1524,4038
1524,4296
1524,4397
1524,4820
1524,4865
1524,4938
1525,2015
1525,2023
1525,2727
1525,2998
1525,3073
1525,3096
1525,3207
1525,3242
1525,3516
1525,3801
1525,3954
1525,4453
1525,4691
1525,4838
1525,4844
1526,1544
1526,1660
1526,1815
1526,1858
1526,1906
1526,2644
1526,2796
1526,2819
1526,3345
1526,3834
1526,4161
1526,4360
1526,4373
1526,4388
1526,4637
1526,4658
1527,2339
1527,2602
1527,2752
1527,2826
1527,3730
1527,3786
1527,4232
1527,4420
1527,4568
1528,1575
1528,1616
1528,1624
1528,1628
1528,1629
1528,1752
1528,1796
1528,1804
1528,1878
1528,2112
1528,2178
1528,2397
1528,2538
1528,2927
1528,3006
1528,3368
1528,3594
1528,4186
1528,4378
1528,4434
1528,4641
1528,4821
1528,4965
1529,1734
1529,2071
1529,2191
1529,2520
1529,2582
1529,2709
1529,2925
1529,3139
1529,3510
1529,3849
1529,3933
1529,3967
1529,4149
1529,4177
1529,4443
1530,1598
1530,1918
1530,1941
1530,2339
1530,2423
1530,2489
1530,2529
1530,2532
1530,2541
1530,2949
1530,3034
1530,3068
1530,3708
1530,3881
1530,3899
1530,4159
1530,4265
1530,4420
1530,4493
1531,1768
1531,1780
1531,1867
1531,2004
1531,2619
1531,2624
1531,2943
1531,3434
1531,3523
1531,3782
1531,4143
1531,4196
1531,4234
1531,4398
1531,4828
1532,1823
1532,1951
1532,2275
1532,2358
1532,2445
1532,2644
1532,2834
1532,2850
1532,2937
1532,2986
1532,3273
1532,3279
1532,3328
1532,3653
1532,4110
1532,4630
1532,4834
1532,4866
1533,1778
1533,2416
1533,3297
1533,3440
1533,3687
1533,3689
1533,4280
1533,4613
1533,4654
1533,4850
1533,4957
1534,2545
1534,2569
1534,2591
1534,2820
1534,2891
1534,3040
1534,3372
1534,3481
1534,3592
1534,3608
1534,3646
1534,3976
1534,4196
1534,4522
1535,1599
1535,2166
1535,2511
1535,2614
1535,2764
1535,3277
1535,3711
1535,3857
1535,3874
1535,4067
1535,4397
1536,1960
1536,2378
1536,2962
1536,3091
1536,3149
1536,3179
1536,3397
1536,3508
1536,3517
1536,3669
1536,3823
1536,4020
1536,4156
1536,4271
1536,4456
1536,4496
1536,4515
1536,4640
1537,1888
1537,1932
1537,2410
1537,2704
1537,2726
1537,2881
1537,3250
1537,3650
1537,3809
1537,3940
1537,4158
1537,4634
1538,1730
1538,1813
1538,2192
1538,2888
1538,3030
1538,3262
1538,3398
1538,3533
1538,3690
1538,3763
1538,3770
1538,4375
1538,4905
1539,1580
1539,1665
1539,1692
1539,1757
1539,2206
1539,2234
1539,2317
1539,2600
1539,2673
1539,2711
1539,2992
1539,3062
1539,3100
1539,3520
1539,3598
1539,3826
1539,4325
1539,4330
1539,4375
1539,4578
1539,4750
1540,1670
1540,1741
1540,1790
1540,2525
1540,2768
1540,2890
1540,3003
1540,3030
1540,3136
1540,3204
1540,3825
1540,4488
1540,4614
1540,4704
1540,4881
1541,1724
1541,2513
1541,2834
1541,3164
1541,3261
1541,3382
1541,3658
1541,3923
1541,4251
1541,4430
1541,4558
1541,4623
1541,4645
1541,4934
1541,4997
1542,1972
1542,2263
1542,2552
1542,2597
1542,2620
1542,2682
1542,3242
1542,3532
1542,3593
1542,3842
1542,3978
1542,4343
1542,4458
1542,4725
1542,4895
1542,4960
1542,4966
1543,1939
1543,2110
1543,2887
1543,3220
1543,3326
1543,3519
1543,3600
1543,4187
1543,4380
1543,4547
1544,1705
1544,1806
1544,2109
1544,2170
1544,2431
1544,2463
1544,2509
1544,2523
1544,3261
1544,3578
1544,3725
1544,3731
1544,3794
1544,3897
1544,4313
1544,4649
1544,4999
1545,1572
1545,1626
1545,1693
1545,1706
1545,1804
1545,1882
1545,1924
1545,2042
1545,2125
1545,2195
1545,2205
1545,2288
1545,2353
1545,2670
1545,2967
1545,2997
1545,3288
1545,3326
1545,3408
1545,3515
1545,3654
1545,3686
1545,3803
1545,3873
1545,3905
1545,3909
1545,4332
1545,4488
1545,4607
1545,4713
1546,1649
1546,1791
1546,1962
1546,2113
1546,2434
1546,2455
1546,2672
1546,2707
1546,2869
1546,3002
1546,3032
1546,3225
1546,3625
1546,3735
1546,4170
1546,4901
1546,4915
1546,4970
1547,1657
1547,1696
1547,1829
1547,1862
1547,1949
1547,2089
1547,2146
1547,2343
1547,2544
1547,2947
1547,3106
1547,3409
1547,3429
1547,3623
1547,3732
1547,4052
1547,4258
1547,4438
1547,4539
1547,4617
1547,4639
1547,4675
1547,4968
1548,1600
1548,1857
1548,1924
1548,2073
1548,2143
1548,2292
1548,2366
1548,2447
1548,2534
1548,2568
1548,2684
1548,2923
1548,2996
1548,3942
1548,4104
1548,4118
1548,4322
1548,4361
1548,4430
1548,4887
1548,4895
1549,1905
1549,2025
1549,2478
1549,2514
1549,2516
1549,2721
1549,2998
1549,3142
1549,3426
1549,3476
1549,3561
1549,3563
1549,3635
1549,3851
1549,4018
1549,4159
1549,4204
1549,4451
1549,4768
1549,4826
1549,4963
1550,1567
1550,1568
1550,1682
1550,1723
1550,1958
1550,2097
1550,2105
1550,2200
1550,2312
1550,2463
1550,2667
1550,3175
1550,3681
1550,3752
1550,3858
1550,3865
1550,4092
1550,4269
1550,4561
1550,4950
1551,1606
1551,1612
1551,1731
1551,2031
1551,2051
1551,2123
1551,2127
1551,2151
1551,2379
1551,2582
1551,2647
1551,2696
1551,3268
1551,3318
1551,3455
1551,3538
1551,3543
1551,3571
1551,3598
1551,3836
1551,3859
1551,3946
1551,4235
1551,4308
1551,4514
1551,4545
1551,4891
1552,1821
1552,2372
1552,2382
1552,2645
1552,3048
1552,3295
1552,3304
1552,3306
1552,3631
1552,3987
1552,4439
1552,4710
1553,1886
1553,1945
1553,2002
1553,2321
1553,3033
1553,3105
1553,3108
1553,3128
1553,3347
1553,3582
1553,3978
1553,4048
1553,4319
1553,4593
1553,4690
1553,4721
1553,4816
1554,2031
1554,2059
1554,2164
1554,2580
1554,2633
1554,3006
1554,3198
1554,3424
1554,3479
1554,3594
1554,3839
1554,3842
1554,4420
1554,4698
1554,4818
1554,4975
1555,1673
1555,1880
1555,2072
1555,2169
1555,2262
1555,2285
1555,2344
1555,2572
1555,3552
1555,3808
1556,1598
1556,1940
1556,1955
1556,2132
1556,2188
1556,2382
1556,2413
1556,2444
1556,2543
1556,2580
1556,2683
1556,2757
1556,2965
1556,3029
1556,3327
1556,3504
1556,3824
1556,4303
1556,4323
1556,4407
1556,4470
1556,4487
1557,1723
1557,1771
1557,1953
1557,1989
1557,2234
1557,2384
1557,2469
1557,3013
1557,3640
1557,3680
1557,3690
1557,3700
1557,4028
1557,4561
1557,4917
1557,4942
1558,1591
1558,2174
1558,2281
1558,2380
1558,2552
1558,2736
1558,3025
1558,3093
1558,3202
1558,3721
1558,4053
1558,4473
1558,4683
1558,4835
1558,4860
1559,2100
1559,2275
1559,2290
1559,2737
1559,3486
1559,3540
1559,3717
1559,4171
1559,4267
1559,4302
1559,4810
1559,4983
1560,1987
1560,2198
1560,2351
1560,2644
1560,2671
1560,2773
1560,2987
1560,3213
1560,3289
1560,3401
1560,3672
1560,4178
1560,4248
1560,4488
1561,1622
1561,1757
1561,1951
1561,2199
1561,2512
1561,2648
1561,3252
1561,3597
1561,3778
1561,3831
1561,4079
1561,4128
1561,4468
1561,4710
1561,4796
1561,4987
1562,1698
1562,2393
1562,3264
1562,3298
1562,3641
1562,3780
1562,3999
1562,4231
1562,4251
1562,4263
1562,4312
1562,4781
1562,4874
1563,1895
1563,2102
1563,2738
1563,2901
1563,3245
1563,3657
1563,3764
1563,4174
1563,4222
1563,4229
1563,4587
1563,4775
1563,4923
1564,1894
1564,2246
1564,2316
1564,3108
1564,3207
1564,3978
1564,4038
1564,4487
1564,4583
1565,1833
1565,2553
1565,2710
1565,2956
1565,2997
1565,3019
1565,3186
1565,3194
1565,3231
1565,3249
1565,3810
1565,3934
1566,1705
1566,1739
1566,1818
1566,2186
1566,2212
1566,2318
1566,2422
1566,2502
1566,2696
1566,2908
1566,3070
1566,3145
1566,3685
1566,3779
1566,3854
1566,3881
1566,4253
1566,4485
1566,4584
1567,1589
1567,1796
1567,2187
1567,2447
1567,2543
1567,2600
1567,2754
1567,2927
1567,3177
1567,3204
1567,3419
1567,3583
1567,3878
1567,3915
1567,4165
1567,4235
1567,4593
1567,4758
1568,1678
1568,1814
1568,1854
1568,1984
1568,2613
1568,2628
1568,2711
1568,2878
1568,3163
1568,3458
1568,3682
1568,3832
1568,4132
1568,4149
1568,4375
1568,4430
1568,4591
1568,4788
1569,1651
1569,1989
1569,2209
1569,2345
1569,3578
1569,3584
1569,4012
1569,4118
1569,4266
1569,4270
1569,4400
1569,4451
1569,4756
1569,4765
1569,4868
1569,4946
1570,1742
1570,1827
1570,1855
1570,2329
1570,3022
1570,3098
1570,3272
1570,3294
1570,3567
1570,3946
1570,3952
1570,4283
1570,4521
1571,1689
1571,1947
1571,1982
1571,1999
1571,2000
1571,2386
1571,2428
1571,3136
1571,3192
1571,3249
1571,3377
1571,3460
1571,3644
1571,3931
1571,3980
1571,3983
1571,4121
1571,4262
1571,4316
1571,4621
1571,4686
1571,4998
1572,1934
1572,1977
1572,2282
1572,2343
1572,2482
1572,2568
1572,2777
1572,2863
1572,3014
1572,3134
1572,3422
1572,3459
1572,3625
1572,3738
1572,3923
1572,4181
1572,4332
1572,4443
1572,4446
1572,4646
1572,4836
1573,1721
1573,1867
1573,2121
1573,2925
1573,2958
1573,3094
1573,3662
1573,3725
1573,4010
1573,4237
1573,4399
1573,4943
1574,1642
1574,1643
1574,1828
1574,1887
1574,2092
1574,2121
1574,2216
1574,2421
1574,2568
1574,2630
1574,2765
1574,3113
1574,3167
1574,3625
1574,4111
1574,4363
1574,4911
1575,1745
1575,2304
1575,2376
1575,2472
1575,2619
1575,3020
1575,3215
1575,3249
1575,3483
1575,3687
1575,3822
1575,3883
1575,3949
1575,3998
1575,4104
1575,4254
1575,4799
1575,4820
1575,4861
1575,4904
1576,1698
1576,2274
1576,2330
1576,2362
1576,2517
1576,2672
1576,2972
1576,4156
1576,4610
1577,1645
1577,1947
1577,2654
1577,3119
1577,3605
1577,3831
1577,3902
1577,3981
1577,4033
1577,4170
1577,4198
1577,4460
1577,4644
1578,1827
1578,1934
1578,2023
1578,2423
1578,2425
1578,2551
1578,2637
1578,2671
1578,3143
1578,3391
1578,3717
1578,3845
1579,1636
1579,1725
1579,1912
1579,1982
1579,2371
1579,2419
1579,2440
1579,2473
1579,3162
1579,3336
1579,3558
1579,3608
1579,3648
1579,3743
1579,3784
1579,3963
1579,4149
1579,4589
1579,4711
1579,4713
1579,4755
1579,4868
1579,4976
1580,1741
1580,2124
1580,2171
1580,2178
1580,2213
1580,2316
1580,2339
1580,2406
1580,2467
1580,2560
1580,2894
1580,3293
1580,3406
1580,3527
1580,3678
1580,3744
1580,3755
1580,3789
1580,3828
1580,3866
1580,4085
1580,4419
1580,4443
1580,4620
1580,4690
1581,1718
1581,2005
1581,2291
1581,2359
1581,2471
1581,3056
1581,3117
1581,3378
1581,4147
1581,4160
1581,4292
1581,4537
1582,1848
1582,2118
1582,2308
1582,2391
1582,2597
1582,2827
1582,2859
1582,3165
1582,3166
1582,3225
1582,3402
1582,3551
1582,3648
1582,3789
1582,3869
1582,3944
1582,4446
1582,4911
1582,4929
1583,1706
1583,2007
1583,2376
1583,2378
1583,2387
1583,2392
1583,2451
1583,2531
1583,2689
1583,3096
1583,3196
1583,3205
1583,3208
1583,3308
1583,3449
1583,3454
1583,3527
1583,3695
1583,3732
1583,3828
1583,3850
1583,3982
1583,4219
1583,4532
1583,4654
1584,1610
1584,1847
1584,1947
1584,2696
1584,3126
1584,3375
1584,3500
1584,3948
1584,4331
1584,4428
1584,4449
1584,4575
1584,4908
1585,1695
1585,2001
1585,2186
1585,2241
1585,2387
1585,3078
1585,3478
1585,3517
1585,3527
1585,3550
1585,3966
1585,3975
1585,4240
1585,4426
1585,4595
1585,4962
1586,1598
1586,1718
1586,1818
1586,1831
1586,1906
1586,1927
1586,2134
1586,2482
1586,2633
1586,2739
1586,2919
1586,3235
1586,3457
1586,4086
1586,4280
1586,4480
1586,4534
1587,1668
1587,1703
1587,1743
1587,2018
1587,2411
1587,2606
1587,3071
1587,3461
1587,3506
1587,3619
1587,4257
1587,4548
1587,4735
1587,4790
1587,4820
1587,4832
1588,1612
1588,1741
1588,1905
1588,2011
1588,2940
1588,2949
1588,3276
1588,4085
1588,4170
1588,4358
1588,4553
1588,4580
1588,4766
1588,4836
1588,4890
1589,1688
1589,1786
1589,1983
1589,2017
1589,2044
1589,2172
1589,2263
1589,2299
1589,2556
1589,2618
1589,3053
1589,3256
1589,3308
1589,4468
1589,4789
1589,4829
1589,4903
1589,4970
1590,1900
1590,2009
1590,2581
1590,2670
1590,3107
1590,3170
1590,3270
1590,3820
1590,3951
1590,4012
1590,4614
1591,1676
1591,1682
1591,1826
1591,1917
1591,1967
1591,3217
1591,3626
1591,3792
1591,3872
1591,4187
1591,4273
1591,4323
1591,4635
1592,1668
1592,1855
1592,2157
1592,2290
1592,2374
1592,2478
1592,2722
1592,2794
1592,3050
1592,3087
1592,3190
1592,3319
1592,3722
1592,3881
1592,4087
1592,4257
1593,1639
1593,1677
1593,2396
1593,2670
1593,2959
1593,3169
1593,3235
1593,3816
1593,3965
1593,4428
1593,4581
1593,4645
1593,4810
1594,1683
1594,1820
1594,2098
1594,2240
1594,2567
1594,2590
1594,3142
1594,3214
1594,3429
1594,3463
1594,3660
1594,3723
1594,3780
1594,3818
1594,4093
1594,4131
1594,4444
1594,4451
1594,4484
1594,4844
1595,1894
1595,2013
1595,2076
1595,2206
1595,2211
1595,2264
1595,2467
1595,3371
1595,3449
1595,3657
1595,3717
1595,3760
1595,3937
1595,3972
1595,4716
1595,4795
1596,2159
1596,2227
1596,2653
1596,3105
1596,3210
1596,3677
1596,3804
1596,4447
1596,4522
1596,4580
1596,4678
1597,1612
1597,2077
1597,2124
1597,2141
1597,2202
1597,2468
1597,2743
1597,2762
1597,2846
1597,2983
1597,2994
1597,3026
1597,3467
1597,3483
1597,3484
1597,3605
1597,3890
1597,3923
1597,3976
1597,4039
1597,4050
1597,4125
1597,4244
1597,4504
1597,4573
1597,4876
1597,4889
1597,4926
1598,1760
1598,1881
1598,1969
1598,2149
1598,2162
1598,2264
1598,2661
1598,2796
1598,2923
1598,3407
1598,3459
1598,3545
1598,3554
1598,3563
1598,3710
1598,3901
1598,4534
1598,4569
1598,4868
1599,1757
1599,2182
1599,2208
1599,2229
1599,2693
1599,3008
1599,3235
1599,3304
1599,3514
1599,3894
1599,4118
1599,4159
1599,4328
1599,4767
1599,4953
1600,1639
1600,1774
1600,1811
1600,1822
1600,1844
1600,2022
1600,2163
1600,2487
1600,2744
1600,2771
1600,2774
1600,2989
1600,3027
1600,3149
1600,3216
1600,3334
1600,3521
1600,3549
1600,3617
1600,3633
1600,3982
1600,4014
1600,4098
1600,4271
1600,4292
1600,4573
1600,4608
1601,1818
1601,2005
1601,2235
1601,2429
1601,2543
1601,2726
1601,2815
1601,2864
1601,2879
1601,3161
1601,3279
1601,3739
1601,3776
1601,4038
1601,4086
1601,4129
1601,4297
1601,4788
1601,4889
1602,1715
1602,1904
1602,1974
1602,2051
1602,2208
1602,2311
1602,2678
1602,2723
1602,2744
1602,2797
1602,2842
1602,2972
1602,3263
1602,3399
1602,3621
1602,3840
1602,3926
1602,4232
1602,4361
1602,4520
1602,4887
1602,4960
1602,4998
1603,2013
1603,2341
1603,2456
1603,2640
1603,2915
1603,2968
1603,3146
1603,3226
1603,3262
1603,3708
1603,3829
1603,4314
1603,4321
1603,4370
1603,4378
1603,4575
1603,4601
1603,4639
1603,4658
1603,4666
1603,4700
1603,4858
1604,1687
1604,1755
1604,1993
1604,2303
1604,2359
1604,2806
1604,2950
1604,3309
1604,3525
1604,3739
1604,3793
1604,4122
1604,4470
1604,4700
1604,4740
1604,4991
1604,4994
1605,1902
1605,2129
1605,2135
1605,2639
1605,2767
1605,2933
1605,3160
1605,3617
1605,3779
1605,3787
1605,3996
1605,3999
1605,4677
1606,1942
1606,2041
1606,2221
1606,2397
1606,2972
1606,3099
1606,3148
1606,3218
1606,3461
1606,3869
1606,3968
1606,4299
1606,4591
1606,4612
1606,4784
1606,4862
1607,1770
1607,2009
1607,2075
1607,2160
1607,2193
1607,2449
1607,2724
1607,2745
1607,3089
1607,3352
1607,3905
1607,4062
1607,4246
1607,4548
1607,4611
1607,4952
1607,4968
1608,1731
1608,1736
1608,2054
1608,2074
1608,2091
1608,2287
1608,2428
1608,3518
1608,3646
1608,3846
1608,3886
1608,4014
1608,4188
1608,4454
1608,4521
1608,4617
1609,1640
1609,1690
1609,2069
1609,2078
1609,2616
1609,2647
1609,2661
1609,2811
1609,2955
1609,3149
1609,3383
1609,3611
1609,3694
1609,3775
1609,4015
1609,4095
1609,4237
1609,4737
1609,4831
1610,1887
1610,1942
1610,2257
1610,2817
1610,2827
1610,3028
1610,3096
1610,3167
1610,3371
1610,3442
1610,3518
1610,3646
1610,3706
1610,4014
1610,4093
1610,4196
1610,4210
1610,4673
1610,4680
1611,1614
1611,1783
1611,1832
1611,1902
1611,2010
1611,2087
1611,2307
1611,2491
1611,3090
1611,3177
1611,3325
1611,3632
1611,3728
1611,3748
1611,4059
1611,4156
1611,4667
1611,4728
1611,4788
1611,4896
1612,1690
1612,1915
1612,1940
1612,2056
1612,2141
1612,2229
1612,3200
1612,3492
1612,4431
1612,4638
1612,4971
1612,4999
1613,2078
1613,3090
1613,3270
1613,3334
1613,3361
1613,3485
1613,3651
1613,3941
1613,4098
1613,4128
1613,4191
1613,4439
1613,4706
1613,4809
1613,4851
1613,4906
1614,1787
1614,1807
1614,1851
1614,2646
1614,2803
1614,2832
1614,3464
1614,3469
1614,3650
1614,4239
1614,4251
1614,4578
1614,4734
1615,2479
1615,2629
1615,2834
1615,2923
1615,3009
1615,3184
1615,3378
1615,3877
1615,3953
1615,4606
1615,4627
1615,4989
1616,1663
1616,2688
1616,2935
1616,3020
1616,3324
1616,3977
1616,4154
1616,4227
1616,4292
1616,4413
1616,4552
1616,4557
1616,4569
1616,4579
1616,4641
1616,4672
1616,4750
1616,4847
1617,1658
1617,1711
1617,1832
1617,1943
1617,2129
1617,2273
1617,2288
1617,2941
1617,3136
1617,3675
1617,3856
1617,4466
1617,4492
1617,4764
1618,2015
1618,2035
1618,2058
1618,2422
1618,3089
1618,3316
1618,3420
1618,3899
1618,4144
1618,4595
1618,4698
1618,4712
1618,4846
1619,1847
1619,1903
1619,1992
1619,2289
1619,2307
1619,2481
1619,2486
1619,2652
1619,2668
1619,3327
1619,3337
1619,3479
1619,3543
1619,3589
1619,4043
1619,4175
1619,4206
1619,4387
1619,4432
1619,4516
1619,4662
1619,4700
1619,4829
1620,1810
1620,1825
1620,2202
1620,2541
1620,3006
1620,3174
1620,3328
1620,3746
1620,3775
1620,3876
1620,3882
1620,4089
1620,4194
1620,4332
1620,4362
1620,4989
1621,1734
1621,2153
1621,2258
1621,2688
1621,2762
1621,2900
1621,2960
1621,3041
1621,3091
1621,3195
1621,3317
1621,3705
1621,3947
1621,4071
1621,4266
1621,4284
1621,4525
1621,4632
1621,4661
1622,1634
1622,1728
1622,1732
1622,1766
1622,1836
1622,1976
1622,2200
1622,2465
1622,2566
1622,2640
1622,2997
1622,3127
1622,3213
1622,3291
1622,3429
1622,3572
1622,3878
1622,4107
1622,4759
1622,4764
1622,4794
1622,4933
1623,1690
1623,2201
1623,2284
1623,2306
1623,2482
1623,2631
1623,2653
1623,2694
1623,3058
1623,3210
1623,3393
1623,3934
1623,3982
1623,4245
1623,4299
1624,1722
1624,2258
1624,2340
1624,3180
1624,4442
1624,4695
1625,1721
1625,2049
1625,2091
1625,2305
1625,2340
1625,2741
1625,3017
1625,3195
1625,3199
1625,3264
1625,3461
1625,3496
1625,3796
1625,3999
1625,4224
1625,4475
1625,4895
1625,4931
1626,1640
1626,1902
1626,1935
1626,2323
1626,2408
1626,2551
1626,2649
1626,2676
1626,2721
1626,3594
1626,3875
1626,4004
1626,4021
1626,4083
1626,4286
1626,4331
1627,1972
1627,2047
1627,2176
1627,2274
1627,2421
1627,2504
1627,2993
1627,3086
1627,3998
1627,4403
1627,4852
1628,1826
1628,2363
1628,2612
1628,2680
1628,2793
1628,3078
1628,3474
1628,3754
1628,4233
1628,4264
1628,4598
1628,4670
1628,4672
1628,4693
1628,4982
1629,2018
1629,2216
1629,2891
1629,2958
1629,3490
1629,3513
1629,3629
1629,3649
1629,3838
1629,3874
1629,3998
1629,4072
1629,4440
1629,4640
1629,4692
1629,4794
1629,4958
1630,2295
1630,2321
1630,2492
1630,3391
1630,3393
1630,3505
1630,3588
1630,3655
1630,3946
1630,4169
1630,4244
1630,4348
1630,4381
1630,4807
1631,1667
1631,1867
1631,1954
1631,2038
1631,2075
1631,2114
1631,2381
1631,2394
1631,2397
1631,2477
1631,2536
1631,2562
1631,3562
1631,4049
1631,4377
1631,4636
1631,4968
1632,1866
1632,1916
1632,2008
1632,2129
1632,2232
1632,2787
1632,2874
1632,3078
1632,3765
1632,3795
1632,3818
1632,3873
1632,3990
1632,4154
1632,4654
1632,4706
1632,4777
1633,1806
1633,1961
1633,2268
1633,2392
1633,2467
1633,2506
1633,2661
1633,2675
1633,2795
1633,2959
1633,3005
1633,3343
1633,3439
1633,3561
1633,3683
1633,3986
1633,4090
1633,4245
1633,4311
1633,4715
1633,4756
1633,4805
1634,1648
1634,2238
1634,2337
1634,2743
1634,2790
1634,2871
1634,3111
1634,3225
1634,3493
1634,3765
1634,4213
1634,4486
1634,4627
1634,4846
1634,4879
1635,2019
1635,2038
1635,2126
1635,2142
1635,2328
1635,2381
1635,2740
1635,2912
1635,2971
1635,3401
1635,3958
1635,3964
1635,4384
1635,4602
1636,1873
1636,2160
1636,2484
1636,2507
1636,2591
1636,2640
1636,2911
1636,2984
1636,3399
1636,3709
1636,3884
1636,3891
1636,4554
1636,4892
1637,2048
1637,2074
1637,2288
1637,2301
1637,2559
1637,2593
1637,2632
1637,3028
1637,3357
1637,3415
1637,3499
1637,3515
1637,3596
1637,3775
1637,4135
1637,4346
1637,4524
1637,4552
1637,4567
1637,4665
1637,4785
1637,4922
1638,1827
1638,1932
1638,1951
1638,2028
1638,2207
1638,2597
1638,2601
1638,2764
1638,2814
1638,3169
1638,3172
1638,3192
1638,3336
1638,3515
1638,3655
1638,4240
1638,4443
1638,4485
1638,4565
1638,4917
1639,2101
1639,2327
1639,2733
1639,2866
1639,3247
1639,3325
1639,3760
1639,3913
1639,4002
1639,4248
1639,4589
1639,4893
1639,4938
1640,1657
1640,1660
1640,1685
1640,1743
1640,1967
1640,2130
1640,2147
1640,2149
1640,2370
1640,2498
1640,2591
1640,2700
1640,2798
1640,3026
1640,3215
1640,3379
1640,3528
1640,3566
1640,3788
1640,3902
1640,4039
1640,4241
1640,4315
1640,4390
1640,4394
1640,4426
1640,4584
1641,1695
1641,1856
1641,2129
1641,2543
1641,2726
1641,2921
1641,3328
1641,4100
1641,4200
1641,4265
1641,4349
1641,4380
1641,4817
1641,4945
1642,1711
1642,1779
1642,1808
1642,1919
1642,2047
1642,2146
1642,2549
1642,2758
1642,2769
1642,3164
1642,3223
1642,3617
1642,3708
1642,4045
1642,4228
1642,4529
1642,4786
1643,1761
1643,1879
1643,2044
1643,2142
1643,2287
1643,2292
1643,2306
1643,2458
1643,2792
1643,2794
1643,2895
1643,3067
1643,3196
1643,3210
1643,3475
1643,3509
1643,3623
1643,3721
1643,3978
1643,4044
1643,4436
1643,4808
1643,4933
1644,1669
1644,1883
1644,2072
1644,2131
1644,2493
1644,2597
1644,2659
1644,2663
1644,3039
1644,3094
1644,3631
1644,3753
1644,3918
1644,4300
1644,4353
1644,4354
1644,4855
1645,1743
1645,1746
1645,1952
1645,2339
1645,2674
1645,2680
1645,3057
1645,3082
1645,3265
1645,3318
1645,3766
1645,4096
1645,4355
1645,4750
1645,4781
1646,2071
1646,2146
1646,2236
1646,2258
1646,2623
1646,2770
1646,2969
1646,3019
1646,3120
1646,3155
1646,3214
1646,3774
1646,3954
1646,4180
1646,4262
1646,4687
1646,4721
1646,4837
1646,4946
1646,4998
1647,1713
1647,1761
1647,1814
1647,1845
1647,1988
1647,2055
1647,2152
1647,2170
1647,2176
1647,2285
1647,2308
1647,2784
1647,2952
1647,3227
1647,3308
1647,3417
1647,3512
1647,3843
1647,4074
1647,4375
1647,4556
1647,4795
1647,4835
1648,1746
1648,1769
1648,1897
1648,1909
1648,2499
1648,3026
1648,3382
1648,3387
1648,3414
1648,3506
1648,3968
1649,1690
1649,2057
1649,2220
1649,2526
1649,2720
1649,3258
1649,3268
1649,3386
1649,3582
1649,3678
1649,3722
1649,4027
1649,4479
1649,4968
1650,1684
1650,1746
1650,1888
1650,2032
1650,2125
1650,2155
1650,2764
1650,2849
1650,2888
1650,2997
1650,3325
1650,3489
1650,3744
1650,4429
1650,4965
1651,1843
1651,1863
1651,1925
1651,2126
1651,2228
1651,2499
1651,2743
1651,2758
1651,3733
1651,3748
1651,3777
1651,3855
1651,3999
1651,4056
1651,4061
1651,4129
1651,4176
1651,4206
1651,4575
1651,4986
1652,1665
1652,2044
1652,2172
1652,2338
1652,2628
1652,2689
1652,3050
1652,3372
1652,3501
1652,3998
1652,4273
1652,4561
1653,1698
1653,1765
1653,2095
1653,2243
1653,2330
1653,2462
1653,2951
1653,3050
1653,3071
1653,3792
1653,3806
1653,3837
1653,4179
1653,4276
1653,4282
1653,4496
1653,4502
1653,4966
1654,1656
1654,1785
1654,2041
1654,2067
1654,2109
1654,2228
1654,2231
1654,2499
1654,2510
1654,2521
1654,2581
1654,2616
1654,2621
1654,2635
1654,2824
1654,3095
1654,3100
1654,3336
1654,3966
1654,4041
1654,4158
1654,4298
1654,4369
1654,4600
1654,4638
1654,4639
1655,1877
1655,2041
1655,2448
1655,2605
1655,2621
1655,2726
1655,2954
1655,3462
1655,3544
1655,3768
1655,4082
1655,4358
1655,4555
1655,4772
1655,4840
1656,1972
1656,1989
1656,2006
1656,2025
1656,2051
1656,2449
1656,2646
1656,2871
1656,3088
1656,3272
1656,4644
1656,4763
1656,4824
1656,4856
1657,1688
1657,1784
1657,1906
1657,1968
1657,2078
1657,2246
1657,2340
1657,2450
1657,2791
1657,2845
1657,2870
1657,3265
1657,3452
1657,3532
1657,3912
1657,4051
1657,4203
1657,4259
1657,4374
1658,1931
1658,2232
1658,2327
1658,2534
1658,2744
1658,3055
1658,3059
1658,3070
1658,3166
1658,3403
1658,3881
1658,4020
1658,4204
1658,4273
1659,1709
1659,1775
1659,1916
1659,2247
1659,2753
1659,2807
1659,2812
1659,3042
1659,3081
1659,3123
1659,3133
1659,3463
1659,3624
1659,3666
1659,3933
1659,3934
1659,4076
1659,4253
1659,4350
1659,4361
1659,4776
1659,4778
1659,4926
1660,1754
1660,1954
1660,1986
1660,2475
1660,2612
1660,3481
1660,3557
1660,3642
1660,3646
1660,3822
1660,4113
1661,2173
1661,2538
1661,2561
1661,2682
1661,3185
1661,3218
1661,3304
1661,3313
1661,3731
1661,3866
1661,4072
1661,4147
1661,4920
1662,1836
1662,1987
1662,2175
1662,2183
1662,2277
1662,3245
1662,3263
1662,3311
1662,3434
1662,3753
1662,3976
1662,4063
1662,4331
1662,4673
1663,1720
1663,1831
1663,2151
1663,2262
1663,2740
1663,2746
1663,3009
1663,3203
1663,3217
1663,3266
1663,3404
1663,3947
1663,4150
1663,4161
1663,4807
1664,1714
1664,1854
1664,2015
1664,2133
1664,2418
1664,2598
1664,2839
1664,2914
1664,3235
1664,3240
1664,3517
1664,3545
1664,3546
1664,3981
1664,4515
1665,1886
1665,2433
1665,2607
1665,2759
1665,2862
1665,3061
1665,3153
1665,3154
1665,3449
1665,3603
1665,3753
1665,4122
1665,4630
1666,2178
1666,2318
1666,2359
1666,2556
1666,2640
1666,2694
1666,2917
1666,3392
1666,3642
1666,3739
1666,4238
1666,4287
1666,4519
1666,4543
1666,4734
1667,1765
1667,1837
1667,2010
1667,2092
1667,2255
1667,2753
1667,2832
1667,3211
1667,3328
1667,3403
1667,3437
1667,3535
1667,3825
1667,4118
1667,4134
1667,4522
1667,4528
1667,4590
1668,1838
1668,1839
1668,2015
1668,2159
1668,2302
1668,2317
1668,2411
1668,2986
1668,2994
1668,3126
1668,3234
1668,3238
1668,3268
1668,3486
1668,3490
1668,3655
1668,3724
1668,3883
1668,4157
1668,4328
1668,4684
1668,4759
1668,4803
1669,1694
1669,1744
1669,2124
1669,2526
1669,2580
1669,2613
1669,2956
1669,2970
1669,3197
1669,3227
1669,3339
1669,3377
1669,3434
1669,3468
1669,3854
1669,4344
1669,4348
1670,1818
1670,1837
1670,2205
1670,2530
1670,2821
1670,2976
1670,3230
1670,3311
1670,3423
1670,3873
1670,4007
1670,4149
1670,4253
1670,4338
1670,4400
1670,4411
1670,4579
1670,4586
1670,4660
1670,4683
1671,1698
1671,1856
1671,2071
1671,2167
1671,2194
1671,2483
1671,3282
1671,3632
1671,3782
1671,4250
1671,4491
1671,4920
1671,4979
1672,1834
1672,2110
1672,2627
1672,2808
1672,2920
1672,2960
1672,3065
1672,3323
1672,3552
1672,4160
1672,4445
1672,4771
1673,1789
1673,2316
1673,2716
1673,2782
1673,2890
1673,2891
1673,3049
1673,3257
1673,3561
1673,3737
1673,3892
1673,3992
1673,3994
1673,4060
1673,4345
1673,4440
1673,4574
1673,4584
1673,4654
1673,4734
1674,1684
1674,2427
1674,2508
1674,2609
1674,2881
1674,2922
1674,3092
1674,3253
1674,3866
1674,4356
1674,4411
1674,4442
1674,4658
1674,4830
1674,4840
1674,4866
1674,4912
1674,4966
1675,1766
1675,2096
1675,2105
1675,2116
1675,2317
1675,2457
1675,2503
1675,2558
1675,2632
1675,3081
1675,3186
1675,3331
1675,3335
1675,3455
1675,3536
1675,3784
1675,3871
1675,3887
1675,4478
1675,4484
1675,4622
1675,4636
1676,1787
1676,1927
1676,2071
1676,2134
1676,2189
1676,2536
1676,2730
1676,2775
1676,3073
1676,3134
1676,3155
1676,3412
1676,3682
1676,3819
1676,3928
1676,3931
1676,4424
1676,4451
1676,4471
1676,4503
1676,4542
1676,4592
1676,4667
1676,4691
1676,4704
1677,1872
1677,2224
1677,2311
1677,2545
1677,2626
1677,2710
1677,2805
1677,2822
1677,2936
1677,3014
1677,3123
1677,3174
1677,3439
1677,3537
1677,3760
1677,3931
1677,4035
1677,4306
1677,4383
1677,4761
1677,4791
1677,4989
1678,2264
1678,2290
1678,2522
1678,2557
1678,2579
1678,2595
1678,2776
1678,2783
1678,2829
1678,2997
1678,3481
1678,3877
1678,4098
1678,4526
1678,4836
1678,4984
1679,1944
1679,2058
1679,2219
1679,2301
1679,2551
1679,2749
1679,3016
1679,3190
1679,3343
1679,3430
1679,3538
1679,3649
1679,3717
1679,3902
1679,4236
1679,4306
1679,4487
1679,4513
1679,4660
1679,4728
1679,4794
1679,4984
1680,1806
1680,2131
1680,2448
1680,2713
1680,2871
1680,2932
1680,3000
1680,3477
1680,3683
1680,3758
1680,4012
1680,4095
1680,4176
1680,4274
1680,4468
1680,4566
1680,4797
1680,4952
1681,1881
1681,1909
1681,2135
1681,2429
1681,2727
1681,2804
1681,2824
1681,3356
1681,3615
1681,3818
1681,4151
1681,4330
1681,4369
1681,4428
1681,4478
1681,4812
1681,4873
1681,4905
1682,1747
1682,2256
1682,2283
1682,2669
1682,3025
1682,3158
1682,3467
1682,4523
1682,4816
1682,4861
1683,1715
1683,1795
1683,2148
1683,2285
1683,2328
1683,2344
1683,2686
1683,2744
1683,3066
1683,3883
1683,3926
1683,4338
1684,1731
1684,2058
1684,2100
1684,2133
1684,3072
1684,3383
1684,3534
1684,3712
1684,4347
1684,4922
1684,4982
1685,2016
1685,2150
1685,2217
1685,2265
1685,2318
1685,2628
1685,2744
1685,2835
1685,2875
1685,3073
1685,3294
1685,3354
1685,3449
1685,3702
1685,4046
1685,4451
1685,4544
1685,4562
1685,4610
1685,4979
1686,1693
1686,2029
1686,2249
1686,2361
1686,2451
1686,3260
1686,3422
1686,3895
1686,4076
1686,4188
1686,4237
1686,4286
1686,4887
1687,1780
1687,1857
1687,2311
1687,2327
1687,2540
1687,2871
1687,2892
1687,2906
1687,3179
1687,3261
1687,3307
1687,3386
1687,3453
1687,3657
1687,3706
1687,3811
1687,4064
1687,4160
1687,4297
1687,4415
1687,4759
1687,4912
1688,1794
1688,1905
1688,1916
1688,2125
1688,2145
1688,2162
1688,2240
1688,2492
1688,2616
1688,2890
1688,3238
1688,3241
1688,3444
1688,3705
1688,3713
1688,3729
1688,4117
1689,2209
1689,2350
1689,2532
1689,2541
1689,3411
1689,3749
1689,4075
1689,4149
1689,4176
1689,4349
1689,4381
1689,4582
1689,4694
1689,4748
1689,4819
1689,4920
1690,1734
1690,1896
1690,2028
1690,2387
1690,2456
1690,2578
1690,2651
1690,2724
1690,3137
1690,3194
1690,3622
1690,3714
1690,4521
1690,4758
1690,4897
1691,1709
1691,1797
1691,1850
1691,1886
1691,2259
1691,2442
1691,2456
1691,2511
1691,2526
1691,2677
1691,3173
1691,3494
1691,3732
1691,3795
1691,4085
1691,4211
1691,4235
1691,4261
1691,4335
1691,4508
1691,4515
1691,4653
1691,4780
1691,4800
1692,1775
1692,2030
1692,2147
1692,2469
1692,2516
1692,2585
1692,2680
1692,2740
1692,3504
1692,3830
1692,4432
1692,4468
1692,4926
1693,1694
1693,2169
1693,2556
1693,2679
1693,2690
1693,3421
1693,3508
1693,3881
1693,4289
1693,4306
1693,4439
1693,4689
1694,1934
1694,2175
1694,2345
1694,2575
1694,2648
1694,2733
1694,2866
1694,3050
1694,3203
1694,3278
1694,3651
1694,3688
1694,3810
1694,4025
1694,4194
1694,4352
1694,4478
1694,4525
1694,4704
1694,4718
1694,4862
1694,4893
1695,1704
1695,1903
1695,2634
1695,2910
1695,2975
1695,3023
1695,3208
1695,3266
1695,3460
1695,3623
1695,3973
1695,4482
1695,4699
1695,4781
1696,1902
1696,1932
1696,1937
1696,2160
1696,2190
1696,2294
1696,2491
1696,2696
1696,2841
1696,2941
1696,3092
1696,3446
1696,3559
1696,3577
1696,3644
1696,3868
1696,4111
1696,4283
1696,4357
1696,4810
1697,1805
1697,2037
1697,2127
1697,2141
1697,2525
1697,2545
1697,2619
1697,2768
1697,2800
1697,2820
1697,2857
1697,2968
1697,3010
1697,3405
1697,3475
1697,3688
1697,3863
1697,4034
1697,4103
1697,4221
1697,4514
1697,4718
1697,4726
1698,1749
1698,1755
1698,1976
1698,2131
1698,2889
1698,2938
1698,3179
1698,3507
1698,3529
1698,3663
1698,3962
1698,4027
1698,4241
1698,4277
1698,4875
1698,4932
1699,1717
1699,1789
1699,1824
1699,2361
1699,2502
1699,2736
1699,3054
1699,3113
1699,3851
1699,3882
1699,4435
1699,4626
1699,4906
1700,2003
1700,2026
1700,2055
1700,2129
1700,2140
1700,2673
1700,2709
1700,2834
1700,2881
1700,2950
1700,3374
1700,3564
1700,3808
1700,3924
1700,4124
1700,4333
1700,4388
1700,4396
1700,4602
1700,4698
1700,4798
1700,4959
1701,1884
1701,2709
1701,2779
1701,2943
1701,2973
1701,3344
1701,3451
1701,3610
1701,3728
1701,3746
1701,3884
1701,4011
1701,4157
1701,4270
1701,4462
1701,4484
1701,4812
1701,4814
1701,4866
1701,4909
1702,1780
1702,1818
1702,1870
1702,2060
1702,2115
1702,2213
1702,2290
1702,2546
1702,2578
1702,2756
1702,2820
1702,3056
1702,3080
1702,3144
1702,3329
1702,3571
1702,3949
1702,4111
1702,4128
1702,4224
1702,4606
1703,1887
1703,2230
1703,2312
1703,2388
1703,2442
1703,2508
1703,2549
1703,2730
1703,2903
1703,3162
1703,3509
1703,3524
1703,3716
1703,4077
1703,4120
1703,4579
1703,4688
1703,4839
1703,4858
1704,1860
1704,2034
1704,2217
1704,2370
1704,2386
1704,2714
1704,2954
1704,3130
1704,3300
1704,3482
1704,3596
1704,4034
1704,4385
1704,4482
1704,4573
1704,4777
1704,4994
1705,1724
1705,1859
1705,2163
1705,2212
1705,2227
1705,2376
1705,2590
1705,3197
1705,3433
1705,3695
1705,4284
1705,4638
1705,4948
1706,1886
1706,2019
1706,2420
1706,2576
1706,2594
1706,2792
1706,3283
1706,4082
1706,4649
1706,4839
1706,4884
1706,4967
1707,1905
1707,2112
1707,2889
1707,2899
1707,2964
1707,3041
1707,3280
1707,3658
1707,3762
1707,3935
1707,4453
1707,4542
1707,4636
1707,4790
1708,2089
1708,2235
1708,2560
1708,2598
1708,2820
1708,2860
1708,3073
1708,3093
1708,3573
1708,3668
1708,3760
1708,3777
1708,3825
1708,4003
1708,4291
1708,4617
1708,4665
1708,4961
1709,1729
1709,1792
1709,1977
1709,2357
1709,3066
1709,3205
1709,3719
1709,3867
1709,3875
1709,4071
1709,4097
1709,4404
1709,4491
1710,1712
1710,1793
1710,1844
1710,2074
1710,2160
1710,2172
1710,2379
1710,2689
1710,3262
1710,3492
1710,3749
1710,3869
1710,4008
1710,4026
1710,4077
1710,4096
1710,4241
1710,4667
1710,4697
1710,4788
1710,4841
1711,1867
1711,2193
1711,2568
1711,2664
1711,2680
1711,2737
1711,2794
1711,3389
1711,3485
1711,3558
1711,3740
1711,3900
1711,4387
1711,4661
1711,4685
1711,4762
1711,4787
1711,4818
1712,1811
1712,2660
1712,2802
1712,2863
1712,3018
1712,3162
1712,3244
1712,3343
1712,3445
1712,4392
1712,4582
1712,4638
1712,4792
1713,1762
1713,1895
1713,1950
1713,2002
1713,2191
1713,2487
1713,2690
1713,2902
1713,3054
1713,3126
1713,3261
1713,3365
1713,3525
1713,3974
1713,4074
1713,4277
1713,4385
1713,4418
1713,4535
1714,1791
1714,1802
1714,2072
1714,2219
1714,2874
1714,2895
1714,3196
1714,3224
1714,3304
1714,3357
1714,3408
1714,3685
1714,3865
1714,4141
1714,4169
1714,4408
1714,4723
1715,1761
1715,1834
1715,2387
1715,2966
1715,3137
1715,3216
1715,3402
1715,3496
1715,3768
1715,4072
1715,4087
1715,4353
1715,4355
1715,4509
1715,4903
1716,1885
1716,2113
1716,2281
1716,2283
1716,2375
1716,3206
1716,3266
1716,3299
1716,3463
1716,3521
1716,4161
1716,4252
1716,4287
1716,4288
1716,4713
1716,4889
1717,2419
1717,2733
1717,3076
1717,3402
1717,3560
1717,3730
1717,4008
1717,4161
1717,4660
1718,1793
1718,1970
1718,1989
1718,2330
1718,2411
1718,2751
1718,2761
1718,2783
1718,2965
1718,2971
1718,3038
1718,3138
1718,3192
1718,3340
1718,3519
1718,3849
1718,4067
1718,4235
1718,4511
1718,4541
1718,4870
1718,4901
1718,4934
1719,1727
1719,1820
1719,1851
1719,1943
1719,1981
1719,2024
1719,2122
1719,2175
1719,2351
1719,2489
1719,2685
1719,3672
1719,3724
1719,3903
1719,4153
1719,4178
1719,4706
1719,4723
1720,1738
1720,1765
1720,1855
1720,2026
1720,2083
1720,2424
1720,2684
1720,3030
1720,3176
1720,3306
1720,3490
1720,3796
1720,3894
1720,3924
1720,4570
1720,4854
1721,1908
1721,2000
1721,2205
1721,2455
1721,2578
1721,2996
1721,3304
1721,3540
1721,3616
1721,3634
1721,3681
1721,4026
1721,4378
1721,4655
1721,4898
1721,4944
1721,4950
1722,1726
1722,1839
1722,1856
1722,2173
1722,2305
1722,2431
1722,2507
1722,2600
1722,2998
1722,3071
1722,3074
1722,3176
1722,3688
1722,3698
1722,3959
1722,4002
1722,4142
1722,4152
1722,4469
1722,4596
1722,4929
1722,4987
1723,1805
1723,2036
1723,2597
1723,2626
1723,2892
1723,3567
1723,3645
1723,3848
1723,3854
1723,4021
1723,4132
1723,4144
1723,4150
1723,4221
1723,4223
1723,4422
1723,4621
1723,4752
1724,1758
1724,1795
1724,1899
1724,1969
1724,2012
1724,2177
1724,2461
1724,2634
1724,2801
1724,2883
1724,3012
1724,3901
1724,3926
1724,3941
1724,4005
1724,4191
1724,4689
1724,4723
1725,1988
1725,2211
1725,2551
1725,2696
1725,2847
1725,3257
1725,4004
1725,4187
1725,4375
1725,4958
1726,1757
1726,2024
1726,2507
1726,2540
1726,2789
1726,2798
1726,2921
1726,3063
1726,3577
1726,3597
1726,4028
1726,4039
1726,4073
1726,4156
1726,4224
1726,4235
1726,4290
1726,4308
1726,4316
1726,4436
1726,4580
1726,4605
1727,1946
1727,2022
1727,2024
1727,2374
1727,2498
1727,2641
1727,2846
1727,3019
1727,3419
1727,3854
1727,3876
1727,3942
1727,3956
1727,4153
1727,4182
1727,4931
1728,2187
1728,2327
1728,2442
1728,2662
1728,3116
1728,3143
1728,3173
1728,3493
1728,3562
1728,3824
1728,4139
1728,4168
1728,4334
1728,4630
1728,4859
1728,4929
1729,2636
1729,2888
1729,2996
1729,3094
1729,3689
1729,4208
1729,4272
1729,4521
1729,4661
1729,4938
1730,1901
1730,2194
1730,2495
1730,2897
1730,3166
1730,3417
1730,3433
1730,3719
1730,3863
1730,4439
1730,4774
1730,4796
1730,4800
1730,4957
1731,1893
1731,1967
1731,2011
1731,2221
1731,2495
1731,3490
1731,3754
1731,3976
1731,4322
1731,4605
1731,4667
1731,4715
1731,4775
1731,4864
1731,4879
1732,1783
1732,1823
1732,1834
1732,2376
1732,2403
1732,2557
1732,2578
1732,2816
1732,2872
1732,3177
1732,3297
1732,3644
1732,3746
1732,4047
1732,4054
1732,4416
1732,4567
1732,4605
1732,4739
1732,4754
1732,4905
1733,1869
1733,1982
1733,2419
1733,2704
1733,2809
1733,3045
1733,3226
1733,3490
1733,3588
1733,3725
1733,3807
1733,3956
1733,4346
1733,4349
1733,4485
1733,4518
1734,2057
1734,2112
1734,2120
1734,2535
1734,2683
1734,2832
1734,2973
1734,3338
1734,3888
1734,4095
1734,4120
1734,4335
1734,4361
1734,4424
1734,4460
1734,4488
1734,4611
1734,4752
1735,1906
1735,1967
1735,2067
1735,2346
1735,2520
1735,2739
1735,2995
1735,3195
1735,3520
1735,4023
1735,4116
1735,4124
1735,4583
1736,1922
1736,1924
1736,2024
1736,3393
1736,3437
1736,3485
1736,3873
1736,3997
1736,4269
1736,4339
1736,4797
1736,4987
1737,2194
1737,2581
1737,2685
1737,2812
1737,2857
1737,3108
1737,3262
1737,3295
1737,3321
1737,3327
1737,3332
1737,3806
1737,3885
1737,3901
1737,3977
1737,4231
1737,4562
1737,4664
1738,1924
1738,2381
1738,2517
1738,2842
1738,3181
1738,3614
1738,4273
1738,4333
1738,4510
1739,1812
1739,1914
1739,2000
1739,2080
1739,2163
1739,2279
1739,2397
1739,2894
1739,2921
1739,3301
1739,3385
1739,3586
1739,3707
1739,3774
1739,3820
1739,3889
1739,4159
1739,4162
1739,4269
1739,4309
1739,4351
1739,4485
1739,4788
1739,4993
1740,2040
1740,2095
1740,2142
1740,2423
1740,3146
1740,3317
1740,3705
1740,3910
1740,4162
1740,4407
1740,4756
1740,4902
1740,4949
1740,4966
1741,1787
1741,1855
1741,2176
1741,2229
1741,2280
1741,2317
1741,2555
1741,2668
1741,3290
1741,3292
1741,3381
1741,3483
1741,3890
1741,4235
1741,4455
1741,4998
1742,1855
1742,2588
1742,2757
1742,2976
1742,3171
1742,3512
1742,3758
1742,3775
1742,3779
1742,3782
1742,4252
1742,4305
1742,4410
1742,4643
1743,1820
1743,1831
1743,1877
1743,1884
1743,1941
1743,2144
1743,2373
1743,3767
1743,3941
1743,3997
1743,4055
1743,4096
1743,4558
1743,4810
1743,4812
1744,1811
1744,1981
1744,2181
1744,2344
1744,2440
1744,2504
1744,2618
1744,3324
1744,3461
1744,3576
1744,3617
1744,3724
1744,3772
1744,3839
1744,3883
1744,4066
1744,4086
1744,4262
1744,4348
1745,1799
1745,1824
1745,2028
1745,2181
1745,2562
1745,3044
1745,3084
1745,3330
1745,3394
1745,3531
1745,3636
1745,3709
1745,3819
1745,3902
1745,4552
1745,4634
1745,4897
1745,4904
1746,1923
1746,2135
1746,2299
1746,2332
1746,2386
1746,2893
1746,3153
1746,3488
1746,3755
1746,4055
1746,4512
1746,4852
1747,2191
1747,2917
1747,3222
1747,3350
1747,3652
1747,4090
1747,4215
1747,4255
1747,4401
1747,4482
1747,4699
1747,4837
1747,4950
1747,4991
1748,1887
1748,2064
1748,2132
1748,2437
1748,2578
1748,2584
1748,2799
1748,2822
1748,3139
1748,3198
1748,3394
1748,3534
1748,3849
1748,3998
1748,4104
1748,4303
1748,4661
1749,1868
1749,2233
1749,3132
1749,3560
1749,3586
1749,3677
1749,3695
1749,3743
1749,4031
1749,4107
1749,4446
1749,4509
1749,4519
1749,4714
1749,4913
1750,1769
1750,1906
1750,2298
1750,2480
1750,2982
1750,3082
1750,3094
1750,3170
1750,3315
1750,3566
1750,3979
1750,4189
1750,4356
1750,4567
1751,1828
1751,1837
1751,1979
1751,2313
1751,2447
1751,2591
1751,2670
1751,2741
1751,3365
1751,3407
1751,3440
1751,4093
1751,4147
1751,4207
1751,4262
1751,4402
1751,4617
1751,4724
1752,1767
1752,2138
1752,2199
1752,2865
1752,3028
1752,3193
1752,3424
1752,3536
1752,3734
1752,3889
1752,4022
1752,4114
1752,4148
1752,4180
1752,4185
1752,4429
1752,4625
1753,1765
1753,1855
1753,1857
1753,2230
1753,2246
1753,2251
1753,2527
1753,2734
1753,2735
1753,3155
1753,3351
1753,3505
1753,3506
1753,3591
1753,3622
1753,3872
1753,3892
1753,4387
1753,4397
1753,4403
1753,4467
1753,4480
1753,4798
1753,4984
1754,2208
1754,2372
1754,2523
1754,2537
1754,2647
1754,2708
1754,2768
1754,2771
1754,2785
1754,2906
1754,2934
1754,3656
1754,3824
1754,4022
1754,4279
1754,4293
1755,1797
1755,1887
1755,1937
1755,2069
1755,2099
1755,2469
1755,2521
1755,2577
1755,3096
1755,3376
1755,3388
1755,3421
1755,3720
1755,3792
1755,3840
1755,4280
1755,4381
1755,4717
1756,1849
1756,1860
1756,1928
1756,1937
1756,1961
1756,2299
1756,2379
1756,2466
1756,2620
1756,2863
1756,2920
1756,3237
1756,3284
1756,3507
1756,3676
1756,4002
1756,4114
1756,4480
1756,4782
1756,4797
1757,2012
1757,2858
1757,2873
1757,3050
1757,3163
1757,3272
1757,3446
1757,3535
1757,3728
1757,3845
1757,3934
1757,4017
1757,4275
1757,4763
1757,4863
1757,4940
1758,1770
1758,1806
1758,1823
1758,2084
1758,2110
1758,2172
1758,2444
1758,2476
1758,2611
1758,2699
1758,2931
1758,3117
1758,3289
1758,3349
1758,3476
1758,3735
1758,4360
1758,4584
1758,4680
1758,4727
1758,4851
1758,4938
1758,4973
1759,1910
1759,2033
1759,2185
1759,3191
1759,3202
1759,3332
1759,3404
1759,3585
1759,3586
1759,3597
1759,4026
1759,4052
1759,4141
1759,4238
1759,4509
1759,4697
1760,2059
1760,2751
1760,2943
1760,3117
1760,3155
1760,3223
1760,3486
1760,3849
1760,3971
1760,4071
1760,4137
1760,4287
1760,4292
1760,4306
1760,4325
1760,4488
1761,2328
1761,2329
1761,2413
1761,2418
1761,2880
1761,2892
1761,3014
1761,3119
1761,3173
1761,3298
1761,3388
1761,3483
1761,3851
1761,3919
1761,3988
1761,4164
1761,4375
1761,4547
1761,4644
1761,4722
1761,4801
1762,1806
1762,2202
1762,2369
1762,2869
1762,3103
1762,3134
1762,3447
1762,4383
1762,4461
1762,4548
1762,4688
1763,1808
1763,1836
1763,1906
1763,2357
1763,2655
1763,2817
1763,2844
1763,2880
1763,3039
1763,3053
1763,3121
1763,3450
1763,3468
1763,3490
1763,4019
1763,4058
1763,4073
1763,4192
1763,4217
1763,4233
1763,4328
1763,4458
1763,4487
1763,4503
1763,4537
1763,4657
1764,2167
1764,2336
1764,2377
1764,2495
1764,2928
1764,3515
1764,3911
1764,3912
1764,4113
1764,4156
1764,4321
1764,4669
1764,4716
1764,4760
1765,1999
1765,2138
1765,2180
1765,2585
1765,2748
1765,2809
1765,2984
1765,3692
1765,3788
1765,4053
1765,4078
1765,4101
1765,4207
1765,4265
1765,4533
1765,4757
1765,4795
1765,4797
1766,2280
1766,2469
1766,2667
1766,3074
1766,3283
1766,3472
1766,3680
1766,4190
1766,4623
1766,4764
1766,4959
1767,2037
1767,2079
1767,2128
1767,2196
1767,2274
1767,2484
1767,2547
1767,2564
1767,2742
1767,2834
1767,2997
1767,3009
1767,3086
1767,3215
1767,3276
1767,3408
1767,3742
1767,3960
1767,4005
1767,4818
1768,2421
1768,2487
1768,3363
1768,3755
1768,3912
1768,3955
1768,4307
1768,4769
1769,1796
1769,2687
1769,3119
1769,3236
1769,3336
1769,3398
1769,3702
1769,4276
1769,4307
1769,4311
1769,4509
1770,1792
1770,2165
1770,2290
1770,2511
1770,2597
1770,2912
1770,3026
1770,3521
1770,3889
1770,3926
1770,3934
1770,4162
1770,4256
1770,4620
1770,4624
1770,4839
1771,1883
1771,2235
1771,2762
1771,2934
1771,3343
1771,3386
1771,3650
1771,3786
1771,3916
1771,4059
1771,4377
1771,4657
1771,4801
1771,4964
1772,1806
1772,1936
1772,2156
1772,2307
1772,2322
1772,2443
1772,2485
1772,2903
1772,3383
1772,3635
1772,3726
1772,4038
1772,4365
1772,4452
1772,4648
1772,4736
1772,4831
1772,4889
1773,2103
1773,2173
1773,2211
1773,2233
1773,2977
1773,3054
1773,3121
1773,3192
1773,3711
1773,3830
1773,3861
1773,4574
1773,4708
1774,1855
1774,1895
1774,2576
1774,2690
1774,2858
1774,2924
1774,3031
1774,3198
1774,3511
1774,3759
1774,3809
1774,4246
1774,4358
1774,4606
1774,4753
1774,4798
1774,4922
1774,4951
1774,4976
1775,1896
1775,2048
1775,2147
1775,2290
1775,2302
1775,2374
1775,2635
1775,2682
1775,2707
1775,2772
1775,2906
1775,3167
1775,3221
1775,3702
1775,4002
1775,4103
1775,4278
1775,4619
1775,4701
1775,4978
1776,2213
1776,2227
1776,2247
1776,2273
1776,2655
1776,2736
1776,2763
1776,2998
1776,3141
1776,3500
1776,3661
1776,3870
1776,4345
1776,4435
1777,1788
1777,2004
1777,2037
1777,2195
1777,2276
1777,2326
1777,2378
1777,2538
1777,2726
1777,3055
1777,3352
1777,3405
1777,3599
1777,3620
1777,3691
1777,3782
1777,3995
1777,4730
1778,2106
1778,2144
1778,2638
1778,2887
1778,2962
1778,3255
1778,4155
1778,4362
1778,4511
1778,4731
1779,1786
1779,1805
1779,1876
1779,2011
1779,3752
1779,4025
1779,4241
1779,4374
1779,4827
1779,4913
1780,1841
1780,2032
1780,2295
1780,2521
1780,2597
1780,2944
1780,2947
1780,3049
1780,3370
1780,3374
1780,3422
1780,3725
1780,3870
1780,3922
1780,3957
1780,4065
1780,4197
1781,1785
1781,2032
1781,2279
1781,2319
1781,2406
1781,2820
1781,2839
1781,3216
1781,3368
1781,3897
1781,3900
1781,3920
1781,4179
1781,4288
1781,4664
1781,4760
1781,4885
1781,4990
1782,1861
1782,1934
1782,2276
1782,2292
1782,2754
1782,2856
1782,3009
1782,3412
1782,3497
1782,3500
1782,3665
1782,3848
1782,3854
1782,4060
1782,4395
1782,4773
1782,4817
1782,4917
1782,4955
1783,1967
1783,2172
1783,2347
1783,2572
1783,2944
1783,3346
1783,3477
1783,3875
1783,4139
1783,4261
1783,4385
1783,4691
1783,4968
1783,4976
1784,1820
1784,1884
1784,2398
1784,2701
1784,2798
1784,2967
1784,2980
1784,3157
1784,3261
1784,3354
1784,3548
1784,3748
1784,3960
1784,4215
1784,4277
1784,4303
1784,4305
1784,4572
1784,4593
1784,4646
1784,4911
1784,4971
1785,2169
1785,2270
1785,2496
1785,2677
1785,2715
1785,3057
1785,3789
1785,3799
1785,3951
1785,4603
1785,4942
1785,4959
1785,4990
1786,2286
1786,2520
1786,3077
1786,3272
1786,3432
1786,3487
1786,3550
1786,3893
1786,3944
1786,4171
1786,4174
1786,4243
1786,4410
1786,4950
1787,1935
1787,1947
1787,2010
1787,2434
1787,2639
1787,2807
1787,3813
1787,4227
1787,4322
1787,4371
1787,4568
1787,4668
1787,4815
1787,4986
1788,2311
1788,2327
1788,2449
1788,2478
1788,2899
1788,2932
1788,3116
1788,3249
1788,3315
1788,3461
1788,3552
1788,3867
1788,3886
1788,3891
1788,3985
1788,4097
1788,4352
1788,4518
1789,1888
1789,1896
1789,1963
1789,2085
1789,2168
1789,2599
1789,2900
1789,2907
1789,2919
1789,3296
1789,3714
1789,3790
1789,4123
1790,2329
1790,2419
1790,2659
1790,3173
1790,3307
1790,3521
1790,3581
1790,3691
1790,4926
1790,4961
1791,1874
1791,2144
1791,2158
1791,2449
1791,2760
1791,2847
1791,3359
1791,3376
1791,3434
1791,3701
1791,3753
1791,3845
1791,4013
1791,4388
1791,4500
1791,4975
1792,2016
1792,2096
1792,2230
1792,2357
1792,2420
1792,2602
1792,2764
1792,2832
1792,3096
1792,3434
1792,3454
1792,3483
1792,4605
1792,4742
1792,4853
1792,4949
1792,4994
1793,2302
1793,2496
1793,2699
1793,3062
1793,3123
1793,3210
1793,3287
1793,3460
1793,3606
1793,3799
1793,3819
1793,3878
1793,4076
1793,4256
1793,4582
1793,4836
1794,1942
1794,1997
1794,2004
1794,2022
1794,2284
1794,2458
1794,2949
1794,3007
1794,3440
1794,3711
1794,3812
1794,3827
1794,3900
1794,3976
1794,4128
1794,4538
1794,4646
1794,4784
1795,1823
1795,1826
1795,2149
1795,2226
1795,2235
1795,2556
1795,2702
1795,2970
1795,3204
1795,3215
1795,3219
1795,3583
1795,4348
1795,4360
1795,4479
1795,4649
1795,4699
1795,4775
1795,4779
1795,4978
1795,4980
1796,1831
1796,1904
1796,1957
1796,2115
1796,2157
1796,2209
1796,2222
1796,2260
1796,2648
1796,2890
1796,2978
1796,3085
1796,3097
1796,3319
1796,3326
1796,3418
1796,3500
1796,3802
1796,4415
1796,4820
1796,4879
1796,4883
1796,4927
1797,1837
1797,1877
1797,2323
1797,2502
1797,2774
1797,2922
1797,3091
1797,3310
1797,3377
1797,3774
1797,3918
1797,4071
1798,1930
1798,2001
1798,2507
1798,2768
1798,2943
1798,3593
1798,3648
1798,3936
1798,4097
1798,4350
1798,4845
1798,4968
1799,1871
1799,2378
1799,2609
1799,2715
1799,2803
1799,2815
1799,2820
1799,2841
1799,3139
1799,3403
1799,3409
1799,3460
1799,3582
1799,4095
1799,4147
1799,4250
1799,4436
1799,4454
1800,1913
1800,1987
1800,2112
1800,2305
1800,2737
1800,2795
1800,2876
1800,3119
1800,3133
1800,3155
1800,3280
1800,3472
1800,3867
1800,4359
1800,4460
1800,4648
1801,1995
1801,2417
1801,2562
1801,2692
1801,2885
1801,2932
1801,2961
1801,3038
1801,3228
1801,3620
1801,3976
1801,4274
1801,4392
1801,4483
1801,4536
1801,4569
1801,4706
1801,4729
1801,4866
1801,4927
1802,1819
1802,2012
1802,2101
1802,2178
1802,2315
1802,2410
1802,2448
1802,2856
1802,3021
1802,3260
1802,3346
1802,3482
1802,4017
1802,4068
1802,4311
1802,4653
1802,4749
1802,4884
1802,4913
1803,1955
1803,2004
1803,2141
1803,2486
1803,2553
1803,2652
1803,2784
1803,2811
1803,3266
1803,3526
1803,3552
1803,3618
1803,3844
1803,3960
1803,4147
1803,4836
1804,2305
1804,2782
1804,2904
1804,3385
1804,3672
1804,3868
1804,4344
1804,4607
1804,4678
1804,4782
1805,1996
1805,2515
1805,2657
1805,2863
1805,2878
1805,3276
1805,3358
1805,3615
1805,4390
1805,4801
1805,4808
1805,4871
1805,4955
1806,2012
1806,2590
1806,2664
1806,2932
1806,2960
1806,2961
1806,4080
1806,4160
1806,4241
1806,4348
1806,4452
1806,4930
1807,1998
1807,2135
1807,2628
1807,2731
1807,2736
1807,2783
1807,2880
1807,3057
1807,3325
1807,3356
1807,3397
1807,3672
1807,3719
1807,3924
1807,4037
1807,4081
1807,4121
1807,4190
1807,4571
1807,4822
1808,1836
1808,1891
1808,1968
1808,2200
1808,2252
1808,2719
1808,2739
1808,2834
1808,2948
1808,3035
1808,3176
1808,3268
1808,3413
1808,3445
1808,3514
1808,3563
1808,3644
1808,4201
1808,4251
1808,4359
1808,4392
1808,4414
1808,4553
1808,4622
1808,4623
1809,2622
1809,2700
1809,3036
1809,3048
1809,3050
1809,3306
1809,3317
1809,3369
1809,3597
1809,3719
1809,3797
1809,3846
1809,3896
1809,4128
1809,4291
1809,4326
1809,4342
1809,4582
1809,4756
1809,4772
1809,4952
1810,2272
1810,2300
1810,2987
1810,3008
1810,3020
1810,3026
1810,3212
1810,3645
1810,3698
1810,3811
1810,3988
1810,4029
1810,4246
1810,4264
1810,4629
1810,4672
1810,4896
1810,4963
1811,2225
1811,2270
1811,2383
1811,2710
1811,2803
1811,3149
1811,3443
1811,3461
1811,3839
1811,4063
1811,4237
1811,4375
1811,4423
1811,4864
1811,4876
1812,1831
1812,1886
1812,1903
1812,1924
1812,1947
1812,2524
1812,2699
1812,2771
1812,3028
1812,3216
1812,3470
1812,3717
1812,3732
1812,3877
1812,4882
1813,2079
1813,2234
1813,2738
1813,2900
1813,3340
1813,3393
1813,3405
1813,3497
1813,3693
1813,4098
1813,4361
1813,4372
1813,4676
1813,4989
1814,2401
1814,2450
1814,2597
1814,2773
1814,2876
1814,2914
1814,3051
1814,3303
1814,3466
1814,3628
1814,3696
1814,3758
1814,3768
1814,3781
1814,3927
1814,4137
1814,4271
1814,4319
1814,4817
1814,4893
1814,4934
1814,4969
1815,1886
1815,2189
1815,2488
1815,2509
1815,2774
1815,3200
1815,3214
1815,3271
1815,3459
1815,3486
1815,3635
1815,3672
1815,3696
1815,3816
1815,3921
1815,4054
1815,4241
1815,4364
1815,4586
1815,4611
1815,4732
1816,1911
1816,1969
1816,2222
1816,2224
1816,2418
1816,2443
1816,2460
1816,2558
1816,3462
1816,3470
1816,3675
1816,3836
1816,4007
1816,4141
1816,4371
1816,4670
1816,4981
1817,1858
1817,2381
1817,2457
1817,2540
1817,2615
1817,2810
1817,3308
1817,3475
1817,4187
1817,4558
1817,4567
1817,4571
1817,4582
1818,1920
1818,1968
1818,2029
1818,2453
1818,2753
1818,3070
1818,3359
1818,3458
1818,3523
1818,3708
1818,3764
1818,3883
1818,4585
1818,4837
1819,2040
1819,2102
1819,2859
1819,2873
1819,3251
1819,3265
1819,3483
1819,3546
1819,3697
1819,3765
1819,3780
1819,3913
1819,4284
1819,4343
1819,4603
1819,4670
1819,4969
1819,4974
1820,1915
1820,2072
1820,2098
1820,2197
1820,2721
1820,2860
1820,2992
1820,3049
1820,3731
1820,3978
1820,4012
1820,4232
1820,4547
1820,4808
1820,4847
1821,1838
1821,2043
1821,2277
1821,2581
1821,2678
1821,2930
1821,2935
1821,3107
1821,3390
1821,3508
1821,3574
1821,3666
1821,3836
1821,3902
1821,4021
1821,4472
1821,4742
1822,1851
1822,1878
1822,1949
1822,2055
1822,2088
1822,2221
1822,2417
1822,2556
1822,2655
1822,2719
1822,3234
1822,3261
1822,3325
1822,3493
1822,3786
1822,3836
1822,4067
1822,4990
1823,1832
1823,1993
1823,2377
1823,2617
1823,2726
1823,2795
1823,3049
1823,3092
1823,3338
1823,3398
1823,3751
1823,4356
1823,4587
1823,4593
1824,2723
1824,2744
1824,2790
1824,2868
1824,3477
1824,3594
1824,3640
1824,3956
1824,4149
1824,4264
1824,4820
1825,1981
1825,2117
1825,2202
1825,2600
1825,3687
1825,3717
1825,3801
1825,3881
1825,4024
1825,4270
1825,4443
1825,4563
1825,4755
1825,4960
1826,2033
1826,2063
1826,2243
1826,2278
1826,2403
1826,2614
1826,2728
1826,2874
1826,3118
1826,3127
1826,3143
1826,3334
1826,3377
1826,3645
1826,4053
1826,4196
1826,4264
1826,4362
1826,4572
1827,2439
1827,2474
1827,2770
1827,2831
1827,3220
1827,3542
1827,3543
1827,3757
1827,3978
1827,4454
1827,4457
1827,4579
1828,1848
1828,1932
1828,1985
1828,2021
1828,2233
1828,2281
1828,3059
1828,3115
1828,3244
1828,3313
1828,3425
1828,3430
1828,3449
1828,3489
1828,3883
1828,4109
1828,4189
1828,4469
1828,4605
1828,4670
1829,1911
1829,2003
1829,2505
1829,2793
1829,3217
1829,3460
1829,3546
1829,3640
1829,3696
1829,3706
1829,3744
1829,4076
1829,4407
1829,4652
1829,4795
1830,3102
1830,3155
1830,3414
1830,3594
1830,3680
1830,3691
1830,4158
1830,4178
1830,4387
1830,4514
1830,4680
1830,4739
1831,2031
1831,2077
1831,2194
1831,2243
1831,2957
1831,3124
1831,3465
1831,4583
1831,4963
1832,1865
1832,1988
1832,2033
1832,2116
1832,2316
1832,2389
1832,3110
1832,3163
1832,3771
1832,3981
1832,4514
1832,4555
1832,4728
1832,4896
1833,2522
1833,2713
1833,2854
1833,2885
1833,2892
1833,2991
1833,4037
1833,4186
1833,4326
1833,4377
1833,4480
1833,4528
1833,4538
1833,4583
1833,4742
1833,4789
1833,4980
1834,2112
1834,2326
1834,2565
1834,2611
1834,2700
1834,3292
1834,3516
1834,3986
1834,4285
1834,4341
1834,4667
1834,4681
1835,2004
1835,2055
1835,2309
1835,2506
1835,2621
1835,2649
1835,2879
1835,3029
1835,3212
1835,3519
1835,3535
1835,4288
1835,4468
1835,4922
1836,1993
1836,2510
1836,2930
1836,2985
1836,3110
1836,3223
1836,3260
1836,3698
1836,4655
1836,4707
1836,4742
1836,4805
1836,4871
1836,4986
1837,2080
1837,2313
1837,3249
1837,3347
1837,3456
1837,3639
1837,3679
1837,3762
1837,4322
1837,4657
1837,4733
1837,4825
1837,4987
1838,1928
1838,2291
1838,2519
1838,2744
1838,2935
1838,3174
1838,3385
1838,3936
1838,3949
1838,4076
1838,4232
1838,4505
1839,1896
1839,1906
1839,2464
1839,2676
1839,2819
1839,2902
1839,3127
1839,3332
1839,3865
1839,4324
1839,4437
1839,4825
1839,4952
1839,4958
1840,1957
1840,2321
1840,2352
1840,2753
1840,2897
1840,2937
1840,3037
1840,3169
1840,3334
1840,3517
1840,3835
1840,4044
1840,4240
1840,4266
1840,4368
1840,4429
1840,4674
1840,4767
1840,4906
1841,1967
1841,2092
1841,2171
1841,2867
1841,3577
1841,3724
1841,3733
1841,4096
1841,4305
1841,4727
1841,4997
1842,1934
1842,2223
1842,2315
1842,2515
1842,2838
1842,2912
1842,3069
1842,3303
1842,3459
1842,3741
1842,4014
1842,4110
1842,4245
1842,4454
1842,4629
1842,4946
1843,1888
1843,2212
1843,2241
1843,2280
1843,2295
1843,2337
1843,3507
1843,3623
1843,3693
1843,3702
1843,4033
1843,4361
1843,4553
1843,4561
1843,4713
1843,4900
1844,1960
1844,1962
1844,2088
1844,2261
1844,2366
1844,3161
1844,3219
1844,3396
1844,3546
1844,3815
1844,4074
1844,4260
1844,4266
1844,4271
1844,4901
1845,2281
1845,2532
1845,2641
1845,2680
1845,3082
1845,3357
1845,3440
1845,3658
1845,3697
1845,3739
1845,3780
1845,3828
1845,4003
1845,4090
1845,4201
1845,4373
1845,4389
1845,4733
1846,2144
1846,3229
1846,3241
1846,3258
1846,3392
1846,3529
1846,3691
1846,3791
1846,4480
1846,4638
1846,4697
1846,4758
1847,2098
1847,2521
1847,2710
1847,2791
1847,2915
1847,3948
1847,4048
1847,4055
1847,4407
1847,4678
1848,1887
1848,1908
1848,2282
1848,2309
1848,2395
1848,2910
1848,2930
1848,3015
1848,3135
1848,3221
1848,3241
1848,3743
1848,3933
1848,4072
1848,4386
1848,4855
1848,4880
1848,4944
1849,1889
1849,2078
1849,2320
1849,2416
1849,3250
1849,4201
1849,4687
1850,2230
1850,2510
1850,2603
1850,2796
1850,3125
1850,3184
1850,3278
1850,3383
1850,3447
1850,3761
1850,3882
1850,3888
1850,4261
1850,4262
1851,2642
1851,2717
1851,2958
1851,3027
1851,3301
1851,3418
1851,3931
1851,4012
1851,4362
1851,4413
1851,4881
1851,4953
1852,2205
1852,2277
1852,2322
1852,2475
1852,2688
1852,2706
1852,2720
1852,4042
1852,4262
1852,4431
1852,4781
1852,4951
1853,1935
1853,2130
1853,2212
1853,2493
1853,2524
1853,2836
1853,2952
1853,2956
1853,3086
1853,3190
1853,3265
1853,3443
1853,3496
1853,4157
1853,4242
1853,4519
1853,4630
1854,1918
1854,2441
1854,2481
1854,2488
1854,2493
1854,2713
1854,2803
1854,3084
1854,3197
1854,3260
1854,3333
1854,3393
1854,3842
1854,3919
1854,4202
1854,4468
1854,4848
1855,2252
1855,2569
1855,2854
1855,2863
1855,3492
1855,3885
1855,3901
1855,4140
1855,4263
1855,4274
1855,4369
1855,4470
1855,4661
1855,4669
1855,4722
1855,4776
1855,4929
1855,4947
1856,2042
1856,2070
1856,2837
1856,2981
1856,3003
1856,3203
1856,3352
1856,3501
1856,3613
1856,4025
1856,4156
1856,4183
1856,4334
1856,4439
1856,4558
1856,4851
1857,2364
1857,3560
1857,3611
1857,3626
1857,4104
1857,4205
1857,4227
1857,4438
1857,4474
1857,4623
1857,4672
1857,4682
1857,4731
1857,4972
1858,2003
1858,2787
1858,3129
1858,3503
1858,3678
1858,3833
1858,3957
1858,4156
1858,4173
1858,4228
1858,4476
1858,4517
1858,4530
1858,4808
1858,4843
1858,4926
1859,2503
1859,2637
1859,3200
1859,3348
1859,3832
1859,3893
1859,3944
1859,4414
1859,4726
1859,4985
1860,1929
1860,2276
1860,2333
1860,3039
1860,3395
1860,3658
1860,4235
1860,4511
1860,4584
1860,4691
1860,4724
1861,1991
1861,2185
1861,2600
1861,2754
1861,2835
1861,3045
1861,3056
1861,3172
1861,3351
1861,3371
1861,3410
1861,3551
1861,3757
1861,3852
1861,4536
1861,4693
1861,4710
1862,2339
1862,2421
1862,2485
1862,2494
1862,2610
1862,2718
1862,3323
1862,3860
1862,3953
1862,4365
1862,4638
1862,4734
1862,4883
1863,2138
1863,2196
1863,2389
1863,2574
1863,2756
1863,2927
1863,3259
1863,3500
1863,3666
1863,4205
1863,4338
1863,4503
1863,4634
1863,4877
1864,2370
1864,2380
1864,2526
1864,2695
1864,3406
1864,3443
1864,3530
1864,3568
1864,3823
1864,4083
1864,4439
1864,4609
1864,4740
1865,2121
1865,2275
1865,2365
1865,2433
1865,2442
1865,2478
1865,2654
1865,2920
1865,3145
1865,3263
1865,3527
1865,3728
1865,3763
1865,3764
1865,3891
1865,3972
1865,4131
1865,4651
1865,4992
1865,4993
1866,2506
1866,2669
1866,2970
1866,3261
1866,3333
1866,3572
1866,3982
1866,4055
1866,4161
1866,4179
1866,4344
1866,4506
1866,4738
1867,2513
1867,2529
1867,2640
1867,2995
1867,3042
1867,3457
1867,3473
1867,3720
1867,3914
1867,4113
1867,4291
1867,4611
1867,4664
1867,4692
1867,4729
1868,1899
1868,1992
1868,2131
1868,2209
1868,2352
1868,2714
1868,2720
1868,3487
1868,3493
1868,3579
1868,3583
1868,3811
1868,4036
1868,4563
1869,2079
1869,2212
1869,2831
1869,2992
1869,3202
1869,3432
1869,3621
1869,3670
1869,3684
1869,3852
1869,4442
1869,4653
1869,4754
1869,4907
1870,2028
1870,2473
1870,2703
1870,2839
1870,2874
1870,3322
1870,3603
1870,3833
1870,4020
1870,4217
1870,4321
1870,4392
1870,4460
1870,4612
1870,4690
1870,4848
1871,1902
1871,2114
1871,2761
1871,3322
1871,3714
1871,4332
1871,4467
1872,2058
1872,2458
1872,2656
1872,3230
1872,3264
1872,3549
1872,3725
1872,4249
1872,4577
1872,4619
1872,4753
1872,4864
1873,1930
1873,2012
1873,2258
1873,2262
1873,2495
1873,2505
1873,2558
1873,2749
1873,3140
1873,3459
1873,3479
1873,3729
1873,3866
1873,4364
1873,4383
1873,4659
1873,4721
1873,4974
1874,2038
1874,2087
1874,2229
1874,2362
1874,2639
1874,2940
1874,3107
1874,3302
1874,3393
1874,3537
1874,3704
1874,3718
1874,3851
1874,4909
1875,2017
1875,2093
1875,2288
1875,2316
1875,2393
1875,2448
1875,2472
1875,2708
1875,2767
1875,2787
1875,2804
1875,3337
1875,3400
1875,3642
1875,4329
1875,4356
1875,4814
1875,4843
1875,4862
1876,2087
1876,2090
1876,2191
1876,2227
1876,2468
1876,3162
1876,3254
1876,3379
1876,3569
1876,3632
1876,3696
1876,4042
1876,4317
1876,4325
1876,4484
1876,4569
1876,4779
1876,4996
1877,2861
1877,3083
1877,3483
1877,4073
1877,4480
1877,4618
1877,4807
1877,4830
1877,4858
1877,4919
1877,4958
1878,1967
1878,2029
1878,2395
1878,2505
1878,2832
1878,2962
1878,3063
1878,3798
1878,4161
1878,4528
1878,4735
1878,4844
1878,4870
1878,4960
1879,2143
1879,2339
1879,2645
1879,2828
1879,3049
1879,3101
1879,4107
1879,4233
1879,4274
1879,4513
1879,4589
1879,4705
1880,2032
1880,2422
1880,2553
1880,2691
1880,2864
1880,3484
1880,3625
1880,4050
1880,4118
1880,4273
1880,4492
1880,4790
1880,4942
1881,2234
1881,2477
1881,2638
1881,2823
1881,3020
1881,3216
1881,3252
1881,3611
1881,3621
1881,3673
1881,3680
1881,3824
1881,3894
1881,3957
1881,4068
1881,4143
1881,4176
1881,4453
1881,4528
1881,4640
1881,4762
1881,4771
1881,4918
1882,1906
1882,2040
1882,2175
1882,2659
1882,3115
1882,3252
1882,3699
1882,3725
1882,4265
1882,4411
1882,4449
1882,4563
1883,2037
1883,2068
1883,2374
1883,2433
1883,2512
1883,2621
1883,2695
1883,2817
1883,2951
1883,3085
1883,3286
1883,4030
1883,4116
1883,4211
1884,1944
1884,2157
1884,2305
1884,2492
1884,2951
1884,2973
1884,3335
1884,3419
1884,3580
1884,3634
1884,3673
1884,3748
1884,3812
1884,4294
1884,4579
1884,4651
1884,4765
1884,4983
1885,2188
1885,2651
1885,2690
1885,3273
1885,3367
1885,3507
1885,3797
1885,3901
1885,4023
1885,4396
1885,4489
1885,4864
1886,2195
1886,2793
1886,2918
1886,2939
1886,3184
1886,3224
1886,3321
1886,3484
1886,3532
1886,3689
1886,3948
1886,4173
1886,4422
1886,4574
1886,4696
1887,2174
1887,2202
1887,2660
1887,2864
1887,2918
1887,3111
1887,3318
1887,3591
1887,3701
1887,4124
1887,4424
1887,4662
1888,1955
1888,2330
1888,2536
1888,2592
1888,2617
1888,2796
1888,2943
1888,3299
1888,3377
1888,3415
1888,3716
1888,3986
1888,4105
1888,4720
1888,4884
1889,2179
1889,2233
1889,2252
1889,2375
1889,2521
1889,2557
1889,2670
1889,2702
1889,3017
1889,3282
1889,3669
1889,3839
1889,3877
1889,4030
1889,4326
1889,4455
1889,4729
1889,4765
1890,2162
1890,2245
1890,2362
1890,2471
1890,2490
1890,2868
1890,3268
1890,3320
1890,3456
1890,3556
1890,3572
1890,3694
1890,3903
1890,4068
1890,4198
1890,4261
1890,4321
1890,4386
1890,4603
1890,4903
1890,4984
1891,2170
1891,2601
1891,2818
1891,3294
1891,3302
1891,3399
1891,3668
1891,3672
1891,3917
1891,4004
1891,4039
1891,4189
1891,4264
1891,4333
1891,4622
1891,4694
1891,4765
1891,4912
1892,1999
1892,2143
1892,2204
1892,2472
1892,2480
1892,2562
1892,2695
1892,2772
1892,2799
1892,2889
1892,3057
1892,3363
1892,3606
1892,3784
1892,3824
1892,4012
1892,4382
1892,4429
1892,4850
1893,2335
1893,3149
1893,3174
1893,3394
1893,3724
1893,3983
1893,4097
1893,4122
1893,4560
1893,4574
1893,4763
1894,2154
1894,2239
1894,2291
1894,2627
1894,2829
1894,3336
1894,3380
1894,3651
1894,3965
1894,4052
1894,4672
1895,1984
1895,2248
1895,2492
1895,2671
1895,2769
1895,2801
1895,3028
1895,3034
1895,3139
1895,3801
1895,3885
1895,4252
1895,4266
1895,4317
1895,4657
1895,4976
1896,1902
1896,1917
1896,2158
1896,2286
1896,2418
1896,2494
1896,2762
1896,2859
1896,2901
1896,3169
1896,3290
1896,3405
1896,3573
1896,3606
1896,3667
1896,3908
1896,4119
1896,4146
1896,4215
1896,4326
1896,4556
1896,4617
1896,4828
1897,2004
1897,2029
1897,2059
1897,2330
1897,2673
1897,2874
1897,2946
1897,2971
1897,3000
1897,3164
1897,3259
1897,3488
1897,3513
1897,3690
1897,3966
1897,4223
1897,4381
1897,4395
1897,4609
1897,4631
1897,4696
1897,4948
1898,1948
1898,2489
1898,2524
1898,2750
1898,2911
1898,3022
1898,3831
1898,3977
1898,4079
1898,4092
1898,4124
1898,4676
1898,4717
1898,4782
1898,4919
1899,1976
1899,2139
1899,2609
1899,2968
1899,3269
1899,3299
1899,3530
1899,3580
1899,3888
1899,3983
1899,4062
1899,4391
1899,4421
1899,4468
1899,4656
1899,4885
1900,1963
1900,2036
1900,2226
1900,2427
1900,3131
1900,3491
1900,3738
1900,3775
1900,3890
1900,3907
1900,3970
1900,4015
1900,4127
1900,4143
1900,4193
1900,4970
1901,1983
1901,2172
1901,3282
1901,3546
1901,3727
1901,4016
1901,4105
1901,4337
1901,4350
1901,4400
1901,4445
1901,4552
1902,1912
1902,2216
1902,2417
1902,2468
1902,3107
1902,3217
1902,3672
1902,3922
1902,4856
1903,1965
1903,2031
1903,2189
1903,2344
1903,3050
1903,3262
1903,3767
1903,3910
1903,3911
1903,4374
1903,4680
1904,1939
1904,2029
1904,2373
1904,2645
1904,2754
1904,2776
1904,3179
1904,3353
1904,3377
1904,3451
1904,3561
1904,3683
1904,3826
1904,3914
1904,3998
1904,4007
1904,4268
1904,4622
1904,4680
1904,4851
1904,4932
1905,1995
1905,2417
1905,2615
1905,2621
1905,2905
1905,3011
1905,3025
1905,3091
1905,3180
1905,3417
1905,3615
1905,4252
1905,4710
1905,4982
1906,1995
1906,2057
1906,2754
1906,2832
1906,3179
1906,3389
1906,3506
1906,3573
1906,3825
1906,4459
1906,4610
1906,4744
1906,4871
1907,2077
1907,2458
1907,2744
1907,2754
1907,2760
1907,2797
1907,2854
1907,2877
1907,3068
1907,3088
1907,3390
1907,3503
1907,3875
1907,4511
1907,4530
1907,4549
1907,4768
1908,1941
1908,2084
1908,2173
1908,2763
1908,2773
1908,3093
1908,3245
1908,3253
1908,3540
1908,3860
1908,3921
1908,3944
1908,4032
1908,4085
1908,4149
1908,4591
1908,4928
1908,4954
1909,2051
1909,2172
1909,2464
1909,2733
1909,2775
1909,2816
1909,3185
1909,3411
1909,3648
1909,3990
1909,4217
1909,4431
1909,4823
1909,4947
1910,2082
1910,2216
1910,2299
1910,2416
1910,2552
1910,2656
1910,2775
1910,2946
1910,3332
1910,3558
1910,3721
1910,3768
1910,4224
1910,4403
1910,4460
1910,4694
1910,4997
1911,2551
1911,2707
1911,2778
1911,2789
1911,2844
1911,2974
1911,3305
1911,3462
1911,3853
1911,3990
1911,4491
1912,1938
1912,1991
1912,2353
1912,2589
1912,2601
1912,2634
1912,2636
1912,3126
1912,3416
1912,3612
1912,3793
1912,3845
1912,4006
1912,4044
1912,4396
1912,4480
1912,4684
1912,4703
1912,4795
1912,4834
1913,2040
1913,2201
1913,2398
1913,2467
1913,2733
1913,2795
1913,3201
1913,3554
1913,3647
1913,3832
1913,3895
1913,4204
1913,4224
1913,4435
1913,4474
1913,4494
1913,4558
1913,4941
1913,4957
1913,4959
1914,1938
1914,2034
1914,2310
1914,2406
1914,2471
1914,2649
1914,2887
1914,2898
1914,2951
1914,3127
1914,3129
1914,3200
1914,3410
1914,3926
1914,4178
1914,4327
1914,4546
1914,4618
1914,4731
1915,2082
1915,2133
1915,2335
1915,2516
1915,3049
1915,3114
1915,3270
1915,3476
1915,3498
1915,3843
1915,3925
1915,4089
1915,4116
1915,4440
1915,4517
1915,4707
1915,4712
1916,2357
1916,2717
1916,3570
1916,4174
1916,4203
1916,4272
1916,4434
1916,4749
1916,4877
1917,2218
1917,2254
1917,2455
1917,2533
1917,2874
1917,3377
1917,3457
1917,3467
1917,3479
1917,3504
1917,4214
1917,4293
1917,4339
1917,4401
1917,4468
1917,4775
1917,4805
1918,2355
1918,2359
1918,2398
1918,2893
1918,2923
1918,3060
1918,3086
1918,3090
1918,3161
1918,4027
1918,4058
1918,4370
1918,4481
1918,4504
1918,4624
1919,2114
1919,2166
1919,2303
1919,2729
1919,2861
1919,2875
1919,3148
1919,3487
1919,3590
1919,3591
1919,4096
1919,4134
1919,4198
1919,4222
1919,4236
1919,4240
1919,4553
1919,4558
1919,4573
1919,4694
1920,1946
1920,2094
1920,2365
1920,2504
1920,2656
1920,2677
1920,2887
1920,3057
1920,3826
1920,3868
1920,4026
1920,4035
1920,4164
1920,4360
1920,4376
1920,4781
1921,2410
1921,2687
1921,2760
1921,3909
1921,4004
1921,4044
1921,4512
1921,4643
1921,4789
1922,2060
1922,2207
1922,2434
1922,2453
1922,2508
1922,2788
1922,3290
1922,3304
1922,3330
1922,3502
1922,3544
1922,3571
1922,3608
1922,3626
1922,3742
1922,3833
1922,3881
1922,3924
1922,4040
1922,4099
1922,4324
1922,4794
1922,4966
1922,4991
1923,1985
1923,1997
1923,2010
1923,2344
1923,2461
1923,2543
1923,2811
1923,3058
1923,3101
1923,3449
1923,3542
1923,3674
1923,4034
1923,4110
1923,4250
1923,4257
1923,4590
1923,4644
1923,4985
1924,1939
1924,2094
1924,2223
1924,2334
1924,2363
1924,2461
1924,2493
1924,2578
1924,2833
1924,2884
1924,2968
1924,2996
1924,3072
1924,3293
1924,3378
1924,3866
1924,3919
1924,4300
1924,4377
1924,4510
1924,4787
1925,2105
1925,2390
1925,2657
1925,2705
1925,2931
1925,3313
1925,3351
1925,3607
1925,3640
1925,3684
1925,4099
1925,4105
1925,4302
1925,4324
1925,4415
1925,4592
1925,4891
1926,2201
1926,2211
1926,2343
1926,2493
1926,2712
1926,2828
1926,2874
1926,3092
1926,3146
1926,3641
1926,4049
1926,4155
1926,4363
1926,4485
1926,4574
1926,4629
1927,2078
1927,2241
1927,2357
1927,2485
1927,2540
1927,2590
1927,2654
1927,2742
1927,2796
1927,2940
1927,3133
1927,4007
1927,4190
1927,4389
1927,4665
1927,4677
1928,2147
1928,2314
1928,2344
1928,2810
1928,2859
1928,3293
1928,3491
1928,3528
1928,3585
1928,3611
1928,3934
1928,4337
1928,4826
1928,4869
1929,2141
1929,2436
1929,2634
1929,2686
1929,2833
1929,2834
1929,2948
1929,3039
1929,3837
1929,3874
1929,4525
1929,4667
1929,4729
1929,4795
1929,4820
1929,4827
1929,4859
1930,1988
1930,2414
1930,2794
1930,2948
1930,3386
1930,3814
1930,4247
1930,4252
1930,4560
1930,4603
1930,4869
1931,2237
1931,2371
1931,2621
1931,2647
1931,2660
1931,2816
1931,2840
1931,3044
1931,3830
1931,3974
1931,4203
1931,4421
1931,4483
1932,2134
1932,2900
1932,2996
1932,3222
1932,3326
1932,3418
1932,3673
1932,3725
1932,3737
1932,3922
1932,4031
1932,4242
1932,4538
1932,4601
1932,4632
1933,2329
1933,2369
1933,2525
1933,3074
1933,3078
1933,3121
1933,3168
1933,3470
1933,3507
1933,3591
1933,3947
1933,4321
1933,4782
1933,4868
1934,2581
1934,2781
1934,2887
1934,3302
1934,3305
1934,3324
1934,3326
1934,3390
1934,3482
1934,3623
1934,3673
1934,3982
1934,3999
1934,4419
1934,4535
1934,4588
1934,4680
1934,4729
1934,4776
1935,2118
1935,2371
1935,2812
1935,2821
1935,2881
1935,2957
1935,3388
1935,3446
1935,3503
1935,3605
1935,3610
1935,3700
1935,3776
1935,3836
1935,4152
1935,4286
1935,4550
1935,4600
1935,4685
1936,2121
1936,2580
1936,2664
1936,3291
1936,3387
1936,3410
1936,3444
1936,3446
1936,3641
1936,3824
1936,4232
1936,4237
1936,4251
1936,4428
1936,4474
1936,4540
1936,4554
1937,1954
1937,1975
1937,2182
1937,2433
1937,2479
1937,2629
1937,2903
1937,2940
1937,3244
1937,3477
1937,4087
1937,4572
1937,4645
1937,4822
1937,4835
1938,2005
1938,2320
1938,2435
1938,2561
1938,2701
1938,2894
1938,3092
1938,3184
1938,3225
1938,3286
1938,3655
1938,4101
1938,4109
1938,4565
1938,4689
1938,4927
1939,1999
1939,2635
1939,3638
1939,3777
1939,3860
1939,3902
1939,3997
1939,4185
1939,4225
1939,4227
1939,4266
1939,4843
1940,2334
1940,2338
1940,2705
1940,3163
1940,3400
1940,3575
1940,3626
1940,3668
1940,4109
1940,4296
1941,2168
1941,2277
1941,2446
1941,3269
1941,3396
1941,3515
1941,4110
1941,4129
1941,4237
1941,4288
1941,4309
1941,4339
1941,4769
1941,4805
1941,4935
1942,2210
1942,2356
1942,2713
1942,2809
1942,2885
1942,3098
1942,3932
1942,4721
1942,4741
1943,2113
1943,2192
1943,2401
1943,2903
1943,3041
1943,3441
1943,3535
1943,3648
1943,3845
1943,4091
1943,4452
1943,4738
1943,4934
1944,2291
1944,2850
1944,2912
1944,3099
1944,3260
1944,3302
1944,3759
1944,4247
1944,4257
1944,4326
1944,4948
1945,2524
1945,2924
1945,3102
1945,3128
1945,3913
1945,4031
1945,4333
1945,4475
1945,4504
1945,4571
1945,4574
1945,4634
1946,2148
1946,2199
1946,2272
1946,2686
1946,2692
1946,2752
1946,3317
1946,3524
1946,3703
1946,4469
1946,4488
1946,4747
1946,4905
1946,4999
1947,2249
1947,2397
1947,2403
1947,2768
1947,3378
1947,3409
1947,3524
1947,3621
1947,3970
1947,4074
1947,4188
1947,4388
1947,4632
1947,4737
1947,4793
1948,1950
1948,2137
1948,2403
1948,2476
1948,2582
1948,2924
1948,3320
1948,3481
1948,3483
1948,3592
1948,3789
1948,3995
1948,4073
1948,4375
1948,4603
1948,4857
1948,4948
1948,4970
1949,2157
1949,2413
1949,2469
1949,2482
1949,2628
1949,2866
1949,3309
1949,3348
1949,3435
1949,3599
1949,3740
1949,3791
1949,3990
1949,4000
1949,4062
1949,4326
1949,4429
1949,4603
1949,4705
1949,4779
1949,4912
1950,1980
1950,2106
1950,2407
1950,2497
1950,2924
1950,3209
1950,3249
1950,3261
1950,3500
1950,4788
1951,2438
1951,2684
1951,2724
1951,2751
1951,2795
1951,2843
1951,3424
1951,3474
1951,3620
1951,3764
1951,4144
1951,4588
1951,4684
1951,4785
1951,4891
1952,2088
1952,2163
1952,2234
1952,2285
1952,2299
1952,2307
1952,2562
1952,2656
1952,2662
1952,2925
1952,3195
1952,3565
1952,3810
1952,3944
1952,3964
1952,4284
1952,4365
1952,4538
1952,4703
1952,4713
1952,4901
1953,1969
1953,2044
1953,2432
1953,2452
1953,2464
1953,3181
1953,3422
1953,3460
1953,3484
1953,3511
1953,3655
1953,4113
1953,4429
1953,4996
1954,1956
1954,2144
1954,2482
1954,2654
1954,2803
1954,2825
1954,2889
1954,2943
1954,3065
1954,3156
1954,3296
1954,3304
1954,3725
1954,3786
1954,3814
1954,4022
1954,4323
1954,4377
1955,2314
1955,2368
1955,2428
1955,2615
1955,2790
1955,3051
1955,3218
1955,3505
1955,3690
1955,3759
1955,4823
1955,4848
1956,1962
1956,2181
1956,2214
1956,2477
1956,2623
1956,2769
1956,2900
1956,2917
1956,2992
1956,3091
1956,3482
1956,3583
1956,3987
1956,4564
1956,4595
1956,4638
1956,4736
1957,2060
1957,2099
1957,2424
1957,2479
1957,2616
1957,2834
1957,3144
1957,3196
1957,3255
1957,3626
1957,3710
1957,3877
1957,4273
1957,4497
1957,4663
1957,4734
1957,4778
1957,4870
1957,4962
1958,2068
1958,2369
1958,2517
1958,2559
1958,2929
1958,3274
1958,3407
1958,3417
1958,3720
1958,4229
1958,4621
1958,4640
1958,4643
1958,4659
1958,4672
1958,4767
1958,4970
1959,1964
1959,2202
1959,2425
1959,2763
1959,2809
1959,2863
1959,2911
1959,2973
1959,3953
1959,4308
1959,4504
1959,4561
1959,4795
1959,4796
1959,4873
1960,2011
1960,2036
1960,2070
1960,2140
1960,2297
1960,2546
1960,3077
1960,3477
1960,3520
1960,4218
1960,4280
1960,4723
1960,4797
1960,4892
1961,2522
1961,2796
1961,3282
1961,3776
1961,3827
1961,3977
1961,4481
1961,4690
1961,4792
1961,4855
1961,4989
1962,2274
1962,2596
1962,2930
1962,2951
1962,3365
1962,4567
1962,4692
1963,2401
1963,3381
1963,3943
1963,4041
1963,4169
1963,4216
1964,2056
1964,2372
1964,2442
1964,2756
1964,3030
1964,3129
1964,3408
1964,3635
1964,4167
1964,4380
1964,4418
1964,4773
1964,4939
1965,2255
1965,2504
1965,2936
1965,2974
1965,3597
1965,3716
1965,3740
1965,3910
1965,4004
1965,4032
1965,4148
1965,4523
1965,4593
1965,4771
1965,4893
1966,2134
1966,2196
1966,2344
1966,2420
1966,2429
1966,2729
1966,2831
1966,2881
1966,3122
1966,3373
1966,3426
1966,3666
1966,3858
1966,4096
1966,4330
1966,4627
1966,4632
1966,4679
1966,4701
1966,4724
1966,4743
1966,4802
1966,4991
1967,2195
1967,2433
1967,2576
1967,2612
1967,3189
1967,3226
1967,4503
1967,4581
1967,4598
1967,4971
1968,2262
1968,2305
1968,2862
1968,3553
1968,3686
1968,3893
1968,4340
1968,4554
1968,4721
1968,4724
1969,2068
1969,2078
1969,2183
1969,2790
1969,2924
1969,2928
1969,2935
1969,3020
1969,3078
1969,3124
1969,3342
1969,3411
1969,3483
1969,3494
1969,3679
1969,3773
1969,4026
1969,4027
1969,4577
1969,4641
1969,4942
1969,4965
1970,2013
1970,2109
1970,2190
1970,2249
1970,2719
1970,2943
1970,3313
1970,3381
1970,3527
1970,3581
1970,3891
1970,4572
1971,2164
1971,2519
1971,2687
1971,2711
1971,2746
1971,2904
1971,2953
1971,3289
1971,3327
1971,3521
1971,3708
1971,4134
1971,4397
1971,4444
1971,4445
1971,4481
1971,4570
1971,4639
1972,1977
1972,2035
1972,2056
1972,2127
1972,2177
1972,2278
1972,2728
1972,3187
1972,3460
1972,3616
1972,3693
1972,3781
1972,3794
1972,4025
1972,4253
1972,4319
1972,4546
1972,4774
1973,2086
1973,2101
1973,2227
1973,2240
1973,2599
1973,2603
1973,2688
1973,2726
1973,2829
1973,2907
1973,2941
1973,3001
1973,3098
1973,3141
1973,3209
1973,3293
1973,3422
1973,3604
1973,3836
1973,3896
1973,4131
1973,4717
1973,4809
1973,4957
1974,1992
1974,2148
1974,2345
1974,2429
1974,2793
1974,2905
1974,3147
1974,3327
1974,3528
1974,3829
1974,4192
1974,4437
1974,4853
1974,4899
1974,4941
1974,4965
1975,2324
1975,2894
1975,2897
1975,3418
1975,3473
1975,4108
1975,4116
1975,4151
1975,4240
1975,4400
1975,4468
1975,4554
1975,4567
1975,4731
1976,2336
1976,2400
1976,2855
1976,3239
1976,3698
1976,3966
1976,4664
1977,2214
1977,2506
1977,2925
1977,3018
1977,3079
1977,3141
1977,3232
1977,3366
1977,3597
1977,3700
1977,3760
1977,3826
1977,4197
1977,4542
1977,4635
1977,4687
1977,4744
1977,4829
1977,4992
1978,2570
1978,2642
1978,2674
1978,2889
1978,3027
1978,3057
1978,3087
1978,3092
1978,3130
1978,3733
1978,4410
1978,4520
1978,4722
1978,4877
1978,4993
1979,2202
1979,2235
1979,2392
1979,2612
1979,2865
1979,2888
1979,2910
1979,3113
1979,3469
1979,3552
1979,3649
1979,3850
1979,4043
1979,4250
1979,4470
1979,4678
1980,2160
1980,2180
1980,2453
1980,2590
1980,2930
1980,3368
1980,3581
1980,3623
1980,3757
1980,3863
1980,3892
1980,3904
1980,4245
1980,4346
1980,4521
1981,2099
1981,2364
1981,2589
1981,2730
1981,2989
1981,3461
1981,3551
1981,3872
1981,3945
1981,4326
1981,4455
1981,4809
1981,4833
1981,4834
1981,4990
1982,2430
1982,2431
1982,2509
1982,2538
1982,2824
1982,2907
1982,2997
1982,3029
1982,3974
1982,4326
1982,4522
1982,4529
1982,4614
1982,4638
1982,4771
1982,4789
1982,4908
1982,4959
1982,4969
1982,4982
1983,2283
1983,2607
1983,2759
1983,3104
1983,3419
1983,3610
1983,4065
1983,4236
1983,4478
1983,4543
1983,4619
1983,4936
1984,2093
1984,2155
1984,2267
1984,2549
1984,2628
1984,2745
1984,2886
1984,2930
1984,3092
1984,3167
1984,3274
1984,3384
1984,3468
1984,3473
1984,3700
1984,4104
1984,4129
1984,4133
1984,4386
1984,4394
1984,4422
1984,4814
1984,4909
1984,4943
1984,4988
1985,2093
1985,2219
1985,2658
1985,2718
1985,3031
1985,3085
1985,3099
1985,3379
1985,3390
1985,3423
1985,3504
1985,3744
1985,4215
1985,4276
1985,4315
1985,4327
1985,4972
1986,2009
1986,2505
1986,2526
1986,2757
1986,2806
1986,3040
1986,3935
1986,4131
1986,4192
1986,4613
1986,4978
1987,2200
1987,2438
1987,2511
1987,2999
1987,3850
1987,3914
1987,4115
1987,4327
1987,4416
1987,4791
1987,4845
1987,4865
1987,4887
1987,4930
1988,2363
1988,2607
1988,2635
1988,2876
1988,2995
1988,3092
1988,3096
1988,3127
1988,3291
1988,3354
1988,3648
1988,3872
1988,4032
1988,4160
1988,4318
1988,4575
1988,4615
1988,4661
1988,4684
1989,2271
1989,2391
1989,2570
1989,2615
1989,2885
1989,2900
1989,3356
1989,3505
1989,3881
1989,4595
1989,4651
1989,4736
1989,4768
1989,4777
1990,2049
1990,2186
1990,2674
1990,2778
1990,2830
1990,3280
1990,3683
1990,3992
1990,4520
1991,2064
1991,2082
1991,2313
1991,3223
1991,3228
1991,3324
1991,3484
1991,3667
1991,3925
1991,4039
1991,4079
1991,4243
1991,4312
1991,4753
1991,4864
1992,2074
1992,2084
1992,2149
1992,2331
1992,2576
1992,2921
1992,3217
1992,3229
1992,3337
1992,3349
1992,3750
1992,3963
1992,3975
1992,4480
1992,4928
1993,2699
1993,2776
1993,2954
1993,2993
1993,3172
1993,3359
1993,3490
1993,3599
1993,3637
1993,3871
1993,4663
1993,4733
1993,4858
1993,4861
1994,2075
1994,2802
1994,2925
1994,3267
1994,3299
1994,3317
1994,3467
1994,3512
1994,3608
1994,3782
1994,4024
1994,4154
1994,4202
1994,4416
1994,4781
1995,2062
1995,2172
1995,2622
1995,2766
1995,2804
1995,3043
1995,3106
1995,3139
1995,3708
1995,3939
1995,4181
1995,4362
1995,4367
1995,4494
1995,4512
1995,4535
1995,4621
1995,4665
1995,4707
1995,4864
1996,2207
1996,2383
1996,2394
1996,2583
1996,2834
1996,2875
1996,3145
1996,3682
1996,3802
1996,3835
1996,4100
1996,4464
1996,4472
1996,4729
1996,4837
1997,2050
1997,2111
1997,2293
1997,2547
1997,2550
1997,2665
1997,3117
1997,3379
1997,3422
1997,4071
1997,4206
1997,4499
1997,4783
1998,2861
1998,2885
1998,3383
1998,3394
1998,3454
1998,3462
1998,3594
1998,3819
1998,3824
1998,3921
1998,4003
1998,4186
1998,4296
1998,4424
1998,4767
1998,4795
1998,4906
1999,2024
1999,2136
1999,2280
1999,3250
1999,3322
1999,3824
1999,3834
1999,3960
1999,3995
1999,4269
1999,4705
1999,4948
2000,2035
2000,2305
2000,2400
2000,2500
2000,2651
2000,2740
2000,2781
2000,2934
2000,2959
2000,3004
2000,3442
2000,3840
2000,3862
2000,3906
2000,4204
2000,4423
2000,4557
2000,4593
2000,4986
2001,2243
2001,2417
2001,2576
2001,2610
2001,2725
2001,2920
2001,3101
2001,3310
2001,3349
2001,3382
2001,3958
2001,4292
2001,4677
2001,4742
2002,2070
2002,2249
2002,2329
2002,2411
2002,2467
2002,2546
2002,2550
2002,2568
2002,2980
2002,3282
2002,3440
2002,3471
2002,3592
2002,3863
2002,4009
2002,4057
2002,4125
2002,4384
2002,4414
2002,4558
2002,4604
2002,4630
2002,4794
2003,2505
2003,2751
2003,2890
2003,3076
2003,3130
2003,3303
2003,3670
2003,3849
2003,4493
2004,2167
2004,2435
2004,2642
2004,3259
2004,3331
2004,3440
2004,3791
2004,3910
2004,4567
2004,4577
2004,4760
2005,2111
2005,2311
2005,2475
2005,2564
2005,2615
2005,2695
2005,2739
2005,2986
2005,3147
2005,3191
2005,3321
2005,3352
2005,3438
2005,4260
2005,4339
2005,4934
2005,4950
2006,2084
2006,2286
2006,2576
2006,2746
2006,2912
2006,3238
2006,3565
2006,3735
2006,4025
2006,4310
2006,4761
2007,2238
2007,2452
2007,2686
2007,2881
2007,2992
2007,3317
2007,3463
2007,3914
2007,3920
2007,4090
2007,4260
2007,4350
2007,4362
2007,4839
2008,2046
2008,2400
2008,3047
2008,3071
2008,3799
2008,3947
2008,3955
2008,4040
2008,4353
2009,2056
2009,2270
2009,2280
2009,2301
2009,2329
2009,2493
2009,2500
2009,2691
2009,2992
2009,3015
2009,3027
2009,3243
2009,3612
2009,3736
2009,4144
2009,4167
2009,4250
2009,4361
2009,4377
2009,4386
2009,4969
2010,2806
2010,3310
2010,3378
2010,3436
2010,3619
2010,3775
2010,4173
2010,4367
2010,4383
2010,4498
2010,4879
2010,4890
2010,4924
2011,2187
2011,2207
2011,2537
2011,2754
2011,3161
2011,3245
2011,3557
2011,3817
2011,4204
2011,4295
2011,4302
2011,4312
2011,4417
2011,4529
2011,4846
2011,4848
2011,4990
2012,2243
2012,2558
2012,3103
2012,3773
2012,3796
2012,3815
2012,3951
2012,3990
2012,4108
2012,4460
2012,4663
2012,4725
2012,4789
2012,4860
2013,2240
2013,2458
2013,2752
2013,2756
2013,2887
2013,3107
2013,3114
2013,3380
2013,3699
2013,3737
2013,3836
2013,3967
2013,4458
2013,4459
2013,4603
2013,4746
2013,4759
2013,4903
2014,2016
2014,2303
2014,2310
2014,2584
2014,3122
2014,3284
2014,3494
2014,3865
2014,3948
2014,4516
2014,4628
2014,4695
2014,4885
2014,4940
2015,2110
2015,2121
2015,2126
2015,2322
2015,2344
2015,2406
2015,2419
2015,2520
2015,2743
2015,2838
2015,3156
2015,3267
2015,3456
2015,3594
2015,3753
2015,4387
2015,4410
2015,4492
2015,4576
2015,4584
2015,4885
2016,2113
2016,2655
2016,2888
2016,2920
2016,3331
2016,3834
2016,4013
2016,4130
2016,4379
2016,4540
2016,4659
2016,4969
2017,2036
2017,2367
2017,2626
2017,2657
2017,2844
2017,2852
2017,3036
2017,3393
2017,3768
2017,3769
2017,3860
2017,3960
2017,4010
2017,4012
2017,4416
2017,4504
2017,4516
2017,4621
2017,4686
2017,4807
2017,4836
2017,4973
2018,2200
2018,2384
2018,2506
2018,2681
2018,2730
2018,2803
2018,3105
2018,3422
2018,3499
2018,3565
2018,3670
2018,3835
2018,4063
2018,4067
2018,4202
2018,4447
2018,4850
2018,4946
2018,4959
2019,2036
2019,2058
2019,2073
2019,2092
2019,2128
2019,2174
2019,2293
2019,2356
2019,2396
2019,2727
2019,2857
2019,2919
2019,2931
2019,2939
2019,3249
2019,3503
2019,4105
2019,4313
2019,4337
2019,4356
2019,4507
2020,2301
2020,2308
2020,2570
2020,2754
2020,2886
2020,2912
2020,2968
2020,2989
2020,3070
2020,3367
2020,3714
2020,3744
2020,3787
2020,3872
2020,3884
2020,4309
2020,4457
2020,4479
2020,4582
2020,4627
2020,4668
2020,4867
2021,2487
2021,2545
2021,2558
2021,2606
2021,2670
2021,3137
2021,3243
2021,3316
2021,3912
2021,3933
2021,3992
2021,4241
2021,4462
2021,4481
2021,4583
2021,4605
2021,4661
2022,2207
2022,2260
2022,2734
2022,3146
2022,3149
2022,3157
2022,3336
2022,3572
2022,3689
2022,3794
2022,4229
2022,4303
2022,4389
2022,4546
2023,2042
2023,2208
2023,2651
2023,2810
2023,3361
2023,3549
2023,3640
2023,3976
2023,4412
2023,4470
2023,4540
2023,4778
2023,4834
2023,4864
2023,4974
2024,2121
2024,2123
2024,2200
2024,2209
2024,2216
2024,2273
2024,2345
2024,2492
2024,2708
2024,2771
2024,2830
2024,2850
2024,2936
2024,4113
2024,4526
2024,4821
2024,4993
2025,2053
2025,2308
2025,2357
2025,2679
2025,2703
2025,3038
2025,3312
2025,3690
2025,3695
2025,3765
2025,3798
2025,3964
2025,4065
2025,4108
2025,4647
2026,2309
2026,3136
2026,3305
2026,3833
2026,3892
2026,4167
2026,4368
2026,4467
2026,4504
2026,4517
2026,4703
2027,2288
2027,2298
2027,2750
2027,2756
2027,2944
2027,3764
2027,3840
2027,4127
2027,4708
2027,4923
2028,2861
2028,3170
2028,3350
2028,4208
2028,4256
2028,4304
2028,4486
2028,4802
2029,2046
2029,2109
2029,2568
2029,2657
2029,3233
2029,3351
2029,3962
2029,3997
2029,4053
2029,4121
2029,4203
2029,4823
2030,2447
2030,2690
2030,2988
2030,3297
2030,3578
2030,3707
2030,3753
2030,3814
2030,3866
2030,3885
2030,4011
2030,4101
2030,4198
2030,4404
2030,4575
2030,4894
2031,2069
2031,2142
2031,2159
2031,2653
2031,2656
2031,2839
2031,3012
2031,3034
2031,3044
2031,3085
2031,3128
2031,3194
2031,3445
2031,3481
2031,3666
2031,3781
2031,3839
2031,3923
2031,4056
2031,4065
2031,4122
2031,4336
2031,4367
2031,4714
2031,4863
2032,2271
2032,2307
2032,2514
2032,2556
2032,2578
2032,2721
2032,2829
2032,2875
2032,2993
2032,3136
2032,3668
2032,3810
2032,3903
2032,4120
2032,4164
2032,4410
2032,4634
2032,4832
2032,4964
2033,2130
2033,2903
2033,3459
2033,3499
2033,3823
2033,3983
2033,3986
2033,4007
2033,4027
2033,4032
2033,4217
2033,4659
2034,2082
2034,2167
2034,2387
2034,2490
2034,2577
2034,2597
2034,2804
2034,2855
2034,2936
2034,3107
2034,3130
2034,3420
2034,3566
2034,3780
2034,3884
2034,3938
2034,4318
2034,4359
2034,4586
2034,4871
2035,2604
2035,2615
2035,2709
2035,3043
2035,3300
2035,3479
2035,3487
2035,3507
2035,3515
2035,3889
2035,4097
2035,4236
2035,4638
2036,2076
2036,2245
2036,2848
2036,2914
2036,2994
2036,3235
2036,3240
2036,3767
2036,3974
2036,4300
2036,4546
2036,4572
2036,4862
2037,2426
2037,2705
2037,2795
2037,2825
2037,2862
2037,2996
2037,3173
2037,3191
2037,3233
2037,3379
2037,3428
2037,3579
2037,3860
2037,3960
2037,4203
2037,4325
2037,4437
2037,4741
2037,4900
2038,2088
2038,2217
2038,2269
2038,2341
2038,2440
2038,2517
2038,2668
2038,2685
2038,2878
2038,2947
2038,2990
2038,3206
2038,3250
2038,3258
2038,3269
2038,3282
2038,3322
2038,3354
2038,3964
2038,4124
2038,4219
2038,4397
2038,4504
2038,4634
2038,4963
2039,2072
2039,2250
2039,2311
2039,2363
2039,2478
2039,2510
2039,2570
2039,2856
2039,3186
2039,3192
2039,3299
2039,3586
2039,3709
2039,3858
2039,4761
2039,4826
2039,4960
2040,2864
2040,3015
2040,3044
2040,3341
2040,3355
2040,3479
2040,3554
2040,3927
2040,4211
2040,4652
2041,2099
2041,2316
2041,2317
2041,2541
2041,2559
2041,2690
2041,3201
2041,3302
2041,3378
2041,3421
2041,3627
2041,3639
2041,3815
2041,3979
2041,4002
2041,4657
2041,4780
2041,4818
2041,4872
2042,2494
2042,2526
2042,2599
2042,3452
2042,3487
2042,3515
2042,3578
2042,3669
2042,3787
2042,3830
2042,3895
2042,3963
2042,4050
2042,4827
2042,4835
2042,4885
2043,2153
2043,2154
2043,2238
2043,2249
2043,2536
2043,2745
2043,3074
2043,3190
2043,3445
2043,4214
2043,4801
2043,4819
2043,4999
2044,2099
2044,2237
2044,2460
2044,2505
2044,2561
2044,2825
2044,3214
2044,3276
2044,3454
2044,3491
2044,3635
2044,3726
2044,3770
2044,4132
2044,4348
2044,4705
2044,4750
2045,2070
2045,2535
2045,2939
2045,2998
2045,3148
2045,3179
2045,3690
2045,3856
2045,4411
2045,4630
2045,4843
2045,4848
2045,4877
2046,2185
2046,2601
2046,2668
2046,2863
2046,2966
2046,3504
2046,3792
2046,3902
2046,4432
2046,4908
2047,2389
2047,2540
2047,2751
2047,2911
2047,3039
2047,3089
2047,3338
2047,3468
2047,3977
2047,4244
2047,4482
2047,4565
2048,2067
2048,2118
2048,2468
2048,2671
2048,3123
2048,3325
2048,3508
2048,3635
2048,3924
2048,3983
2048,4420
2048,4622
2049,2083
2049,2282
2049,2410
2049,2697
2049,2865
2049,3157
2049,3630
2049,3867
2049,3886
2049,4194
2049,4332
2049,4401
2049,4623
2049,4720
2050,2061
2050,2254
2050,2466
2050,2778
2050,2910
2050,2989
2050,3327
2050,3929
2050,4709
2051,2163
2051,2539
2051,2596
2051,3102
2051,3223
2051,3501
2051,3519
2051,3607
2051,3795
2051,4078
2051,4090
2051,4461
2051,4463
2051,4507
2051,4590
2051,4920
2052,2069
2052,2078
2052,2296
2052,2336
2052,2355
2052,2604
2052,3190
2052,3658
2052,3732
2052,3832
2052,3985
2052,4047
2052,4280
2052,4313
2052,4371
2052,4631
2052,4686
2052,4894
2053,2215
2053,2232
2053,2425
2053,2459
2053,2475
2053,2518
2053,2617
2053,3960
2053,4099
2053,4291
2053,4378
2053,4507
2053,4509
2053,4547
2053,4837
2054,2145
2054,2291
2054,2653
2054,2678
2054,2943
2054,3238
2054,3300
2054,3341
2054,3613
2054,4587
2054,4658
2054,4706
2054,4865
2055,2353
2055,2457
2055,2645
2055,2658
2055,2740
2055,2792
2055,2986
2055,3063
2055,3081
2055,3147
2055,3365
2055,3785
2055,4031
2055,4207
2055,4421
2055,4556
2055,4568
2055,4816
2055,4965
2055,4969
2055,4992
2056,2220
2056,3359
2056,3648
2056,3810
2056,3938
2056,3962
2056,4135
2056,4159
2056,4474
2056,4673
2057,2127
2057,2212
2057,2288
2057,2317
2057,2574
2057,2626
2057,2765
2057,2878
2057,2937
2057,3090
2057,3172
2057,3629
2057,3640
2057,3695
2057,4070
2057,4104
2057,4183
2057,4268
2057,4439
2057,4541
2057,4611
2057,4615
2057,4758
2057,4784
2058,2103
2058,2348
2058,2424
2058,2697
2058,3060
2058,3142
2058,3166
2058,3188
2058,3252
2058,3631
2058,4308
2058,4485
2058,4670
2058,4948
2059,2244
2059,2847
2059,3062
2059,3404
2059,3487
2059,3651
2059,3801
2059,3813
2059,3904
2059,4074
2059,4100
2059,4651
2059,4817
2060,2404
2060,2558
2060,2660
2060,2879
2060,3067
2060,3261
2060,3427
2060,3597
2060,3676
2060,3869
2060,4567
2060,4633
2060,4908
2061,2462
2061,2520
2061,2713
2061,3097
2061,3188
2061,3361
2061,3687
2061,3707
2061,3974
2061,4101
2061,4248
2061,4317
2061,4513
2061,4647
2061,4716
2061,4917
2061,4933
2062,2110
2062,2181
2062,2290
2062,2709
2062,2815
2062,2896
2062,2985
2062,3074
2062,3528
2062,3531
2062,3693
2062,3955
2062,4059
2062,4322
2063,2337
2063,2585
2063,3281
2063,3293
2063,3500
2063,3754
2063,4365
2063,4507
2063,4625
2063,4687
2063,4954
2064,2345
2064,2384
2064,2806
2064,2995
2064,3319
2064,3331
2064,3415
2064,3457
2064,3805
2064,4114
2064,4155
2064,4338
2064,4529
2064,4708
2065,2658
2065,2956
2065,3203
2065,3304
2065,3659
2065,4075
2065,4266
2065,4281
2065,4404
2065,4630
2065,4948
2065,4973
2066,2100
2066,2389
2066,2747
2066,2823
2066,2935
2066,3421
2066,3501
2066,3661
2066,3781
2066,3812
2066,3831
2066,3978
2066,4418
2066,4468
2066,4928
2067,2115
2067,2261
2067,2428
2067,2914
2067,3478
2067,3513
2067,3514
2067,3711
2067,4018
2067,4179
2067,4371
2067,4690
2068,2081
2068,2202
2068,2249
2068,2260
2068,2731
2068,3044
2068,3085
2068,3089
2068,3427
2068,3834
2068,4060
2068,4405
2068,4634
2068,4700
2068,4715
2069,2783
2069,2860
2069,2931
2069,3051
2069,3307
2069,3401
2069,3432
2069,3497
2069,3685
2069,4655
2069,4720
2069,4870
2069,4907
2069,4917
2070,2092
2070,2342
2070,2870
2070,2977
2070,3109
2070,3259
2070,3288
2070,3343
2070,3857
2070,4001
2070,4004
2070,4147
2070,4286
2070,4985
2071,2198
2071,3099
2071,3540
2071,3650
2071,3799
2071,3893
2071,3927
2071,3954
2071,3986
2071,4144
2071,4147
2071,4530
2071,4592
2071,4939
2072,2078
2072,2100
2072,2172
2072,2272
2072,2280
2072,2583
2072,2613
2072,2859
2072,2944
2072,3181
2072,3335
2072,3503
2072,3853
2072,4047
2072,4062
2072,4261
2072,4328
2072,4400
2072,4511
2072,4581
2073,2232
2073,2370
2073,2436
2073,2783
2073,3045
2073,3125
2073,3178
2073,3622
2073,3738
2073,3739
2073,4092
2073,4149
2073,4179
2073,4310
2073,4970
2074,2150
2074,2214
2074,2237
2074,2534
2074,2613
2074,2730
2074,3832
2074,3937
2074,3966
2074,4125
2074,4381
2074,4776
2074,4951
2075,2091
2075,2692
2075,2880
2075,2916
2075,2964
2075,3624
2075,3938
2075,4089
2075,4129
2075,4169
2075,4261
2075,4288
2075,4307
2075,4557
2075,4632
2075,4667
2075,4818
2075,4997
2076,2551
2076,2619
2076,2755
2076,2836
2076,3796
2076,3843
2076,4230
2076,4422
2076,4618
2076,4684
2076,4693
2076,4761
2076,4901
2076,4909
2077,2447
2077,2520
2077,2625
2077,2661
2077,2845
2077,2979
2077,3320
2077,3872
2077,4110
2077,4178
2077,4384
2078,2215
2078,2832
2078,3090
2078,3143
2078,3505
2078,3626
2078,3904
2078,3984
2078,4006
2078,4131
2078,4252
2078,4377
2078,4399
2078,4497
2078,4534
2078,4789
2078,4807
2078,4827
2079,2113
2079,2115
2079,2172
2079,2434
2079,2984
2079,3078
2079,3363
2079,3382
2079,3488
2079,4001
2079,4284
2079,4358
2079,4456
2079,4513
2079,4709
2079,4773
2079,4995
2080,2289
2080,2545
2080,2560
2080,2679
2080,2800
2080,2803
2080,2835
2080,3541
2080,3616
2080,3708
2080,3930
2080,4150
2080,4310
2080,4387
2080,4546
2080,4855
2080,4884
2081,2312
2081,2344
2081,2348
2081,2690
2081,2928
2081,3478
2081,3637
2081,4227
2081,4459
2081,4766
2081,4776
2081,4787
2081,4870
2081,4887
2082,2116
2082,2446
2082,2701
2082,3040
2082,3498
2082,3525
2082,3672
2082,3774
2082,4308
2082,4400
2082,4527
2082,4771
2082,4827
2082,4919
2082,4937
2083,2617
2083,3141
2083,3176
2083,3338
2083,3499
2083,3601
2083,3652
2083,3836
2083,4268
2083,4763
2083,4809
2083,4896
2084,2209
2084,2515
2084,2714
2084,2824
2084,3305
2084,3368
2084,3765
2084,3772
2084,4003
2084,4505
2084,4516
2085,2301
2085,2324
2085,2454
2085,2472
2085,2831
2085,3000
2085,3010
2085,3298
2085,3586
2085,3792
2085,3929
2085,4107
2085,4186
2085,4211
2085,4261
2085,4548
2085,4573
2085,4767
2085,4812
2086,2167
2086,2215
2086,2344
2086,3057
2086,3270
2086,3335
2086,3575
2086,3914
2086,4139
2086,4237
2086,4376
2086,4388
2086,4788
2086,4829
2086,4835
2087,2475
2087,2483
2087,2579
2087,3391
2087,3517
2087,3973
2087,4017
2087,4036
2087,4186
2087,4250
2087,4367
2087,4463
2087,4559
2087,4587
2087,4613
2087,4841
2088,2282
2088,2310
2088,2715
2088,2769
2088,2865
2088,3004
2088,3095
2088,3267
2088,3348
2088,3593
2088,3665
2088,3680
2088,3687
2088,4026
2088,4082
2088,4674
2088,4738
2089,2197
2089,2332
2089,2633
2089,3236
2089,3344
2089,3428
2089,3432
2089,3475
2089,4743
2090,2234
2090,2305
2090,2347
2090,2352
2090,2535
2090,2687
2090,2966
2090,2996
2090,3231
2090,3581
2090,3789
2090,3848
2090,3867
2090,4112
2090,4415
2090,4485
2090,4562
2090,4584
2090,4717
2090,4967
2091,2290
2091,2688
2091,2878
2091,2958
2091,4425
2091,4545
2091,4947
2092,2109
2092,2424
2092,2655
2092,2845
2092,3106
2092,3411
2092,3439
2092,3544
2092,3554
2092,3592
2092,3751
2092,3767
2092,3829
2092,3914
2092,4334
2092,4699
2093,2216
2093,2293
2093,2483
2093,2811
2093,2910
2093,3223
2093,3339
2093,3514
2093,3754
2093,3927
2093,4180
2093,4645
2093,4679
2093,4787
2093,4982
2094,2184
2094,2704
2094,3112
2094,3287
2094,3765
2094,3778
2094,3876
2094,3903
2094,3987
2094,4193
2094,4526
2094,4679
2094,4984
2095,2104
2095,2219
2095,2305
2095,2431
2095,2788
2095,2835
2095,3098
2095,3147
2095,3402
2095,3489
2095,3565
2095,3691
2095,3697
2095,4197
2095,4504
2095,4831
2095,4856
2095,4892
2096,2804
2096,3138
2096,3365
2096,3470
2096,3522
2096,3720
2096,4217
2096,4278
2096,4710
2096,4881
2097,2233
2097,2575
2097,2775
2097,3097
2097,3162
2097,3310
2097,3396
2097,3512
2097,3637
2097,3830
2097,4111
2097,4352
2097,4412
2097,4651
2097,4768
2097,4884
2097,4959
2098,2616
2098,2618
2098,2682
2098,2694
2098,2802
2098,2927
2098,3151
2098,3259
2098,3305
2098,3360
2098,3553
2098,3602
2098,3606
2098,4032
2098,4120
2098,4159
2098,4498
2098,4611
2099,2256
2099,2311
2099,2435
2099,2553
2099,2877
2099,2905
2099,3009
2099,3065
2099,3383
2099,3544
2099,4053
2099,4075
2099,4086
2099,4561
2099,4639
2099,4643
2099,4851
2100,2353
2100,2365
2100,2416
2100,2748
2100,2782
2100,3034
2100,3092
2100,3180
2100,3352
2100,3536
2100,3558
2100,3588
2100,3673
2100,3795
2100,3917
2100,3925
2100,3975
2100,4237
2100,4303
2100,4601
2100,4687
2100,4738
2100,4852
2100,4930
2101,2565
2101,2659
2101,3002
2101,3167
2101,3193
2101,3533
2101,4833
2102,2912
2102,3081
2102,3089
2102,3363
2102,3912
2102,3942
2102,4272
2102,4312
2102,4401
2102,4606
2102,4782
2102,4869
2103,2666
2103,2897
2103,2962
2103,3393
2103,3668
2103,3697
2103,4252
2103,4762
2104,2411
2104,2569
2104,2573
2104,2915
2104,2972
2104,3311
2104,3530
2104,3606
2104,3608
2104,3882
2104,3915
2104,4106
2104,4214
2104,4262
2104,4577
2104,4713
2105,2181
2105,2182
2105,2383
2105,2569
2105,2652
2105,2814
2105,3187
2105,3346
2105,3615
2105,3774
2105,3906
2105,3960
2105,4254
2105,4407
2105,4523
2105,4629
2105,4641
2105,4766
2106,2122
2106,2351
2106,2437
2106,2610
2106,2821
2106,2867
2106,2914
2106,2949
2106,2963
2106,3371
2106,3449
2106,3865
2106,3924
2106,4158
2106,4187
2106,4287
2106,4668
2106,4934
2107,2221
2107,2223
2107,2749
2107,3126
2107,3590
2107,3984
2107,4232
2107,4562
2107,4971
2108,2139
2108,2151
2108,2635
2108,2699
2108,3009
2108,3090
2108,3170
2108,3540
2108,3701
2108,3769
2108,3792
2108,3795
2108,4178
2108,4189
2108,4206
2108,4346
2108,4363
2108,4448
2109,2117
2109,2285
2109,2665
2109,3005
2109,3060
2109,3317
2109,3436
2109,4271
2109,4502
2109,4521
2110,2311
2110,2467
2110,2685
2110,2769
2110,2853
2110,2897
2110,2930
2110,3082
2110,3395
2110,3519
2110,3525
2110,3643
2110,4134
2110,4217
2110,4235
2110,4381
2110,4514
2110,4822
2110,4858
2110,4872
2111,2395
2111,2648
2111,2899
2111,3007
2111,3497
2111,3599
2111,4069
2111,4111
2111,4152
2111,4392
2111,4577
2112,2482
2112,2566
2112,2620
2112,2849
2112,3170
2112,3647
2112,3896
2112,3937
2112,4357
2112,4881
2113,2142
2113,2174
2113,2177
2113,2216
2113,2348
2113,2464
2113,2693
2113,2933
2113,2990
2113,3061
2113,3069
2113,3536
2113,3774
2113,3809
2113,3827
2113,3846
2113,3861
2113,4027
2113,4255
2113,4281
2113,4293
2113,4565
2114,2290
2114,2614
2114,2674
2114,2812
2114,2914
2114,3054
2114,3325
2114,3716
2114,3761
2114,3996
2114,4078
2114,4467
2114,4574
2114,4845
2115,2518
2115,2732
2115,2746
2115,2842
2115,3104
2115,3156
2115,3196
2115,3424
2115,3757
2115,4073
2115,4276
2115,4349
2115,4428
2115,4689
2116,2491
2116,2690
2116,2977
2116,3641
2116,3658
2116,4025
2116,4063
2116,4183
2116,4286
2116,4345
2116,4393
2116,4539
2116,4576
2116,4652
2117,2321
2117,2427
2117,2435
2117,3191
2117,3706
2117,4078
2117,4145
2117,4181
2117,4242
2117,4390
2117,4518
2117,4635
2117,4904
2117,4935
2118,2329
2118,2335
2118,2399
2118,2528
2118,2554
2118,2925
2118,3045
2118,3167
2118,3417
2118,3505
2118,3589
2118,3680
2118,3685
2118,3690
2118,3941
2118,3963
2118,4111
2118,4157
2118,4649
2118,4876
2119,2253
2119,2816
2119,3448
2119,3985
2119,4216
2119,4421
2119,4479
2119,4601
2120,2152
2120,2412
2120,2497
2120,2528
2120,2648
2120,2817
2120,2833
2120,2950
2120,3262
2120,3480
2120,3556
2120,3602
2120,3952
2120,3957
2120,4588
2120,4612
2121,2168
2121,2629
2121,2659
2121,3119
2121,3167
2121,3246
2121,3334
2121,3997
2121,4083
2121,4689
2121,4701
2122,2283
2122,2397
2122,2637
2122,3175
2122,3199
2122,3757
2122,4000
2122,4305
2122,4459
2123,2507
2123,2772
2123,2880
2123,3447
2123,3702
2123,3735
2123,3737
2123,3884
2123,4012
2123,4395
2123,4607
2123,4623
2123,4739
2123,4785
2123,4800
2124,2342
2124,2654
2124,2761
2124,3031
2124,3159
2124,3292
2124,3334
2124,3640
2124,3674
2124,4431
2124,4687
2124,4962
2125,2343
2125,2718
2125,2845
2125,3370
2125,3568
2125,3593
2125,3701
2125,3780
2125,3783
2125,3886
2125,4140
2125,4403
2125,4593
2125,4719
2125,4847
2125,4922
2126,2493
2126,2553
2126,3206
2126,3409
2126,3443
2126,3580
2126,3615
2126,3927
2126,3968
2126,4174
2126,4241
2126,4393
2126,4398
2126,4405
2126,4544
2126,4619
2126,4624
2126,4743
2126,4861
2126,4962
2127,2379
2127,2460
2127,2482
2127,2485
2127,2605
2127,3473
2127,3475
2127,3476
2127,3734
2127,4027
2127,4074
2127,4077
2127,4253
2127,4525
2127,4556
2128,2266
2128,2403
2128,2607
2128,2611
2128,3037
2128,3054
2128,3104
2128,3311
2128,3951
2128,4007
2128,4440
2128,4581
2128,4912
2129,2305
2129,2576
2129,2907
2129,3004
2129,3136
2129,3979
2129,4150
2129,4321
2129,4336
2129,4497
2129,4720
2130,2263
2130,2293
2130,2435
2130,2466
2130,2615
2130,2679
2130,2801
2130,2955
2130,3001
2130,3462
2130,3894
2130,4016
2130,4024
2130,4445
2130,4735
2131,2709
2131,2825
2131,2834
2131,2892
2131,3048
2131,3270
2131,3439
2131,3614
2131,3762
2131,3792
2131,3896
2131,3918
2131,3951
2131,4477
2131,4480
2132,2142
2132,2360
2132,2457
2132,2465
2132,2673
2132,2722
2132,2748
2132,2932
2132,2945
2132,2961
2132,3529
2132,3542
2132,3681
2132,3692
2132,3739
2132,4202
2132,4447
2132,4621
2132,4735
2133,2403
2133,2556
2133,2777
2133,2803
2133,3416
2133,3548
2133,3591
2133,3638
2133,3653
2133,3687
2133,3737
2133,4117
2133,4345
2133,4486
2133,4518
2133,4877
2134,2141
2134,2170
2134,2470
2134,2555
2134,2818
2134,3152
2134,3176
2134,3179
2134,3181
2134,3283
2134,3306
2134,3556
2134,3581
2134,3748
2134,4060
2134,4252
2134,4328
2134,4422
2134,4439
2134,4507
2134,4554
2134,4627
2134,4684
2135,2169
2135,2701
2135,2927
2135,3272
2135,3981
2135,4770
2135,4849
2136,2277
2136,2373
2136,2542
2136,2545
2136,2891
2136,2932
2136,3136
2136,3303
2136,3385
2136,3744
2136,3870
2136,3975
2136,4034
2136,4141
2136,4379
2136,4481
2136,4600
2136,4673
2137,2459
2137,2803
2137,3263
2137,4074
2137,4362
2137,4367
2137,4774
2137,4790
2137,4817
2137,4851
2138,2337
2138,2362
2138,2403
2138,2911
2138,2918
2138,3224
2138,3998
2138,4043
2138,4459
2138,4747
2139,2171
2139,2582
2139,2658
2139,3641
2139,3783
2139,4181
2139,4241
2139,4315
2139,4355
2139,4453
2139,4617
2139,4779
2139,4852
2140,2214
2140,2431
2140,2513
2140,2603
2140,2607
2140,2827
2140,2870
2140,2930
2140,2990
2140,3068
2140,3157
2140,3180
2140,3474
2140,3503
2140,3691
2140,3998
2140,4004
2140,4351
2140,4541
2140,4637
2140,4771
2140,4969
2140,4987
2141,2190
2141,2566
2141,2981
2141,3095
2141,3191
2141,3376
2141,3592
2141,4015
2141,4617
2141,4739
2141,4844
2142,2231
2142,2258
2142,2475
2142,2703
2142,2722
2142,2737
2142,2747
2142,2991
2142,3558
2142,3759
2142,3915
2142,4095
2142,4507
2142,4725
2142,4851
2142,4946
2143,2208
2143,2267
2143,2594
2143,2669
2143,2895
2143,2972
2143,3114
2143,3237
2143,3396
2143,3580
2143,3704
2143,3857
2143,3872
2143,3879
2143,4161
2143,4235
2143,4548
2143,4585
2143,4969
2144,2427
2144,2718
2144,2984
2144,3168
2144,3198
2144,3873
2144,4176
2144,4366
2144,4488
2144,4873
2144,4978
2145,2165
2145,2384
2145,2416
2145,2532
2145,2773
2145,2866
2145,3274
2145,3746
2145,4018
2145,4326
2145,4372
2146,2534
2146,2608
2146,2702
2146,2755
2146,2887
2146,3040
2146,3291
2146,3360
2146,3639
2146,4085
2146,4171
2146,4597
2146,4667
2147,2465
2147,2755
2147,2880
2147,2916
2147,3065
2147,3451
2147,3721
2147,3787
2147,4947
2148,2295
2148,2460
2148,2569
2148,2957
2148,3027
2148,3293
2148,3414
2148,3417
2148,3548
2148,3593
2148,3750
2148,4109
2148,4257
2148,4541
2148,4835
2149,2223
2149,2827
2149,3011
2149,3138
2149,3214
2149,3241
2149,3254
2149,3506
2149,3567
2149,3778
2149,3894
2149,4148
2149,4306
2149,4551
2149,4585
2149,4605
2149,4930
2150,2196
2150,2553
2150,2630
2150,2654
2150,3076
2150,4140
2150,4294
2150,4399
2150,4782
2150,4786
2151,2252
2151,2502
2151,3071
2151,3238
2151,3321
2151,3399
2151,3440
2151,4577
2151,4623
2151,4735
2151,4767
2152,2209
2152,2432
2152,2488
2152,2542
2152,2687
2152,2965
2152,3022
2152,3245
2152,3272
2152,3448
2152,3502
2152,3657
2152,3696
2152,3845
2152,3878
2152,4360
2152,4737
2152,4800
2152,4845
2152,4943
2153,2216
2153,2277
2153,2559
2153,2718
2153,2941
2153,3214
2153,3539
2153,3693
2153,3806
2153,3913
2153,4507
2153,4634
2153,4853
2154,2212
2154,2918
2154,2937
2154,3205
2154,3349
2154,3384
2154,3979
2154,4070
2154,4491
2154,4869
2155,2205
2155,2328
2155,2475
2155,2699
2155,2937
2155,2949
2155,3014
2155,3242
2155,3286
2155,3499
2155,3767
2155,3813
2155,4214
2155,4229
2155,4262
2155,4653
2155,4738
2155,4830
2156,2493
2156,2865
2156,2892
2156,3050
2156,3192
2156,3293
2156,3834
2156,4396
2156,4427
2156,4621
2156,4868
2156,4949
2157,2247
2157,2376
2157,2537
2157,2776
2157,2887
2157,3070
2157,3088
2157,3337
2157,3762
2157,3816
2157,4175
2157,4232
2157,4265
2157,4325
2157,4546
2157,4554
2157,4663
2157,4972
2158,2191
2158,3258
2158,3694
2158,3949
2158,4051
2158,4058
2158,4252
2158,4274
2158,4595
2158,4743
2158,4805
2158,4956
2159,2274
2159,2309
2159,2381
2159,2997
2159,3066
2159,3131
2159,3310
2159,3326
2159,3468
2159,3484
2159,3604
2159,4099
2159,4129
2159,4267
2159,4402
2159,4403
2159,4699
2159,4707
2159,4803
2159,4887
2159,4958
2160,2679
2160,2711
2160,2712
2160,2865
2160,3036
2160,3112
2160,3564
2160,3871
2160,3900
2160,4086
2160,4398
2160,4605
2160,4920
2161,2357
2161,2549
2161,2722
2161,2848
2161,3489
2161,3624
2161,4035
2161,4284
2161,4520
2161,4633
2161,4702
2162,2309
2162,2389
2162,2435
2162,2766
2162,2772
2162,2788
2162,3090
2162,3161
2162,3471
2162,3924
2162,4109
2162,4291
2162,4442
2162,4469
2162,4621
2162,4656
2162,4703
2162,4707
2162,4753
2162,4944
2162,4968
2163,2333
2163,2633
2163,2996
2163,3193
2163,4078
2163,4696
2164,2232
2164,2330
2164,2783
2164,2802
2164,2865
2164,3274
2164,3498
2164,3506
2164,3589
2164,4579
2164,4593
2164,4630
2165,2402
2165,2738
2165,2769
2165,2782
2165,2882
2165,3024
2165,3258
2165,3584
2165,3726
2165,3933
2165,4041
2165,4112
2165,4144
2165,4181
2165,4561
2166,2193
2166,2324
2166,2453
2166,2521
2166,2641
2166,2809
2166,2856
2166,2883
2166,3049
2166,3201
2166,3334
2166,3709
2166,4194
2166,4267
2166,4540
2166,4911
2167,2203
2167,2209
2167,2289
2167,2339
2167,2391
2167,3047
2167,3078
2167,3323
2167,3591
2167,3623
2167,3642
2167,4010
2167,4673
2167,4687
2168,2188
2168,2241
2168,2395
2168,2404
2168,2472
2168,2515
2168,2696
2168,2717
2168,3270
2168,3342
2168,3550
2168,3708
2168,3763
2168,3861
2168,3959
2168,4171
2168,4219
2168,4288
2168,4368
2168,4405
2168,4536
2168,4580
2168,4609
2168,4684
2169,2223
2169,2271
2169,2294
2169,2310
2169,2426
2169,2436
2169,2602
2169,2613
2169,2802
2169,2971
2169,3001
2169,3054
2169,3284
2169,3307
2169,3697
2169,3817
2169,4205
2169,4241
2169,4422
2169,4757
2169,4981
2170,2659
2170,2704
2170,3028
2170,3097
2170,3895
2170,4067
2170,4211
2170,4422
2170,4434
2170,4559
2170,4695
2170,4996
2171,2503
2171,3050
2171,3133
2171,3267
2171,3330
2171,3612
2171,3619
2171,3649
2171,3987
2171,4027
2171,4367
2171,4498
2171,4790
2172,2655
2172,2745
2172,2762
2172,3038
2172,3264
2172,3315
2172,3384
2172,3642
2172,3663
2172,3980
2172,4148
2172,4466
2172,4794
2172,4905
2173,2816
2173,2852
2173,2949
2173,3155
2173,3492
2173,3657
2173,4483
2173,4500
2173,4537
2173,4582
2174,2333
2174,2334
2174,2431
2174,2460
2174,2514
2174,2769
2174,3027
2174,3511
2174,3545
2174,3571
2174,4106
2174,4341
2174,4367
2174,4674
2174,4710
2174,4729
2174,4826
2175,2365
2175,2592
2175,2657
2175,2713
2175,2917
2175,3090
2175,3388
2175,3389
2175,4317
2175,4520
2176,2179
2176,2633
2176,3039
2176,3103
2176,3188
2176,3585
2176,3660
2176,3665
2176,4086
2176,4177
2176,4217
2176,4364
2176,4784
2176,4860
2176,4861
2177,2270
2177,2490
2177,2585
2177,2748
2177,3074
2177,3166
2177,3659
2177,4136
2177,4411
2177,4994
2178,2196
2178,2298
2178,2417
2178,2525
2178,2547
2178,2818
2178,2829
2178,2900
2178,4209
2178,4316
2178,4492
2178,4876
2179,2226
2179,2394
2179,2402
2179,2413
2179,2457
2179,2815
2179,2851
2179,2939
2179,2993
2179,3160
2179,3194
2179,3428
2179,3628
2179,3681
2179,4074
2179,4085
2179,4297
2179,4458
2179,4547
2179,4585
2179,4644
2179,4732
2179,4863
2179,4975
2180,2303
2180,2341
2180,2355
2180,2422
2180,2703
2180,2752
2180,3263
2180,3511
2180,3831
2180,3910
2180,4122
2181,2498
2181,2560
2181,2608
2181,2718
2181,3119
2181,3137
2181,3437
2181,3545
2181,3700
2181,3935
2181,4140
2181,4254
2181,4492
2181,4534
2181,4803
2182,2306
2182,2552
2182,2699
2182,2949
2182,2964
2182,3397
2182,3534
2182,3627
2182,3897
2182,4270
2182,4434
2182,4730
2183,2885
2183,3063
2183,3100
2183,3197
2183,3914
2183,4107
2183,4299
2183,4329
2183,4355
2183,4994
2184,2213
2184,2242
2184,2271
2184,2306
2184,2379
2184,2528
2184,2856
2184,2965
2184,3012
2184,3092
2184,3194
2184,3202
2184,3288
2184,3540
2184,3768
2184,3778
2184,3785
2184,4125
2184,4337
2184,4352
2184,4538
2184,4571
2184,4842
2184,4854
2184,4896
2184,4992
2185,2622
2185,2625
2185,2838
2185,3214
2185,3482
2185,3596
2185,3661
2185,4294
2185,4309
2186,2415
2186,2580
2186,2904
2186,2940
2186,3198
2186,3221
2186,3343
2186,3409
2186,3957
2186,4222
2186,4392
2186,4605
2187,2431
2187,2586
2187,2680
2187,3082
2187,3102
2187,3225
2187,4155
2187,4188
2187,4216
2187,4556
2187,4800
2187,4806
2188,2691
2188,2917
2188,3166
2188,3168
2188,3272
2188,3346
2188,3483
2188,3845
2188,3865
2188,4182
2188,4291
2189,2568
2189,2900
2189,2904
2189,2928
2189,3506
2189,4569
2189,4829
2189,4862
2189,4938
2190,2226
2190,2408
2190,2641
2190,2719
2190,2845
2190,2852
2190,2924
2190,3145
2190,3153
2190,3166
2190,3523
2190,4131
2190,4399
2190,4406
2190,4417
2190,4673
2190,4713
2190,4948
2191,2252
2191,2439
2191,2780
2191,2887
2191,2937
2191,2969
2191,3144
2191,3260
2191,3524
2191,3558
2191,3782
2191,3794
2191,4417
2191,4517
2191,4542
2191,4879
2192,2324
2192,2376
2192,2449
2192,2525
2192,2938
2192,2969
2192,3177
2192,3261
2192,3353
2192,3614
2192,3643
2192,4291
2192,4306
2192,4397
2192,4481
2192,4937
2193,2225
2193,2267
2193,2293
2193,2384
2193,2412
2193,2591
2193,2829
2193,3182
2193,3345
2193,3573
2193,4010
2193,4200
2193,4228
2193,4271
2193,4292
2193,4345
2193,4384
2193,4401
2193,4478
2193,4532
2194,2272
2194,2323
2194,2424
2194,2507
2194,2818
2194,2843
2194,2992
2194,3015
2194,3098
2194,3216
2194,3305
2194,3335
2194,3688
2194,3703
2194,3731
2194,3818
2194,4023
2194,4347
2194,4769
2194,4777
2194,4901
2194,4919
2195,2233
2195,2434
2195,2715
2195,3003
2195,3037
2195,3442
2195,3526
2195,3632
2195,4080
2195,4150
2195,4412
2195,4416
2195,4445
2195,4520
2196,2507
2196,2805
2196,3071
2196,3260
2196,3274
2196,3387
2196,4129
2196,4205
2196,4537
2196,4682
2196,4816
2197,2210
2197,2300
2197,2492
2197,2655
2197,2874
2197,2920
2197,2940
2197,3095
2197,3603
2197,3983
2197,3994
2197,4084
2197,4207
2197,4313
2197,4465
2197,4606
2197,4815
2198,2231
2198,2366
2198,2386
2198,2611
2198,2660
2198,2899
2198,2946
2198,3086
2198,3313
2198,3352
2198,3863
2198,3944
2198,4020
2198,4133
2198,4187
2198,4253
2198,4426
2198,4546
2198,4925
2199,2241
2199,2420
2199,2501
2199,2608
2199,2620
2199,2651
2199,3155
2199,3196
2199,3220
2199,3234
2199,3614
2199,3925
2199,3967
2199,3995
2199,4127
2199,4743
2200,2805
2200,2908
2200,3103
2200,3105
2200,3258
2200,3263
2200,3312
2200,3711
2200,3957
2200,4142
2200,4623
2200,4678
2200,4859
2200,4922
2200,4955
2201,2316
2201,2681
2201,3181
2201,3919
2201,4434
2201,4689
2201,4720
2202,2381
2202,2429
2202,2756
2202,2855
2202,3013
2202,3022
2202,3418
2202,3643
2202,3644
2202,3658
2202,4458
2202,4814
2203,2405
2203,2488
2203,2539
2203,2681
2203,2786
2203,3110
2203,3787
2203,4208
2203,4584
2204,2215
2204,2332
2204,2439
2204,2447
2204,2534
2204,2691
2204,3278
2204,3308
2204,3456
2204,3699
2204,3767
2204,3776
2204,4434
2204,4545
2204,4611
2204,4614
2204,4738
2205,2329
2205,2501
2205,3037
2205,3222
2205,3398
2205,3724
2205,3804
2205,4107
2205,4117
2205,4528
2205,4590
2205,4669
2205,4739
2205,4832
2206,2287
2206,2772
2206,3193
2206,3224
2206,3645
2206,3774
2206,3991
2206,4339
2206,4454
2206,4569
2206,4597
2206,4829
2207,2694
2207,2884
2207,3260
2207,3411
2207,3739
2207,3764
2207,4408
2207,4457
2207,4707
2207,4830
2208,2273
2208,2430
2208,2569
2208,2739
2208,2826
2208,2939
2208,3016
2208,3256
2208,3870
2208,3961
2208,4187
2208,4877
2208,4959
2209,2240
2209,2243
2209,2375
2209,2967
2209,2971
2209,3345
2209,3387
2209,3674
2209,3805
2209,3950
2209,4227
2209,4687
2210,2311
2210,2369
2210,2590
2210,2616
2210,3582
2210,3662
2210,4100
2210,4328
2210,4897
2210,4941
2211,2250
2211,2382
2211,2482
2211,2814
2211,2985
2211,3060
2211,3162
2211,3226
2211,3375
2211,3533
2211,3721
2211,4132
2211,4247
2211,4265
2211,4289
2211,4866
2212,2231
2212,2329
2212,2416
2212,2561
2212,2711
2212,2767
2212,2917
2212,3125
2212,3180
2212,3529
2213,2263
2213,2433
2213,2438
2213,2864
2213,3095
2213,3145
2213,3264
2213,3676
2213,3989
2213,4228
2213,4471
2213,4521
2213,4792
2214,2759
2214,2801
2214,2933
2214,3081
2214,3286
2214,3972
2214,4106
2214,4117
2214,4835
2215,2266
2215,2322
2215,2564
2215,2576
2215,2667
2215,3177
2215,3214
2215,3317
2215,3359
2215,3524
2215,3705
2215,3993
2215,4237
2215,4310
2215,4406
2216,2607
2216,3093
2216,3834
2216,4218
2216,4459
2216,4741
2216,4879
2217,2333
2217,2755
2217,2849
2217,2927
2217,2964
2217,3068
2217,3571
2217,3735
2217,4279
2217,4424
2217,4699
2218,2394
2218,2542
2218,2578
2218,2959
2218,3273
2218,3341
2218,3452
2218,3551
2218,3564
2218,3706
2218,3806
2218,3903
2218,4099
2218,4110
2218,4341
2218,4734
2219,2220
2219,2356
2219,2408
2219,2427
2219,2618
2219,2968
2219,3026
2219,3047
2219,3488
2219,3614
2219,3639
2219,3789
2219,3867
2219,4157
2219,4456
2219,4578
2219,4928
2219,4933
2220,2273
2220,2416
2220,2642
2220,2694
2220,2829
2220,3015
2220,3202
2220,3217
2220,3276
2220,3621
2220,3717
2220,3726
2220,3988
2220,4008
2220,4013
2220,4036
2220,4190
2220,4223
2220,4257
2220,4675
2220,4692
2220,4910
2221,2292
2221,2401
2221,2951
2221,3344
2221,3999
2221,4153
2221,4244
2221,4309
2221,4478
2222,3534
2222,4092
2222,4115
2222,4255
2222,4414
2222,4551
2222,4754
2223,2430
2223,2461
2223,2603
2223,2670
2223,2747
2223,2750
2223,2948
2223,3086
2223,3113
2223,3131
2223,3308
2223,3357
2223,3477
2223,3841
2223,3868
2223,4261
2223,4673
2223,4835
2223,4877
2224,2266
2224,2604
2224,2658
2224,2822
2224,2949
2224,3126
2224,3268
2224,3987
2224,4346
2224,4682
2224,4722
2224,4750
2225,2303
2225,2508
2225,2865
2225,3238
2225,3583
2225,3616
2225,3835
2225,4008
2225,4042
2225,4222
2225,4382
2225,4495
2225,4612
2225,4701
2226,2318
2226,2422
2226,3155
2226,3609
2226,3706
2226,4499
2226,4500
2226,4505
2226,4619
2226,4654
2226,4935
2227,2315
2227,2787
2227,2906
2227,3036
2227,3247
2227,3667
2227,4465
2228,2242
2228,2835
2228,3153
2228,3259
2228,3387
2228,3415
2228,3771
2228,4070
2228,4908
2228,4965
2228,4997
2229,2474
2229,2575
2229,2701
2229,2756
2229,2853
2229,2863
2229,3474
2229,3475
2229,3719
2229,3786
2229,4204
2229,4465
2229,4678
2229,4689
2229,4709
2230,2589
2230,3021
2230,3078
2230,3213
2230,3590
2230,3848
2230,3855
2230,3902
2230,4071
2230,4166
2230,4168
2230,4750
2230,4751
2230,4913
2231,2337
2231,2392
2231,2457
2231,2654
2231,2672
2231,2717
2231,2757
2231,2961
2231,3545
2231,3549
2231,3707
2231,3719
2231,3790
2231,3817
2231,4029
2231,4162
2231,4466
2231,4493
2231,4503
2231,4563
2231,4846
2231,4914
2232,2671
2232,2730
2232,2814
2232,2863
2232,3044
2232,3105
2232,3284
2232,3469
2232,3578
2232,3895
2232,4090
2232,4845
2232,4920
2232,4962
2233,2385
2233,3009
2233,3074
2233,3296
2233,3361
2233,3469
2233,3672
2233,4196
2233,4435
2233,4635
2233,4829
2233,4849
2233,4951
2234,2581
2234,2735
2234,2776
2234,3101
2234,3914
2234,3943
2234,4106
2234,4347
2234,4797
2235,2462
2235,2591
2235,2785
2235,3217
2235,3575
2235,4099
2235,4132
2235,4719
2235,4876
2236,2577
2236,3016
2236,3066
2236,3110
2236,3406
2236,3435
2236,3718
2236,3826
2236,4730
2237,2256
2237,2627
2237,2732
2237,2854
2237,2877
2237,2941
2237,3011
2237,3504
2237,3541
2237,3582
2237,3819
2237,4245
2237,4977
2238,2248
2238,2453
2238,2480
2238,2740
2238,2845
2238,3031
2238,3184
2238,3187
2238,3233
2238,3240
2238,3419
2238,3467
2238,3495
2238,3541
2238,3931
2238,4517
2238,4895
2239,2628
2239,2638
2239,2665
2239,2948
2239,3030
2239,3604
2239,3991
2239,4215
2239,4802
2240,2402
2240,2757
2240,2845
2240,3406
2240,3564
2240,4029
2240,4073
2240,4296
2240,4453
2240,4462
2240,4521
2240,4631
2240,4778
2240,4798
2241,2829
2241,3544
2241,3641
2241,3661
2241,4006
2241,4251
2241,4366
2241,4494
2241,4636
2241,4965
2242,2491
2242,2540
2242,3185
2242,3440
2242,3455
2242,3903
2242,3933
2242,4046
2242,4284
2242,4306
2242,4428
2242,4765
2242,4935
2243,2628
2243,2932
2243,3197
2243,3403
2243,3528
2243,3620
2243,3662
2243,4022
2243,4232
2243,4470
2243,4704
2244,2413
2244,2542
2244,2773
2244,2777
2244,3034
2244,3122
2244,3258
2244,3436
2244,3691
2244,3993
2244,4044
2244,4058
2244,4417
2244,4569
2244,4607
2244,4690
2244,4790
2245,2352
2245,2391
2245,2394
2245,2447
2245,2563
2245,3058
2245,3320
2245,3649
2245,3874
2245,3888
2245,4003
2245,4058
2245,4303
2246,2252
2246,2361
2246,2459
2246,2646
2246,3011
2246,3486
2246,4092
2246,4114
2246,4318
2246,4455
2246,4574
2246,4824
2246,4957
2247,2297
2247,2329
2247,2467
2247,2490
2247,2740
2247,3029
2247,4544
2247,4645
2247,4679
2247,4917
2247,4958
2248,2363
2248,2544
2248,2611
2248,2694
2248,2726
2248,2854
2248,2900
2248,2920
2248,3530
2248,3728
2248,3818
2248,4087
2248,4639
2248,4768
2249,2606
2249,2830
2249,3176
2249,3290
2249,3313
2249,3444
2249,3594
2249,3701
2249,4009
2249,4201
2249,4255
2249,4261
2249,4811
2250,2257
2250,2312
2250,2610
2250,2633
2250,3131
2250,3221
2250,3305
2250,3547
2250,3878
2250,3954
2250,4016
2250,4136
2250,4928
2251,2338
2251,2410
2251,2442
2251,2565
2251,2824
2251,3337
2251,3669
2251,3724
2251,3881
2251,4051
2251,4240
2251,4403
2251,4583
2251,4852
2252,2371
2252,2522
2252,2841
2252,3410
2252,3800
2252,4250
2252,4336
2252,4704
2253,2341
2253,2343
2253,3032
2253,3179
2253,3335
2253,3454
2253,3531
2253,3684
2254,2308
2254,2807
2254,2946
2254,3111
2254,3152
2254,3485
2254,3622
2254,3774
2254,3780
2254,3828
2254,4591
2254,4689
2255,2362
2255,3151
2255,3167
2255,3192
2255,3233
2255,3253
2255,3820
2255,3854
2255,4362
2255,4777
2255,4796
2256,2302
2256,2681
2256,2778
2256,2842
2256,2844
2256,3079
2256,3093
2256,3108
2256,3143
2256,3178
2256,3362
2256,3571
2256,3703
2256,3717
2256,3780
2256,3965
2256,4037
2256,4215
2256,4237
2256,4272
2256,4326
2256,4543
2257,2267
2257,2652
2257,2757
2257,3030
2257,3048
2257,3073
2257,3169
2257,3765
2257,3909
2257,4041
2257,4081
2257,4296
2257,4390
2257,4400
2257,4716
2257,4954
2258,2347
2258,2455
2258,2588
2258,2642
2258,2653
2258,2895
2258,3197
2258,3255
2258,3346
2258,3443
2258,3467
2258,3706
2258,4035
2258,4429
2258,4495
2258,4650
2258,4764
2258,4969
2259,2531
2259,2555
2259,2659
2259,2897
2259,2914
2259,3023
2259,3318
2259,3480
2259,3624
2259,3699
2259,3817
2259,3879
2259,4404
2259,4460
2259,4689
2260,2498
2260,2532
2260,2759
2260,2954
2260,3358
2260,3750
2260,3751
2260,4014
2260,4126
2260,4217
2260,4938
2261,2280
2261,2499
2261,2652
2261,2872
2261,2959
2261,2984
2261,3260
2261,3772
2261,3911
2261,4205
2261,4310
2262,2297
2262,2307
2262,2544
2262,2654
2262,2835
2262,2890
2262,3240
2262,4140
2262,4537
2262,4762
2262,4888
2263,2319
2263,2442
2263,2690
2263,2772
2263,3130
2263,3216
2263,4206
2263,4215
2263,4327
2263,4843
2264,2304
2264,2455
2264,2525
2264,2612
2264,2643
2264,2845
2264,3195
2264,3260
2264,3855
2264,3897
2264,4154
2264,4231
2264,4381
2264,4613
2264,4635
2264,4662
2264,4690
2265,3086
2265,3231
2265,3462
2265,3780
2265,4152
2265,4420
2265,4541
2265,4593
2265,4823
2265,4957
2266,2600
2266,2789
2266,2826
2266,2923
2266,3100
2266,3334
2266,3992
2266,4455
2266,4559
2266,4641
2267,2270
2267,2354
2267,2396
2267,2814
2267,2842
2267,3140
2267,3470
2267,3484
2267,3559
2267,3697
2267,3926
2267,4710
2267,4787
2268,2552
2268,2997
2268,3497
2268,3694
2268,3768
2268,4388
2268,4420
2268,4828
2268,4942
2269,2271
2269,2402
2269,2468
2269,2522
2269,2528
2269,2542
2269,2863
2269,2894
2269,2997
2269,3263
2269,3412
2269,3784
2269,3841
2269,4130
2269,4834
2269,4846
2270,2324
2270,2331
2270,2594
2270,2716
2270,2732
2270,2778
2270,3435
2270,3604
2270,3618
2270,3676
2270,4215
2270,4349
2270,4516
2271,2731
2271,2732
2271,2961
2271,3129
2271,3328
2271,3492
2271,3533
2271,3564
2271,3710
2271,3747
2271,3899
2271,4046
2271,4713
2271,4814
2271,4820
2271,4893
2271,4992
2272,2646
2272,2751
2272,2957
2272,3309
2272,3554
2272,3669
2272,3787
2272,4113
2272,4874
2273,2475
2273,2610
2273,2707
2273,2820
2273,2923
2273,3134
2273,3301
2273,3494
2273,3941
2273,4014
2273,4089
2273,4616
2273,4901
2274,2389
2274,2456
2274,2774
2274,2797
2274,2872
2274,2923
2274,3134
2274,3204
2274,3423
2274,3434
2274,3700
2274,3732
2274,4034
2274,4136
2274,4292
2274,4572
2274,4612
2274,4870
2275,2687
2275,3090
2275,3211
2275,3361
2275,3365
2275,3543
2275,3581
2275,3963
2275,3993
2275,4256
2275,4351
2275,4370
2275,4502
2275,4615
2275,4806
2276,2760
2276,2827
2276,2952
2276,3101
2276,3663
2276,3749
2276,4078
2276,4199
2276,4510
2276,4684
2276,4704
2276,4786
2277,2571
2277,2637
2277,2718
2277,3065
2277,3238
2277,3549
2277,4350
2277,4420
2277,4498
2277,4524
2278,2367
2278,2745
2278,3602
2278,3765
2278,3810
2278,4032
2278,4328
2278,4398
2278,4912
2279,2444
2279,2464
2279,2840
2279,3355
2279,4258
2279,4565
2280,2375
2280,2658
2280,2855
2280,2956
2280,3071
2280,3135
2280,3270
2280,3275
2280,3390
2280,3428
2280,3436
2280,3485
2280,3545
2280,3763
2280,4490
2280,4548
2280,4782
2281,2379
2281,2482
2281,2540
2281,2603
2281,2900
2281,3047
2281,3335
2281,3415
2281,4333
2282,2315
2282,2485
2282,2636
2282,2888
2282,3471
2282,3910
2282,3971
2282,3998
2282,4034
2282,4152
2282,4196
2282,4346
2282,4361
2282,4702
2282,4836
2283,2443
2283,2571
2283,3143
2283,3220
2283,3400
2283,3447
2283,3747
2283,3876
2283,4096
2283,4118
2283,4375
2283,4528
2283,4758
2284,3664
2284,3700
2284,4049
2284,4241
2284,4748
2285,2349
2285,2417
2285,2484
2285,2965
2285,2997
2285,3126
2285,3244
2285,3465
2285,3835
2285,3996
2285,4004
2285,4219
2285,4512
2285,4946
2286,2377
2286,2383
2286,2520
2286,2672
2286,2740
2286,2975
2286,3168
2286,3654
2286,4008
2286,4065
2286,4297
2286,4340
2286,4403
2287,2862
2287,2934
2287,3149
2287,3217
2287,3686
2287,3872
2287,3914
2287,3969
2287,4026
2287,4497
2287,4518
2287,4675
2287,4724
2288,2547
2288,2760
2288,2793
2288,2811
2288,3077
2288,3110
2288,3172
2288,3861
2288,4043
2288,4046
2288,4216
2288,4223
2288,4359
2288,4423
2288,4742
2288,4785
2289,2359
2289,2380
2289,2971
2289,3130
2289,3254
2289,3269
2289,3401
2289,3614
2289,3682
2289,4135
2289,4155
2289,4319
2290,2314
2290,2349
2290,2572
2290,2891
2290,2927
2290,2981
2290,3007
2290,3044
2290,3528
2290,3628
2290,3805
2290,3936
2290,4007
2290,4149
2290,4152
2290,4430
2290,4496
2290,4772
2290,4894
2291,2560
2291,2628
2291,2862
2291,3265
2291,3373
2291,3624
2291,3632
2291,3650
2291,4176
2291,4663
2291,4826
2292,2352
2292,2386
2292,2582
2292,2615
2292,2648
2292,2829
2292,2920
2292,2992
2292,3121
2292,3237
2292,3240
2292,3293
2292,3296
2292,3458
2292,3487
2292,3540
2292,3710
2292,3878
2292,3894
2292,4225
2292,4320
2292,4667
2292,4675
2292,4828
2293,2334
2293,2446
2293,2759
2293,2896
2293,2904
2293,3042
2293,3044
2293,3295
2293,3635
2293,3808
2293,4148
2293,4175
2293,4238
2293,4400
2293,4475
2293,4490
2293,4570
2293,4617
2293,4793
2293,4929
2293,4994
2293,4995
2293,4999
2294,3031
2294,3047
2294,3358
2294,3470
2294,4157
2294,4695
2294,4753
2295,2815
2295,2863
2295,3179
2295,3308
2295,3362
2295,3770
2295,3838
2295,4411
2296,2302
2296,2588
2296,2950
2296,3006
2296,3381
2296,3438
2296,3556
2296,4335
2296,4584
2296,4856
2297,2505
2297,3090
2297,3676
2297,3707
2297,4181
2297,4300
2297,4306
2297,4328
2297,4475
2297,4531
2298,2378
2298,2524
2298,2530
2298,2741
2298,2945
2298,3177
2298,3547
2298,3564
2298,3779
2298,4203
2298,4360
2298,4376
2298,4558
2298,4700
2298,4910
2299,2566
2299,2623
2299,2628
2299,2673
2299,2939
2299,2976
2299,3059
2299,3153
2299,3157
2299,3219
2299,3318
2299,3556
2299,3876
2299,3961
2299,3971
2299,4167
2299,4231
2299,4236
2299,4508
2299,4776
2300,2327
2300,2386
2300,3222
2300,3376
2300,3518
2300,3676
2300,3879
2300,3902
2300,4308
2300,4333
2300,4585
2300,4618
2301,2534
2301,2714
2301,2730
2301,3102
2301,3217
2301,3277
2301,3458
2301,3553
2301,4125
2301,4357
2301,4665
2301,4686
2301,4753
2301,4865
2302,2485
2302,2506
2302,2903
2302,3062
2302,3460
2302,4329
2302,4659
2302,4958
2303,2305
2303,2320
2303,2357
2303,2393
2303,3109
2303,3235
2303,3256
2303,3530
2303,3688
2303,3728
2303,3861
2303,4139
2303,4340
2303,4416
2303,4695
2304,2452
2304,2765
2304,2935
2304,2951
2304,2970
2304,2981
2304,3235
2304,3493
2304,3500
2304,3572
2304,3590
2304,3634
2304,4080
2304,4233
2304,4301
2304,4359
2304,4841
2305,2364
2305,2711
2305,2883
2305,3011
2305,3140
2305,3178
2305,3285
2305,3314
2305,3370
2305,3732
2305,3792
2305,3865
2305,4033
2305,4201
2305,4272
2305,4720
2305,4756
2306,2485
2306,2697
2306,2721
2306,2970
2306,3013
2306,3463
2306,3484
2306,3856
2306,4014
2306,4092
2306,4246
2306,4679
2306,4682
2306,4902
2307,2403
2307,2566
2307,3283
2307,3747
2307,4028
2307,4220
2307,4949
2307,4988
2308,3082
2308,3183
2308,3344
2308,3535
2308,3600
2308,3785
2308,4148
2308,4155
2308,4459
2308,4496
2308,4599
2308,4670
2308,4728
2308,4997
2309,2588
2309,2822
2309,2863
2309,2929
2309,2994
2309,3097
2309,3100
2309,3128
2309,3250
2309,3297
2309,3687
2309,3884
2309,3958
2309,4119
2309,4387
2309,4477
2309,4734
2309,4854
2310,2759
2310,2887
2310,2894
2310,2911
2310,2939
2310,3126
2310,3270
2310,3526
2310,3823
2310,3970
2310,4048
2310,4424
2310,4515
2310,4764
2310,4779
2310,4869
2311,2450
2311,2791
2311,2824
2311,2980
2311,3015
2311,3058
2311,3421
2311,3453
2311,3512
2311,3530
2311,3622
2311,3765
2311,3840
2311,4439
2311,4501
2311,4750
2311,4758
2312,2440
2312,2667
2312,2709
2312,2838
2312,3137
2312,3255
2312,3267
2312,3375
2312,3808
2312,3863
2312,3947
2312,4435
2312,4577
2312,4716
2312,4727
2312,4868
2313,2318
2313,2384
2313,2534
2313,3016
2313,3133
2313,3183
2313,3577
2313,3865
2313,3908
2313,3929
2313,3940
2313,4143
2313,4144
2313,4199
2313,4298
2313,4398
2313,4645
2313,4695
2313,4786
2314,2363
2314,2868
2314,2939
2314,3250
2314,3413
2314,3634
2314,3950
2314,4055
2314,4121
2314,4285
2314,4331
2314,4404
2314,4601
2314,4731
2314,4739
2315,2323
2315,2368
2315,2636
2315,2688
2315,2701
2315,2710
2315,2768
2315,2827
2315,3134
2315,3224
2315,3434
2315,3474
2315,3744
2315,3757
2315,3765
2315,3978
2315,4066
2315,4917
2316,2364
2316,2388
2316,2508
2316,2604
2316,2752
2316,2876
2316,3011
2316,3183
2316,3531
2316,3761
2316,3826
2316,3881
2316,3885
2316,3964
2316,4083
2316,4595
2316,4602
2316,4730
2317,2515
2317,2516
2317,2656
2317,2951
2317,3367
2317,3374
2317,3494
2317,3510
2317,4010
2317,4020
2317,4023
2317,4024
2317,4028
2317,4071
2317,4515
2318,2587
2318,2941
2318,3057
2318,3161
2318,3183
2318,3287
2318,3478
2318,3492
2318,3816
2318,3848
2318,4243
2318,4808
2318,4814
2318,4860
2318,4875
2319,2368
2319,2414
2319,2434
2319,2439
2319,2945
2319,3365
2319,3371
2319,3559
2319,3685
2319,3785
2319,3797
2319,3863
2319,3969
2319,4058
2319,4171
2320,3102
2320,3776
2320,3824
2320,3975
2320,4015
2320,4029
2320,4216
2320,4340
2320,4543
2320,4750
2320,4783
2321,2524
2321,2623
2321,2745
2321,2774
2321,3149
2321,4142
2321,4444
2321,4724
2322,2357
2322,2445
2322,2960
2322,3015
2322,3517
2322,3556
2322,3687
2322,3798
2322,3984
2322,4066
2322,4076
2322,4398
2322,4860
2322,4874
2323,2948
2323,3101
2323,4342
2323,4993
2324,2347
2324,2404
2324,2654
2324,2789
2324,2812
2324,2993
2324,3173
2324,3469
2324,3505
2324,3511
2324,4083
2324,4265
2324,4384
2324,4395
2324,4752
2324,4909
2325,2424
2325,2478
2325,2865
2325,2878
2325,3183
2325,3264
2325,3384
2325,3548
2325,4100
2325,4242
2325,4397
2325,4936
2326,2541
2326,2612
2326,2754
2326,2836
2326,3192
2326,3211
2326,3811
2326,3828
2326,4015
2326,4042
2326,4258
2326,4271
2326,4426
2326,4440
2326,4490
2326,4725
2326,4955
2326,4961
2327,2382
2327,2461
2327,2780
2327,3041
2327,3162
2327,3849
2327,3875
2327,4021
2327,4137
2327,4193
2327,4289
2327,4440
2327,4562
2327,4640
2327,4752
2328,2413
2328,2775
2328,3204
2328,3399
2328,3768
2328,3856
2328,4268
2328,4287
2328,4531
2328,4870
2329,2615
2329,2639
2329,2691
2329,2911
2329,3016
2329,3277
2329,3320
2329,3522
2329,3722
2329,3783
2329,3950
2329,4292
2329,4434
2329,4557
2329,4829
2330,2358
2330,2507
2330,2662
2330,2945
2330,3129
2330,3332
2330,3619
2330,3714
2330,3893
2330,3962
2330,4283
2330,4360
2330,4367
2330,4410
2330,4426
2330,4911
2331,3052
2331,3135
2331,3681
2331,4044
2331,4559
2331,4572
2331,4690
2331,4773
2331,4794
2331,4997
2332,2496
2332,2893
2332,3176
2332,3283
2332,3359
2332,3398
2332,3890
2332,3946
2332,4101
2332,4118
2332,4635
2332,4718
2332,4729
2332,4897
2332,4957
2333,2676
2333,3204
2333,3365
2333,3535
2333,3665
2333,3724
2333,3741
2333,3784
2333,4489
2333,4691
2333,4731
2333,4898
2334,2785
2334,3348
2334,3350
2334,3473
2334,3583
2334,3655
2334,3831
2334,4182
2334,4310
2334,4376
2334,4687
2335,2479
2335,2516
2335,2619
2335,2657
2335,2825
2335,3012
2335,3077
2335,3351
2335,3553
2335,3565
2335,4355
2335,4660
2335,4764
2335,4775
2335,4900
2336,2386
2336,2691
2336,2824
2336,2886
2336,2920
2336,3140
2336,3630
2336,4081
2336,4426
2336,4542
2336,4597
2336,4764
2336,4794
2336,4797
2337,2677
2337,2758
2337,3155
2337,3241
2337,3320
2337,3439
2337,3480
2337,3502
2337,3568
2337,3601
2337,3602
2337,3640
2337,3786
2337,4159
2337,4251
2337,4273
2337,4485
2337,4721
2337,4777
2337,4944
2338,2383
2338,2452
2338,2521
2338,2917
2338,3275
2338,3302
2338,3364
2338,3513
2338,3531
2338,3707
2338,3918
2338,4891
2338,4937
2339,2344
2339,3221
2339,3257
2339,3332
2339,3584
2339,3651
2339,3986
2339,4193
2339,4377
2339,4599
2339,4609
2339,4713
2339,4986
2340,2377
2340,2380
2340,2392
2340,2508
2340,3104
2340,3176
2340,3526
2340,3611
2340,3634
2340,3714
2340,3730
2340,3975
2340,4189
2340,4258
2340,4412
2340,4413
2340,4558
2340,4729
2340,4789
2341,2354
2341,2452
2341,2512
2341,2516
2341,2750
2341,2955
2341,3521
2341,3572
2341,3994
2341,4400
2341,4644
2341,4818
2342,3358
2342,3427
2342,3435
2342,3503
2342,3579
2342,3605
2342,3858
2342,3955
2342,4090
2342,4258
2342,4305
2342,4522
2342,4873
2343,2498
2343,2771
2343,2784
2343,2977
2343,3172
2343,3175
2343,3297
2343,3461
2343,4023
2343,4221
2343,4335
2343,4475
2343,4499
2343,4886
2343,4937
2344,2558
2344,2880
2344,3485
2344,3740
2344,4264
2344,4492
2344,4934
2345,2502
2345,3170
2345,3235
2345,3506
2345,3825
2345,3935
2345,3984
2345,4505
2345,4555
2345,4723
2345,4742
2345,4757
2345,4814
2345,4996
2346,2852
2346,2905
2346,3377
2346,3409
2346,3547
2346,3710
2346,4183
2346,4319
2346,4345
2346,4503
2346,4576
2347,2478
2347,2792
2347,3250
2347,3445
2347,3451
2347,3452
2347,3731
2347,3748
2347,3823
2347,3934
2347,4140
2347,4304
2347,4930
2348,2358
2348,2558
2348,2616
2348,2802
2348,2964
2348,3116
2348,3288
2348,3508
2348,3579
2348,3869
2348,3956
2348,4113
2348,4225
2348,4324
2348,4599
2348,4727
2348,4803
2348,4853
2349,2434
2349,2711
2349,2955
2349,3264
2349,3434
2349,3481
2349,3524
2349,3574
2349,3670
2349,3733
2349,3862
2349,4205
2349,4336
2349,4545
2349,4910
2350,2667
2350,2704
2350,2976
2350,3087
2350,3284
2350,3361
2350,3449
2350,3545
2350,3793
2350,4061
2350,4213
2350,4581
2350,4625
2350,4999
2351,2387
2351,2468
2351,2749
2351,2882
2351,2951
2351,2998
2351,3010
2351,3032
2351,3067
2351,3195
2351,3339
2351,3696
2351,4385
2351,4390
2351,4636
2352,2532
2352,2560
2352,2634
2352,2778
2352,3358
2352,3691
2352,3847
2352,4112
2352,4492
2352,4534
2352,4808
2353,2445
2353,2475
2353,2554
2353,2666
2353,2795
2353,3075
2353,3180
2353,3201
2353,3263
2353,3321
2353,3523
2353,3660
2353,3695
2353,3718
2353,3796
2353,4023
2353,4084
2353,4161
2353,4412
2354,2475
2354,2817
2354,3128
2354,3331
2354,3651
2354,3675
2354,3853
2354,4316
2354,4370
2354,4388
2354,4441
2355,2721
2355,2932
2355,2998
2355,3124
2355,3150
2355,3377
2355,3651
2355,4435
2355,4652
2355,4672
2356,2388
2356,2488
2356,2541
2356,2633
2356,2696
2356,2727
2356,2745
2356,2986
2356,3024
2356,3379
2356,3431
2356,3839
2356,3944
2356,4013
2356,4075
2356,4082
2356,4157
2356,4248
2356,4429
2356,4535
2356,4557
2356,4667
2356,4773
2356,4837
2356,4879
2356,4937
2357,2564
2357,2672
2357,2823
2357,2940
2357,3005
2357,3251
2357,3435
2357,3505
2357,3764
2357,3967
2357,4032
2357,4376
2357,4486
2358,2554
2358,2847
2358,3074
2358,3093
2358,3658
2358,3893
2358,4064
2358,4201
2358,4495
2358,4917
2359,2467
2359,2807
2359,3368
2359,3408
2359,3448
2359,3952
2359,4242
2359,4623
2359,4702
2359,4757
2359,4811
2360,2374
2360,2752
2360,3004
2360,3058
2360,3153
2360,3437
2360,3683
2360,3735
2360,3945
2360,4213
2360,4259
2360,4671
2360,4735
2361,2843
2361,3254
2361,3269
2361,3278
2361,3280
2361,3704
2361,3706
2361,3848
2361,3955
2361,4114
2361,4239
2361,4375
2362,2389
2362,2663
2362,2674
2362,2848
2362,3359
2362,3433
2362,3477
2362,3702
2362,3889
2362,4001
2362,4002
2362,4014
2362,4062
2362,4335
2362,4474
2362,4886
2363,2409
2363,2720
2363,2754
2363,2849
2363,3489
2363,3589
2363,4068
2363,4461
2363,4548
2363,4864
2363,4894
2363,4998
2364,2651
2364,2946
2364,3054
2364,3468
2364,3499
2364,3677
2364,3829
2364,3838
2364,3883
2364,3886
2364,3966
2364,4437
2364,4513
2364,4988
2365,2456
2365,2570
2365,2821
2365,2927
2365,3152
2365,3249
2365,3654
2365,3931
2365,4092
2365,4097
2365,4137
2365,4181
2365,4230
2366,2610
2366,2753
2366,3032
2366,3153
2366,3177
2366,3209
2366,3382
2366,3909
2366,4000
2366,4620
2367,3041
2367,3175
2367,3757
2367,3953
2367,4012
2367,4064
2367,4206
2367,4239
2367,4346
2368,2411
2368,2466
2368,2478
2368,2621
2368,2702
2368,2780
2368,3131
2368,3148
2368,3328
2368,3673
2368,3827
2368,4006
2368,4171
2368,4238
2368,4297
2368,4502
2369,2643
2369,2800
2369,3359
2369,3408
2369,3878
2369,3935
2369,4020
2369,4031
2369,4143
2369,4222
2369,4321
2370,2459
2370,2730
2370,2789
2370,3157
2370,3405
2370,3423
2370,3444
2370,3580
2370,3658
2370,4106
2370,4160
2370,4321
2370,4536
2370,4824
2371,2399
2371,2685
2371,2852
2371,2888
2371,2953
2371,3298
2371,3361
2371,3404
2371,3417
2371,3638
2371,4030
2371,4080
2371,4273
2371,4579
2371,4623
2371,4904
2372,2443
2372,2522
2372,2556
2372,2599
2372,2679
2372,2945
2372,3028
2372,3030
2372,3316
2372,3476
2372,3533
2372,3535
2372,3904
2372,3920
2372,4005
2372,4248
2372,4640
2373,2625
2373,2815
2373,2817
2373,2934
2373,3059
2373,3121
2373,3247
2373,3352
2373,3410
2373,3679
2373,3748
2373,3760
2373,4517
2373,4537
2373,4625
2374,2639
2374,2753
2374,3028
2374,3358
2374,3414
2374,4031
2374,4087
2374,4122
2374,4582
2374,4591
2374,4617
2375,2722
2375,2767
2375,3629
2375,3807
2375,3818
2375,3894
2375,3896
2375,4110
2375,4239
2375,4294
2376,2567
2376,2568
2376,2645
2376,2680
2376,2908
2376,2963
2376,2991
2376,3065
2376,3117
2376,3592
2376,3745
2376,3794
2376,3801
2376,3894
2376,3911
2376,3956
2376,3958
2376,4011
2376,4031
2376,4106
2376,4172
2376,4471
2376,4763
2376,4855
2377,2593
2377,2967
2377,2984
2377,3267
2377,3314
2377,3375
2377,3560
2377,3690
2377,3752
2377,3840
2377,3899
2377,3924
2377,4054
2377,4132
2377,4384
2377,4524
2377,4663
2377,4750
2378,3010
2378,3087
2378,3192
2378,3455
2378,3701
2378,3839
2378,3851
2378,4399
2378,4585
2378,4621
2378,4764
2378,4828
2378,4843
2379,2382
2379,2399
2379,2410
2379,2450
2379,2488
2379,2863
2379,3398
2379,3463
2379,3844
2379,3877
2379,4051
2379,4472
2379,4495
2379,4885
2379,4920
2380,2568
2380,2724
2380,3413
2380,3450
2380,3455
2380,3521
2380,3907
2380,4433
2380,4663
2381,2391
2381,2446
2381,3218
2381,3254
2381,3265
2381,3395
2381,3512
2381,3516
2381,3559
2381,3821
2381,3988
2381,4062
2381,4065
2381,4702
2381,4916
2382,2632
2382,2711
2382,3291
2382,3294
2382,3372
2382,3502
2382,3539
2382,3655
2382,3726
2382,3775
2382,3803
2382,4006
2382,4188
2382,4195
2382,4373
2382,4392
2382,4438
2382,4515
2382,4520
2382,4641
2382,4805
2382,4880
2382,4986
2382,4991
2383,2385
2383,2461
2383,2652
2383,2699
2383,2799
2383,2835
2383,3074
2383,3126
2383,3217
2383,3384
2383,3640
2383,3728
2383,4133
2383,4269
2383,4306
2384,2670
2384,2816
2384,3242
2384,3422
2384,3470
2384,3653
2384,3665
2384,3783
2384,4469
2384,4625
2384,4635
2384,4642
2384,4784
2384,4971
2385,2491
2385,2662
2385,2867
2385,2986
2385,3114
2385,3132
2385,3358
2385,3501
2385,3529
2385,3967
2385,4061
2385,4526
2385,4606
2386,2442
2386,2551
2386,2868
2386,2952
2386,2965
2386,3004
2386,3390
2386,3406
2386,3487
2386,3521
2386,3866
2386,3888
2386,3967
2386,4375
2386,4417
2386,4810
2387,2445
2387,2826
2387,3303
2387,3338
2387,3396
2387,4036
2387,4119
2387,4174
2387,4232
2387,4239
2387,4560
2387,4598
2388,2522
2388,2635
2388,3001
2388,3140
2388,3544
2388,3725
2388,3739
2388,3788
2388,3887
2388,4023
2388,4529
2389,2456
2389,2607
2389,2702
2389,3226
2389,3353
2389,3362
2389,4130
2389,4149
2389,4361
2390,2417
2390,2589
2390,2617
2390,2774
2390,2788
2390,3068
2390,3250
2390,3968
2390,4301
2390,4357
2390,4626
2390,4891
2391,2642
2391,2825
2391,2853
2391,2867
2391,3121
2391,3360
2391,3412
2391,3491
2391,3590
2391,3613
2391,3697
2391,4210
2391,4335
2391,4375
2391,4483
2391,4696
2391,4777
2392,2588
2392,2797
2392,3048
2392,3066
2392,3505
2392,3722
2392,4016
2392,4151
2392,4282
2392,4284
2392,4481
2392,4559
2392,4578
2392,4581
2392,4754
2392,4780
2392,4971
2393,2484
2393,2620
2393,2746
2393,3033
2394,2458
2394,2544
2394,2818
2394,2992
2394,3017
2394,3674
2394,3725
2394,3976
2394,4085
2394,4392
2395,2535
2395,3057
2395,3462
2395,3719
2395,3744
2395,4504
2395,4808
2396,2703
2396,2928
2396,3024
2396,3225
2396,4126
2396,4226
2396,4476
2396,4522
2396,4657
2396,4752
2396,4772
2396,4821
2396,4889
2397,2421
2397,2423
2397,2551
2397,2615
2397,2838
2397,2919
2397,3188
2397,3382
2397,3866
2397,3924
2397,4064
2397,4221
2397,4393
2397,4698
2397,4700
2397,4719
2397,4778
2397,4914
2397,4916
2397,4961
2398,2414
2398,3244
2398,3356
2398,3359
2398,3376
2398,3638
2398,3713
2398,3869
2398,4271
2398,4817
2399,2483
2399,2735
2399,2774
2399,2829
2399,2950
2399,3170
2399,3218
2399,3249
2399,3279
2399,3291
2399,3580
2399,3723
2399,3955
2399,3979
2399,4060
2399,4182
2399,4414
2399,4449
2399,4548
2399,4595
2399,4849
2400,2474
2400,2569
2400,2584
2400,2614
2400,2665
2400,2722
2400,2754
2400,2783
2400,2937
2400,3378
2400,3668
2400,3835
2400,3905
2400,4425
2400,4572
2400,4599
2400,4617
2401,2448
2401,2490
2401,3175
2401,3510
2401,3519
2401,3549
2401,3971
2401,4005
2401,4152
2401,4340
2401,4342
2401,4457
2401,4567
2401,4614
2401,4921
2402,2452
2402,2477
2402,2507
2402,2667
2402,3165
2402,3445
2402,3539
2402,3790
2402,3812
2402,3962
2402,4194
2402,4370
2402,4422
2402,4464
2402,4562
2403,2530
2403,2564
2403,2581
2403,2583
2403,2623
2403,2882
2403,2932
2403,2944
2403,3598
2403,3637
2403,4375
2403,4538
2403,4933
2404,2674
2404,2702
2404,2971
2404,3149
2404,3673
2404,4066
2404,4298
2404,4634
2404,4740
2404,4753
2405,2633
2405,2697
2405,2879
2405,3160
2405,3257
2405,3478
2405,3803
2405,3852
2405,4029
2405,4110
2405,4285
2405,4294
2405,4446
2405,4618
2405,4660
2405,4727
2405,4770
2405,4963
2406,2456
2406,2513
2406,2593
2406,2920
2406,2944
2406,3147
2406,3267
2406,3307
2406,3422
2406,3537
2406,3555
2406,3722
2406,3937
2406,4049
2406,4900
2406,4925
2407,2444
2407,2494
2407,2525
2407,2566
2407,2800
2407,2913
2407,3139
2407,3650
2407,3680
2407,3707
2407,3723
2407,3824
2407,4037
2407,4112
2407,4230
2407,4250
2407,4266
2407,4267
2407,4360
2407,4367
2407,4540
2407,4742
2408,2615
2408,3396
2408,3421
2408,3493
2408,3541
2408,3565
2408,3713
2408,3729
2408,3780
2408,4498
2408,4534
2408,4958
2409,2495
2409,2669
2409,2711
2409,3073
2409,3291
2409,3389
2409,3399
2409,3659
2409,3853
2409,4186
2409,4239
2409,4749
2409,4763
2409,4793
2409,4988
2410,2848
2410,3091
2410,3270
2410,3283
2410,4055
2410,4162
2410,4363
2410,4616
2410,4633
2411,2571
2411,2738
2411,2942
2411,2981
2411,3146
2411,3361
2411,3500
2411,3888
2411,4214
2411,4324
2411,4447
2411,4562
2411,4650
2411,4673
2411,4675
2411,4778
2412,2560
2412,2832
2412,2856
2412,3047
2412,3430
2412,3475
2412,3503
2412,3651
2412,3745
2412,3791
2412,3992
2412,4239
2412,4249
2412,4646
2412,4744
2413,2721
2413,2738
2413,2821
2413,2856
2413,2869
2413,3420
2413,3717
2413,3824
2413,4048
2413,4082
2413,4264
2413,4407
2413,4492
2413,4695
2413,4813
2414,2432
2414,2808
2414,2843
2414,3341
2414,3523
2414,3972
2414,4031
2414,4372
2414,4791
2415,2453
2415,2526
2415,2724
2415,2735
2415,3127
2415,3133
2415,3283
2415,3359
2415,3391
2415,3436
2415,3630
2415,3985
2415,4043
2415,4137
2415,4277
2415,4792
2415,4807
2416,2608
2416,3322
2416,3389
2416,3759
2416,4617
2416,4684
2416,4763
2416,4830
2417,2473
2417,2566
2417,3345
2417,3691
2417,4167
2417,4363
2417,4442
2417,4679
2418,2597
2418,2680
2418,2839
2418,2914
2418,3202
2418,3210
2418,3882
2418,4878
2418,4939
2419,2820
2419,2831
2419,2930
2419,3105
2419,3142
2419,3355
2419,3967
2419,4249
2419,4534
2420,2561
2420,2660
2420,3938
2420,4158
2420,4347
2420,4639
2420,4881
2421,3081
2421,3431
2421,4103
2421,4283
2421,4467
2421,4539
2421,4944
2422,2637
2422,2856
2422,2923
2422,2932
2422,3394
2422,3611
2422,3623
2422,3687
2422,3831
2422,4034
2422,4455
2422,4472
2422,4885
2422,4968
2423,2488
2423,2491
2423,2641
2423,3355
2423,3550
2423,3552
2423,3695
2423,3750
2423,3910
2423,3934
2423,4159
2423,4425
2423,4458
2423,4616
2423,4946
2424,2543
2424,2691
2424,2921
2424,3040
2424,3253
2424,3295
2424,3547
2424,3578
2424,3823
2424,3908
2424,4383
2424,4640
2424,4738
2425,2543
2425,2630
2425,2787
2425,2875
2425,2906
2425,2944
2425,3020
2425,3255
2425,3382
2425,3465
2425,3588
2425,3726
2425,3743
2425,3960
2425,4064
2425,4188
2425,4238
2425,4587
2426,2587
2426,3114
2426,3440
2426,3507
2426,3731
2426,3753
2426,3866
2426,4020
2426,4073
2426,4197
2426,4527
2426,4688
2426,4757
2426,4877
2426,4936
2427,2712
2427,3191
2427,3255
2427,3352
2427,3357
2427,3796
2427,3860
2427,4061
2427,4407
2427,4417
2428,2656
2428,2751
2428,2821
2428,2977
2428,3060
2428,3472
2428,4180
2428,4250
2428,4302
2428,4389
2429,2676
2429,2771
2429,3121
2429,3324
2429,3692
2429,4133
2429,4207
2429,4362
2429,4435
2429,4527
2429,4752
2430,2707
2430,2993
2430,3125
2430,3141
2430,3303
2430,3701
2430,3924
2430,3956
2430,4116
2430,4760
2430,4841
2431,2668
2431,2685
2431,2831
2431,2939
2431,3333
2431,3361
2431,3538
2431,3828
2431,3963
2431,4184
2431,4389
2431,4465
2431,4592
2432,2454
2432,2532
2432,2839
2432,2910
2432,3094
2432,3248
2432,3332
2432,3506
2432,3594
2432,4315
2432,4320
2432,4327
2432,4506
2432,4904
2433,2607
2433,2847
2433,2870
2433,2886
2433,2931
2433,2974
2433,3335
2433,3539
2433,3649
2433,3960
2433,4060
2433,4840
2433,4977
2434,2483
2434,2529
2434,2680
2434,3536
2434,3618
2434,3783
2434,3981
2434,4045
2434,4124
2434,4131
2434,4201
2434,4550
2434,4800
2434,4939
2434,4940
2435,2542
2435,2730
2435,2823
2435,2844
2435,3303
2435,3369
2435,3431
2435,3568
2435,3641
2435,3982
2435,4439
2435,4701
2435,4743
2436,3044
2436,3073
2436,3086
2436,4903
2436,4959
2437,2580
2437,2622
2437,2664
2437,2687
2437,3060
2437,3418
2437,3433
2437,3547
2437,3741
2437,4036
2437,4589
2437,4971
2438,2522
2438,2742
2438,2837
2438,3125
2438,3230
2438,3442
2438,3702
2438,3904
2438,4004
2438,4142
2438,4175
2438,4435
2438,4478
2438,4900
2439,2495
2439,2897
2439,3245
2439,3459
2439,3639
2439,4017
2439,4187
2439,4194
2439,4459
2439,4575
2439,4787
2439,4792
2439,4898
2440,2459
2440,2528
2440,3230
2440,3563
2441,2583
2441,2776
2441,2866
2441,2971
2441,3072
2441,3177
2441,3267
2441,3373
2441,3453
2441,4453
2441,4501
2441,4508
2441,4942
2442,2633
2442,2849
2442,2887
2442,3298
2442,3545
2442,3746
2442,3941
2442,4020
2442,4133
2442,4350
2442,4971
2443,2594
2443,2842
2443,2904
2443,3131
2443,3229
2443,3320
2443,3422
2443,3860
2443,3933
2443,3984
2443,4670
2443,4674
2443,4953
2444,2618
2444,3347
2444,3483
2444,4080
2444,4098
2445,2474
2445,2571
2445,2671
2445,2844
2445,3088
2445,3184
2445,3357
2445,3780
2445,3933
2445,4071
2445,4717
2445,4758
2445,4813
2446,2524
2446,2542
2446,2699
2446,2711
2446,2930
2446,3353
2446,3604
2446,4105
2446,4159
2446,4358
2446,4460
2446,4669
2446,4728
2446,4735
2447,2596
2447,2710
2447,3257
2447,3532
2447,3655
2447,3741
2447,3768
2447,3896
2447,4052
2447,4404
2447,4486
2447,4889
2448,2713
2448,2820
2448,2842
2448,2929
2448,3032
2448,3187
2448,3204
2448,3230
2448,3232
2448,3737
2448,4096
2448,4101
2448,4186
2448,4481
2448,4906
2448,4946
2449,2489
2449,2536
2449,2934
2449,3255
2449,3392
2449,3559
2449,3665
2449,3902
2449,4453
2449,4545
2449,4573
2449,4598
2449,4829
2449,4923
2450,3330
2450,3869
2450,4050
2450,4072
2450,4632
2450,4991
2451,2704
2451,2706
2451,2756
2451,2903
2451,2930
2451,2950
2451,3042
2451,3387
2451,3775
2451,3795
2451,4278
2451,4343
2451,4427
2451,4772
2452,2461
2452,2732
2452,2841
2452,3378
2452,3599
2452,3986
2452,4151
2452,4490
2452,4767
2452,4797
2452,4870
2452,4987
2453,2617
2453,2842
2453,2849
2453,2979
2453,3042
2453,3263
2453,3302
2453,3311
2453,3385
2453,3419
2453,3892
2453,3952
2453,4152
2453,4498
2453,4732
2453,4999
2454,2521
2454,2639
2454,2862
2454,2883
2454,2935
2454,3522
2454,3818
2454,4179
2454,4259
2454,4523
2454,4539
2454,4554
2454,4759
2454,4780
2454,4781
2454,4847
2455,2769
2455,3559
2455,3634
2455,3847
2455,3855
2455,3927
2455,3991
2455,4087
2455,4321
2455,4505
2455,4627
2455,4629
2455,4703
2455,4787
2456,2855
2456,3296
2456,3632
2456,3844
2456,4157
2456,4445
2456,4455
2456,4567
2456,4629
2456,4862
2456,4925
2457,2834
2457,3126
2457,3231
2457,3368
2457,3430
2457,4575
2457,4770
2457,4822
2458,2599
2458,2830
2458,2843
2458,3092
2458,3557
2458,3642
2458,3677
2458,3857
2458,4069
2458,4077
2458,4136
2458,4317
2459,2477
2459,2725
2459,3511
2459,3815
2459,4457
2459,4479
2459,4691
2459,4835
2459,4900
2459,4990
2460,2551
2460,2688
2460,2799
2460,2929
2460,2969
2460,3331
2460,3522
2460,3637
2460,4167
2460,4327
2460,4370
2460,4842
2460,4880
2461,2472
2461,2521
2461,2711
2461,2781
2461,2880
2461,3401
2461,4071
2461,4138
2461,4890
2462,2499
2462,2681
2462,2815
2462,2880
2462,3672
2462,4032
2462,4184
2462,4267
2462,4442
2462,4815
2463,3206
2463,3536
2463,3773
2463,4386
2463,4551
2463,4579
2463,4704
2463,4818
2464,2682
2464,2823
2464,2837
2464,2857
2464,2914
2464,3347
2464,3383
2464,3553
2464,3574
2464,3597
2464,3716
2464,4098
2464,4222
2464,4403
2464,4707
2464,4813
2464,4922
2464,4932
2465,2781
2465,2784
2465,3013
2465,4512
2465,4894
2466,2498
2466,2503
2466,2631
2466,2659
2466,2741
2466,2889
2466,3092
2466,3573
2466,3700
2466,3759
2466,4159
2466,4292
2466,4392
2466,4506
2466,4542
2466,4841
2467,2784
2467,3006
2467,3101
2467,3406
2467,3479
2467,3610
2467,3653
2467,3716
2467,3790
2467,3841
2467,4274
2467,4580
2467,4805
2467,4874
2468,2477
2468,2572
2468,2631
2468,2799
2468,3200
2468,3215
2468,3490
2468,3495
2468,3518
2468,4011
2468,4103
2468,4215
2468,4465
2468,4585
2468,4686
2468,4712
2468,4755
2468,4885
2469,3421
2469,3516
2469,3677
2469,3680
2469,4021
2469,4069
2469,4169
2469,4200
2469,4392
2469,4602
2469,4685
2469,4786
2470,2486
2470,2632
2470,3106
2470,3489
2470,3950
2470,4371
2470,4422
2470,4566
2470,4617
2470,4789
2471,2685
2471,2732
2471,2984
2471,3215
2471,3418
2471,3427
2471,3478
2471,3641
2471,3882
2471,4447
2471,4599
2471,4723
2471,4809
2471,4886
2471,4998
2472,2544
2472,2851
2472,3004
2472,3069
2472,3354
2472,3454
2472,3735
2472,3786
2472,4130
2472,4699
2472,4796
2473,2678
2473,2693
2473,2727
2473,2746
2473,2986
2473,3256
2473,3314
2473,3358
2473,3447
2473,3647
2473,3815
2473,3867
2473,3953
2473,4120
2473,4149
2473,4259
2473,4263
2473,4495
2473,4560
2473,4642
2473,4649
2473,4847
2474,2893
2474,3296
2474,3405
2474,3520
2474,4193
2474,4310
2474,4335
2474,4428
2474,4476
2474,4664
2474,4977
2475,2660
2475,2701
2475,2715
2475,3645
2475,4059
2475,4231
2475,4502
2475,4509
2476,2659
2476,3261
2476,3272
2476,3382
2476,3420
2476,3766
2476,3945
2476,4066
2476,4182
2476,4571
2476,4625
2476,4757
2476,4905
2476,4924
2477,2513
2477,2630
2477,2688
2477,2911
2477,3038
2477,3565
2477,3744
2477,4148
2477,4292
2477,4561
2478,2740
2478,2909
2478,2960
2478,3321
2478,3427
2478,3460
2478,3575
2478,3714
2478,4335
2478,4365
2478,4879
2479,2493
2479,2557
2479,2807
2479,2930
2479,2956
2479,3011
2479,3063
2479,3094
2479,3231
2479,3356
2479,3424
2479,4148
2479,4345
2479,4579
2479,4910
2479,4978
2480,3074
2480,3107
2480,3414
2480,4152
2480,4279
2480,4407
2481,2529
2481,2747
2481,2792
2481,2922
2481,3106
2481,3431
2481,4147
2481,4250
2481,4483
2481,4802
2482,2543
2482,3103
2482,3287
2482,3528
2482,3619
2482,3725
2482,3807
2482,3888
2482,3951
2482,4032
2482,4335
2482,4517
2482,4730
2483,3152
2483,3348
2483,3382
2483,3717
2483,3773
2483,3905
2483,3974
2483,4505
2484,2529
2484,2537
2484,2738
2484,2805
2484,2902
2484,3231
2484,3316
2484,3450
2484,3677
2484,4230
2484,4440
2484,4470
2484,4589
2484,4622
2484,4845
2484,4912
2485,3394
2485,3460
2485,3622
2485,3786
2485,3856
2485,4385
2485,4626
2485,4792
2485,4939
2485,4948
2485,4968
2486,3453
2486,3708
2486,3810
2486,3853
2486,4239
2486,4289
2486,4751
2486,4934
2487,2745
2487,2830
2487,3080
2487,3133
2487,3222
2487,3263
2487,3444
2487,3629
2487,3747
2487,3896
2487,3978
2487,4066
2487,4084
2487,4250
2487,4781
2487,4823
2487,4982
2488,2605
2488,2779
2488,2879
2488,2972
2488,3092
2488,3094
2488,3254
2488,3362
2488,4192
2488,4296
2488,4489
2489,2636
2489,2637
2489,2739
2489,3720
2489,3962
2489,4000
2489,4186
2489,4328
2489,4626
2489,4803
2490,2509
2490,2690
2490,3189
2490,3339
2490,3480
2490,3595
2490,3816
2490,3838
2490,4170
2490,4493
2490,4699
2490,4776
2491,2627
2491,2920
2491,2968
2491,3079
2491,3703
2491,3752
2491,3847
2491,4245
2491,4247
2491,4285
2491,4372
2491,4446
2491,4463
2491,4586
2491,4974
2492,2935
2492,3060
2492,3107
2492,3375
2492,3943
2492,3959
2492,3968
2492,4118
2492,4279
2492,4527
2492,4645
2492,4928
2493,2703
2493,3154
2493,3443
2493,3481
2493,3822
2493,3963
2493,4130
2493,4133
2493,4759
2493,4982
2494,2739
2494,2751
2494,2942
2494,2978
2494,2984
2494,3175
2494,3357
2494,3377
2494,3481
2494,3494
2494,3674
2494,3698
2494,3891
2494,3950
2494,4708
2494,4962
2495,2808
2495,2997
2495,3097
2495,3161
2495,3169
2495,3186
2495,3430
2495,3937
2495,4109
2495,4267
2495,4313
2495,4365
2495,4731
2495,4893
2495,4992
2496,3023
2496,3060
2496,3488
2496,3852
2496,4377
2496,4827
2496,4850
2497,2984
2497,3299
2497,3330
2497,3341
2497,3802
2497,3958
2497,4436
2497,4658
2498,2513
2498,2652
2498,2692
2498,2908
2498,3001
2498,3024
2498,3029
2498,3196
2498,3612
2498,3823
2498,4346
2498,4750
2499,2502
2499,2595
2499,2640
2499,2872
2499,2966
2499,3008
2499,3047
2499,3328
2499,3372
2499,3396
2499,3504
2499,3671
2499,4211
2499,4499
2499,4641
2499,4645
2499,4895
2499,4998
2500,2585
2500,2775
2500,3168
2500,3217
2500,3508
2500,3613
2500,3699
2500,3919
2500,4351
2500,4669
2500,4746
2501,2622
2501,2645
2501,2729
2501,2894
2501,2993
2501,3006
2501,3538
2501,3556
2501,3575
2501,3648
2501,3682
2501,3889
2501,4275
2501,4439
2501,4552
2501,4842
2502,2558
2502,2663
2502,2699
2502,2705
2502,2799
2502,2895
2502,3170
2502,3224
2502,3238
2502,3287
2502,3521
2502,3588
2502,4381
2502,4550
2502,4727
2502,4826
2502,4847
2503,2535
2503,2630
2503,2776
2503,2784
2503,3166
2503,3442
2503,3592
2503,3628
2503,3798
2503,3974
2503,4107
2503,4616
2503,4853
2504,2951
2504,3032
2504,3101
2504,3353
2504,3603
2504,4175
2504,4363
2505,2702
2505,3231
2505,3354
2505,3437
2505,3795
2505,3924
2505,4699
2505,4851
2505,4868
2505,4959
2506,2730
2506,2794
2506,2906
2506,3257
2506,3470
2506,3491
2506,3504
2506,3605
2506,3640
2506,4537
2507,2552
2507,2601
2507,2677
2507,2807
2507,3069
2507,3408
2507,3456
2507,3500
2507,3516
2507,3542
2507,3663
2507,3742
2507,4024
2507,4050
2507,4106
2507,4149
2507,4344
2507,4755
2508,2813
2508,3987
2508,4100
2508,4344
2508,4538
2508,4628
2508,4844
2508,4857
2509,2537
2509,2573
2509,2738
2509,2806
2509,3589
2509,3845
2509,4105
2509,4367
2509,4579
2509,4668
2510,2839
2510,2859
2510,2884
2510,2960
2510,3553
2510,3923
2510,3935
2510,4097
2510,4202
2510,4615
2510,4668
2511,2866
2511,3391
2511,3745
2511,3841
2511,3927
2511,3941
2511,3979
2511,4032
2511,4054
2511,4145
2511,4265
2511,4362
2511,4893
2512,2519
2512,2829
2512,2836
2512,3001
2512,3403
2512,3453
2512,3581
2512,3999
2512,4002
2512,4061
2512,4542
2512,4585
2512,4859
2513,2908
2513,2988
2513,3110
2513,3115
2513,3231
2513,3288
2513,3512
2513,3803
2513,4397
2513,4604
2513,4768
2513,4864
2513,4946
2513,4988
2514,2628
2514,3102
2514,3419
2514,3595
2514,3681
2514,3901
2514,4388
2514,4630
2514,4942
2514,4971
2515,2772
2515,3233
2515,3344
2515,3544
2515,3625
2515,3879
2515,3918
2515,3987
2515,4499
2515,4516
2515,4770
2516,2528
2516,2680
2516,2891
2516,3052
2516,3112
2516,3177
2516,3383
2516,3669
2516,3762
2516,4522
2516,4826
2516,4997
2517,2554
2517,2601
2517,2735
2517,3216
2517,3509
2517,4033
2517,4266
2517,4368
2517,4401
2517,4611
2518,2724
2518,2809
2518,2883
2518,2886
2518,2976
2518,3007
2518,3190
2518,3410
2518,3501
2518,3925
2518,3978
2518,4175
2518,4266
2518,4472
2518,4555
2518,4649
2518,4735
2519,2833
2519,3076
2519,3206
2519,3347
2519,3386
2519,3455
2519,3471
2519,3510
2519,3999
2519,4127
2519,4136
2519,4811
2519,4842
2519,4861
2519,4875
2519,4876
2519,4959
2519,4998
2520,2612
2520,2722
2520,2736
2520,2783
2520,2970
2520,3027
2520,3093
2520,3313
2520,3315
2520,3327
2520,3576
2520,3832
2520,3863
2520,4119
2520,4269
2520,4294
2520,4733
2521,2630
2521,2797
2521,2920
2521,2940
2521,3325
2521,3655
2521,3675
2521,4268
2521,4349
2521,4524
2521,4754
2521,4769
2522,2597
2522,2761
2522,3033
2522,3529
2522,3598
2522,4320
2522,4454
2522,4611
2522,4867
2522,4995
2523,2559
2523,2600
2523,2821
2523,2823
2523,3032
2523,3332
2523,3423
2523,3513
2523,3517
2523,3619
2523,3746
2523,4190
2523,4292
2523,4919
2524,2620
2524,2856
2524,3186
2524,3301
2524,3379
2524,3665
2524,3797
2524,4131
2524,4231
2524,4939
2524,4952
2524,4994
2525,2574
2525,2658
2525,2684
2525,2766
2525,2794
2525,2867
2525,3063
2525,3137
2525,3585
2525,3639
2525,3810
2525,3892
2525,3919
2525,4193
2525,4195
2525,4205
2525,4435
2525,4831
2525,4912
2525,4970
2526,2823
2526,3303
2526,3569
2526,3650
2526,3964
2526,4020
2526,4157
2526,4289
2526,4364
2526,4407
2526,4499
2526,4532
2526,4560
2526,4643
2526,4659
2527,2609
2527,2649
2527,2810
2527,3566
2527,3706
2527,4255
2527,4377
2527,4381
2527,4675
2527,4791
2528,2603
2528,2716
2528,3376
2528,3401
2528,3560
2528,3567
2528,3713
2528,3722
2528,3733
2528,3860
2528,3970
2528,4065
2528,4069
2528,4474
2529,3117
2529,3158
2529,3416
2529,3686
2529,3880
2529,3907
2529,3934
2529,4179
2529,4383
2529,4736
2529,4738
2529,4821
2529,4824
2529,4842
2529,4994
2530,2616
2530,2708
2530,2763
2530,3007
2530,3222
2530,3331
2530,4030
2530,4749
2530,4815
2531,2889
2531,2897
2531,2924
2531,3143
2531,3214
2531,3360
2531,3878
2531,4343
2531,4493
2531,4512
2532,2850
2532,3101
2532,3770
2532,3891
2532,3939
2532,4086
2532,4260
2532,4263
2532,4879
2533,2634
2533,3507
2533,3532
2533,3712
2533,3826
2533,4120
2533,4128
2533,4478
2533,4530
2533,4601
2533,4697
2533,4773
2533,4787
2533,4810
2534,2606
2534,2612
2534,2841
2534,3003
2534,3287
2534,3883
2534,3931
2534,3977
2534,4028
2534,4034
2534,4795
2534,4796
2534,4801
2535,2626
2535,3134
2535,3154
2535,3359
2535,3708
2535,3963
2535,4023
2535,4148
2535,4165
2535,4750
2535,4778
2535,4892
2535,4971
2536,2704
2536,2794
2536,3084
2536,3141
2536,3353
2536,3424
2536,3453
2536,3534
2536,3650
2536,3720
2536,4514
2536,4671
2536,4778
2537,2940
2537,3107
2537,3314
2537,3322
2537,3426
2537,3466
2537,3822
2537,3854
2537,3987
2537,4334
2537,4346
2537,4453
2538,2856
2538,2872
2538,3137
2538,3362
2538,3526
2538,3814
2538,4125
2538,4301
2539,2573
2539,3702
2539,4261
2539,4819
2540,2688
2540,2962
2540,3606
2540,4043
2540,4135
2540,4758
2540,4906
2541,2549
2541,2705
2541,2854
2541,3436
2541,3498
2541,3788
2541,3805
2541,3972
2541,4124
2541,4143
2541,4321
2541,4380
2541,4580
2541,4931
2541,4972
2542,3551
2542,3555
2542,3645
2542,4136
2542,4283
2542,4996
2543,2782
2543,3266
2543,3672
2543,3760
2543,4165
2543,4260
2543,4675
2543,4705
2543,4861
2543,4931
2544,3025
2544,3143
2544,3313
2544,3335
2544,3460
2544,3546
2544,4060
2544,4191
2544,4365
2544,4548
2544,4584
2544,4762
2544,4826
2544,4847
2545,2642
2545,2883
2545,3294
2545,3501
2545,3525
2545,3602
2545,4029
2545,4031
2545,4091
2545,4154
2545,4300
2545,4715
2545,4841
2546,3485
2546,3730
2546,4009
2546,4031
2546,4131
2546,4416
2546,4466
2547,2631
2547,2955
2547,3149
2547,3379
2547,3694
2547,4331
2547,4348
2547,4403
2547,4605
2547,4611
2547,4793
2548,2608
2548,2760
2548,3109
2548,3393
2548,3703
2548,4023
2548,4335
2548,4337
2548,4496
2548,4505
2548,4915
2549,2579
2549,2682
2549,2725
2549,2731
2549,2975
2549,3081
2549,3161
2549,3260
2549,3284
2549,3368
2549,3399
2549,3757
2549,3760
2549,4317
2549,4374
2549,4780
2550,3240
2550,3525
2550,3927
2550,4130
2550,4955
2550,4994
2551,2670
2551,2914
2551,2996
2551,3010
2551,3600
2551,3802
2551,4077
2551,4393
2551,4524
2552,2765
2552,2830
2552,2877
2552,3251
2552,3364
2552,3675
2552,4091
2552,4218
2552,4267
2552,4289
2552,4812
2553,2601
2553,2786
2553,2865
2553,3075
2553,3200
2553,3813
2553,3819
2553,4305
2553,4462
2553,4472
2553,4729
2553,4786
2554,2559
2554,2640
2554,3145
2554,4239
2555,2607
2555,2762
2555,2767
2555,2855
2555,2892
2555,3057
2555,3254
2555,3371
2555,3451
2555,3589
2555,3671
2555,4257
2555,4423
2555,4722
2555,4878
2556,2784
2556,3087
2556,3262
2556,3361
2556,3424
2556,3509
2556,4243
2556,4245
2556,4250
2556,4355
2556,4500
2556,4753
2556,4792
2557,2815
2557,3056
2557,3104
2557,3182
2557,3407
2557,4075
2557,4120
2557,4231
2557,4248
2557,4252
2557,4486
2557,4487
2557,4491
2557,4683
2557,4835
2557,4890
2558,2729
2558,2794
2558,2882
2558,3122
2558,3163
2558,3213
2558,3511
2558,3998
2558,4678
2558,4704
2558,4743
2559,3096
2559,3204
2559,3259
2559,3333
2559,3414
2559,3652
2559,3822
2559,3834
2559,4032
2559,4140
2559,4192
2559,4223
2559,4443
2560,2573
2560,2626
2560,2770
2560,3189
2560,3198
2560,3223
2560,3980
2560,4003
2560,4290
2560,4365
2560,4586
2560,4607
2560,4927
2560,4946
2561,2582
2561,2703
2561,2836
2561,3208
2561,3302
2561,3396
2561,3860
2561,3946
2561,3966
2561,4071
2561,4137
2561,4144
2561,4230
2561,4444
2561,4651
2561,4726
2561,4994
2562,2569
2562,2650
2562,2654
2562,2995
2562,3246
2562,3286
2562,3412
2562,3603
2562,4043
2562,4486
2562,4496
2563,2625
2563,2741
2563,2975
2563,3256
2563,3405
2563,3442
2563,3648
2563,4160
2563,4299
2563,4813
2564,2590
2564,2807
2564,3220
2564,3407
2564,3409
2564,3616
2564,3962
2564,4048
2564,4099
2564,4117
2564,4135
2564,4218
2564,4320
2564,4365
2564,4515
2564,4767
2564,4940
2565,2591
2565,2617
2565,2624
2565,2737
2565,2979
2565,3227
2565,3883
2565,4424
2565,4551
2566,2885
2566,3643
2566,3805
2566,3810
2566,3955
2566,4647
2566,4751
2567,2651
2567,2892
2567,2998
2567,3050
2567,3102
2567,3401
2567,3547
2567,3744
2567,4192
2567,4306
2567,4544
2567,4662
2567,4755
2567,4763
2567,4964
2568,2764
2568,2767
2568,2961
2568,3044
2568,3055
2568,3125
2568,3615
2568,3796
2568,3922
2568,4064
2568,4431
2568,4927
2568,4953
2569,2756
2569,2887
2569,2996
2569,3098
2569,3268
2569,3375
2569,3544
2569,3861
2569,4080
2569,4142
2569,4324
2569,4487
2569,4492
2569,4607
2569,4824
2570,2746
2570,2918
2570,2984
2570,3023
2570,3173
2570,3262
2570,3346
2570,3525
2570,4238
2570,4719
2570,4785
2570,4790
2571,2578
2571,3446
2571,3659
2571,3665
2571,3728
2571,4086
2571,4181
2572,2786
2572,2921
2572,3051
2572,3175
2572,3264
2572,3434
2572,3606
2572,3653
2572,4125
2572,4186
2572,4224
2572,4227
2572,4248
2572,4316
2572,4436
2572,4570
2572,4722
2572,4861
2573,2806
2573,3328
2573,3388
2573,3570
2573,4151
2573,4674
2573,4929
2573,4937
2574,2679
2574,3026
2574,3071
2574,3306
2574,3369
2574,3462
2574,3708
2574,3903
2574,3946
2574,4138
2574,4371
2574,4645
2574,4900
2574,4913
2574,4986
2574,4992
2575,2753
2575,2976
2575,3089
2575,3369
2575,3703
2575,4120
2575,4147
2575,4258
2575,4392
2575,4744
2576,2654
2576,2757
2576,2883
2576,2884
2576,3044
2576,3331
2576,3406
2576,3482
2576,3753
2576,3995
2576,4204
2576,4315
2576,4618
2576,4669
2576,4695
2576,4758
2576,4900
2576,4961
2577,2801
2577,2903
2577,3227
2577,3271
2577,3421
2577,3447
2577,3513
2577,3709
2577,3710
2577,3913
2577,3950
2577,4178
2577,4341
2577,4377
2577,4414
2577,4974
2577,4990
2578,2673
2578,2774
2578,2886
2578,2914
2578,2998
2578,3008
2578,3537
2578,3890
2578,3965
2578,4165
2578,4303
2578,4468
2578,4721
2579,3006
2579,3011
2579,3132
2579,3580
2579,3683
2579,3736
2579,3851
2579,3905
2579,3918
2579,3931
2579,3963
2579,3989
2579,4029
2579,4757
2579,4829
2580,3087
2580,3149
2580,3850
2580,4235
2580,4535
2580,4859
2580,4896
2580,4927
2581,2616
2581,3099
2581,3220
2581,3628
2581,3704
2581,3827
2581,4083
2581,4245
2581,4368
2581,4555
2581,4699
2582,2593
2582,2727
2582,2788
2582,3122
2582,3681
2582,3934
2582,4102
2582,4319
2582,4596
2582,4631
2583,2691
2583,2800
2583,3303
2583,3391
2583,3455
2583,3467
2583,4020
2583,4366
2583,4481
2583,4576
2584,3904
2584,3969
2584,4080
2584,4304
2584,4528
2584,4985
2585,3087
2585,3469
2585,3568
2585,3579
2585,3680
2585,4012
2585,4095
2585,4356
2585,4879
2586,2609
2586,2846
2586,3239
2586,3260
2586,3402
2586,3467
2586,3474
2586,3832
2586,3885
2586,3893
2586,4381
2586,4398
2586,4536
2586,4856
2587,2753
2587,2898
2587,2923
2587,2972
2587,3380
2587,3608
2587,3668
2587,3849
2587,4127
2587,4131
2587,4235
2587,4607
2587,4648
2588,2622
2588,2981
2588,3040
2588,3139
2588,3222
2588,3230
2588,3256
2588,3258
2588,3294
2588,3392
2588,3488
2588,3642
2588,3707
2588,3774
2588,3861
2588,3896
2588,4060
2588,4368
2588,4469
2588,4611
2589,2640
2589,2726
2589,3091
2589,3161
2589,3390
2589,3461
2589,3587
2589,3657
2589,3790
2589,4149
2589,4287
2589,4371
2589,4458
2589,4538
2589,4591
2589,4803
2589,4907
2590,2772
2590,3147
2590,3269
2590,3374
2590,3456
2590,3534
2590,3894
2590,4180
2590,4193
2590,4323
2590,4711
2590,4912
2591,2652
2591,2668
2591,2690
2591,2697
2591,2927
2591,3310
2591,3316
2591,3336
2591,3597
2591,3954
2591,4012
2591,4109
2591,4138
2591,4453
2591,4477
2591,4560
2591,4797
2591,4804
2592,2705
2592,2862
2592,2967
2592,3020
2592,3089
2592,3871
2592,3950
2592,4185
2592,4225
2592,4306
2592,4309
2592,4583
2593,2756
2593,2765
2593,3261
2593,3353
2593,3407
2593,3520
2593,3592
2593,3913
2593,4799
2593,4994
2594,2624
2594,2702
2594,2727
2594,2773
2594,3402
2594,3446
2594,3447
2594,3456
2594,3681
2594,3714
2594,3795
2594,3906
2594,4034
2594,4099
2594,4164
2594,4315
2594,4322
2594,4332
2594,4336
2594,4629
2594,4950
2595,2720
2595,2899
2595,3030
2595,3353
2595,3586
2595,3959
2595,3965
2595,4018
2595,4123
2595,4181
2595,4204
2595,4219
2595,4727
2596,2630
2596,2662
2596,2738
2596,2757
2596,3161
2596,3200
2596,3423
2596,3426
2596,3493
2596,3746
2596,3947
2596,4030
2596,4398
2596,4782
2596,4894
2597,3329
2597,3455
2597,3988
2597,4362
2597,4549
2598,2892
2598,3693
2598,3716
2598,3775
2598,3789
2598,4208
2598,4532
2598,4730
2599,2675
2599,2756
2599,2908
2599,3077
2599,3411
2599,3755
2599,4007
2599,4041
2599,4377
2599,4522
2599,4601
2599,4706
2599,4760
2600,2693
2600,3292
2600,3482
2600,3534
2600,3902
2600,4031
2600,4538
2600,4611
2600,4800
2600,4806
2600,4911
2601,2750
2601,3170
2601,3216
2601,3361
2601,3884
2601,4207
2601,4264
2601,4425
2601,4614
2601,4807
2601,4918
2602,2629
2602,2664
2602,3011
2602,3017
2602,3029
2602,3063
2602,3064
2602,3581
2602,3623
2602,4046
2602,4104
2602,4114
2602,4231
2602,4288
2602,4416
2602,4628
2602,4665
2602,4674
2602,4886
2603,3106
2603,3328
2603,3533
2603,3624
2603,3668
2603,3805
2603,4010
2603,4017
2603,4075
2603,4146
2603,4424
2603,4554
2603,4647
2603,4905
2604,2614
2604,2671
2604,2721
2604,2895
2604,3408
2604,3749
2604,3968
2604,4021
2604,4233
2604,4283
2604,4456
2604,4715
2605,2812
2605,2892
2605,3312
2605,3601
2605,3961
2605,4133
2605,4226
2605,4294
2605,4304
2605,4509
2605,4670
2606,2797
2606,2881
2606,3065
2606,3161
2606,3178
2606,3284
2606,3408
2606,4143
2606,4590
2607,2630
2607,2905
2607,3677
2607,3818
2607,4115
2607,4691
2607,4752
2608,2674
2608,2781
2608,2921
2608,3146
2608,3426
2608,3772
2608,4094
2608,4188
2608,4286
2608,4345
2608,4752
2609,2670
2609,3408
2609,3799
2609,3820
2609,4284
2609,4441
2609,4894
2610,3173
2610,3293
2610,3759
2610,3972
2610,4157
2610,4360
2610,4508
2610,4760
2610,4980
2611,2641
2611,2700
2611,2753
2611,3449
2611,3550
2611,3609
2611,3641
2611,3905
2611,3937
2611,4128
2611,4314
2611,4358
2611,4520
2611,4688
2612,2724
2612,3083
2612,3260
2612,3776
2612,3925
2612,4611
2612,4643
2612,4688
2612,4979
2612,4983
2613,3028
2613,3130
2613,3563
2613,3686
2613,4083
2613,4209
2613,4321
2613,4325
2613,4411
2613,4633
2613,4664
2613,4942
2614,2638
2614,2690
2614,2825
2614,3346
2614,3396
2614,3914
2614,3988
2614,4148
2614,4734
2614,4830
2615,2820
2615,2930
2615,3194
2615,3228
2615,3497
2615,3811
2615,3844
2615,3906
2615,4343
2615,4416
2615,4804
2616,2804
2616,3233
2616,3357
2616,3548
2616,3658
2616,4050
2616,4237
2616,4411
2616,4512
2616,4859
2617,2744
2617,3001
2617,3606
2617,3684
2617,3971
2617,3996
2617,4307
2617,4575
2617,4651
2617,4674
2617,4738
2617,4977
2618,2737
2618,3342
2618,3514
2618,3628
2618,3659
2618,3933
2618,4112
2618,4245
2618,4393
2618,4411
2618,4430
2618,4688
2618,4860
2619,2651
2619,2937
2619,3150
2619,3285
2619,4179
2619,4419
2619,4599
2620,2810
2620,2864
2620,3162
2620,3531
2620,3647
2620,4371
2620,4478
2620,4602
2620,4766
2620,4813
2620,4862
2621,2723
2621,2737
2621,2949
2621,2966
2621,3109
2621,3132
2621,3418
2621,3485
2621,3533
2621,3602
2621,3792
2621,3811
2621,4395
2621,4493
2621,4529
2621,4772
2621,4801
2621,4824
2622,2875
2622,2961
2622,3381
2622,3446
2622,3562
2622,3755
2622,3761
2622,3842
2622,3958
2622,4182
2622,4225
2622,4313
2622,4436
2622,4513
2622,4738
2622,4743
2622,4953
2623,2767
2623,2944
2623,3196
2623,3497
2623,3657
2623,3751
2623,3849
2623,4042
2623,4295
2623,4304
2623,4805
2623,4958
2623,4987
2624,3042
2624,3187
2624,3256
2624,3291
2624,3556
2624,3613
2624,3916
2624,3923
2624,4027
2624,4388
2624,4939
2625,2719
2625,2900
2625,3327
2625,3616
2625,3697
2625,3857
2625,3959
2625,3983
2625,4157
2625,4238
2625,4590
2625,4828
2626,3421
2626,3645
2626,3702
2626,4059
2626,4619
2626,4721
2626,4735
2626,4932
2626,4949
2627,2918
2627,3121
2627,3150
2627,3362
2627,3439
2627,3547
2627,3761
2627,3909
2627,3921
2627,4036
2627,4330
2627,4388
2627,4786
2627,4909
2628,2658
2628,2837
2628,2966
2628,2969
2628,2997
2628,3122
2628,3630
2628,3670
2628,3768
2628,3993
2628,4002
2628,4112
2628,4475
2628,4880
2628,4891
2629,2979
2629,2983
2629,3085
2629,3366
2629,3398
2629,3688
2629,3858
2629,4192
2629,4440
2629,4521
2629,4952
2630,2658
2630,3144
2630,3350
2630,3376
2630,3423
2630,3438
2630,3501
2630,3786
2630,3816
2630,4176
2630,4207
2630,4309
2630,4384
2631,2635
2631,3198
2631,3518
2631,4073
2631,4184
2631,4424
2631,4547
2631,4760
2632,2675
2632,2765
2632,3176
2632,3250
2632,3472
2632,4285
2632,4637
2633,2951
2633,3632
2633,3669
2633,3734
2633,3801
2633,4427
2633,4849
2634,2661
2634,2990
2634,3029
2634,3328
2634,3361
2634,3406
2634,3515
2634,3607
2634,3642
2634,3750
2634,3817
2634,4260
2634,4604
2634,4683
2634,4911
2634,4982
2635,3094
2635,3187
2635,3214
2635,3286
2635,3540
2635,3633
2635,3700
2635,3734
2635,3777
2635,3995
2635,4187
2635,4255
2635,4342
2635,4894
2636,2718
2636,2929
2636,3039
2636,3152
2636,3384
2636,3454
2636,3633
2636,3852
2636,3861
2636,3927
2636,4275
2636,4819
2636,4859
2636,4860
2637,2664
2637,2759
2637,2860
2637,3188
2637,3549
2637,3726
2637,4021
2637,4039
2637,4141
2637,4462
2637,4590
2637,4783
2637,4849
2637,4868
2638,2729
2638,2844
2638,2852
2638,2951
2638,3400
2638,3678
2638,3761
2638,4502
2638,4552
2639,2811
2639,2827
2639,2923
2639,2998
2639,3050
2639,3136
2639,3298
2639,3384
2639,3406
2639,3777
2639,4257
2639,4266
2639,4606
2640,3169
2640,3374
2640,3602
2640,4266
2641,2950
2641,3534
2641,3618
2641,3828
2641,3898
2641,3937
2641,3945
2641,4540
2641,4581
2641,4953
2642,2678
2642,2749
2642,3157
2642,3240
2642,3287
2642,3406
2642,3547
2642,3661
2642,3720
2642,3880
2642,4129
2642,4464
2642,4544
2642,4546
2642,4565
2642,4607
2642,4835
2642,4881
2642,4905
2643,3048
2643,3153
2643,3701
2643,3995
2643,4296
2643,4389
2643,4563
2643,4622
2643,4829
2644,3144
2644,3581
2644,3634
2644,3714
2644,3880
2644,3951
2644,4668
2644,4749
2644,4948
2645,2675
2645,2939
2645,3235
2645,3279
2645,3342
2645,3559
2645,3869
2645,4493
2645,4630
2645,4994
2646,2902
2646,3002
2646,3267
2646,3553
2646,3932
2646,4011
2646,4230
2646,4946
2647,2743
2647,2843
2647,2983
2647,3483
2647,3494
2647,3657
2647,3758
2647,3803
2647,3931
2647,4030
2647,4331
2647,4333
2647,4454
2647,4642
2647,4652
2647,4933
2648,2809
2648,2825
2648,2874
2648,3055
2648,3122
2648,3418
2648,3465
2648,3607
2648,3712
2648,3742
2648,3786
2648,4632
2648,4789
2649,2700
2649,3128
2649,3188
2649,3537
2649,3566
2649,3689
2649,3782
2649,4076
2649,4643
2649,4844
2649,4926
2649,4942
2650,2850
2650,3444
2650,4133
2650,4171
2650,4215
2651,2720
2651,2793
2651,2995
2651,3204
2651,3343
2651,3435
2651,3551
2651,3642
2651,3774
2651,4134
2651,4193
2651,4594
2651,4597
2651,4738
2651,4846
2651,4847
2652,2889
2652,3077
2652,3678
2652,3695
2652,3768
2652,3795
2652,3986
2652,3998
2652,4052
2652,4116
2652,4151
2652,4232
2652,4238
2652,4372
2652,4509
2652,4868
2653,2757
2653,2881
2653,2901
2653,2907
2653,3322
2653,3638
2653,3820
2653,3999
2653,4004
2653,4038
2653,4039
2653,4074
2653,4149
2653,4238
2653,4279
2653,4298
2653,4842
2653,4846
2653,4896
2654,3008
2654,3042
2654,3158
2654,4063
2654,4064
2654,4360
2654,4430
2654,4498
2654,4640
2654,4696
2654,4884
2654,4949
2655,2725
2655,3066
2655,3114
2655,3145
2655,3299
2655,3503
2655,3635
2655,3763
2655,3790
2655,3973
2655,4136
2655,4253
2655,4569
2655,4719
2655,4789
2655,4879
2655,4927
2656,2715
2656,2762
2656,2843
2656,2900
2656,2937
2656,2997
2656,3247
2656,3270
2656,3310
2656,3463
2656,3532
2656,3768
2656,3769
2656,4153
2656,4951
2656,4974
2657,2727
2657,2956
2657,3182
2657,3584
2657,3600
2657,4148
2657,4850
2657,4892
2658,2796
2658,3039
2658,3159
2658,3201
2658,3329
2658,3542
2658,3886
2658,3890
2658,4002
2658,4183
2658,4365
2658,4584
2659,2685
2659,2739
2659,3551
2659,3804
2659,4054
2659,4095
2659,4214
2659,4217
2659,4259
2659,4442
2659,4757
2659,4910
2659,4998
2660,2983
2660,3226
2660,3433
2660,3482
2660,3602
2660,3718
2660,4297
2660,4323
2660,4357
2660,4543
2660,4557
2660,4770
2661,2971
2661,3178
2661,3283
2661,3377
2661,3591
2661,3760
2661,4221
2661,4281
2661,4553
2661,4768
2661,4812
2662,2862
2662,3162
2662,3367
2662,3442
2662,3702
2662,3823
2662,3860
2662,4050
2662,4202
2663,2687
2663,2780
2663,2893
2663,3078
2663,3523
2663,3850
2663,3991
2663,4052
2663,4339
2663,4507
2663,4567
2663,4750
2663,4957
2664,3002
2664,3074
2664,3167
2664,3220
2664,3256
2664,3378
2664,3442
2664,3470
2664,3539
2664,3555
2664,3583
2664,3621
2664,4258
2664,4342
2664,4431
2664,4495
2664,4536
2664,4741
2664,4798
2664,4851
2664,4898
2665,2785
2665,2975
2665,3019
2665,3043
2665,3309
2665,3345
2665,3451
2665,3518
2665,3587
2665,3617
2665,3843
2665,3911
2665,4287
2665,4419
2665,4471
2665,4568
2665,4969
2666,2860
2666,2871
2666,2938
2666,3214
2666,3215
2666,3237
2666,3366
2666,3386
2666,4142
2666,4161
2666,4201
2666,4389
2666,4708
2666,4936
2666,4975
2667,2761
2667,3046
2667,3086
2667,3392
2667,3784
2667,3969
2667,3974
2667,4047
2667,4114
2667,4556
2667,4820
2667,4904
2667,4951
2667,4984
2668,2989
2668,3040
2668,3058
2668,3072
2668,3162
2668,3191
2668,4043
2668,4061
2668,4219
2668,4675
2668,4876
2668,4921
2668,4999
2669,2826
2669,2907
2669,2928
2669,3183
2669,3428
2669,3580
2669,3869
2669,3901
2669,3936
2669,4045
2669,4118
2669,4256
2669,4313
2669,4572
2669,4662
2669,4981
2670,2882
2670,3020
2670,3054
2670,3058
2670,3244
2670,3410
2670,3437
2670,3525
2670,3726
2670,4339
2670,4379
2670,4608
2670,4909
2670,4936
2671,2728
2671,2745
2671,2789
2671,2890
2671,2933
2671,3126
2671,3309
2671,3365
2671,3413
2671,3655
2671,3853
2671,4344
2671,4405
2671,4427
2671,4497
2671,4656
2671,4753
2671,4776
2672,2682
2672,2792
2672,2838
2672,2958
2672,3215
2672,3851
2672,4511
2672,4607
2672,4880
2672,4893
2672,4968
2673,3218
2673,3389
2673,3879
2673,3980
2673,4282
2673,4346
2673,4354
2673,4527
2673,4658
2673,4750
2673,4789
2673,4801
2673,4816
2673,4972
2673,4978
2674,3430
2674,3510
2674,4062
2674,4238
2674,4335
2674,4552
2674,4582
2674,4987
2675,2911
2675,3121
2675,3640
2675,3811
2675,3812
2675,3933
2675,4016
2675,4203
2675,4230
2675,4934
2676,2890
2676,2919
2676,3029
2676,3179
2676,3234
2676,3378
2676,3669
2676,3888
2676,3924
2676,4001
2676,4008
2676,4330
2676,4620
2676,4661
2677,2814
2677,3573
2677,4191
2677,4257
2677,4351
2677,4379
2677,4519
2677,4531
2677,4714
2677,4791
2677,4823
2678,2806
2678,2813
2678,2958
2678,3277
2678,3600
2678,3619
2678,3828
2678,4031
2678,4060
2678,4194
2678,4442
2679,3265
2679,3429
2679,3511
2679,3728
2679,3815
2679,3999
2679,4014
2679,4767
2680,2953
2680,3177
2680,3542
2680,3594
2680,3663
2680,3752
2680,4796
2681,2999
2681,3337
2681,3452
2681,3617
2681,3858
2681,3907
2681,3928
2681,3938
2681,4042
2681,4054
2681,4224
2681,4283
2681,4587
2681,4695
2681,4701
2681,4839
2682,2683
2682,2787
2682,2912
2682,3102
2682,3703
2682,3846
2682,4026
2682,4801
2682,4872
2682,4883
2683,2800
2683,2843
2683,3101
2683,3127
2683,3196
2683,3314
2683,3316
2683,3411
2683,3516
2683,3631
2683,3668
2683,3806
2683,4180
2683,4458
2683,4593
2683,4665
2683,4713
2683,4928
2683,4951
2684,2697
2684,2733
2684,2779
2684,3400
2684,3436
2684,3566
2684,4313
2684,4355
2684,4623
2684,4641
2685,2872
2685,3057
2685,3271
2685,3305
2685,3469
2685,3539
2685,3581
2685,3687
2685,3788
2685,3826
2685,3838
2685,3973
2685,3978
2685,4006
2685,4171
2685,4280
2685,4522
2685,4552
2686,2851
2686,2867
2686,3359
2686,3670
2686,3688
2686,4255
2686,4414
2686,4684
2686,4727
2686,4930
2687,2719
2687,3353
2687,3781
2687,3994
2687,4189
2687,4462
2687,4480
2688,2922
2688,2938
2688,3002
2688,3484
2688,3485
2688,3535
2688,3543
2688,3612
2688,3920
2688,3940
2688,4130
2688,4196
2688,4294
2688,4504
2689,2762
2689,3001
2689,3379
2689,3430
2689,3736
2689,3840
2689,3849
2689,3876
2689,3898
2689,4529
2690,2912
2690,3050
2690,3348
2690,3360
2690,3433
2690,3470
2690,3547
2690,3697
2690,4122
2690,4281
2690,4394
2690,4672
2690,4673
2691,2846
2691,2969
2691,2999
2691,3162
2691,3243
2691,3312
2691,3329
2691,3522
2691,4014
2691,4034
2691,4144
2692,2778
2692,3074
2692,3113
2692,3833
2692,3925
2692,3990
2692,4000
2692,4034
2692,4198
2692,4506
2692,4537
2693,3196
2693,3390
2693,3446
2693,3543
2693,3600
2693,3672
2693,3699
2693,3711
2693,3828
2693,4186
2693,4903
2694,2807
2694,2899
2694,2921
2694,3040
2694,3168
2694,3302
2694,3436
2694,3693
2694,3750
2694,3800
2694,3802
2694,3902
2694,4107
2694,4113
2694,4191
2694,4331
2694,4356
2694,4374
2694,4577
2694,4795
2694,4836
2695,2874
2695,2959
2695,3040
2695,3923
2695,3971
2695,4444
2695,4566
2695,4835
2696,2726
2696,3145
2696,3267
2696,3292
2696,3727
2696,3743
2696,3982
2696,4203
2696,4353
2696,4394
2696,4447
2696,4484
2696,4586
2696,4702
2696,4834
2697,2703
2697,2766
2697,2784
2697,3126
2697,3383
2697,4083
2697,4118
2697,4205
2697,4225
2697,4383
2697,4408
2697,4465
2697,4614
2697,4727
2698,2704
2698,2909
2698,3438
2698,4693
2698,4815
2699,2949
2699,3190
2699,3258
2699,3390
2699,3561
2699,3662
2699,3752
2699,3891
2699,3958
2699,4276
2699,4622
2700,2738
2700,3117
2700,3505
2700,3839
2700,4088
2700,4175
2700,4268
2700,4938
2701,2993
2701,3046
2701,3315
2701,3608
2701,3723
2701,3991
2701,4042
2701,4097
2701,4580
2701,4779
2701,4872
2702,2831
2702,2885
2702,3022
2702,3235
2702,4553
2702,4691
2702,4793
2702,4896
2702,4929
2703,3099
2703,3268
2703,3278
2703,3482
2703,3916
2703,4114
2703,4444
2703,4450
2703,4789
2703,4859
2703,4951
2704,2707
2704,2766
2704,2880
2704,3014
2704,3231
2704,3322
2704,3358
2704,3462
2704,3487
2704,4011
2704,4682
2704,4797
2704,4994
2705,2884
2705,3136
2705,3182
2705,3454
2705,3514
2705,3842
2705,4030
2705,4438
2705,4552
2705,4668
2705,4730
2705,4988
2706,3026
2706,3072
2706,3227
2706,3254
2706,3262
2706,3468
2706,3515
2706,3700
2706,3761
2706,3772
2706,3856
2706,3923
2706,3972
2706,4123
2706,4386
2706,4902
2707,2998
2707,3021
2707,3029
2707,3551
2707,3647
2707,3715
2707,3814
2707,4286
2707,4878
2708,3155
2708,3207
2708,3303
2708,3421
2708,3621
2708,3964
2708,4373
2708,4917
2709,2728
2709,3002
2709,3904
2709,3939
2709,4060
2709,4884
2709,4985
2710,2905
2710,3672
2710,3776
2710,4388
2710,4459
2710,4728
2710,4849
2711,3049
2711,3556
2711,3562
2711,3584
2711,3617
2711,3632
2711,3683
2711,3902
2711,4372
2711,4606
2711,4683
2711,4963
2711,4979
2711,4986
2712,2848
2712,3008
2712,3168
2712,3353
2712,3442
2712,4144
2712,4356
2712,4457
2712,4543
2713,2730
2713,2889
2713,3119
2713,3317
2713,3407
2713,4106
2713,4429
2713,4880
2714,2946
2714,3027
2714,3058
2714,3194
2714,3494
2714,3631
2714,3870
2714,4644
2714,4771
2714,4851
2715,3365
2715,3620
2715,3714
2715,3982
2715,4035
2715,4307
2715,4600
2716,2966
2716,2984
2716,3073
2716,3194
2716,3652
2716,3742
2716,3905
2716,3982
2716,4091
2716,4518
2716,4945
2717,2840
2717,3549
2717,3589
2717,3805
2717,3807
2717,3870
2717,4000
2717,4247
2717,4407
2717,4621
2718,2764
2718,2828
2718,2936
2718,3184
2718,3281
2718,3385
2718,3992
2718,4030
2718,4102
2718,4197
2718,4200
2718,4204
2718,4663
2718,4692
2718,4879
2718,4896
2719,2725
2719,2768
2719,2876
2719,2925
2719,3294
2719,3316
2719,3944
2719,4020
2719,4259
2719,4332
2719,4664
2719,4914
2720,2904
2720,3042
2720,3359
2720,3705
2720,4362
2720,4773
2721,2730
2721,3197
2721,3518
2721,3989
2721,4445
2721,4565
2721,4821
2721,4858
2721,4972
2722,2986
2722,3050
2722,3299
2722,3533
2722,3616
2722,3746
2722,3910
2722,4053
2722,4145
2722,4507
2722,4967
2723,2916
2723,3088
2723,3091
2723,3163
2723,3278
2723,3328
2723,3690
2723,3964
2723,3972
2723,4349
2723,4776
2723,4840
2724,2728
2724,2730
2724,3376
2724,3394
2724,3487
2724,3545
2724,4868
2724,4972
2724,4991
2725,2810
2725,2963
2725,3199
2725,3507
2725,3581
2725,3845
2725,3936
2725,4020
2725,4479
2725,4912
2726,2935
2726,3063
2726,3070
2726,3235
2726,3316
2726,3896
2726,3988
2726,4064
2726,4303
2726,4398
2726,4425
2726,4702
2726,4796
2727,3829
2727,3955
2727,4101
2727,4290
2727,4372
2727,4465
2727,4672
2727,4680
2727,4687
2728,2781
2728,2980
2728,3226
2728,3264
2728,3326
2728,3530
2728,3658
2728,3784
2728,4203
2728,4335
2728,4373
2728,4405
2728,4692
2728,4744
2728,4891
2729,3067
2729,3104
2729,3146
2729,3384
2729,3828
2729,3843
2729,4165
2729,4271
2729,4325
2729,4367
2729,4699
2729,4825
2729,4849
2729,4902
2729,4952
2730,2879
2730,3728
2730,3751
2730,4055
2730,4131
2730,4197
2730,4356
2730,4745
2731,2835
2731,2988
2731,3742
2731,3783
2731,4274
2731,4648
2732,2946
2732,3007
2732,3039
2732,3164
2732,3346
2732,3387
2732,3446
2732,4092
2732,4143
2732,4206
2732,4388
2732,4591
2732,4678
2732,4776
2732,4819
2732,4829
2732,4839
2733,2759
2733,2810
2733,2920
2733,3135
2733,3147
2733,3186
2733,3379
2733,3714
2733,3814
2733,3906
2733,4127
2733,4208
2733,4507
2733,4571
2734,3198
2734,3244
2734,3427
2734,3760
2734,3978
2734,4068
2734,4076
2734,4193
2734,4309
2734,4432
2734,4641
2734,4820
2734,4831
2734,4858
2734,4892
2735,2916
2735,3929
2735,4011
2735,4047
2735,4283
2735,4610
2736,3049
2736,3239
2736,3416
2736,3573
2736,3698
2736,3813
2736,3991
2736,4349
2736,4392
2736,4554
2736,4797
2737,2762
2737,3073
2737,3093
2737,3367
2737,3509
2737,3546
2737,3626
2737,3845
2737,4035
2737,4138
2737,4257
2737,4679
2737,4913
2737,4997
2737,4999
2738,3182
2738,3944
2738,3948
2738,4134
2739,3013
2739,3742
2739,3848
2739,3937
2739,4192
2739,4198
2739,4490
2739,4626
2739,4917
2740,2928
2740,3261
2740,3614
2740,3749
2740,3932
2740,3946
2740,3963
2740,4383
2740,4514
2740,4583
2740,4938
2741,2760
2741,2845
2741,3174
2741,3513
2741,3593
2741,3680
2741,4254
2741,4401
2741,4746
2741,4957
2742,3097
2742,3268
2742,3707
2742,3709
2742,3747
2742,3991
2742,3997
2742,4358
2743,2883
2743,2924
2743,3292
2743,3563
2743,3680
2743,3718
2743,4188
2743,4453
2744,3451
2744,3462
2744,3591
2744,4254
2745,2752
2745,2884
2745,2906
2745,3242
2745,3251
2745,3271
2745,3845
2745,4582
2746,2797
2746,2901
2746,3310
2746,3313
2746,3336
2746,3344
2746,3466
2746,3478
2746,3566
2746,3875
2746,4237
2746,4967
2747,3012
2747,3276
2747,4362
2747,4813
2748,3257
2748,3466
2748,3858
2748,4103
2748,4208
2748,4445
2748,4753
2749,3213
2749,3328
2749,3343
2749,3674
2749,3740
2749,3748
2749,3812
2749,4095
2749,4380
2749,4799
2749,4896
2750,3017
2750,3079
2750,3097
2750,3538
2750,3552
2750,3623
2750,4097
2750,4434
2750,4508
2750,4936
2751,2772
2751,2795
2751,2859
2751,3308
2751,3331
2751,3335
2751,3378
2751,3650
2751,4052
2751,4206
2751,4279
2751,4318
2751,4369
2751,4443
2751,4555
2751,4709
2752,2888
2752,2930
2752,2986
2752,2995
2752,3072
2752,3659
2752,3736
2752,3907
2752,3968
2752,4324
2752,4494
2752,4509
2752,4606
2752,4821
2752,4858
2753,2796
2753,2865
2753,2971
2753,3153
2753,3687
2753,3721
2753,3739
2753,3836
2753,4221
2753,4578
2753,4630
2753,4756
2754,2762
2754,3249
2754,4078
2754,4239
2754,4264
2754,4956
2755,2961
2755,2963
2755,3050
2755,3147
2755,3239
2755,3330
2755,3338
2755,3364
2755,3688
2755,3900
2755,3931
2755,3975
2755,4139
2755,4385
2755,4395
2756,2979
2756,2982
2756,3305
2756,3512
2756,3621
2756,4332
2756,4414
2757,2788
2757,3143
2757,3174
2757,3982
2757,4057
2757,4075
2757,4182
2757,4658
2757,4840
2757,4924
2758,3166
2758,3567
2758,3765
2758,3883
2758,4221
2758,4337
2758,4564
2758,4612
2758,4615
2758,4747
2758,4912
2759,3022
2759,3251
2759,3265
2759,3774
2759,4099
2759,4273
2759,4311
2759,4729
2760,2775
2760,2861
2760,3228
2760,3441
2760,3442
2760,3547
2760,3577
2760,4324
2760,4422
2760,4893
2761,2982
2761,3377
2761,3389
2761,3405
2761,4117
2761,4321
2761,4738
2761,4753
2761,4765
2761,4896
2762,2807
2762,3026
2762,3150
2762,3308
2762,3486
2762,3675
2762,3691
2762,3743
2762,4149
2763,2798
2763,2836
2763,2934
2763,3486
2763,3700
2763,3812
2763,4158
2763,4166
2763,4576
2764,2770
2764,2955
2764,2979
2764,3044
2764,3344
2764,3674
2764,4252
2764,4309
2764,4421
2764,4439
2764,4468
2764,4617
2764,4831
2765,2767
2765,2777
2765,3048
2765,3255
2765,3309
2765,3967
2765,4153
2765,4189
2765,4361
2765,4389
2765,4507
2765,4705
2766,2918
2766,2944
2766,3444
2766,4408
2766,4469
2766,4713
2766,4731
2767,3335
2767,3343
2767,3684
2767,3786
2767,3897
2767,4009
2767,4593
2768,3157
2768,3402
2768,3470
2768,3575
2768,3680
2768,3729
2768,3806
2768,3828
2768,4740
2769,2805
2769,2900
2769,3061
2769,3306
2769,3408
2769,3447
2769,3753
2769,4351
2769,4555
2769,4629
2769,4941
2770,3283
2770,3291
2770,3435
2770,3707
2770,3854
2770,4058
2770,4155
2770,4215
2770,4326
2770,4348
2770,4370
2770,4864
2771,2918
2771,3005
2771,3013
2771,3018
2771,3124
2771,3126
2771,3640
2771,3737
2771,3902
2771,4065
2771,4217
2771,4935
2771,4973
2772,2973
2772,3372
2772,3508
2772,3855
2772,4963
2773,3332
2773,4152
2773,4300
2773,4320
2773,4428
2773,4650
2773,4686
2774,2788
2774,2865
2774,3007
2774,3378
2774,3381
2774,3652
2774,3914
2774,4053
2774,4131
2774,4280
2774,4327
2774,4465
2774,4878
2775,3160
2775,3335
2775,4094
2775,4106
2775,4126
2775,4684
2776,2959
2776,3330
2776,3541
2776,3650
2776,4045
2776,4538
2776,4592
2776,4808
2777,2783
2777,2864
2777,3083
2777,3222
2777,3243
2777,3392
2777,3566
2777,3689
2777,3844
2777,4167
2777,4354
2777,4447
2777,4571
2777,4669
2777,4893
2777,4937
2778,2888
2778,2970
2778,2988
2778,3061
2778,3671
2778,3708
2778,3977
2778,4010
2778,4051
2778,4209
2778,4277
2778,4280
2778,4437
2778,4558
2778,4857
2779,2790
2779,3027
2779,3392
2779,3410
2779,3442
2779,3693
2779,3864
2779,3907
2779,3979
2779,4111
2779,4606
2779,4935
2780,2920
2780,3003
2780,3090
2780,3271
2780,3310
2780,3390
2780,3657
2780,3792
2780,4017
2780,4410
2780,4508
2780,4742
2780,4808
2781,2865
2781,2981
2781,3056
2781,3084
2781,3134
2781,3538
2781,3810
2781,3835
2781,3844
2781,4028
2781,4188
2781,4285
2781,4324
2781,4793
2781,4933
2782,2790
2782,2821
2782,3035
2782,3098
2782,3334
2782,3471
2782,3637
2782,3807
2782,3852
2782,4051
2782,4083
2782,4104
2782,4428
2782,4535
2782,4795
2782,4890
2783,2904
2783,2953
2783,3378
2783,3396
2783,3747
2783,3927
2783,3951
2783,4338
2783,4433
2783,4519
2783,4532
2784,3383
2784,3422
2784,3485
2784,3790
2784,3857
2784,4499
2784,4849
2784,4916
2785,2927
2785,3108
2785,3250
2785,3323
2785,3788
2785,4288
2785,4475
2785,4515
2785,4521
2785,4551
2785,4589
2785,4599
2785,4996
2786,2898
2786,3006
2786,3636
2786,3712
2786,3760
2786,3770
2786,3820
2786,3856
2786,4001
2786,4013
2786,4076
2786,4188
2786,4260
2786,4682
2786,4865
2787,3065
2787,3461
2787,3471
2787,4143
2787,4203
2787,4278
2787,4303
2787,4587
2787,4626
2787,4838
2787,4901
2788,2875
2788,3040
2788,3280
2788,4201
2788,4523
2788,4608
2788,4842
2789,2900
2789,2983
2789,3276
2789,3363
2789,3432
2789,3757
2789,4425
2789,4683
2789,4860
2789,4970
2790,2822
2790,3154
2790,3355
2790,3482
2790,3584
2790,3783
2790,3849
2790,3920
2790,3980
2790,4042
2790,4047
2790,4186
2790,4274
2790,4299
2791,2809
2791,2875
2791,3086
2791,3088
2791,3178
2791,3241
2791,3510
2791,3555
2791,3993
2791,4103
2791,4180
2791,4222
2791,4471
2791,4504
2791,4532
2791,4794
2791,4800
2792,2894
2792,3137
2792,3285
2792,3687
2792,3928
2792,4238
2792,4565
2792,4576
2792,4635
2792,4806
2792,4914
2792,4989
2793,3038
2793,3039
2793,3082
2793,3136
2793,3157
2793,3560
2793,3831
2793,3832
2793,4055
2793,4117
2793,4333
2793,4409
2793,4615
2793,4831
2793,4871
2794,2879
2794,3042
2794,3130
2794,3303
2794,4012
2794,4025
2794,4033
2794,4064
2794,4168
2794,4339
2794,4605
2794,4841
2795,3060
2795,3125
2795,3639
2795,4450
2796,2917
2796,3340
2796,3763
2796,3771
2796,4065
2796,4366
2796,4382
2796,4935
2797,2841
2797,3092
2797,3596
2797,3857
2797,3916
2797,4038
2797,4112
2797,4241
2797,4434
2797,4531
2797,4786
2797,4928
2798,2980
2798,3025
2798,3174
2798,3186
2798,3915
2798,4298
2798,4543
2798,4936
2798,4987
2799,2955
2799,3268
2799,3275
2799,3327
2799,3372
2799,3391
2799,3587
2799,3696
2799,3745
2799,3908
2799,3909
2799,3911
2799,3947
2799,4293
2799,4326
2799,4799
2799,4944
2799,4988
2800,2880
2800,3271
2800,3300
2800,3373
2800,3426
2800,3663
2800,3668
2800,3736
2800,3785
2800,4271
2800,4346
2800,4441
2800,4911
2801,2919
2801,3092
2801,3114
2801,3180
2801,3208
2801,3267
2801,3316
2801,3370
2801,3602
2801,3887
2801,4643
2801,4857
2802,2919
2802,3096
2802,3146
2802,3428
2802,3597
2802,3852
2802,3896
2802,3916
2802,4010
2802,4498
2802,4696
2802,4807
2802,4830
2803,3302
2803,3910
2803,4232
2803,4625
2803,4809
2804,2823
2804,2829
2804,2882
2804,2983
2804,3081
2804,3190
2804,3338
2804,3724
2804,4172
2804,4273
2804,4621
2804,4942
2804,4985
2805,2869
2805,2986
2805,3098
2805,3349
2805,3433
2805,3463
2805,3525
2805,3580
2805,3796
2805,3929
2805,3985
2805,4426
2805,4687
2805,4810
2805,4909
2806,2845
2806,2967
2806,3135
2806,3268
2806,3470
2806,3780
2806,4286
2806,4485
2806,4561
2806,4595
2806,4621
2806,4831
2806,4981
2807,2851
2807,2984
2807,3272
2807,3278
2807,3455
2807,3889
2807,4187
2807,4245
2807,4259
2807,4312
2807,4782
2807,4949
2808,3027
2808,3058
2808,3109
2808,3185
2808,3263
2808,3288
2808,3391
2808,3514
2808,3914
2808,4313
2808,4357
2808,4416
2808,4467
2808,4489
2808,4494
2808,4545
2808,4808
2808,4875
2809,2816
2809,3191
2809,3210
2809,3505
2809,3589
2809,3619
2809,4270
2809,4301
2809,4515
2809,4692
2809,4709
2810,2851
2810,2852
2810,2913
2810,3083
2810,3158
2810,3349
2810,3559
2810,3749
2810,3775
2810,3887
2810,4612
2811,3016
2811,3423
2811,3441
2811,3846
2811,3868
2811,3921
2811,4874
2811,4938
2812,2864
2812,2972
2812,3268
2812,3370
2812,3548
2812,4089
2812,4452
2813,2908
2813,3122
2813,3262
2813,3337
2813,3775
2813,3816
2813,4166
2813,4210
2813,4354
2813,4570
2813,4742
2813,4763
2814,3221
2814,3548
2814,3740
2814,3871
2814,3958
2814,4218
2814,4393
2814,4508
2814,4545
2814,4862
2814,4983
2815,3346
2815,3586
2815,4076
2815,4290
2815,4353
2815,4368
2815,4492
2815,4759
2815,4772
2815,4895
2816,2927
2816,3024
2816,3384
2816,4073
2816,4163
2816,4228
2816,4309
2816,4444
2816,4490
2817,3059
2817,3476
2817,3514
2817,4303
2817,4418
2817,4454
2817,4525
2817,4543
2817,4591
2817,4617
2817,4729
2817,4863
2818,3178
2818,3244
2818,3446
2818,3972
2818,4160
2818,4585
2819,3111
2819,3311
2819,3458
2819,3485
2819,3716
2819,4400
2819,4948
2820,2892
2820,2944
2820,2953
2820,3562
2820,4025
2820,4107
2820,4162
2820,4197
2820,4377
2820,4532
2820,4853
2820,4944
2821,2901
2821,2971
2821,3147
2821,3678
2821,3763
2821,3909
2821,4091
2821,4127
2821,4524
2821,4699
2821,4765
2821,4891
2822,2836
2822,2935
2822,3868
2822,4045
2822,4372
2822,4585
2822,4600
2822,4750
2823,3568
2823,3676
2823,3767
2823,4267
2823,4386
2824,3077
2824,3337
2824,3362
2824,3492
2824,3530
2824,3639
2824,3856
2824,3891
2824,4044
2824,4092
2824,4119
2824,4218
2824,4373
2824,4521
2824,4567
2824,4612
2824,4976
2825,2927
2825,2934
2825,3126
2825,3394
2825,3432
2825,3509
2825,3617
2825,4098
2825,4138
2825,4636
2825,4763
2825,4836
2825,4848
2825,4867
2825,4932
2826,3043
2826,3203
2826,3338
2826,3425
2826,3429
2826,3448
2826,3629
2826,3749
2826,3896
2826,4178
2826,4286
2826,4439
2826,4702
2826,4706
2827,2871
2827,3440
2827,3462
2827,3533
2827,3639
2827,3930
2827,4034
2827,4110
2827,4183
2827,4316
2828,3132
2828,3460
2828,4150
2828,4305
2828,4681
2828,4867
2829,2877
2829,2889
2829,3996
2829,4146
2829,4934
2829,4983
2830,3003
2830,3087
2830,3868
2830,3955
2830,4034
2830,4187
2830,4514
2830,4732
2830,4861
2830,4976
2831,3178
2831,3189
2831,3212
2831,3531
2831,4169
2831,4176
2831,4277
2831,4545
2831,4595
2831,4614
2831,4911
2832,2952
2832,3065
2832,3109
2832,3376
2832,3651
2832,4058
2832,4082
2832,4153
2832,4164
2832,4356
2832,4527
2832,4596
2832,4816
2832,4827
2832,4968
2832,4993
2833,3112
2833,3294
2833,3590
2833,3665
2833,3802
2833,4056
2833,4466
2833,4687
2833,4716
2833,4796
2834,2839
2834,2842
2834,2913
2834,3078
2834,3484
2834,3596
2834,4412
2834,4619
2834,4744
2835,3030
2835,3164
2835,3252
2835,3484
2835,3745
2835,3822
2835,4326
2835,4524
2835,4577
2835,4779
2835,4918
2836,2992
2836,3547
2836,3951
2836,4165
2836,4581
2836,4654
2837,3150
2837,3316
2837,3587
2837,4061
2837,4140
2837,4463
2837,4471
2837,4498
2838,2910
2838,2932
2838,2940
2838,3163
2838,3234
2838,3625
2838,3662
2838,3770
2838,4475
2838,4485
2838,4554
2838,4606
2838,4695
2838,4710
2838,4868
2839,3241
2839,3299
2839,3453
2839,3465
2839,3593
2839,3622
2839,4285
2839,4334
2839,4360
2839,4657
2839,4922
2840,2938
2840,3130
2840,3364
2840,3377
2840,3436
2840,3444
2840,3799
2840,4076
2840,4140
2840,4372
2840,4870
2841,2884
2841,2996
2841,3186
2841,3552
2841,3728
2841,4060
2841,4315
2841,4347
2841,4394
2841,4474
2841,4524
2841,4569
2841,4656
2841,4712
2841,4781
2841,4989
2842,3087
2842,3152
2842,3228
2842,3379
2842,3470
2842,4497
2842,4813
2843,2875
2843,2953
2843,2987
2843,3024
2843,3104
2843,3416
2843,3558
2843,3983
2843,4033
2843,4127
2843,4210
2843,4469
2843,4511
2843,4779
2844,3018
2844,3106
2844,3200
2844,3786
2844,3807
2844,4403
2844,4678
2844,4696
2844,4800
2845,2935
2845,3140
2845,3228
2845,3471
2845,3671
2845,3703
2845,3992
2845,4029
2845,4343
2845,4392
2845,4673
2845,4830
2846,3027
2846,3047
2846,3119
2846,3886
2846,4059
2846,4314
2847,3070
2847,3400
2847,3778
2847,3965
2847,4158
2847,4221
2847,4787
2847,4867
2847,4892
2848,3000
2848,3306
2848,3564
2848,3633
2848,3934
2848,3935
2848,4031
2848,4050
2848,4107
2848,4169
2848,4628
2848,4823
2848,4943
2849,2945
2849,3233
2849,3643
2849,3932
2849,4326
2849,4330
2849,4520
2849,4811
2849,4963
2849,4972
2850,3018
2850,3021
2850,3351
2850,3353
2850,3564
2850,3570
2850,3686
2850,4197
2850,4263
2850,4602
2850,4818
2851,3151
2851,3500
2851,3642
2851,3787
2851,4099
2851,4655
2851,4759
2851,4912
2851,4938
2852,2922
2852,3086
2852,3403
2852,3730
2852,3733
2852,3913
2852,3921
2852,3997
2852,4340
2852,4836
2853,3370
2853,3519
2853,3840
2853,3977
2853,4057
2853,4364
2853,4715
2853,4863
2854,2863
2854,2929
2854,3578
2854,3623
2854,3723
2854,4294
2854,4533
2854,4753
2854,4758
2854,4989
2855,3017
2855,3220
2855,3692
2855,3693
2855,3820
2855,3908
2855,4477
2855,4585
2855,4606
2855,4907
2855,4944
2856,3079
2856,3110
2856,3161
2856,3721
2856,3907
2856,3933
2856,4405
2857,3037
2857,3269
2857,3424
2857,3573
2857,3754
2857,4371
2858,2992
2858,3146
2858,3195
2858,3283
2858,3361
2858,3485
2858,3855
2858,4021
2858,4452
2858,4523
2858,4562
2858,4765
2859,2931
2859,3073
2859,4249
2859,4631
2859,4731
2860,2977
2860,2992
2860,3019
2860,3028
2860,3130
2860,3524
2860,3529
2860,3547
2860,4207
2860,4250
2860,4412
2860,4414
2860,4423
2860,4506
2860,4593
2860,4764
2861,2948
2861,3458
2861,3513
2861,4074
2861,4197
2861,4559
2861,4601
2861,4742
2861,4877
2861,4952
2862,2928
2862,3049
2862,3294
2862,3474
2862,3847
2862,3908
2862,4360
2862,4849
2862,4920
2862,4987
2863,3173
2863,3233
2863,3662
2863,3745
2863,3988
2863,4077
2863,4335
2863,4360
2863,4426
2863,4516
2863,4826
2863,4980
2864,2944
2864,3005
2864,3117
2864,3253
2864,3282
2864,3335
2864,3341
2864,3905
2864,3909
2864,3984
2864,4124
2864,4416
2865,3584
2865,3914
2865,4106
2865,4187
2865,4327
2865,4672
2866,3319
2866,3495
2866,3523
2866,3877
2866,3928
2866,4108
2866,4212
2866,4334
2866,4445
2866,4450
2866,4535
2866,4658
2866,4912
2866,4994
2867,3027
2867,3169
2867,3370
2867,3893
2867,4078
2867,4439
2867,4907
2868,2979
2868,3143
2868,3215
2868,3293
2868,3387
2868,3640
2868,3648
2868,4088
2868,4192
2868,4416
2868,4440
2868,4563
2868,4739
2868,4996
2869,3027
2869,3361
2869,3365
2869,3439
2869,4203
2869,4233
2869,4281
2869,4511
2869,4612
2869,4709
2869,4859
2870,2911
2870,3046
2870,3141
2870,3201
2870,3303
2870,3897
2870,4084
2870,4175
2870,4410
2870,4503
2870,4675
2870,4748
2870,4754
2870,4919
2870,4943
2871,3009
2871,3055
2871,3290
2871,3535
2871,3548
2871,3634
2871,4128
2871,4337
2871,4375
2871,4400
2871,4459
2871,4689
2871,4701
2871,4800
2872,2952
2872,2966
2872,2998
2872,3293
2872,3566
2872,3581
2872,3708
2872,3827
2872,3863
2872,4140
2872,4313
2872,4613
2872,4935
2873,3269
2873,3462
2873,3466
2873,3489
2873,3803
2873,3930
2873,3979
2873,4074
2873,4420
2873,4443
2873,4528
2873,4599
2873,4844
2873,4891
2873,4913
2873,4957
2874,2968
2874,3485
2874,3604
2874,3819
2874,3950
2874,4005
2874,4012
2874,4293
2874,4420
2874,4458
2874,4469
2875,3052
2875,3544
2875,3890
2875,3972
2875,4023
2875,4345
2875,4578
2875,4630
2875,4826
2875,4950
2875,4959
2876,3213
2876,3295
2876,3677
2876,3893
2876,3971
2876,4250
2876,4301
2876,4672
2877,3595
2877,3769
2877,3930
2877,4050
2877,4427
2877,4548
2877,4845
2877,4863
2877,4894
2878,3016
2878,3228
2878,3307
2878,3356
2878,3905
2878,3945
2878,3984
2878,4428
2878,4996
2879,3068
2879,3279
2879,3351
2879,3995
2879,4026
2879,4122
2879,4346
2879,4455
2879,4591
2879,4612
2879,4679
2879,4745
2879,4883
2880,2959
2880,2964
2880,3341
2880,3558
2880,3715
2880,4112
2880,4300
2880,4395
2880,4578
2880,4766
2880,4890
2880,4956
2880,4976
2880,4991
2881,3019
2881,3349
2881,3400
2881,3845
2881,3851
2881,4091
2881,4203
2881,4270
2881,4456
2881,4744
2881,4762
2882,2935
2882,3036
2882,3444
2882,3627
2882,3697
2882,3939
2882,4322
2882,4324
2882,4336
2882,4840
2882,4951
2882,4954
2882,4973
2883,3262
2883,3476
2883,3503
2883,3523
2883,3772
2883,3799
2883,3949
2883,4221
2883,4464
2883,4577
2883,4879
2883,4901
2884,3072
2884,3260
2884,3281
2884,3616
2884,3668
2884,3797
2884,4223
2884,4535
2884,4560
2884,4622
2884,4654
2884,4872
2885,3304
2885,3306
2885,3343
2885,3481
2885,3531
2885,3688
2885,3912
2885,4039
2885,4397
2885,4624
2885,4949
2886,2981
2886,2985
2886,3000
2886,3102
2886,3148
2886,3343
2886,3386
2886,3443
2886,3525
2886,3777
2886,3969
2886,4133
2886,4169
2886,4328
2886,4404
2886,4557
2886,4945
2887,2898
2887,3097
2887,3125
2887,3303
2887,4100
2887,4150
2887,4174
2887,4178
2887,4909
2888,2892
2888,3137
2888,3378
2888,3384
2888,3446
2888,3503
2888,3725
2888,3768
2888,4195
2888,4260
2888,4496
2889,3141
2889,3173
2889,3225
2889,3302
2889,3731
2889,3783
2889,3817
2889,4013
2889,4021
2889,4279
2889,4322
2889,4346
2889,4745
2889,4758
2890,3332
2890,3350
2890,3410
2890,3474
2890,3649
2890,3992
2890,4149
2890,4658
2891,3098
2891,3602
2891,3772
2891,3855
2891,4034
2891,4062
2891,4423
2891,4842
2892,3033
2892,3074
2892,3191
2892,3418
2892,3590
2892,3630
2892,3640
2892,3659
2892,3806
2892,3995
2892,4026
2892,4063
2892,4431
2892,4624
2893,3000
2893,3082
2893,3179
2893,3689
2893,3764
2893,4242
2893,4448
2893,4482
2894,3373
2894,3755
2894,3892
2894,3900
2894,3917
2894,4159
2894,4640
2894,4693
2894,4792
2894,4843
2895,2954
2895,3112
2895,3630
2895,3714
2895,3991
2895,4727
2895,4958
2896,3527
2896,3994
2896,4060
2896,4316
2896,4396
2896,4642
2896,4919
2896,4972
2897,2974
2897,2984
2897,3462
2897,3583
2897,3715
2897,4076
2897,4630
2897,4714
2897,4905
2897,4982
2898,3093
2898,3146
2898,3400
2898,3492
2898,3633
2898,4338
2898,4533
2898,4956
2899,3272
2899,3331
2899,3359
2899,3422
2899,3666
2899,3669
2899,3693
2899,3707
2899,3876
2899,4042
2899,4117
2899,4347
2899,4556
2899,4813
2899,4891
2900,3233
2900,3234
2900,3448
2900,3685
2900,4097
2900,4284
2900,4308
2900,4581
2900,4767
2900,4823
2900,4984
2901,2928
2901,2949
2901,3004
2901,3105
2901,3209
2901,3243
2901,3246
2901,3266
2901,3323
2901,3531
2901,3702
2901,3746
2901,3859
2901,4034
2901,4191
2901,4637
2901,4651
2901,4652
2901,4655
2901,4960
2902,3012
2902,3030
2902,3528
2902,3665
2902,3738
2902,3811
2902,4010
2902,4019
2902,4160
2902,4647
2902,4648
2902,4774
2903,3068
2903,3204
2903,3349
2903,3365
2903,3430
2903,3588
2903,3608
2903,3798
2903,3903
2903,4028
2903,4395
2903,4405
2903,4689
2903,4724
2903,4768
2903,4792
2903,4802
2904,3053
2904,3068
2904,3145
2904,3285
2904,3304
2904,3691
2904,3841
2904,3879
2904,4411
2904,4556
2904,4658
2904,4694
2904,4704
2904,4858
2904,4918
2904,4938
2904,4956
2905,2913
2905,3071
2905,3237
2905,3282
2905,3434
2905,3745
2905,3804
2905,3908
2905,4108
2905,4228
2905,4299
2905,4387
2906,3018
2906,3342
2906,3700
2906,3701
2906,3910
2906,3915
2906,3927
2906,3949
2906,4307
2906,4663
2906,4940
2907,3319
2907,3505
2907,3739
2907,3815
2907,4596
2907,4703
2907,4790
2907,4866
2908,2933
2908,2966
2908,3063
2908,3375
2908,3396
2908,3468
2908,3550
2908,3771
2908,4085
2908,4209
2908,4325
2908,4604
2909,3180
2909,3364
2909,3713
2909,4178
2909,4600
2909,4714
2909,4775
2909,4805
2910,3211
2910,3606
2910,3913
2910,4068
2910,4166
2910,4268
2910,4351
2910,4399
2910,4489
2910,4578
2910,4782
2910,4818
2911,3096
2911,3120
2911,3387
2911,3624
2911,3893
2911,4215
2911,4264
2911,4375
2911,4479
2911,4603
2911,4759
2911,4814
2911,4835
2911,4947
2912,3032
2912,3058
2912,3345
2912,3443
2912,3502
2912,4877
2912,4905
2913,3047
2913,3347
2913,3657
2913,3793
2913,3904
2913,3961
2913,4044
2913,4145
2913,4177
2913,4367
2913,4630
2913,4757
2913,4882
2913,4963
2914,3061
2914,4238
2915,3027
2915,3044
2915,3123
2915,3429
2915,3444
2915,3502
2915,3669
2915,3906
2915,4452
2915,4498
2915,4633
2916,2924
2916,2989
2916,3119
2916,3341
2916,3390
2916,3535
2916,3812
2916,4021
2916,4070
2916,4427
2916,4549
2916,4775
2916,4903
2916,4953
2917,2970
2917,3353
2917,3417
2917,3679
2917,4202
2917,4325
2917,4749
2917,4828
2917,4927
2918,2946
2918,3062
2918,3317
2918,3585
2918,3615
2918,3631
2918,3722
2918,3735
2918,3884
2918,3934
2918,3948
2918,3970
2918,4122
2918,4162
2918,4686
2918,4704
2918,4960
2919,3096
2919,3341
2919,3581
2919,3634
2919,3650
2919,4134
2919,4339
2919,4358
2919,4614
2919,4697
2919,4870
2920,3006
2920,3245
2920,3434
2920,4218
2920,4286
2920,4402
2920,4441
2920,4472
2920,4598
2920,4637
2920,4819
2920,4866
2920,4936
2921,2995
2921,3085
2921,3098
2921,3765
2921,3997
2921,4225
2921,4585
2921,4638
2921,4662
2921,4988
2922,3031
2922,3267
2922,4306
2922,4405
2922,4530
2922,4847
2922,4858
2923,2943
2923,2982
2923,3210
2923,3724
2923,3859
2923,4450
2923,4581
2924,3000
2924,3243
2924,3448
2924,3535
2924,3748
2924,4260
2924,4423
2924,4724
2924,4838
2924,4920
2924,4981
2924,4986
2925,3232
2925,3559
2925,3602
2925,3610
2925,3841
2925,4059
2925,4148
2925,4296
2925,4433
2925,4480
2925,4483
2925,4511
2926,2943
2926,3020
2926,3345
2926,3458
2926,3573
2926,3842
2926,4332
2927,3048
2927,3188
2927,3193
2927,3380
2927,3448
2927,3728
2927,4001
2927,4425
2927,4446
2927,4576
2927,4636
2927,4731
2927,4999
2928,2989
2928,2991
2928,3141
2928,3476
2928,3642
2928,3937
2928,4073
2928,4419
2928,4476
2929,2972
2929,3050
2929,3077
2929,3309
2929,3849
2929,4105
2929,4294
2929,4365
2929,4550
2929,4853
2929,4889
2929,4973
2930,3150
2930,3270
2930,3552
2930,3630
2930,3831
2930,3906
2930,4012
2930,4399
2930,4619
2930,4829
2931,2967
2931,3000
2931,3261
2931,3495
2931,3592
2931,4162
2931,4357
2931,4606
2931,4665
2931,4722
2932,3061
2932,3255
2932,3301
2932,3340
2932,3792
2932,3836
2932,4096
2932,4337
2932,4529
2932,4819
2933,3008
2933,3391
2933,3417
2933,3441
2933,3452
2933,3644
2933,3766
2933,3946
2933,4087
2933,4269
2933,4491
2933,4684
2934,3139
2934,3209
2934,3458
2934,4053
2934,4256
2934,4269
2934,4459
2935,2937
2935,3307
2935,3808
2935,3978
2935,4145
2935,4191
2935,4261
2935,4415
2936,2987
2936,3009
2936,3857
2936,4215
2936,4922
2936,4924
2936,4979
2937,3448
2937,3628
2937,3794
2937,3873
2937,4214
2937,4284
2937,4644
2937,4672
2937,4777
2937,4866
2937,4887
2937,4891
2937,4926
2938,3172
2938,3396
2938,3495
2938,3548
2938,3585
2938,3880
2938,4037
2938,4123
2938,4131
2938,4275
2938,4383
2938,4812
2939,3092
2939,3166
2939,3729
2939,3856
2939,4191
2939,4238
2939,4401
2939,4924
2940,3390
2940,3458
2940,3464
2940,3749
2940,3898
2940,3990
2940,4205
2940,4599
2940,4613
2941,3031
2941,3032
2941,3134
2941,3352
2941,3361
2941,3725
2941,4836
2942,3154
2942,3219
2942,3220
2942,3322
2942,3626
2942,3671
2942,3961
2942,4013
2942,4022
2942,4808
2943,3121
2943,3150
2943,3235
2943,3599
2943,4099
2943,4174
2943,4424
2943,4557
2943,4558
2943,4575
2943,4584
2943,4648
2943,4675
2943,4769
2943,4928
2944,3061
2944,3088
2944,3234
2944,3309
2944,3390
2944,3946
2944,3954
2944,4232
2944,4798
2944,4800
2944,4881
2944,4940
2945,3035
2945,3201
2945,3239
2945,3486
2945,3747
2945,3785
2945,4270
2945,4283
2945,4506
2945,4748
2946,3094
2946,3321
2946,3446
2946,4192
2946,4237
2946,4267
2946,4292
2946,4641
2946,4709
2946,4848
2947,3895
2947,4668
2947,4685
2948,2979
2948,3258
2948,3381
2948,3424
2948,3456
2948,3708
2948,3927
2948,3956
2948,4142
2948,4203
2948,4634
2949,3065
2949,3491
2949,3646
2949,3867
2949,4003
2949,4263
2949,4578
2949,4606
2949,4745
2949,4987
2950,3191
2950,3353
2950,3493
2950,3886
2950,3945
2950,3997
2950,3998
2950,4029
2950,4114
2950,4161
2950,4189
2950,4739
2950,4767
2950,4809
2950,4849
2950,4859
2950,4880
2951,3034
2951,3389
2951,3404
2951,3558
2951,3816
2951,3823
2951,3886
2951,3954
2951,4516
2951,4607
2952,3193
2952,3924
2952,4104
2952,4238
2952,4548
2952,4551
2952,4878
2953,3059
2953,3107
2953,3462
2953,3544
2953,3713
2953,3839
2953,4485
2953,4632
2953,4822
2953,4965
2954,3275
2954,3401
2954,3564
2954,4102
2954,4162
2954,4262
2954,4487
2954,4578
2954,4722
2954,4755
2954,4818
2954,4866
2955,3267
2955,3350
2955,3450
2955,3610
2955,3730
2955,3878
2955,4165
2955,4309
2955,4784
2955,4810
2956,2985
2956,3016
2956,3295
2956,3545
2956,3613
2956,4129
2956,4783
2956,4945
2957,3322
2957,4111
2957,4151
2957,4292
2957,4458
2957,4618
2957,4685
2957,4774
2957,4846
2958,2991
2958,3421
2958,3828
2958,4085
2958,4109
2958,4477
2959,3179
2959,3219
2959,3340
2959,3396
2959,4098
2959,4292
2959,4872
2959,4886
2960,3049
2960,3903
2960,4246
2960,4329
2960,4552
2960,4588
2960,4596
2960,4900
2960,4912
2961,3230
2961,3280
2961,3359
2961,3448
2961,3604
2961,4264
2961,4330
2961,4586
2961,4610
2961,4634
2961,4787
2961,4942
2962,3231
2962,3335
2962,3508
2962,3928
2962,4065
2962,4324
2962,4756
2963,2971
2963,3013
2963,3272
2963,3404
2963,3549
2963,3803
2963,4124
2963,4188
2963,4581
2963,4651
2963,4676
2963,4827
2964,3592
2964,4085
2964,4152
2964,4491
2964,4618
2964,4720
2965,2975
2965,3058
2965,3123
2965,3272
2965,3303
2965,3431
2965,3437
2965,3663
2965,3699
2965,4242
2965,4391
2965,4485
2965,4559
2966,3049
2966,3133
2966,3254
2966,3369
2966,3476
2966,3719
2966,3940
2966,4156
2966,4329
2966,4559
2966,4599
2966,4769
2967,2979
2967,3207
2967,3261
2967,3363
2967,3520
2967,4006
2967,4043
2967,4058
2967,4325
2967,4553
2967,4678
2967,4982
2968,3056
2968,3075
2968,3090
2968,3242
2968,3349
2968,3413
2968,3751
2968,4183
2968,4562
2968,4808
2969,3370
2969,3393
2969,3563
2969,3577
2969,3667
2969,3875
2969,4089
2969,4588
2969,4942
2970,3083
2970,3776
2970,4138
2970,4238
2970,4421
2970,4599
2970,4704
2970,4958
2971,3021
2971,3225
2971,3511
2971,3522
2971,3752
2971,3913
2971,4342
2971,4562
2971,4792
2971,4817
2971,4839
2972,3220
2972,3292
2972,3375
2972,3425
2972,3521
2972,3624
2972,3637
2972,4044
2972,4434
2972,4492
2972,4687
2973,3228
2973,3239
2973,3357
2973,3426
2973,3519
2973,3889
2973,3910
2973,4008
2973,4019
2973,4044
2973,4063
2973,4166
2973,4458
2973,4508
2973,4726
2973,4764
2973,4939
2974,3026
2974,3163
2974,3520
2974,3608
2974,4041
2974,4098
2974,4290
2974,4494
2974,4768
2975,3274
2975,3481
2975,3672
2975,3820
2975,3885
2975,3946
2975,4110
2975,4477
2976,3194
2976,3544
2976,3633
2976,3676
2976,3923
2976,3988
2977,3206
2977,3491
2977,3550
2977,3805
2977,3830
2977,4013
2977,4056
2977,4442
2977,4529
2977,4738
2978,3326
2978,3368
2978,3509
2978,3822
2978,4354
2978,4396
2978,4404
2978,4601
2978,4617
2979,3181
2979,3532
2979,3576
2979,3822
2979,4539
2979,4594
2979,4745
2979,4816
2979,4897
2980,3007
2980,3018
2980,3336
2980,3619
2980,3819
2980,3919
2980,4163
2980,4531
2980,4669
2981,3036
2981,3718
2981,3926
2981,3998
2981,4207
2981,4212
2981,4355
2981,4614
2981,4966
2982,3397
2982,3795
2982,3829
2982,4208
2982,4311
2982,4551
2982,4689
2983,3454
2983,3565
2983,3601
2983,4026
2983,4087
2983,4220
2983,4277
2983,4298
2983,4417
2983,4448
2983,4738
2983,4820
2983,4910
2984,3890
2984,3979
2984,4680
2984,4699
2984,4849
2985,3060
2985,3280
2985,4122
2985,4266
2985,4303
2985,4508
2985,4632
2985,4680
2985,4861
2986,3072
2986,3530
2986,3573
2986,4027
2986,4033
2986,4274
2986,4441
2986,4481
2986,4632
2986,4878
2987,2992
2987,3014
2987,3062
2987,3264
2987,3265
2987,4155
2987,4211
2987,4926
2987,4955
2987,4958
2988,3782
2988,4032
2988,4192
2988,4815
2988,4874
2989,3256
2989,3258
2989,3365
2989,3608
2989,3742
2989,3774
2989,3777
2989,3948
2989,3964
2989,4165
2989,4235
2989,4574
2989,4582
2989,4655
2989,4742
2989,4910
2990,3831
2990,3840
2990,4004
2990,4049
2990,4223
2990,4311
2990,4967
2991,3169
2991,3215
2991,4061
2991,4356
2991,4513
2991,4561
2991,4948
2992,3051
2992,3307
2992,3484
2992,3495
2992,3509
2992,4359
2992,4405
2992,4633
2992,4942
2993,3023
2993,3038
2993,3054
2993,3713
2993,3834
2993,3987
2993,4049
2993,4097
2993,4105
2993,4241
2993,4548
2993,4639
2994,3129
2994,3368
2994,3721
2994,4057
2994,4108
2994,4344
2994,4383
2994,4941
2994,4958
2995,3035
2995,3549
2995,3635
2995,3756
2995,3832
2995,3885
2995,4502
2995,4558
2995,4823
2996,3157
2996,3322
2996,3942
2996,4081
2996,4146
2996,4287
2996,4335
2996,4488
2996,4527
2996,4546
2996,4654
2996,4730
2997,3141
2997,3420
2997,3440
2997,3482
2997,3691
2997,3719
2997,3780
2997,4032
2997,4096
2997,4244
2997,4372
2997,4474
2997,4579
2997,4811
2997,4950
2998,4221
2998,4555
2999,3125
2999,3521
2999,3663
2999,3680
2999,3808
2999,4008
2999,4173
2999,4292
2999,4445
2999,4524
2999,4622
2999,4963
3000,3307
3000,3367
3000,3415
3000,3638
3000,3837
3000,3959
3000,3961
3000,4325
3001,3050
3001,3078
3001,3580
3001,3869
3001,4073
3001,4254
3001,4388
3001,4899
3002,3186
3002,3225
3002,3281
3002,3654
3002,3868
3002,3883
3002,3960
3002,4065
3002,4281
3002,4768
3002,4976
3003,3214
3003,3443
3003,3714
3003,3797
3003,3917
3003,3958
3003,4160
3003,4264
3003,4309
3003,4745
3004,3175
3004,3382
3004,3540
3004,4628
3004,4826
3004,4998
3005,3094
3005,3095
3005,3184
3005,3199
3005,3233
3005,3269
3005,3291
3005,3482
3005,3574
3005,3937
3005,4000
3005,4023
3005,4274
3005,4384
3005,4716
3005,4737
3005,4858
3005,4897
3006,3319
3006,3545
3006,4024
3006,4287
3006,4327
3006,4451
3006,4574
3006,4632
3006,4645
3006,4995
3007,3632
3007,4232
3007,4398
3007,4756
3007,4881
3008,3140
3008,3387
3008,4133
3008,4504
3008,4647
3008,4852
3009,3072
3009,3507
3009,3716
3009,3903
3009,4246
3009,4438
3009,4640
3010,3186
3010,3306
3010,3309
3010,3512
3010,3594
3010,3605
3010,3652
3010,3852
3010,3981
3010,4276
3010,4332
3010,4849
3011,3185
3011,3360
3011,3617
3011,3628
3011,3756
3011,3801
3011,3861
3011,4091
3011,4157
3011,4313
3011,4417
3011,4445
3011,4778
3011,4927
3011,4951
3012,3314
3012,4546
3012,4859
3012,4969
3013,4213
3013,4311
3013,4545
3013,4622
3013,4686
3013,4910
3014,3016
3014,3295
3014,3479
3014,3670
3014,4326
3014,4935
3014,4952
3015,3183
3015,3198
3015,3483
3015,3503
3015,3888
3015,3965
3015,4299
3015,4306
3015,4419
3015,4442
3015,4471
3015,4605
3015,4723
3015,4939
3016,3157
3016,3271
3016,3835
3016,3857
3016,3966
3016,4011
3016,4315
3016,4328
3016,4626
3016,4695
3016,4703
3016,4886
3017,3300
3017,3405
3017,3534
3017,3620
3017,3856
3017,4006
3017,4017
3017,4284
3017,4778
3017,4796
3017,4902
3017,4983
3018,3088
3018,3145
3018,3261
3018,3343
3018,3352
3018,3476
3018,4081
3018,4384
3018,4759
3018,4805
3019,3110
3019,3237
3019,3445
3019,3537
3019,3671
3019,3722
3019,3916
3019,4047
3019,4161
3019,4422
3019,4644
3019,4702
3019,4768
3019,4941
3020,3070
3020,3388
3020,3991
3020,4331
3020,4348
3020,4952
3021,3162
3021,3364
3021,3505
3021,3555
3021,3622
3021,3745
3021,3970
3021,4261
3021,4315
3021,4814
3021,4980
3021,4989
3022,3127
3022,3230
3022,3476
3022,3783
3022,3823
3022,3898
3022,4007
3022,4338
3022,4451
3022,4541
3022,4658
3022,4723
3022,4733
3022,4869
3023,3380
3023,3688
3023,3761
3023,3809
3023,3893
3023,4315
3023,4803
3023,4832
3023,4842
3023,4856
3024,3026
3024,3107
3024,3139
3024,3218
3024,3532
3024,4477
3024,4971
3025,3226
3025,3287
3025,3299
3025,3910
3025,3947
3025,3986
3025,4170
3025,4186
3025,4596
3025,4739
3025,4888
3025,4898
3026,3412
3026,3496
3026,3707
3026,4168
3026,4207
3026,4531
3026,4704
3026,4791
3027,3088
3027,3122
3027,3201
3027,3539
3027,3675
3027,3946
3027,4830
3027,4986
3028,3101
3028,3423
3028,4204
3028,4481
3028,4499
3028,4636
3028,4723
3028,4816
3028,4855
3028,4954
3028,4965
3029,3034
3029,3038
3029,3167
3029,3459
3029,3705
3029,4004
3029,4550
3029,4585
3029,4606
3029,4668
3029,4850
3030,3177
3030,3581
3030,3614
3030,3624
3030,3641
3030,3765
3030,4298
3030,4503
3030,4959
3030,4976
3031,3231
3031,3354
3031,3598
3031,3605
3031,3790
3031,4190
3032,3038
3032,3173
3032,3181
3032,3463
3032,3525
3032,3543
3032,3728
3032,3738
3032,3740
3032,3927
3032,4160
3032,4355
3032,4481
3032,4721
3032,4738
3033,3811
3033,4113
3033,4405
3033,4558
3033,4606
3033,4673
3033,4729
3033,4924
3033,4956
3034,3290
3034,3345
3034,3528
3034,4124
3034,4532
3034,4714
3034,4939
3035,3088
3035,3272
3035,3709
3035,3995
3035,4080
3035,4115
3035,4175
3035,4392
3035,4538
3035,4655
3035,4694
3035,4864
3035,4905
3036,3255
3036,3981
3036,4233
3036,4288
3036,4301
3036,4520
3036,4550
3036,4915
3037,3200
3037,3579
3037,4035
3037,4185
3037,4547
3037,4733
3037,4953
3038,3092
3038,3232
3038,3845
3038,3921
3038,3970
3038,4208
3038,4689
3038,4776
3038,4846
3038,4940
3039,3157
3039,3481
3039,3964
3039,4424
3039,4641
3039,4654
3039,4843
3040,3117
3040,3187
3040,3339
3040,3374
3040,4007
3040,4209
3040,4230
3040,4257
3040,4544
3041,3198
3041,3236
3041,3255
3041,3340
3041,3392
3041,3460
3041,3898
3041,4030
3041,4504
3041,4522
3041,4556
3041,4576
3041,4827
3042,3121
3042,3583
3042,3650
3042,3660
3042,3825
3042,3920
3042,4168
3042,4187
3042,4301
3042,4304
3042,4329
3042,4401
3042,4638
3042,4664
3042,4680
3043,3076
3043,3153
3043,3857
3043,4132
3043,4209
3043,4319
3043,4407
3044,3076
3044,3482
3044,3678
3044,3904
3044,4264
3044,4268
3044,4412
3044,4428
3045,3224
3045,3324
3045,3493
3045,3568
3045,3636
3045,3859
3045,3902
3045,3917
3045,4268
3045,4309
3045,4607
3045,4717
3046,3369
3046,3489
3046,3509
3046,3528
3046,3858
3046,3957
3046,4084
3046,4191
3046,4872
3047,3073
3047,3240
3047,3304
3047,3415
3047,3617
3047,3703
3047,3839
3047,3852
3047,3881
3047,3895
3047,4062
3047,4231
3047,4614
3047,4663
3047,4908
3048,3172
3048,3472
3048,3479
3048,3576
3048,3581
3048,3716
3048,3965
3048,3966
3048,4056
3048,4259
3048,4358
3048,4655
3048,4963
3048,4979
3049,3089
3049,3304
3049,3466
3049,3597
3049,4213
3049,4316
3049,4364
3049,4783
3050,3779
3050,3831
3050,4045
3050,4333
3050,4545
3050,4723
3050,4872
3051,3113
3051,3892
3051,3961
3051,4071
3051,4644
3051,4694
3052,3545
3052,3753
3052,3906
3052,3998
3052,4015
3052,4164
3052,4610
3052,4784
3053,3277
3053,3316
3053,3472
3053,3547
3053,3635
3053,3667
3053,3787
3053,3834
3053,4027
3053,4684
3053,4686
3053,4761
3054,3235
3054,3361
3054,3375
3054,3539
3054,3635
3054,3833
3054,3898
3054,3997
3055,3174
3055,3439
3055,3627
3055,3631
3055,3642
3055,3690
3055,3712
3055,3816
3055,4301
3055,4373
3055,4612
3055,4739
3055,4751
3055,4766
3055,4774
3055,4910
3056,3250
3056,3553
3056,3686
3056,3972
3056,4241
3056,4293
3056,4480
3056,4505
3056,4544
3056,4587
3056,4699
3056,4737
3057,3311
3057,3717
3057,3729
3057,3733
3057,3809
3057,3870
3057,4062
3057,4428
3057,4483
3057,4484
3057,4553
3058,3274
3058,3449
3058,3510
3058,3869
3058,4316
3058,4567
3058,4884
3059,3154
3059,3547
3059,3656
3059,3861
3059,3970
3059,3996
3059,4430
3059,4512
3059,4540
3059,4797
3059,4818
3060,3141
3060,3173
3060,3354
3060,3373
3060,3527
3060,3529
3060,3566
3060,3896
3060,3901
3060,4028
3060,4031
3060,4294
3060,4474
3060,4791
3060,4937
3061,3136
3061,3689
3061,3849
3061,3945
3061,4148
3061,4416
3061,4451
3062,3090
3062,3571
3062,3871
3062,4013
3062,4185
3062,4209
3062,4556
3062,4744
3063,3419
3063,3537
3063,3749
3063,4169
3063,4421
3063,4435
3063,4570
3063,4633
3064,3101
3064,3350
3064,3356
3064,3534
3064,4153
3064,4252
3064,4402
3064,4805
3065,3271
3065,3638
3065,3682
3065,3948
3065,4263
3065,4735
3065,4824
3066,3124
3066,3221
3066,3245
3066,3992
3066,4039
3066,4170
3066,4173
3066,4597
3066,4653
3066,4952
3067,3191
3067,3263
3067,3596
3067,3754
3067,3946
3067,4141
3067,4352
3067,4516
3067,4723
3067,4966
3068,3158
3068,3166
3068,3381
3068,3395
3068,3847
3068,4637
3068,4680
3069,3310
3069,3340
3069,3781
3069,4058
3069,4210
3070,3424
3070,3537
3070,3575
3070,3581
3070,3913
3070,3922
3070,4124
3070,4161
3070,4205
3070,4355
3070,4363
3070,4478
3070,4506
3070,4807
3071,3238
3071,3727
3071,3989
3071,4724
3071,4736
3071,4801
3071,4810
3071,4936
3072,3243
3072,3313
3072,3614
3072,3776
3072,3997
3072,4126
3072,4198
3072,4495
3072,4726
3072,4968
3073,3088
3073,3105
3073,3394
3073,3459
3073,3659
3073,3762
3073,4041
3073,4234
3074,3105
3074,3347
3074,3668
3074,3697
3074,3878
3074,3898
3074,4088
3074,4662
3074,4938
3075,3149
3075,3212
3075,3573
3075,3625
3075,3640
3075,3895
3075,4053
3075,4261
3075,4296
3075,4701
3075,4874
3076,3128
3076,3183
3076,3193
3076,3277
3076,3512
3076,3739
3076,4271
3076,4395
3076,4426
3076,4715
3076,4784
3077,3231
3077,3265
3077,3306
3077,3550
3077,3695
3077,3699
3077,3743
3077,3843
3077,4158
3077,4270
3077,4282
3077,4691
3077,4878
3077,4904
3078,3241
3078,3248
3078,3509
3078,3579
3078,3748
3078,3778
3078,4892
3078,4979
3079,3305
3079,3355
3079,3406
3079,3480
3079,4051
3079,4118
3079,4545
3079,4666
3079,4767
3079,4997
3080,3275
3080,3599
3080,3709
3080,3939
3080,4011
3080,4080
3080,4485
3080,4576
3080,4693
3080,4863
3080,4921
3081,3203
3081,3259
3081,3344
3081,3430
3081,3444
3081,3512
3081,4233
3081,4468
3081,4518
3081,4757
3082,3242
3082,3837
3082,3930
3082,3968
3082,4215
3082,4487
3082,4650
3082,4766
3083,3088
3083,3612
3083,3850
3083,3860
3083,3870
3083,3893
3083,4137
3083,4670
3083,4776
3083,4872
3083,4968
3084,3116
3084,3478
3084,3524
3084,3549
3084,3677
3084,3770
3084,3876
3084,3973
3084,4293
3084,4372
3084,4406
3084,4432
3084,4526
3084,4594
3084,4666
3084,4726
3084,4800
3084,4829
3085,3128
3085,3594
3085,4066
3085,4112
3085,4151
3085,4361
3085,4985
3086,3366
3086,3381
3086,3524
3086,3654
3086,3987
3086,4051
3086,4427
3086,4643
3086,4840
3086,4873
3086,4929
3087,3152
3087,3201
3087,3417
3087,3472
3087,3530
3087,3699
3087,3729
3087,4108
3087,4195
3087,4307
3087,4544
3087,4735
3088,3177
3088,3196
3088,3556
3088,3834
3088,4059
3088,4078
3088,4104
3088,4279
3088,4400
3088,4435
3088,4469
3088,4969
3089,4206
3089,4365
3089,4381
3089,4940
3089,4956
3090,3151
3090,3195
3090,3328
3090,4173
3090,4775
3090,4976
3091,3219
3091,3229
3091,3518
3091,3738
3091,3876
3091,3900
3091,3922
3091,4300
3091,4322
3091,4546
3091,4561
3091,4746
3092,3298
3092,3724
3092,4068
3092,4139
3092,4226
3092,4288
3092,4682
3092,4728
3093,3544
3093,3619
3093,3941
3093,4057
3093,4467
3093,4735
3093,4864
3094,3166
3094,3395
3094,3426
3094,3476
3094,3594
3094,3611
3094,3761
3094,3837
3094,3841
3094,4103
3094,4165
3094,4352
3094,4567
3094,4692
3094,4762
3094,4811
3094,4971
3095,3237
3095,3296
3095,3722
3095,3937
3095,4022
3095,4045
3095,4279
3095,4479
3095,4506
3095,4684
3095,4758
3095,4846
3095,4899
3096,3280
3096,3486
3096,3670
3096,3837
3096,4059
3096,4369
3096,4521
3096,4612
3096,4878
3097,3364
3097,3744
3097,4986
3098,3325
3098,3354
3098,3561
3098,4168
3098,4719
3098,4792
3098,4883
3099,3410
3099,3507
3099,3697
3099,3797
3099,3880
3099,3965
3099,4205
3099,4387
3099,4404
3099,4550
3099,4910
3100,3266
3100,3324
3100,3330
3100,3384
3100,3400
3100,3800
3100,3874
3100,4124
3100,4356
3100,4651
3100,4674
3100,4796
3101,3444
3101,3454
3101,4216
3101,4248
3101,4268
3101,4282
3101,4463
3101,4590
3101,4962
3102,3113
3102,3827
3102,3994
3102,4008
3102,4220
3102,4435
3102,4795
3102,4943
3103,3149
3103,3447
3103,3556
3103,3579
3103,3726
3103,3772
3103,3785
3103,4011
3103,4114
3103,4299
3103,4401
3103,4482
3103,4507
3103,4847
3104,3269
3104,3519
3104,3553
3104,3818
3104,3963
3104,4185
3104,4893
3105,3234
3105,3263
3105,3558
3105,3726
3105,3866
3105,4389
3105,4553
3105,4726
3105,4763
3105,4937
3105,4961
3106,3135
3106,3464
3106,3807
3106,4019
3106,4337
3106,4372
3106,4519
3106,4561
3106,4989
3107,3239
3107,3370
3107,3512
3107,3630
3107,3899
3107,4476
3107,4493
3107,4741
3107,4884
3107,4917
3108,3121
3108,3140
3108,3658
3108,3879
3108,3996
3108,4168
3108,4424
3108,4531
3109,3346
3109,3576
3109,3708
3109,3865
3109,3874
3109,4235
3109,4722
3110,3140
3110,3196
3110,3534
3110,3699
3110,3874
3110,4009
3110,4050
3110,4126
3110,4389
3110,4435
3110,4568
3110,4618
3110,4676
3110,4805
3111,3230
3111,3373
3111,3488
3111,3689
3111,3851
3111,4641
3111,4819
3111,4923
3112,3325
3112,3742
3112,4187
3112,4275
3112,4287
3112,4403
3112,4650
3113,3179
3113,3185
3113,3241
3113,3454
3113,3531
3113,3532
3113,3553
3113,3590
3113,3843
3113,3880
3113,4037
3113,4046
3113,4093
3113,4261
3113,4482
3113,4490
3113,4526
3113,4626
3113,4791
3114,3298
3114,3417
3114,3600
3114,3641
3114,3706
3114,3717
3114,3874
3114,3928
3114,3940
3114,4216
3114,4327
3114,4462
3114,4525
3114,4631
3114,4807
3114,4891
3115,3190
3115,3222
3115,3234
3115,3503
3115,3695
3115,3767
3115,3848
3115,3891
3115,3901
3115,3933
3115,4311
3115,4467
3115,4502
3115,4844
3116,3177
3116,3225
3116,3307
3116,3354
3116,3823
3116,3869
3116,3874
3116,4147
3116,4350
3116,4366
3116,4422
3116,4574
3116,4798
3117,3174
3117,3192
3117,3548
3117,3605
3117,3656
3117,3866
3117,3952
3117,4482
3118,3343
3118,3464
3118,3472
3118,3491
3118,3923
3118,4517
3118,4584
3118,4658
3118,4809
3118,4865
3119,3260
3119,3597
3119,3854
3119,3998
3120,3432
3120,3717
3120,3741
3120,3886
3120,4114
3120,4288
3120,4332
3120,4407
3120,4729
3120,4784
3121,3332
3121,3461
3121,3829
3121,4147
3121,4468
3121,4597
3121,4834
3121,4853
3121,4983
3122,4133
3122,4149
3122,4311
3122,4458
3122,4522
3122,4571
3122,4690
3122,4821
3122,4823
3123,3283
3123,3454
3123,3570
3123,3980
3123,4007
3123,4074
3123,4075
3123,4741
3123,4816
3123,4889
3124,3469
3124,3719
3124,3809
3124,3909
3124,4013
3124,4020
3124,4343
3124,4387
3124,4593
3124,4930
3125,3156
3125,3310
3125,3361
3125,3721
3125,3901
3125,4711
3125,4732
3125,4760
3126,3143
3126,3276
3126,3792
3126,3811
3126,4215
3126,4827
3127,3171
3127,3256
3127,3524
3127,3610
3127,3788
3127,4616
3127,4759
3127,4816
3128,3376
3128,3673
3128,3827
3128,3884
3128,4018
3128,4226
3128,4428
3128,4511
3128,4607
3128,4853
3128,4887
3129,3153
3129,3182
3129,3890
3129,4058
3129,4205
3129,4306
3129,4320
3129,4347
3129,4394
3129,4661
3129,4693
3129,4831
3130,3166
3130,3284
3130,3764
3130,3902
3130,4482
3130,4754
3130,4981
3131,3177
3131,3196
3131,3526
3131,4167
3131,4268
3132,3536
3132,3539
3132,3716
3132,3774
3132,3901
3132,4803
3132,4855
3133,3389
3133,3631
3133,3804
3133,4177
3133,4212
3133,4351
3133,4472
3133,4495
3133,4599
3133,4672
3133,4681
3133,4744
3134,3213
3134,3259
3134,3351
3134,3700
3134,4065
3134,4204
3134,4268
3134,4309
3134,4439
3134,4591
3134,4680
3135,3334
3135,3907
3135,3986
3135,4241
3135,4301
3135,4669
3135,4832
3135,4847
3136,3293
3136,3316
3136,3635
3136,3686
3136,4004
3136,4509
3136,4512
3136,4616
3136,4758
3137,3315
3137,3491
3137,3683
3137,3715
3137,4047
3137,4394
3137,4720
3137,4799
3138,3185
3138,3476
3138,3977
3138,4210
3138,4391
3138,4406
3138,4708
3138,4874
3138,4919
3138,4920
3139,3158
3139,3178
3139,3382
3139,3547
3139,3605
3139,3820
3139,3826
3139,3829
3139,4220
3139,4726
3140,3170
3140,3764
3140,3915
3140,4188
3140,4270
3140,4397
3140,4659
3140,4999
3141,3730
3141,3736
3141,3834
3141,4755
3141,4972
3141,4994
3142,3665
3142,3766
3142,4491
3142,4863
3143,3327
3143,3553
3143,3647
3143,3660
3143,3708
3143,3863
3143,4077
3143,4513
3143,4516
3143,4691
3144,3153
3144,3476
3144,3538
3144,3598
3144,3666
3144,3890
3144,4098
3144,4320
3144,4719
3144,4847
3145,3303
3145,3666
3145,3673
3145,3690
3145,3743
3145,3790
3145,3862
3145,4143
3145,4249
3145,4483
3145,4519
3145,4553
3145,4583
3145,4592
3145,4615
3145,4788
3145,4794
3145,4986
3146,3453
3146,3943
3146,4287
3146,4876
3146,4948
3146,4973
3147,3622
3147,3675
3147,3685
3147,3963
3147,4043
3147,4138
3147,4394
3147,4409
3147,4527
3147,4555
3147,4699
3147,4854
3147,4865
3148,3299
3148,3397
3148,3665
3148,3679
3148,3787
3148,3976
3148,4438
3148,4926
3149,3200
3149,3202
3149,3255
3149,3766
3149,3816
3149,4002
3149,4094
3149,4206
3149,4238
3149,4389
3149,4424
3149,4501
3149,4576
3149,4830
3149,4851
3150,3285
3150,3439
3150,3871
3150,4255
3150,4503
3150,4678
3151,3283
3151,3474
3151,3676
3151,3831
3151,4331
3151,4520
3151,4609
3151,4773
3152,3582
3152,3656
3152,3840
3152,3905
3152,3970
3152,4076
3152,4155
3152,4168
3152,4231
3152,4360
3153,3459
3153,3713
3153,3899
3153,4018
3153,4406
3153,4407
3153,4428
3153,4573
3153,4717
3154,3172
3154,3210
3154,3311
3154,3382
3154,3710
3154,3771
3154,4465
3154,4478
3154,4750
3155,3178
3155,3366
3155,3712
3155,3808
3155,4150
3155,4359
3155,4542
3155,4565
3155,4589
3155,4645
3155,4678
3155,4844
3155,4855
3155,4868
3156,3222
3156,3494
3156,3530
3156,3653
3156,3767
3156,4092
3156,4125
3156,4643
3156,4886
3157,3275
3157,3323
3157,3385
3157,3968
3157,4271
3157,4428
3158,3209
3158,3233
3158,3623
3158,3810
3158,4266
3158,4432
3158,4462
3158,4540
3158,4650
3158,4659
3158,4803
3158,4842
3159,3189
3159,3394
3159,3571
3159,4233
3159,4330
3159,4478
3159,4690
3160,3181
3160,3487
3160,3640
3160,3739
3160,3823
3160,3982
3160,4086
3160,4735
3160,4771
3161,3335
3161,3371
3161,3434
3161,3509
3161,3995
3161,4158
3161,4247
3161,4371
3161,4506
3161,4645
3161,4702
3161,4881
3161,4996
3162,3219
3162,3636
3162,3682
3162,3744
3162,3784
3162,3795
3162,3820
3162,3880
3162,4067
3162,4217
3162,4420
3162,4664
3162,4741
3163,3232
3163,3348
3163,3475
3163,3662
3163,3732
3163,3789
3163,4366
3163,4732
3164,3374
3164,3376
3164,3498
3164,3598
3164,3835
3164,3891
3164,4150
3164,4370
3164,4428
3164,4743
3164,4860
3165,3499
3165,3503
3165,3560
3165,3859
3165,3883
3165,4035
3165,4289
3165,4309
3165,4391
3165,4455
3165,4681
3165,4806
3166,3329
3166,3399
3166,3578
3166,3607
3166,3615
3166,3778
3166,4050
3166,4092
3166,4112
3166,4117
3166,4501
3166,4571
3166,4592
3166,4643
3166,4889
3167,3389
3167,4438
3167,4771
3167,4802
3168,3175
3168,3240
3168,3241
3168,4227
3168,4399
3168,4854
3169,3292
3169,4074
3169,4099
3169,4114
3169,4469
3169,4595
3169,4663
3169,4777
3169,4942
3169,4963
3170,3306
3170,3354
3170,3368
3170,3391
3170,3467
3170,3649
3170,3675
3170,3919
3170,4369
3170,4400
3170,4401
3170,4441
3170,4628
3171,3599
3171,3733
3171,3844
3171,4191
3171,4362
3171,4383
3171,4722
3171,4757
3171,4928
3171,4982
3172,3488
3172,3728
3173,3299
3173,3400
3173,3578
3173,3601
3173,3693
3173,3825
3173,3906
3173,4197
3173,4408
3173,4456
3173,4482
3173,4756
3174,3556
3174,3781
3174,4043
3174,4730
3174,4801
3174,4849
3174,4891
3175,3327
3175,3603
3175,3717
3175,3754
3175,3756
3175,4015
3175,4152
3175,4167
3175,4209
3175,4412
3175,4458
3175,4500
3175,4528
3175,4719
3176,3580
3176,3976
3176,4075
3176,4192
3176,4251
3176,4277
3176,4315
3176,4723
3176,4862
3177,3688
3177,3785
3177,3947
3177,3986
3177,4016
3177,4087
3177,4177
3177,4311
3177,4751
3177,4799
3178,3372
3178,3452
3178,3508
3178,3826
3178,3942
3178,3957
3178,4136
3178,4266
3178,4764
3178,4979
3179,3403
3179,3592
3179,3629
3179,3706
3179,3925
3179,4002
3179,4319
3180,3229
3180,3317
3180,3410
3180,3489
3180,3722
3180,3900
3180,4175
3180,4345
3180,4487
3180,4774
3180,4841
3180,4913
3181,3586
3181,3866
3181,4103
3181,4217
3182,3229
3182,3515
3182,3593
3182,3610
3182,3933
3182,4336
3182,4473
3182,4571
3182,4685
3182,4843
3182,4934
3183,3403
3183,3543
3183,3561
3183,3985
3183,4054
3183,4123
3183,4128
3183,4408
3183,4409
3183,4637
3183,4639
3183,4777
3184,3737
3184,4014
3184,4051
3184,4324
3184,4428
3184,4734
3184,4847
3185,3351
3185,3404
3185,3421
3185,3812
3185,3879
3185,3986
3185,4843
3186,3531
3186,3647
3186,3829
3186,3908
3186,4024
3186,4076
3186,4513
3186,4620
3186,4622
3186,4696
3186,4804
3186,4965
3187,3438
3187,3504
3187,3570
3187,3619
3187,3708
3187,4003
3187,4165
3187,4625
3187,4699
3188,3222
3188,3230
3188,3231
3188,3257
3188,3348
3188,3768
3188,3878
3188,3959
3188,4576
3189,3267
3189,3546
3189,3639
3189,4271
3189,4429
3189,4444
3189,4527
3189,4940
3190,3377
3190,3436
3190,3537
3190,3846
3190,3888
3190,3913
3190,3995
3190,4220
3190,4303
3190,4622
3191,3604
3191,3802
3191,4275
3191,4397
3191,4563
3191,4580
3191,4713
3192,3574
3192,3592
3192,4141
3192,4907
3193,3270
3193,3442
3193,3443
3193,3498
3193,3846
3193,4017
3193,4024
3193,4043
3193,4127
3193,4712
3193,4743
3193,4882
3194,3362
3194,3658
3194,3817
3194,3965
3194,4091
3194,4203
3194,4362
3194,4463
3194,4527
3194,4654
3194,4768
3194,4945
3195,3880
3195,3958
3195,3966
3195,4158
3195,4641
3195,4666
3195,4811
3196,3217
3196,3285
3196,3464
3196,3476
3196,4167
3196,4491
3196,4531
3196,4656
3196,4701
3197,3485
3197,3507
3197,3564
3197,3701
3197,3765
3197,4227
3198,3236
3198,3245
3198,3610
3198,3731
3198,3879
3198,3929
3198,4152
3198,4377
3198,4632
3198,4707
3198,4955
3199,3533
3199,3740
3199,3994
3199,4039
3199,4081
3199,4342
3199,4362
3199,4368
3199,4400
3199,4412
3199,4616
3199,4660
3199,4828
3199,4893
3200,3424
3200,3503
3200,3512
3200,3552
3200,3830
3200,3893
3200,4086
3200,4191
3200,4265
3200,4388
3200,4525
3200,4982
3201,3238
3201,3304
3201,3415
3201,3584
3201,3682
3201,3881
3201,4048
3201,4072
3201,4343
3201,4809
3201,4976
3202,3354
3202,4236
3202,4393
3202,4496
3202,4905
3203,3234
3203,3303
3203,3316
3203,3519
3203,3745
3203,3878
3203,4061
3203,4127
3203,4368
3203,4584
3204,3342
3204,3400
3204,3433
3204,3533
3204,3795
3204,4010
3204,4160
3204,4187
3204,4306
3204,4395
3205,3315
3205,3438
3205,3478
3205,3496
3205,3781
3205,3872
3205,3971
3205,4123
3205,4373
3205,4396
3205,4628
3205,4768
3205,4957
3206,3666
3206,3867
3206,4382
3206,4844
3207,3406
3207,4297
3207,4405
3207,4727
3208,3389
3208,3451
3208,3712
3208,3799
3208,3912
3208,4088
3208,4305
3208,4448
3208,4493
3208,4571
3208,4688
3208,4900
3208,4908
3209,3213
3209,3217
3209,3256
3209,3551
3209,3609
3209,4230
3209,4299
3209,4390
3209,4536
3209,4675
3210,3304
3210,3534
3210,3710
3210,3748
3210,3815
3210,3898
3210,3906
3210,4066
3210,4114
3210,4141
3210,4434
3210,4561
3210,4664
3210,4945
3211,3319
3211,3400
3211,3655
3211,3868
3211,4167
3211,4224
3211,4387
3211,4468
3211,4852
3211,4915
3212,3264
3212,3268
3212,3951
3212,4027
3212,4248
3212,4393
3212,4824
3213,3224
3213,3276
3213,3304
3213,3331
3213,3514
3213,3593
3213,4492
3213,4693
3214,3580
3214,3637
3214,3685
3214,3686
3214,3690
3214,3771
3214,3875
3214,4087
3214,4214
3214,4369
3214,4465
3214,4671
3214,4857
3214,4915
3215,3366
3215,4035
3215,4114
3215,4152
3215,4507
3215,4594
3215,4671
3215,4706
3215,4754
3215,4849
3215,4891
3216,3323
3216,3329
3216,3448
3216,3535
3216,3818
3216,3978
3216,4284
3216,4363
3216,4722
3216,4752
3217,3451
3217,3535
3217,3580
3217,4150
3217,4263
3217,4342
3217,4373
3217,4732
3217,4818
3217,4860
3218,3293
3218,3556
3218,3685
3218,3953
3218,4370
3218,4728
3219,3601
3219,3963
3219,4859
3220,3237
3220,3345
3220,3352
3220,4078
3220,4399
3220,4429
3220,4489
3220,4978
3221,3229
3221,3705
3221,3780
3221,4048
3221,4198
3221,4297
3221,4567
3222,3470
3222,3543
3222,4136
3222,4158
3222,4244
3222,4348
3222,4524
3222,4675
3223,3380
3223,3386
3223,3551
3223,3635
3223,3715
3223,3882
3223,4046
3223,4050
3223,4660
3223,4810
3223,4880
3224,3594
3224,3939
3224,4082
3224,4130
3224,4337
3224,4532
3224,4580
3224,4637
3224,4813
3224,4995
3225,3263
3225,3321
3225,3621
3225,3765
3225,4076
3225,4117
3225,4508
3225,4653
3226,3652
3226,3714
3226,4305
3226,4393
3226,4422
3226,4589
3226,4747
3226,4759
3226,4984
3227,3229
3227,3316
3227,3424
3227,3583
3227,3688
3227,3876
3227,4119
3228,3545
3228,3585
3228,3651
3228,3747
3228,3779
3228,3798
3228,3873
3228,3974
3228,4134
3228,4450
3228,4914
3228,4919
3228,4962
3229,3256
3229,3562
3229,3711
3229,3935
3229,4030
3229,4244
3229,4311
3229,4508
3229,4951
3230,3419
3230,3446
3230,3910
3230,3939
3230,4072
3230,4080
3230,4118
3230,4197
3230,4307
3230,4427
3230,4649
3230,4793
3230,4903
3231,3439
3231,3450
3231,3468
3231,3688
3231,3971
3231,3987
3231,4309
3231,4405
3231,4845
3232,3510
3232,3616
3232,3880
3232,3926
3232,4066
3232,4232
3232,4329
3232,4393
3232,4622
3232,4778
3232,4802
3233,3570
3233,3675
3233,3682
3233,3796
3233,3830
3233,4110
3233,4179
3233,4232
3233,4319
3233,4513
3233,4672
3233,4697
3234,3243
3234,3407
3234,3622
3234,3868
3234,4030
3234,4080
3234,4113
3234,4190
3234,4335
3234,4378
3234,4498
3234,4500
3234,4623
3234,4630
3235,3644
3235,3854
3235,4012
3235,4127
3235,4224
3235,4327
3235,4390
3235,4452
3235,4586
3235,4655
3235,4731
3236,3530
3236,3536
3236,3717
3236,3732
3236,4079
3236,4111
3236,4153
3236,4251
3236,4809
3236,4999
3237,3423
3237,3502
3237,3580
3237,3734
3237,3781
3237,4266
3237,4457
3237,4635
3238,3292
3238,3366
3238,3423
3238,3537
3238,4267
3238,4497
3238,4534
3238,4543
3238,4941
3239,3715
3239,3828
3239,3837
3239,4123
3239,4315
3239,4624
3239,4754
3240,3720
3240,3820
3240,3932
3240,4132
3240,4159
3240,4289
3240,4542
3240,4756
3240,4919
3240,4927
3241,3357
3241,3382
3241,3865
3241,3867
3241,4102
3241,4118
3241,4141
3241,4148
3241,4322
3241,4538
3241,4642
3241,4892
3242,3359
3242,3498
3242,3840
3242,3852
3242,4068
3242,4148
3242,4151
3242,4393
3242,4403
3242,4813
3243,3272
3243,3290
3243,3349
3243,3643
3243,3656
3243,4018
3243,4062
3243,4396
3243,4490
3244,3464
3244,4358
3244,4567
3244,4989
3245,3254
3245,3430
3245,3536
3245,3598
3245,3694
3245,3955
3245,4088
3245,4212
3245,4258
3245,4589
3245,4734
3245,4770
3246,3777
3246,4024
3246,4068
3246,4203
3246,4490
3246,4627
3246,4632
3246,4673
3246,4770
3246,4808
3246,4918
3247,3642
3247,3887
3247,3951
3247,4800
3248,3585
3248,3859
3248,3974
3248,4076
3248,4131
3248,4292
3248,4389
3248,4407
3248,4438
3248,4516
3248,4824
3249,3875
3249,4770
3249,4900
3249,4910
3249,4922
3250,3260
3250,3466
3250,3602
3250,3619
3250,4027
3250,4206
3250,4318
3250,4329
3250,4688
3250,4819
3251,3273
3251,3569
3251,3585
3251,4048
3251,4271
3251,4349
3251,4796
3252,3290
3252,3580
3252,3583
3252,3701
3252,3758
3252,3944
3252,4431
3252,4873
3252,4964
3253,3382
3253,3390
3253,3435
3253,3450
3253,3984
3253,4084
3253,4214
3253,4263
3253,4525
3253,4598
3253,4896
3254,3261
3254,3386
3254,3393
3254,3511
3254,3837
3254,4409
3254,4585
3254,4777
3254,4867
3255,3309
3255,3445
3255,3680
3255,3740
3255,3995
3255,4084
3255,4543
3256,3272
3256,3397
3256,3742
3256,3980
3256,4579
3256,4611
3256,4634
3256,4912
3257,3404
3257,4118
3257,4602
3257,4669
3257,4764
3258,3482
3258,3496
3258,3519
3258,3591
3258,3630
3258,3757
3258,3905
3258,4011
3258,4126
3258,4363
3258,4553
3258,4942
3259,3341
3259,3516
3259,3647
3259,3942
3259,4756
3259,4901
3260,3281
3260,3661
3260,3833
3260,4046
3260,4183
3260,4561
3260,4628
3260,4838
3261,3482
3261,3544
3261,3696
3261,4202
3261,4570
3261,4753
3261,4882
3261,4897
3262,3496
3262,3526
3262,3532
3262,3563
3262,3616
3262,3640
3262,3698
3262,3717
3262,4185
3262,4294
3262,4588
3262,4701
3262,4860
3263,3650
3263,4026
3263,4073
3263,4581
3263,4613
3263,4696
3263,4861
3263,4878
3264,3326
3264,3492
3264,3863
3264,3870
3264,4419
3264,4464
3264,4578
3265,3431
3265,3469
3265,3552
3265,3850
3265,3899
3265,3953
3265,3971
3265,4431
3265,4609
3265,4890
3266,3442
3266,3522
3266,3630
3266,3980
3266,4375
3266,4443
3266,4461
3266,4518
3266,4634
3266,4923
3267,3515
3267,3604
3267,3614
3267,3714
3267,4280
3267,4391
3267,4410
3267,4422
3267,4731
3267,4816
3267,4820
3267,4983
3268,3332
3268,3405
3268,3498
3268,3648
3268,3693
3268,3750
3268,3776
3268,3893
3268,4088
3268,4142
3268,4338
3268,4816
3269,3454
3269,3523
3269,3550
3269,3703
3269,3888
3269,4036
3269,4074
3269,4145
3269,4481
3269,4605
3269,4671
3269,4816
3269,4916
3270,3421
3270,3449
3270,3724
3270,4123
3271,3551
3271,3766
3271,4344
3271,4396
3272,3498
3272,3542
3272,3706
3272,3732
3272,3783
3272,3821
3272,3994
3272,4014
3272,4147
3272,4304
3272,4305
3272,4453
3272,4465
3272,4483
3272,4508
3272,4705
3272,4940
3273,3410
3273,3446
3273,3827
3273,4230
3273,4286
3274,3424
3274,3526
3274,3817
3274,4564
3274,4717
3274,4831
3275,3280
3275,3573
3275,3664
3275,3720
3275,3926
3275,3935
3275,4037
3275,4252
3275,4311
3275,4477
3275,4953
3275,4984
3276,3680
3276,3701
3276,3750
3276,3812
3276,3894
3276,4370
3276,4374
3276,4419
3276,4428
3277,3619
3277,3697
3277,3769
3277,3916
3277,4434
3277,4794
3277,4833
3277,4977
3278,3561
3278,3636
3278,3694
3278,3817
3278,3902
3278,4018
3278,4164
3278,4182
3278,4602
3278,4660
3278,4681
3278,4735
3278,4915
3279,3467
3279,3637
3279,3641
3279,3663
3279,3759
3279,3975
3279,3993
3279,4493
3279,4606
3279,4637
3279,4701
3279,4974
3280,4135
3280,4531
3280,4761
3281,3347
3281,3373
3281,3747
3281,4096
3281,4154
3281,4690
3281,4883
3281,4886
3282,3454
3282,3509
3282,4215
3282,4377
3282,4403
3282,4514
3282,4794
3282,4962
3283,3409
3283,3576
3283,3695
3283,3796
3283,4010
3283,4117
3283,4144
3283,4322
3283,4363
3283,4407
3283,4724
3284,3587
3284,3770
3284,3996
3284,4054
3284,4075
3284,4448
3284,4638
3284,4735
3285,3404
3285,3486
3285,3696
3285,3760
3285,3773
3285,3798
3285,3812
3285,4051
3285,4117
3285,4412
3286,3326
3286,3380
3286,3783
3286,4023
3286,4200
3286,4533
3286,4555
3286,4811
3286,4900
3286,4945
3287,3414
3287,4079
3287,4554
3287,4558
3287,4603
3287,4685
3287,4881
3288,3381
3288,3563
3288,3597
3288,3614
3288,3899
3288,3969
3288,4288
3289,3591
3289,3634
3289,3645
3289,3851
3289,3919
3289,3937
3289,4157
3289,4273
3289,4400
3289,4682
3289,4879
3290,3348
3290,3371
3290,3545
3290,3717
3290,3848
3290,3990
3290,4128
3290,4346
3290,4972
3291,3322
3291,3368
3291,3379
3291,3432
3291,3811
3291,3924
3291,4254
3291,4364
3291,4456
3291,4581
3291,4871
3292,3296
3292,3402
3292,3967
3292,3995
3292,4023
3292,4139
3292,4157
3292,4346
3292,4515
3292,4712
3292,4848
3293,3534
3293,3704
3293,3715
3293,3727
3293,4011
3293,4214
3293,4492
3293,4752
3293,4917
3293,4982
3294,3523
3294,3808
3294,3871
3294,4001
3294,4019
3294,4050
3294,4135
3294,4775
3295,3658
3295,3983
3296,3478
3296,4035
3296,4116
3296,4340
3296,4540
3296,4558
3296,4698
3296,4828
3296,4864
3296,4999
3297,3316
3297,3471
3297,3665
3297,3829
3297,4333
3297,4352
3297,4385
3297,4449
3297,4453
3297,4615
3298,3535
3298,3540
3298,3905
3298,3921
3298,3959
3298,4477
3298,4653
3298,4674
3298,4811
3298,4937
3299,3418
3299,3579
3299,3752
3299,3823
3299,3924
3299,4368
3299,4417
3299,4627
3299,4787
3299,4834
3300,3302
3300,3376
3300,4073
3300,4091
3300,4117
3300,4137
3300,4138
3300,4208
3300,4225
3300,4241
3300,4301
3300,4611
3300,4619
3300,4748
3301,3496
3301,4216
3301,4226
3301,4689
3301,4714
3301,4800
3301,4828
3302,3376
3302,3458
3302,3462
3302,3516
3302,3536
3302,3688
3302,3705
3302,3772
3302,3815
3302,4049
3302,4296
3302,4523
3302,4908
3302,4975
3303,3320
3303,3600
3303,4310
3303,4668
3303,4727
3304,3631
3304,3658
3304,3690
3304,3885
3304,4196
3304,4249
3304,4303
3304,4840
3305,3420
3305,3427
3305,4519
3305,4545
3305,4793
3305,4874
3306,3373
3306,3840
3306,3906
3306,4052
3306,4574
3306,4808
3307,3408
3307,3478
3307,3546
3307,3618
3307,3652
3307,3668
3307,4132
3307,4163
3307,4168
3307,4199
3307,4206
3308,3495
3308,3558
3308,3874
3308,4075
3308,4115
3308,4370
3308,4434
3308,4577
3308,4661
3308,4705
3308,4905
3309,3353
3309,3388
3309,3613
3309,3792
3309,3834
3309,4053
3309,4190
3309,4233
3309,4793
3309,4890
3310,3416
3310,3540
3310,3581
3310,3681
3310,3696
3310,3776
3310,3917
3310,4377
3310,4557
3310,4702
3310,4729
3310,4932
3311,3714
3311,3923
3311,3965
3311,3982
3311,4291
3311,4709
3311,4773
3312,3704
3312,3740
3312,3830
3312,4105
3312,4613
3312,4791
3312,4795
3312,4905
3313,3570
3313,3581
3313,4485
3314,3396
3314,3563
3314,3954
3314,3968
3314,3969
3314,4366
3315,3346
3315,3726
3315,3971
3315,4220
3315,4400
3315,4602
3316,3331
3316,3408
3316,3431
3316,3464
3316,3616
3316,3979
3316,4112
3316,4182
3316,4271
3316,4281
3316,4470
3316,4577
3316,4657
3316,4832
3317,3467
3317,3566
3317,4206
3317,4229
3317,4280
3317,4293
3317,4858
3318,3415
3318,3576
3318,4105
3318,4109
3318,4166
3318,4464
3318,4617
3318,4640
3318,4793
3319,3511
3319,3604
3319,4339
3319,4347
3319,4559
3319,4612
3319,4666
3320,3847
3320,3886
3320,3966
3320,4264
3320,4469
3320,4647
3320,4762
3320,4843
3321,3706
3321,3787
3321,4227
3321,4342
3321,4544
3321,4567
3321,4731
3322,3419
3322,3427
3322,3704
3322,3821
3322,3871
3323,3492
3323,3616
3323,3697
3323,4007
3323,4373
3323,4426
3323,4746
3323,4818
3323,4910
3323,4919
3324,4271
3324,4409
3324,4502
3324,4976
3325,3326
3325,3559
3325,3597
3325,4229
3325,4254
3325,4411
3325,4718
3325,4938
3326,3492
3326,3636
3326,3681
3326,3751
3326,3838
3326,4430
3326,4502
3326,4637
3326,4692
3327,3995
3327,4174
3327,4217
3327,4348
3327,4715
3327,4864
3327,4991
3328,3649
3328,3662
3328,3789
3328,3838
3328,4210
3328,4322
3328,4513
3328,4712
3328,4776
3328,4965
3329,3654
3329,3677
3329,3950
3329,4047
3329,4115
3329,4342
3329,4354
3329,4403
3329,4819
3329,4895
3329,4915
3330,3669
3330,3698
3330,3709
3330,3780
3330,3879
3330,3982
3330,4341
3330,4386
3330,4746
3330,4833
3331,3809
3331,3833
3331,4220
3331,4558
3331,4589
3331,4990
3332,3680
3332,3748
3332,3789
3332,3874
3332,3907
3332,4111
3332,4548
3332,4920
3332,4989
3333,3630
3333,3726
3333,4233
3333,4442
3333,4591
3333,4696
3333,4906
3334,3383
3334,3748
3334,3928
3334,3995
3334,4035
3334,4496
3334,4874
3334,4877
3335,3391
3335,3411
3335,3431
3335,3712
3335,3918
3335,4191
3335,4206
3335,4356
3335,4489
3335,4624
3335,4657
3335,4941
3335,4979
3336,3457
3336,3538
3336,4637
3336,4749
3337,3533
3337,3560
3337,3567
3337,4500
3337,4561
3337,4800
3337,4855
3338,3520
3338,3566
3338,3616
3338,3733
3338,3837
3338,3865
3338,4027
3338,4064
3338,4152
3338,4653
3338,4728
3338,4854
3339,3362
3339,3414
3339,3519
3339,3564
3339,3654
3339,3710
3339,3732
3339,3804
3339,3868
3339,4251
3339,4441
3340,3564
3340,4371
3340,4391
3340,4426
3340,4697
3340,4746
3340,4946
3341,3790
3341,4061
3341,4114
3341,4157
3341,4474
3341,4874
3342,3442
3342,3611
3342,3655
3342,3970
3342,4212
3342,4444
3342,4448
3343,3434
3343,3492
3343,3522
3343,3794
3343,4228
3343,4342
3343,4533
3343,4877
3344,3403
3344,3474
3344,3545
3344,3689
3344,3960
3344,3968
3344,4007
3344,4024
3344,4079
3344,4280
3344,4497
3344,4656
3344,4776
3345,3508
3345,3834
3345,3841
3345,3977
3345,4118
3345,4449
3345,4593
3346,3561
3346,3617
3346,4017
3346,4690
3347,3476
3347,4110
3347,4132
3347,4279
3347,4717
3347,4800
3347,4955
3348,3534
3348,3575
3348,3760
3348,3851
3348,3869
3348,4022
3348,4035
3348,4999
3349,3759
3349,3963
3349,4019
3349,4087
3349,4328
3350,3821
3350,3867
3350,4191
3350,4506
3350,4606
3351,3540
3351,3650
3351,3751
3352,3526
3352,3567
3352,3636
3352,3653
3352,3777
3352,3895
3352,4000
3352,4028
3352,4216
3352,4395
3352,4554
3352,4704
3353,3807
3353,3990
3353,4011
3353,4305
3353,4469
3353,4637
3353,4932
3353,4938
3354,3558
3354,3661
3354,3781
3354,3954
3354,3964
3354,4004
3354,4016
3354,4096
3354,4141
3354,4655
3354,4673
3354,4848
3354,4865
3355,3666
3355,3758
3355,3979
3355,3981
3355,4422
3355,4451
3356,3410
3356,3465
3356,3488
3356,3576
3356,3679
3356,3929
3356,4118
3356,4159
3356,4336
3356,4347
3356,4518
3356,4916
3356,4982
3357,3385
3357,3428
3357,3505
3357,3812
3357,3931
3357,4239
3357,4347
3357,4537
3358,4177
3358,4295
3358,4622
3358,4929
3359,3497
3359,3823
3359,4431
3359,4578
3359,4628
3359,4802
3360,3703
3360,3795
3360,3938
3360,3967
3360,4024
3360,4374
3360,4466
3360,4782
3360,4820
3360,4839
3360,4870
3361,3416
3361,3605
3361,3666
3361,3673
3361,3915
3361,4014
3361,4104
3361,4230
3361,4379
3361,4425
3361,4678
3361,4711
3361,4797
3361,4831
3361,4930
3362,3475
3362,3707
3362,3745
3362,3979
3362,4128
3362,4251
3362,4622
3362,4638
3362,4797
3362,4924
3362,4939
3363,3540
3363,3550
3363,3827
3363,4066
3363,4442
3363,4557
3363,4738
3363,4827
3363,4931
3364,3594
3364,4116
3364,4342
3364,4614
3364,4827
3364,4849
3365,3404
3365,3423
3365,3542
3365,3774
3365,4027
3365,4448
3365,4495
3365,4652
3365,4803
3365,4845
3366,3455
3366,4013
3366,4743
3367,3712
3367,3888
3367,4042
3367,4095
3367,4440
3367,4604
3367,4708
3368,3422
3368,4209
3368,4369
3368,4532
3368,4591
3368,4783
3368,4839
3368,4873
3369,3398
3369,3449
3369,3762
3369,3767
3369,4159
3369,4479
3369,4526
3369,4529
3370,3767
3370,4023
3370,4063
3370,4132
3370,4231
3370,4241
3370,4679
3370,4768
3370,4769
3370,4915
3371,3574
3371,3638
3371,4656
3371,4857
3371,4964
3372,3384
3372,3581
3372,3621
3372,3667
3372,3683
3372,3790
3372,3892
3372,4070
3372,4085
3372,4104
3372,4175
3372,4251
3372,4436
3372,4580
3372,4780
3372,4803
3373,3653
3373,3657
3373,3681
3373,3709
3373,3987
3373,4166
3373,4782
3374,3754
3374,3871
3374,3894
3374,4056
3374,4113
3374,4337
3374,4574
3374,4582
3375,3417
3375,3623
3375,3940
3375,4071
3375,4088
3375,4125
3375,4144
3375,4261
3375,4397
3375,4474
3375,4869
3375,4959
3376,3418
3376,3528
3376,3569
3376,3629
3376,3662
3376,3664
3376,3763
3376,3809
3376,3969
3376,4993
3377,3440
3377,3579
3377,3676
3377,3890
3377,4019
3377,4377
3377,4490
3377,4492
3377,4600
3377,4921
3378,3427
3378,3916
3378,4172
3378,4253
3378,4321
3378,4335
3378,4690
3378,4810
3378,4879
3378,4950
3379,3534
3379,3669
3379,4045
3379,4055
3379,4107
3379,4178
3379,4452
3379,4638
3379,4651
3379,4665
3379,4962
3380,3469
3380,3677
3380,3761
3380,3781
3380,3819
3380,3913
3380,4258
3380,4324
3380,4485
3380,4590
3380,4954
3381,3608
3381,3764
3381,3836
3381,3877
3381,4026
3381,4104
3381,4884
3381,4998
3382,4083
3382,4107
3382,4248
3382,4537
3382,4816
3383,3700
3383,3715
3383,3844
3383,4074
3383,4355
3383,4464
3383,4541
3383,4703
3383,4800
3384,3665
3384,3676
3384,4102
3384,4392
3384,4547
3384,4937
3384,4985
3385,3455
3385,3667
3385,3926
3385,4059
3385,4111
3385,4310
3385,4434
3385,4553
3385,4559
3385,4621
3385,4840
3386,3484
3386,3556
3386,3932
3386,4103
3386,4228
3386,4240
3386,4598
3387,3390
3387,3591
3387,3681
3387,3708
3387,3735
3387,3768
3387,4815
3388,3450
3388,3451
3388,3508
3388,4156
3388,4530
3388,4540
3388,4943
3388,4992
3389,3696
3389,3751
3389,3902
3389,3927
3389,4459
3389,4608
3389,4978
3390,3746
3390,3842
3390,3961
3390,4052
3390,4072
3390,4075
3390,4502
3390,4519
3390,4907
3391,3552
3391,3626
3391,3944
3391,4187
3391,4236
3391,4325
3391,4629
3391,4743
3391,4941
3392,3400
3392,3490
3392,3548
3392,3669
3392,3986
3392,4149
3392,4740
3393,3723
3393,4819
3394,3437
3394,4047
3394,4084
3394,4701
3394,4801
3395,3475
3395,3490
3395,3604
3395,3671
3395,3852
3395,4434
3396,3684
3396,3858
3396,3868
3396,3920
3396,4614
3397,3496
3397,3922
3397,3943
3397,4380
3397,4703
3397,4979
3398,3777
3398,3912
3398,4147
3398,4233
3398,4434
3398,4704
3398,4967
3398,4971
3399,3551
3399,3623
3399,3746
3399,3781
3399,4448
3399,4498
3399,4675
3399,4720
3399,4748
3400,3528
3400,3623
3400,3850
3400,3857
3400,4104
3400,4311
3400,4611
3400,4720
3400,4972
3401,3699
3401,3938
3401,4157
3401,4310
3401,4456
3401,4586
3401,4992
3402,3487
3402,3561
3402,4070
3402,4168
3402,4179
3402,4193
3402,4825
3402,4830
3402,4865
3403,3413
3403,3529
3403,3548
3403,4804
3404,3646
3404,3760
3404,3783
3404,3800
3404,3856
3404,4059
3404,4137
3404,4389
3404,4624
3404,4970
3405,3465
3405,3758
3405,3977
3405,4296
3405,4982
3406,3474
3406,3725
3406,3824
3406,4144
3406,4285
3406,4426
3406,4447
3406,4597
3406,4757
3406,4854
3407,3541
3407,3601
3407,3698
3407,3851
3407,4038
3407,4207
3407,4235
3407,4272
3407,4351
3407,4421
3407,4441
3407,4716
3407,4746
3408,3432
3408,3546
3408,3820
3408,3930
3408,4003
3408,4105
3408,4544
3408,4656
3408,4793
3408,4994
3409,3490
3409,4278
3409,4334
3409,4450
3409,4582
3409,4720
3409,4975
3410,3569
3410,3604
3410,3734
3410,3739
3410,4020
3410,4024
3410,4175
3410,4268
3410,4370
3410,4548
3410,4554
3410,4973
3411,3446
3411,4081
3411,4318
3411,4345
3411,4640
3412,3694
3412,3797
3412,3987
3412,4166
3412,4184
3412,4271
3412,4302
3413,3745
3413,4176
3413,4210
3413,4799
3413,4906
3414,3490
3414,3578
3414,3764
3414,3804
3414,3981
3414,4048
3414,4055
3414,4307
3414,4523
3414,4970
3415,4123
3415,4364
3415,4645
3415,4701
3415,4890
3416,3504
3416,3693
3416,3842
3416,4175
3416,4383
3416,4428
3416,4456
3416,4522
3416,4583
3417,3482
3417,3669
3417,3702
3417,3706
3417,3761
3417,3809
3417,4484
3417,4499
3417,4501
3417,4505
3417,4896
3418,3715
3418,3873
3418,4168
3418,4278
3418,4579
3418,4795
3418,4897
3419,3770
3419,4257
3419,4282
3419,4322
3419,4445
3419,4854
3420,3475
3420,3479
3420,3773
3420,3819
3420,3979
3420,4174
3420,4418
3420,4419
3420,4816
3420,4929
3421,3547
3421,3586
3421,3761
3421,3878
3421,3897
3421,3960
3421,4084
3421,4484
3421,4712
3421,4811
3421,4873
3422,3528
3422,3933
3422,3967
3422,4114
3422,4122
3422,4400
3422,4422
3422,4463
3422,4612
3422,4682
3422,4739
3422,4747
3423,3507
3423,3515
3423,3820
3423,3838
3423,3989
3423,4247
3423,4466
3423,4643
3424,3552
3424,3823
3424,4368
3424,4621
3424,4694
3424,4742
3424,4766
3424,4879
3424,4999
3425,3429
3425,3430
3425,3876
3425,3921
3425,3980
3425,4150
3425,4533
3425,4685
3425,4711
3425,4732
3426,3467
3426,3862
3426,3870
3426,4152
3426,4219
3426,4226
3426,4722
3427,3478
3427,3568
3427,3700
3427,4056
3427,4282
3427,4317
3427,4332
3427,4404
3427,4532
3427,4588
3427,4890
3428,3598
3428,3921
3428,3958
3428,4447
3428,4483
3428,4488
3428,4689
3428,4703
3428,4708
3429,3624
3429,4121
3429,4617
3429,4809
3429,4866
3430,3459
3430,3574
3430,4154
3430,4753
3430,4883
3430,4951
3431,3583
3431,3685
3431,3758
3431,4055
3431,4454
3431,4534
3431,4842
3432,3480
3432,3669
3432,3718
3432,3799
3432,3848
3432,3871
3432,3873
3432,3913
3432,4029
3432,4517
3432,4649
3432,4682
3432,4698
3432,4944
3433,3451
3433,3561
3433,3639
3433,3770
3433,3949
3433,3957
3433,4338
3433,4360
3433,4615
3434,3708
3434,3854
3434,3916
3434,4026
3434,4097
3434,4144
3434,4210
3434,4597
3434,4603
3434,4644
3435,3529
3435,3567
3435,3619
3435,3623
3435,3712
3435,3900
3435,3954
3435,3993
3435,4358
3435,4546
3435,4715
3436,3871
3436,3964
3436,4262
3436,4392
3436,4410
3436,4780
3437,3586
3437,3616
3437,3681
3437,3735
3437,3818
3437,3960
3437,4101
3437,4127
3437,4321
3437,4632
3437,4720
3438,3771
3438,4055
3438,4220
3438,4551
3438,4791
3439,3592
3439,3625
3439,3907
3439,3961
3439,3969
3439,4186
3439,4271
3439,4698
3439,4841
3439,4852
3439,4853
3439,4988
3440,3467
3440,3641
3440,3759
3440,3831
3440,4108
3440,4162
3440,4266
3440,4379
3440,4786
3441,4064
3441,4074
3441,4334
3441,4357
3441,4613
3441,4790
3441,4933
3442,3625
3442,3844
3442,4301
3442,4581
3442,4907
3442,4957
3443,3708
3443,3874
3443,3945
3443,4065
3443,4139
3443,4364
3443,4444
3443,4644
3444,3722
3444,3845
3444,4144
3444,4366
3444,4451
3444,4681
3444,4738
3445,3576
3445,3699
3445,3943
3445,4043
3445,4125
3445,4362
3445,4522
3445,4838
3446,3620
3446,3630
3446,3845
3446,3974
3446,4121
3446,4201
3446,4312
3446,4413
3446,4529
3446,4642
3446,4747
3446,4755
3446,4922
3447,3555
3447,3698
3447,3789
3447,3911
3447,3933
3447,4090
3447,4822
3447,4845
3448,3469
3448,3766
3448,3787
3448,3826
3448,3877
3448,4055
3448,4120
3448,4190
3448,4331
3448,4422
3448,4764
3448,4926
3448,4959
3449,3967
3449,4109
3449,4274
3449,4839
3449,4894
3450,3622
3450,3737
3450,3922
3450,4033
3450,4382
3450,4818
3450,4892
3450,4939
3451,3843
3451,3969
3451,4465
3451,4501
3451,4572
3451,4727
3451,4919
3452,3670
3452,4187
3452,4279
3452,4671
3452,4679
3453,3507
3453,3588
3453,4062
3453,4101
3453,4115
3453,4463
3453,4581
3453,4668
3454,3464
3454,3601
3454,3690
3454,3735
3454,3867
3454,4335
3454,4510
3454,4522
3454,4599
3454,4601
3454,4842
3454,4916
3454,4919
3455,4270
3455,4413
3455,4439
3455,4985
3456,3502
3456,3677
3456,3737
3456,4088
3456,4583
3456,4821
3456,4825
3456,4920
3457,3861
3457,4090
3457,4511
3457,4570
3457,4728
3457,4812
3458,3469
3458,3888
3458,4113
3458,4991
3459,3477
3459,3931
3459,4313
3459,4330
3459,4333
3459,4383
3459,4431
3459,4578
3459,4803
3459,4874
3460,3848
3460,4004
3460,4190
3460,4287
3460,4515
3460,4596
3460,4703
3460,4723
3461,3973
3461,4367
3461,4465
3461,4857
3462,3873
3462,4012
3462,4057
3462,4137
3462,4674
3462,4966
3463,4233
3463,4783
3463,4863
3464,3536
3464,3563
3464,3756
3464,4112
3464,4454
3464,4508
3465,3505
3465,3543
3465,3619
3465,4082
3465,4090
3465,4157
3465,4293
3465,4312
3465,4587
3465,4598
3466,3543
3466,3565
3466,3998
3466,4034
3466,4302
3466,4411
3466,4514
3466,4617
3466,4690
3466,4952
3467,3653
3467,4194
3467,4334
3467,4422
3467,4625
3467,4682
3468,3811
3468,3862
3468,3908
3468,3978
3468,3994
3468,4416
3468,4508
3468,4853
3468,4981
3469,4003
3469,4414
3469,4695
3469,4700
3469,4755
3469,4817
3469,4874
3470,3531
3470,3572
3470,3597
3470,3627
3470,3731
3470,4354
3470,4390
3470,4665
3470,4715
3470,4818
3471,3480
3471,3949
3471,4342
3471,4896
3471,4930
3472,3506
3472,3574
3472,3624
3472,3627
3472,3849
3472,4045
3472,4341
3472,4614
3472,4615
3473,3582
3473,3911
3473,3950
3473,3989
3473,4064
3473,4195
3473,4615
3473,4758
3473,4881
3474,3708
3474,4016
3474,4348
3474,4771
3474,4871
3475,3572
3475,3841
3475,3951
3475,3958
3475,4214
3475,4402
3475,4410
3475,4642
3475,4884
3476,3643
3476,3644
3476,3678
3476,3998
3476,4028
3476,4160
3476,4342
3476,4502
3476,4547
3476,4944
3477,3614
3477,3987
3477,4203
3477,4393
3477,4629
3477,4645
3477,4647
3477,4849
3478,3512
3478,3849
3478,3949
3478,4424
3478,4693
3478,4896
3479,3660
3479,3853
3479,4370
3479,4649
3479,4886
3480,3481
3480,3748
3480,4056
3480,4215
3480,4438
3480,4454
3480,4735
3481,3510
3481,3528
3481,3562
3481,3678
3481,4125
3481,4215
3481,4500
3482,4416
3482,4451
3482,4579
3482,4802
3482,4852
3483,3834
3483,3851
3483,3971
3483,4372
3483,4584
3483,4752
3483,4775
3484,3706
3484,3947
3484,3961
3485,3498
3485,4168
3485,4303
3485,4507
3485,4594
3485,4725
3485,4923
3485,4975
3486,3814
3486,4177
3486,4535
3486,4554
3486,4649
3486,4970
3487,3518
3487,3836
3487,3946
3487,4035
3487,4153
3487,4190
3487,4267
3487,4464
3487,4481
3488,3581
3488,3628
3488,3969
3488,4144
3488,4172
3488,4288
3488,4358
3488,4421
3489,3917
3489,3936
3489,4005
3489,4085
3489,4210
3489,4717
3489,4838
3489,4917
3490,3607
3490,4824
3490,4879
3491,3538
3491,3851
3491,3896
3491,3914
3491,3969
3491,4065
3491,4121
3491,4184
3491,4241
3491,4247
3491,4341
3491,4724
3491,4932
3492,3856
3492,4925
3493,3651
3493,3682
3493,3771
3493,3986
3493,4401
3493,4526
3493,4896
3494,3960
3494,4515
3494,4698
3494,4752
3494,4939
3495,3618
3495,4103
3495,4158
3495,4606
3495,4671
3495,4838
3495,4844
3495,4927
3495,4976
3496,3544
3496,3619
3496,3879
3496,3913
3496,4426
3496,4441
3497,3632
3497,4103
3497,4140
3497,4378
3498,3522
3498,3590
3498,3681
3498,4066
3498,4189
3498,4389
3498,4413
3498,4431
3498,4514
3498,4721
3499,3725
3499,3733
3499,3955
3499,4060
3499,4145
3499,4242
3499,4715
3499,4813
3499,4974
3500,3857
3500,3878
3500,4413
3500,4432
3500,4655
3500,4952
3501,3580
3501,3624
3501,3881
3501,4150
3501,4199
3501,4337
3501,4722
3501,4787
3502,3714
3502,3747
3502,4064
3502,4343
3502,4354
3502,4651
3502,4737
3502,4881
3502,4930
3503,3543
3503,3636
3503,3668
3503,3773
3503,3950
3503,4143
3503,4348
3503,4788
3503,4908
3504,3633
3504,3782
3504,3945
3504,4196
3504,4353
3504,4616
3504,4621
3504,4783
3505,3674
3505,3931
3505,4097
3505,4266
3505,4579
3505,4604
3505,4634
3506,3707
3506,3954
3506,3983
3506,4080
3506,4413
3506,4563
3506,4633
3506,4685
3506,4703
3506,4962
3507,3709
3507,3804
3507,3899
3507,4061
3507,4195
3507,4226
3507,4486
3507,4596
3507,4599
3508,3883
3508,3902
3508,4022
3508,4161
3508,4596
3508,4687
3508,4757
3508,4759
3508,4812
3509,3595
3509,3599
3509,3780
3509,4158
3509,4159
3509,4249
3509,4332
3509,4975
3510,3648
3510,3781
3510,4004
3510,4117
3510,4388
3510,4558
3510,4581
3510,4987
3511,4015
3511,4105
3511,4140
3511,4765
3512,3634
3512,4625
3512,4712
3512,4816
3512,4861
3513,3545
3513,3565
3513,3595
3513,3634
3513,3912
3513,3998
3513,4049
3513,4397
3513,4503
3513,4713
3513,4760
3514,3928
3514,4148
3514,4376
3514,4678
3514,4703
3514,4705
3514,4849
3515,3756
3515,3845
3515,3857
3515,4028
3515,4348
3515,4493
3515,4652
3515,4682
3515,4695
3515,4730
3515,4770
3515,4935
3516,3953
3516,3966
3516,4186
3516,4370
3516,4390
3516,4439
3516,4544
3516,4556
3516,4686
3516,4954
3517,3532
3517,3600
3517,3838
3517,4243
3517,4257
3517,4367
3517,4621
3517,4688
3517,4800
3517,4826
3517,4993
3518,3884
3518,3939
3518,4034
3518,4303
3518,4841
3518,4850
3519,4246
3519,4257
3519,4763
3520,3607
3520,3611
3520,3752
3520,3893
3520,3922
3520,4245
3520,4573
3520,4665
3520,4777
3521,3658
3521,4022
3521,4158
3521,4670
3521,4753
3522,3575
3522,3969
3522,4292
3522,4677
3522,4888
3523,3597
3523,3908
3523,3923
3523,4042
3523,4099
3523,4115
3523,4303
3523,4486
3523,4529
3523,4561
3523,4626
3523,4642
3523,4771
3523,4785
3524,3691
3524,3745
3524,4131
3524,4203
3524,4915
3524,4994
3525,3531
3525,3555
3525,3813
3525,4124
3525,4174
3525,4502
3525,4670
3526,3560
3526,3781
3526,3990
3526,4761
3527,3659
3527,4228
3527,4394
3527,4834
3527,4976
3528,3759
3528,3955
3528,4109
3528,4585
3528,4816
3529,3624
3529,3664
3529,3827
3529,4067
3529,4771
3530,3607
3530,3651
3530,3756
3530,4206
3530,4273
3530,4315
3530,4453
3530,4459
3530,4475
3530,4619
3530,4845
3531,3575
3531,3751
3531,3834
3531,3908
3531,4124
3531,4338
3531,4855
3532,4312
3532,4392
3532,4694
3532,4783
3532,4830
3533,3823
3533,3879
3533,4080
3533,4342
3533,4508
3533,4571
3533,4642
3533,4957
3534,3762
3534,3819
3534,3962
3534,4564
3534,4617
3535,3674
3535,3693
3535,4014
3535,4980
3536,3638
3536,3954
3536,4138
3536,4147
3536,4178
3536,4316
3536,4379
3536,4930
3537,3652
3537,3805
3537,3887
3537,3912
3537,4141
3537,4780
3537,4964
3538,4148
3538,4219
3538,4240
3538,4327
3538,4432
3538,4473
3538,4772
3538,4846
3538,4977
3539,3731
3539,3785
3539,4220
3539,4235
3539,4730
3539,4871
3540,4012
3540,4022
3540,4288
3540,4942
3540,4996
3541,3558
3541,3621
3541,3651
3541,3707
3541,4593
3541,4618
3541,4640
3541,4653
3541,4749
3542,3958
3542,4154
3542,4247
3542,4682
3543,3817
3543,4563
3543,4752
3543,4761
3543,4944
3544,3572
3544,4425
3545,4007
3545,4036
3545,4078
3545,4770
3545,4961
3546,3668
3546,3676
3546,3724
3546,3729
3546,3917
3546,4041
3546,4340
3546,4422
3546,4838
3546,4890
3546,4932
3547,3682
3547,3715
3547,3863
3547,3940
3547,4005
3547,4086
3547,4712
3547,4758
3547,4759
3548,3724
3548,3766
3548,4320
3548,4364
3548,4449
3548,4593
3548,4679
3548,4719
3548,4770
3548,4938
3548,4963
3549,3745
3549,3938
3549,4265
3549,4736
3549,4805
3550,3742
3550,4032
3550,4120
3550,4162
3550,4188
3550,4217
3550,4248
3550,4472
3550,4913
3550,4998
3551,3613
3551,3791
3551,3976
3551,4362
3551,4452
3551,4914
3552,3675
3552,3854
3552,3962
3552,3998
3552,4069
3552,4210
3552,4226
3552,4355
3552,4466
3552,4771
3552,4802
3552,4915
3553,3690
3553,3927
3553,4432
3553,4724
3553,4822
3553,4920
3554,4810
3554,4824
3554,4906
3554,4945
3555,3587
3555,3798
3555,3832
3555,3856
3555,3891
3555,3993
3555,4661
3555,4669
3556,3607
3556,3779
3556,4227
3556,4259
3556,4821
3556,4984
3557,3660
3557,3937
3557,4045
3557,4105
3557,4193
3557,4217
3557,4253
3557,4713
3557,4762
3557,4815
3557,4875
3557,4929
3557,4935
3557,4994
3558,3568
3558,3710
3558,4341
3558,4913
3559,3731
3559,3979
3559,4155
3559,4193
3559,4428
3559,4523
3559,4600
3559,4657
3559,4726
3559,4905
3560,3665
3560,3936
3560,4012
3560,4204
3560,4546
3560,4846
3560,4990
3560,4994
3561,3905
3561,3909
3561,4261
3561,4303
3561,4379
3561,4512
3561,4950
3562,3658
3562,3926
3562,4096
3562,4188
3562,4427
3562,4943
3563,3695
3563,3703
3563,3722
3563,4009
3563,4121
3563,4200
3563,4244
3563,4709
3563,4798
3563,4810
3563,4830
3563,4842
3563,4877
3564,3909
3564,4287
3564,4774
3564,4853
3565,3883
3565,4075
3565,4449
3565,4562
3565,4789
3565,4866
3565,4947
3566,3890
3566,3940
3566,3956
3566,4366
3566,4418
3566,4610
3566,4847
3567,4039
3567,4085
3567,4215
3567,4477
3567,4803
3568,4428
3568,4482
3568,4580
3568,4583
3568,4675
3568,4804
3568,4812
3568,4888
3569,3683
3569,3699
3569,3708
3569,3715
3569,3938
3569,4030
3569,4044
3569,4180
3569,4484
3569,4713
3569,4716
3569,4879
3569,4898
3570,4103
3570,4285
3570,4751
3571,3779
3571,3875
3571,3988
3571,4312
3571,4571
3571,4763
3571,4896
3571,4912
3572,3669
3572,3868
3572,4060
3572,4354
3572,4582
3573,3686
3573,4031
3573,4099
3573,4310
3573,4412
3574,3577
3574,3627
3574,3696
3574,4697
3574,4890
3575,3686
3575,3689
3575,3868
3575,3919
3575,3951
3575,4123
3575,4400
3575,4479
3575,4672
3575,4823
3576,3625
3576,3632
3576,3666
3576,3669
3576,3698
3576,3709
3576,3860
3576,3990
3576,4285
3576,4580
3577,3889
3577,3995
3577,4054
3577,4277
3577,4286
3577,4374
3577,4403
3577,4914
3578,3797
3578,4070
3578,4230
3578,4452
3578,4517
3578,4609
3579,3588
3579,3693
3579,3991
3579,4331
3579,4460
3579,4585
3579,4620
3579,4681
3580,3717
3580,3960
3580,3981
3580,4286
3581,3761
3581,4495
3581,4553
3581,4604
3581,4701
3581,4715
3581,4821
3581,4867
3581,4995
3582,3631
3582,3718
3582,3783
3582,3848
3582,3930
3582,4028
3583,3624
3583,3686
3583,4055
3583,4165
3583,4218
3583,4362
3583,4577
3583,4706
3583,4796
3583,4809
3584,3656
3584,3994
3584,4216
3584,4282
3584,4530
3584,4648
3584,4940
3585,3819
3585,3867
3585,3886
3585,4160
3585,4261
3585,4276
3585,4671
3586,3852
3586,3967
3586,4162
3586,4528
3586,4649
3586,4857
3586,4903
3586,4957
3587,3764
3587,3878
3587,3978
3587,3996
3587,4115
3587,4125
3587,4137
3588,3739
3588,3837
3588,4041
3588,4310
3588,4462
3588,4829
3588,4986
3588,4996
3589,3691
3589,3813
3589,4890
3589,4990
3590,3685
3590,3840
3590,4478
3590,4517
3590,4848
3591,3622
3591,3713
3591,3784
3591,4042
3591,4075
3591,4209
3591,4256
3591,4663
3591,4875
3592,3604
3592,3737
3592,3792
3592,3851
3592,3944
3592,4076
3592,4236
3592,4647
3592,4816
3593,3763
3593,4313
3593,4363
3593,4369
3593,4589
3593,4711
3593,4885
3594,3597
3594,3609
3594,3981
3594,4031
3594,4036
3595,4476
3595,4883
3596,3819
3596,4192
3596,4279
3596,4301
3596,4409
3596,4498
3596,4854
3597,3841
3597,3946
3597,4072
3597,4590
3597,4699
3597,4965
3598,3806
3598,3982
3598,4013
3598,4098
3598,4387
3598,4853
3598,4854
3599,3848
3599,3976
3599,4294
3599,4537
3599,4642
3599,4702
3599,4828
3600,3657
3600,3727
3600,3862
3600,4677
3600,4745
3600,4770
3600,4979
3601,3674
3601,4325
3601,4378
3601,4392
3601,4521
3601,4869
3602,3842
3602,3888
3602,4194
3602,4217
3602,4589
3602,4742
3602,4875
3602,4969
3603,3778
3603,3833
3603,3966
3603,4484
3603,4991
3604,3675
3604,3981
3604,3991
3604,4061
3604,4064
3604,4370
3604,4479
3604,4561
3604,4756
3604,4792
3605,3658
3605,3895
3605,3925
3605,3932
3605,4082
3605,4500
3605,4987
3606,3796
3606,4236
3606,4489
3606,4627
3606,4635
3606,4731
3606,4965
3607,3806
3607,3961
3607,4177
3607,4408
3607,4837
3607,4868
3608,3731
3608,3957
3608,4173
3608,4217
3608,4251
3609,3959
3609,4065
3609,4295
3609,4407
3609,4701
3609,4831
3610,3954
3610,4420
3610,4593
3610,4837
3610,4900
3610,4974
3611,3649
3611,3991
3611,4439
3611,4478
3611,4520
3611,4747
3612,3917
3612,4806
3613,3662
3613,3924
3613,3976
3613,3991
3613,4326
3613,4406
3613,4661
3614,3832
3614,4249
3614,4277
3614,4405
3614,4589
3614,4665
3614,4705
3615,3891
3615,4305
3615,4774
3616,3977
3616,4332
3616,4513
3616,4998
3617,3764
3617,3793
3617,3815
3617,3827
3617,4164
3617,4482
3617,4691
3617,4708
3617,4828
3618,4444
3618,4544
3619,4275
3619,4479
3619,4570
3619,4612
3619,4862
3620,3685
3620,3783
3620,4109
3620,4223
3620,4336
3620,4940
3620,4988
3621,4806
3621,4925
3621,4996
3622,3819
3622,4459
3622,4638
3622,4927
3623,3634
3623,4199
3623,4251
3623,4295
3623,4403
3623,4489
3623,4518
3623,4680
3623,4859
3623,4893
3623,4955
3624,3875
3624,4030
3624,4753
3624,4982
3625,3712
3625,3796
3625,3910
3625,4060
3625,4067
3625,4200
3625,4259
3625,4632
3626,4150
3626,4361
3626,4396
3626,4575
3626,4630
3627,3938
3627,4086
3627,4309
3627,4328
3627,4347
3627,4426
3627,4772
3627,4777
3627,4817
3627,4848
3627,4919
3628,3712
3628,3806
3628,3830
3628,4225
3628,4679
3628,4940
3629,3865
3629,4083
3629,4494
3629,4523
3629,4577
3630,3735
3630,3759
3630,4209
3630,4698
3631,3947
3631,4096
3631,4362
3631,4495
3631,4866
3631,4944
3632,4041
3632,4286
3632,4461
3632,4574
3632,4709
3633,3670
3633,3737
3633,3880
3633,4010
3633,4381
3633,4419
3633,4423
3633,4789
3634,3687
3634,3997
3634,4222
3634,4248
3634,4788
3635,3839
3635,4785
3635,4927
3636,3838
3636,4424
3636,4484
3636,4518
3636,4541
3636,4683
3636,4711
3637,3809
3637,4003
3637,4056
3637,4216
3637,4283
3637,4684
3637,4952
3638,3654
3638,3682
3638,3865
3638,3872
3638,3967
3638,4099
3638,4267
3638,4660
3638,4724
3638,4810
3638,4959
3639,3676
3639,3852
3639,4274
3639,4275
3640,3679
3640,3830
3640,3963
3640,4392
3640,4616
3640,4638
3640,4690
3641,3824
3641,3873
3641,4092
3641,4112
3641,4118
3641,4159
3641,4401
3642,3675
3642,3713
3642,4086
3642,4361
3642,4390
3642,4558
3642,4619
3642,4825
3643,3740
3643,3968
3643,4191
3643,4279
3643,4486
3643,4810
3643,4966
3644,3831
3644,4005
3644,4061
3644,4228
3644,4280
3644,4669
3644,4870
3645,3660
3645,3874
3645,3997
3645,4044
3645,4273
3645,4556
3646,3789
3646,3799
3646,4033
3646,4258
3646,4365
3646,4389
3646,4515
3646,4797
3647,3689
3647,3707
3647,3821
3647,4620
3647,4639
3648,4091
3648,4302
3648,4511
3648,4533
3648,4609
3648,4749
3649,3661
3649,3714
3649,3906
3649,3924
3649,3953
3649,4003
3649,4104
3649,4286
3649,4324
3649,4597
3650,3713
3650,3924
3650,4114
3650,4657
3650,4791
3650,4826
3651,3744
3651,3790
3651,3906
3651,3970
3651,4063
3651,4100
3651,4252
3651,4389
3651,4586
3651,4701
3651,4991
3652,3934
3652,3986
3652,4088
3652,4147
3652,4409
3652,4856
3652,4893
3652,4902
3653,3924
3653,4295
3653,4445
3653,4670
3654,3665
3654,3793
3654,3914
3654,4251
3654,4453
3654,4485
3654,4514
3654,4561
3654,4957
3655,3694
3655,3822
3655,3983
3655,4015
3655,4306
3655,4366
3655,4407
3655,4546
3655,4703
3655,4854
3656,3978
3656,4363
3656,4669
3656,4835
3656,4860
3656,4884
3656,4990
3656,4999
3657,3916
3657,3919
3657,3952
3657,3993
3657,4358
3657,4498
3657,4997
3658,3791
3658,3850
3658,4086
3658,4438
3658,4544
3658,4612
3658,4644
3658,4737
3658,4824
3659,3713
3659,3933
3659,4012
3659,4469
3659,4741
3659,4826
3659,4885
3659,4935
3659,4975
3660,4343
3660,4451
3660,4487
3660,4593
3660,4912
3660,4944
3660,4978
3661,3838
3661,4003
3661,4049
3661,4242
3661,4269
3661,4505
3662,3674
3662,3776
3662,3810
3662,3935
3662,4124
3662,4209
3662,4359
3662,4518
3662,4878
3662,4924
3663,3720
3663,3763
3663,3784
3663,3864
3663,4351
3663,4389
3663,4601
3663,4976
3664,3777
3664,3823
3664,3951
3664,4317
3664,4671
3664,4779
3664,4807
3665,3695
3665,3830
3665,4122
3665,4133
3665,4191
3665,4306
3665,4577
3666,3851
3666,4268
3666,4496
3666,4546
3666,4720
3666,4875
3666,4971
3667,3743
3667,3826
3667,3910
3667,4205
3667,4337
3667,4790
3668,3945
3668,3948
3668,4134
3668,4383
3668,4532
3668,4617
3668,4856
3669,3676
3669,4190
3669,4221
3669,4372
3669,4403
3669,4435
3669,4621
3669,4726
3670,3847
3670,4247
3670,4521
3670,4568
3670,4837
3670,4853
3671,3828
3671,4003
3671,4069
3671,4093
3671,4293
3671,4309
3671,4371
3671,4409
3671,4559
3671,4613
3671,4626
3671,4864
3671,4911
3671,4999
3672,3859
3672,3884
3672,3926
3672,3965
3672,3991
3672,4071
3672,4074
3672,4301
3672,4362
3672,4383
3672,4673
3673,3690
3673,3730
3673,4084
3673,4220
3673,4426
3673,4541
3674,3735
3674,3748
3674,3847
3674,3863
3674,4042
3674,4136
3674,4325
3674,4602
3674,4709
3674,4993
3675,3715
3675,3827
3675,3922
3675,4007
3675,4598
3675,4649
3675,4794
3675,4873
3675,4985
3676,3781
3676,3809
3676,4077
3676,4158
3676,4920
3677,3681
3677,3819
3677,3845
3677,3968
3677,4131
3677,4333
3677,4829
3678,4824
3678,4992
3679,3979
3679,4112
3679,4509
3679,4668
3679,4834
3680,4224
3680,4228
3680,4963
3681,3743
3681,4232
3681,4301
3681,4584
3681,4773
3681,4794
3681,4919
3682,3776
3682,3936
3682,4103
3682,4260
3682,4388
3682,4859
3682,4890
3682,4903
3682,4979
3683,4185
3683,4345
3683,4431
3683,4456
3683,4466
3683,4858
3684,4031
3684,4256
3684,4324
3684,4475
3684,4668
3684,4855
3685,3772
3685,3961
3685,4260
3685,4846
3685,4884
3686,4082
3686,4272
3686,4390
3686,4699
3686,4843
3686,4886
3687,3751
3687,3810
3687,4049
3687,4600
3687,4971
3687,4999
3688,3761
3688,3859
3688,3880
3688,3937
3688,4200
3688,4290
3688,4564
3688,4804
3689,3698
3689,3724
3689,4171
3689,4243
3689,4534
3689,4859
3690,4022
3690,4312
3690,4396
3690,4414
3690,4415
3690,4599
3690,4716
3690,4822
3691,3917
3691,3964
3691,4287
3691,4339
3691,4869
3691,4871
3691,4910
3692,4080
3692,4662
3692,4898
3692,4950
3692,4988
3693,3764
3693,3790
3693,4035
3693,4083
3693,4250
3693,4558
3693,4736
3694,3950
3694,4069
3694,4262
3694,4368
3694,4431
3694,4668
3695,4040
3695,4156
3695,4465
3695,4630
3695,4638
3695,4809
3695,4939
3696,3759
3696,3781
3696,3851
3696,4510
3696,4532
3696,4930
3697,3707
3697,3820
3697,3901
3697,4313
3697,4645
3697,4701
3697,4779
3698,3766
3698,4031
3698,4060
3698,4492
3699,3789
3699,4151
3699,4168
3699,4533
3699,4577
3699,4648
3699,4887
3699,4972
3700,3794
3700,3803
3700,3830
3700,4165
3700,4350
3700,4352
3700,4534
3700,4562
3700,4591
3700,4635
3700,4757
3701,3703
3701,3704
3701,4013
3701,4063
3701,4080
3701,4103
3701,4270
3701,4569
3702,3828
3702,3855
3702,4080
3702,4188
3702,4202
3702,4444
3703,3831
3703,3840
3703,4044
3703,4352
3703,4359
3703,4368
3703,4471
3703,4632
3703,4799
3704,3706
3704,3783
3704,3792
3704,4012
3704,4108
3704,4165
3704,4243
3704,4408
3704,4481
3704,4783
3704,4928
3705,3727
3705,3797
3705,4034
3705,4073
3705,4146
3705,4191
3705,4706
3705,4710
3705,4779
3705,4805
3705,4905
3705,4910
3705,4915
3706,4112
3706,4934
3706,4951
3707,3746
3707,3880
3707,3970
3707,4184
3707,4475
3707,4551
3707,4764
3708,3788
3708,3987
3708,4252
3708,4352
3708,4623
3708,4828
3709,3833
3709,4447
3709,4568
3709,4951
3710,3893
3710,3938
3710,3939
3710,4075
3710,4144
3710,4286
3710,4290
3710,4385
3710,4583
3710,4959
3711,4378
3711,4390
3711,4491
3711,4648
3711,4753
3712,3889
3712,4249
3712,4398
3712,4900
3713,4009
3713,4027
3713,4226
3713,4555
3713,4557
3713,4618
3713,4648
3713,4661
3713,4843
3713,4944
3714,3860
3714,3923
3714,3933
3714,4484
3714,4519
3714,4996
3715,4456
3715,4934
3716,3843
3716,3859
3716,4079
3716,4356
3716,4394
3716,4460
3716,4686
3716,4997
3717,3856
3717,4085
3717,4184
3717,4371
3717,4373
3717,4441
3717,4521
3718,4036
3718,4217
3718,4847
3719,3837
3719,4179
3719,4426
3719,4470
3719,4514
3719,4989
3720,3877
3720,4077
3720,4107
3720,4205
3720,4350
3720,4391
3720,4708
3720,4757
3720,4760
3720,4772
3720,4870
3720,4958
3721,4015
3721,4060
3721,4129
3721,4215
3721,4557
3721,4696
3721,4737
3722,4381
3722,4581
3722,4634
3722,4921
3723,4194
3723,4235
3723,4480
3723,4732
3724,3739
3724,3881
3724,3962
3724,4196
3724,4279
3724,4427
3724,4504
3724,4782
3725,4647
3725,4791
3725,4871
3725,4949
3726,3922
3726,4044
3726,4245
3726,4623
3726,4695
3726,4729
3727,4045
3727,4413
3727,4585
3727,4899
3728,3781
3728,3844
3728,4179
3728,4963
3729,3939
3729,4009
3729,4369
3729,4402
3729,4745
3729,4930
3730,3879
3730,4099
3730,4112
3730,4179
3730,4204
3730,4231
3730,4626
3731,3772
3731,3866
3731,3883
3731,4160
3731,4329
3732,3836
3732,3901
3732,4420
3732,4427
3732,4441
3732,4453
3732,4546
3732,4594
3732,4723
3732,4928
3732,4996
3733,4120
3733,4138
3733,4258
3733,4286
3733,4321
3733,4482
3733,4864
3733,4902
3733,4945
3734,4059
3734,4096
3734,4148
3734,4346
3734,4414
3734,4814
3734,4936
3735,4232
3735,4492
3735,4526
3735,4710
3735,4850
3735,4929
3736,3914
3736,4074
3736,4114
3736,4136
3736,4296
3736,4473
3736,4479
3737,3845
3737,3941
3737,3960
3737,4137
3737,4843
3737,4892
3737,4991
3738,4027
3738,4141
3738,4159
3738,4517
3738,4684
3738,4944
3739,3766
3739,3812
3739,3896
3739,4092
3739,4682
3739,4827
3739,4971
3739,4976
3740,3821
3740,3889
3740,4052
3740,4510
3740,4579
3741,4968
3741,4983
3742,3766
3742,4027
3742,4051
3742,4169
3742,4935
3743,3872
3743,3882
3743,3909
3743,4158
3743,4647
3743,4661
3744,4119
3744,4177
3744,4502
3745,3778
3745,4903
3745,4908
3745,4962
3746,3907
3746,4131
3746,4132
3746,4425
3746,4484
3746,4614
3746,4998
3747,3957
3747,4054
3747,4303
3747,4493
3747,4674
3747,4878
3747,4979
3748,3908
3748,3920
3748,3965
3748,4056
3748,4279
3748,4316
3748,4387
3748,4585
3748,4942
3749,3816
3749,4671
3749,4848
3749,4956
3750,4010
3750,4191
3750,4202
3750,4209
3750,4998
3751,3810
3751,3836
3751,3892
3751,4157
3751,4162
3751,4193
3751,4475
3751,4657
3751,4765
3751,4847
3751,4975
3752,3818
3752,3852
3752,4078
3752,4129
3752,4229
3752,4343
3752,4669
3753,4055
3753,4450
3754,3770
3754,3776
3754,3802
3754,3851
3754,3973
3754,4538
3754,4546
3754,4631
3755,3948
3755,4044
3755,4554
3755,4618
3755,4740
3755,4870
3756,3959
3756,4157
3756,4166
3756,4434
3756,4464
3756,4499
3756,4631
3757,3809
3757,4326
3757,4461
3757,4469
3757,4498
3757,4553
3757,4731
3757,4779
3757,4816
3757,4894
3758,4212
3758,4299
3759,3909
3759,4011
3759,4306
3759,4385
3759,4444
3759,4875
3759,4984
3760,4087
3760,4172
3760,4193
3760,4212
3760,4337
3760,4342
3760,4460
3760,4821
3760,4831
3760,4856
3761,4130
3761,4746
3761,4839
3761,4938
3762,3784
3762,3799
3762,3893
3762,3957
3762,4348
3762,4349
3762,4708
3762,4879
3762,4968
3763,3833
3763,4014
3763,4495
3763,4516
3763,4814
3764,3973
3764,3986
3764,4087
3764,4105
3764,4396
3764,4480
3764,4917
3764,4972
3765,4533
3765,4542
3765,4683
3766,4182
3766,4219
3766,4285
3766,4664
3766,4978
3766,4994
3767,3993
3767,4034
3767,4088
3767,4162
3767,4244
3767,4476
3767,4509
3767,4569
3767,4843
3767,4846
3768,4138
3768,4275
3769,3786
3769,3825
3769,3879
3769,3937
3769,3957
3769,4294
3769,4637
3769,4736
3769,4799
3770,4076
3770,4412
3770,4473
3770,4484
3770,4941
3771,3862
3771,3908
3771,4014
3771,4174
3771,4185
3771,4584
3771,4697
3772,3965
3772,4024
3772,4112
3772,4166
3772,4364
3772,4672
3773,4086
3774,4235
3774,4394
3774,4543
3774,4571
3774,4808
3774,4959
3775,3807
3775,3944
3775,4590
3775,4605
3776,4174
3776,4332
3776,4432
3776,4475
3776,4531
3776,4792
3776,4855
3776,4883
3777,3843
3777,4336
3778,3890
3778,3947
3778,3948
3778,4005
3778,4560
3778,4582
3778,4995
3779,4121
3779,4632
3779,4646
3779,4881
3779,4927
3780,3858
3780,4188
3780,4364
3780,4769
3780,4829
3781,3894
3781,3899
3781,3984
3781,4534
3781,4862
3781,4983
3782,3906
3782,4714
3782,4740
3782,4970
3783,3958
3783,4112
3783,4165
3783,4216
3783,4313
3783,4327
3783,4395
3783,4461
3783,4587
3783,4710
3783,4827
3783,4984
3784,4088
3784,4160
3784,4429
3784,4578
3784,4661
3784,4910
3784,4922
3785,4119
3785,4145
3785,4369
3785,4489
3785,4603
3785,4946
3786,3946
3786,4086
3786,4190
3786,4226
3786,4294
3786,4316
3786,4484
3786,4718
3786,4736
3786,4840
3787,3885
3787,3912
3787,4033
3787,4144
3787,4541
3787,4601
3787,4833
3788,3816
3788,3909
3788,3947
3788,4140
3788,4151
3788,4261
3788,4594
3788,4667
3788,4955
3789,3857
3789,3996
3789,4716
3790,3829
3790,4083
3790,4479
3790,4520
3790,4521
3790,4671
3790,4877
3790,4885
3790,4932
3791,3795
3791,3796
3791,3823
3791,3853
3791,3946
3791,3969
3791,4001
3791,4357
3791,4856
3792,3801
3792,3856
3792,4098
3792,4168
3792,4700
3792,4795
3792,4967
3793,4015
3793,4035
3793,4381
3793,4686
3794,3975
3794,4017
3794,4488
3794,4581
3794,4892
3794,4908
3794,4995
3795,3824
3795,3849
3795,3880
3795,4544
3795,4582
3795,4685
3795,4825
3795,4985
3796,4237
3796,4499
3796,4561
3796,4701
3796,4714
3796,4798
3797,3963
3797,4297
3797,4533
3798,4064
3798,4129
3798,4164
3798,4429
3798,4611
3798,4621
3798,4761
3798,4790
3799,3874
3799,3877
3799,4306
3799,4471
3799,4474
3799,4973
3800,3838
3800,4022
3800,4037
3800,4254
3800,4546
3800,4864
3801,3944
3801,4118
3801,4121
3801,4268
3801,4461
3801,4513
3801,4791
3801,4922
3801,4997
3802,3928
3802,3947
3802,3967
3802,4174
3802,4322
3802,4447
3802,4557
3803,3814
3803,3853
3803,3860
3803,4146
3803,4192
3803,4258
3803,4365
3803,4732
3804,3926
3804,4511
3804,4516
3804,4842
3805,3867
3805,4951
3805,4987
3806,4490
3806,4732
3806,4874
3807,3810
3807,3832
3807,3844
3807,4080
3807,4229
3807,4251
3807,4395
3807,4425
3807,4562
3807,4620
3807,4893
3808,3841
3808,4211
3808,4255
3808,4290
3808,4480
3808,4482
3808,4586
3808,4697
3809,3841
3809,4074
3809,4171
3809,4631
3810,4015
3810,4159
3810,4307
3810,4733
3811,3975
3811,4061
3811,4103
3811,4225
3811,4460
3811,4653
3811,4920
3812,3868
3812,3925
3812,3950
3812,4258
3812,4519
3812,4529
3812,4552
3813,3976
3813,4018
3813,4196
3813,4431
3813,4633
3814,3827
3814,3863
3814,3927
3814,3942
3814,3970
3814,4026
3814,4738
3815,3986
3815,4717
3815,4779
3815,4857
3815,4869
3815,4945
3816,4320
3816,4578
3816,4630
3816,4659
3816,4827
3816,4871
3817,4215
3817,4233
3817,4271
3817,4546
3817,4675
3817,4877
3818,3956
3818,4126
3818,4489
3818,4668
3818,4743
3818,4780
3818,4859
3819,3893
3819,4109
3819,4134
3819,4373
3819,4597
3820,3826
3820,3878
3820,4007
3820,4083
3820,4126
3820,4496
3820,4616
3820,4621
3820,4868
3821,3983
3821,4069
3821,4559
3821,4898
3821,4959
3822,3950
3822,3951
3822,4222
3822,4257
3822,4309
3822,4436
3822,4817
3823,4050
3823,4088
3823,4440
3823,4681
3823,4700
3823,4833
3823,4869
3823,4928
3823,4936
3824,4225
3824,4496
3824,4773
3825,3959
3825,4013
3825,4016
3825,4024
3825,4036
3825,4111
3825,4593
3825,4678
3825,4742
3825,4832
3825,4854
3826,3972
3826,3982
3826,4043
3826,4159
3826,4282
3826,4559
3826,4576
3826,4611
3826,4790
3826,4827
3826,4978
3827,3834
3827,4017
3827,4291
3827,4923
3828,3881
3828,3951
3828,4080
3828,4325
3828,4415
3828,4942
3829,3837
3829,3910
3829,4216
3829,4343
3829,4465
3830,3916
3830,4011
3830,4052
3830,4148
3830,4288
3830,4383
3830,4849
3831,3964
3831,4052
3831,4090
3831,4186
3831,4342
3831,4347
3831,4413
3831,4459
3831,4539
3831,4851
3831,4895
3831,4901
3832,4192
3832,4263
3832,4666
3833,4226
3833,4342
3833,4451
3833,4915
3833,4957
3834,3885
3834,3890
3834,3988
3834,4019
3834,4080
3834,4107
3834,4205
3834,4218
3834,4367
3834,4502
3834,4618
3834,4655
3834,4810
3835,4069
3835,4175
3835,4200
3835,4208
3835,4679
3835,4785
3836,3862
3836,4569
3836,4814
3836,4883
3837,4212
3837,4666
3837,4990
3838,3960
3838,3980
3838,4206
3838,4795
3838,4909
3839,4327
3839,4555
3839,4576
3839,4687
3839,4950
3840,4007
3840,4187
3840,4192
3840,4295
3840,4787
3840,4788
3840,4794
3840,4811
3841,3873
3841,4342
3841,4585
3841,4683
3841,4817
3841,4841
3841,4895
3842,4324
3842,4536
3842,4798
3843,4196
3843,4881
3844,3954
3844,4198
3844,4603
3845,3907
3845,3927
3845,4158
3845,4213
3845,4247
3845,4340
3845,4487
3845,4767
3845,4818
3846,3869
3846,3957
3846,4290
3846,4296
3846,4299
3846,4539
3846,4593
3846,4803
3846,4932
3847,4033
3847,4359
3847,4613
3848,4279
3848,4471
3848,4583
3848,4634
3848,4785
3849,3907
3849,4068
3849,4097
3849,4197
3849,4736
3849,4752
3849,4762
3849,4789
3849,4838
3849,4885
3849,4893
3850,3918
3850,4204
3850,4402
3850,4517
3850,4577
3850,4636
3850,4834
3850,4961
3851,4004
3851,4012
3851,4235
3851,4297
3851,4385
3851,4429
3851,4466
3851,4736
3851,4989
3852,3914
3852,4099
3852,4220
3852,4386
3852,4733
3852,4984
3853,4105
3853,4479
3854,3990
3854,4019
3854,4479
3854,4771
3855,4092
3855,4581
3855,4594
3855,4670
3855,4710
3855,4850
3855,4957
3856,3905
3856,4198
3856,4314
3856,4474
3856,4487
3856,4891
3856,4901
3857,4200
3857,4324
3858,3908
3858,3952
3858,4051
3858,4158
3858,4182
3858,4977
3859,4208
3859,4469
3859,4477
3859,4491
3859,4598
3859,4631
3859,4657
3859,4962
3860,3863
3860,4099
3860,4494
3860,4527
3860,4598
3860,4765
3861,3993
3861,4343
3861,4542
3861,4830
3862,4279
3862,4352
3862,4488
3862,4986
3863,3950
3863,4126
3863,4858
3863,4967
3864,3995
3864,4140
3864,4247
3864,4332
3864,4951
3865,4351
3865,4465
3865,4543
3865,4828
3866,3936
3866,4570
3866,4629
3866,4703
3867,4148
3867,4439
3867,4470
3867,4599
3867,4636
3867,4697
3868,3897
3868,4123
3868,4152
3868,4181
3868,4217
3868,4248
3868,4262
3868,4510
3868,4773
3868,4847
3868,4905
3869,3911
3869,4005
3869,4008
3869,4125
3869,4277
3869,4749
3870,4276
3870,4324
3870,4330
3870,4343
3870,4514
3870,4620
3870,4701
3870,4820
3871,4883
3871,4978
3872,3875
3872,4270
3872,4365
3872,4688
3872,4828
3872,4856
3872,4988
3873,4198
3873,4362
3873,4496
3873,4973
3874,4093
3874,4097
3874,4114
3874,4578
3874,4798
3875,4006
3875,4123
3875,4275
3875,4319
3875,4680
3875,4692
3875,4791
3875,4795
3876,4121
3876,4204
3876,4290
3876,4564
3876,4970
3877,3948
3877,4140
3877,4258
3877,4261
3877,4469
3877,4700
3878,3944
3878,4077
3878,4536
3878,4596
3878,4660
3879,4116
3879,4363
3879,4407
3879,4732
3880,4032
3880,4078
3880,4383
3880,4500
3880,4511
3880,4523
3880,4674
3881,4436
3881,4558
3881,4694
3881,4941
3882,3964
3882,4019
3882,4148
3882,4342
3882,4349
3882,4604
3882,4776
3882,4859
3882,4966
3883,4054
3883,4095
3883,4164
3883,4179
3883,4713
3883,4792
3884,4281
3884,4558
3884,4775
3884,4947
3885,4264
3885,4637
3886,4226
3886,4229
3886,4472
3886,4524
3886,4845
3886,4879
3887,3967
3887,3982
3887,4063
3887,4435
3887,4798
3888,4153
3888,4353
3888,4443
3888,4458
3888,4544
3888,4840
3888,4859
3889,3893
3889,4035
3889,4056
3889,4099
3889,4179
3889,4209
3889,4350
3889,4359
3889,4587
3889,4707
3890,3970
3890,4094
3890,4392
3890,4410
3890,4451
3890,4497
3890,4751
3891,4097
3891,4167
3891,4479
3891,4623
3891,4834
3892,3903
3892,4349
3893,4128
3893,4342
3893,4425
3893,4629
3894,4007
3894,4029
3894,4166
3894,4213
3894,4254
3895,4285
3895,4496
3895,4502
3895,4833
3895,4983
3896,4288
3896,4340
3896,4467
3896,4583
3896,4657
3896,4937
3897,3933
3897,3942
3897,4455
3897,4483
3897,4568
3897,4697
3897,4874
3898,4144
3898,4620
3898,4687
3898,4810
3898,4968
3899,4176
3899,4398
3899,4980
3900,3918
3900,4146
3900,4204
3900,4488
3900,4716
3901,3928
3901,4614
3901,4662
3902,4041
3902,4048
3902,4628
3902,4816
3902,4874
3903,4144
3903,4346
3903,4400
3903,4507
3903,4634
3904,3974
3904,4213
3904,4261
3904,4303
3904,4590
3904,4610
3905,4269
3905,4420
3905,4458
3905,4676
3905,4703
3905,4876
3905,4900
3906,3929
3906,4118
3906,4328
3906,4624
3907,4013
3907,4922
3907,4998
3908,3923
3908,3967
3908,4025
3908,4027
3908,4373
3908,4489
3908,4721
3908,4839
3908,4851
3909,4013
3909,4042
3909,4051
3909,4404
3909,4496
3909,4575
3909,4634
3909,4843
3910,4111
3910,4338
3910,4412
3910,4963
3911,4074
3911,4085
3911,4406
3911,4668
3911,4874
3912,4036
3912,4310
3912,4438
3912,4728
3912,4744
3912,4809
3913,4277
3913,4314
3913,4586
3913,4808
3913,4812
3913,4883
3914,3956
3914,3969
3914,3975
3914,4107
3914,4215
3914,4405
3914,4939
3915,3928
3915,4316
3915,4353
3915,4392
3915,4780
3916,4086
3916,4248
3916,4281
3916,4532
3916,4606
3916,4646
3916,4666
3916,4767
3916,4889
3917,3951
3917,4510
3917,4685
3918,4070
3918,4227
3918,4455
3919,3924
3919,4295
3919,4526
3919,4647
3919,4694
3919,4762
3919,4779
3919,4925
3920,3967
3920,4023
3920,4258
3920,4444
3920,4972
3921,4358
3921,4514
3921,4756
3922,3989
3922,4041
3922,4195
3922,4329
3922,4795
3922,4989
3923,3965
3923,4056
3923,4300
3923,4884
3923,4923
3924,3959
3924,4138
3924,4699
3924,4812
3925,4004
3925,4196
3925,4399
3925,4644
3925,4895
3926,3977
3926,4000
3926,4113
3926,4291
3926,4445
3926,4936
3926,4954
3926,4970
3927,4232
3927,4339
3927,4509
3927,4743
3927,4862
3927,4953
3928,3999
3928,4048
3928,4172
3928,4224
3928,4479
3928,4526
3928,4548
3928,4870
3929,3978
3929,4097
3929,4577
3929,4791
3930,3995
3930,4193
3930,4705
3930,4831
3930,4978
3931,3968
3931,3975
3931,4343
3931,4383
3931,4582
3931,4643
3931,4704
3931,4713
3931,4798
3932,3968
3932,4154
3932,4414
3932,4860
3933,4051
3933,4131
3933,4270
3933,4372
3933,4860
3934,4013
3934,4087
3934,4103
3934,4278
3934,4343
3934,4647
3934,4833
3935,4007
3935,4020
3935,4417
3935,4536
3935,4739
3935,4813
3936,4057
3936,4135
3936,4314
3936,4338
3936,4445
3936,4688
3936,4747
3936,4921
3936,4965
3937,4122
3937,4125
3937,4414
3937,4418
3937,4641
3937,4849
3937,4862
3938,4054
3938,4393
3938,4636
3938,4728
3938,4854
3939,4066
3939,4067
3939,4704
3939,4926
3940,4234
3940,4313
3940,4403
3940,4407
3940,4519
3940,4751
3940,4897
3940,4970
3941,4137
3941,4262
3941,4672
3941,4821
3941,4945
3942,3955
3942,4051
3942,4291
3942,4420
3942,4665
3942,4969
3943,4039
3943,4107
3943,4444
3943,4498
3943,4905
3944,4020
3944,4024
3944,4188
3944,4324
3944,4655
3944,4912
3944,4970
3945,4041
3945,4125
3945,4409
3945,4724
3945,4794
3946,4110
3946,4117
3946,4173
3946,4383
3946,4538
3946,4661
3946,4724
3947,4061
3947,4243
3947,4700
3947,4864
3948,4179
3948,4253
3948,4325
3948,4520
3948,4732
3948,4982
3949,4019
3949,4287
3949,4464
3949,4507
3949,4924
3949,4972
3949,4985
3950,3982
3950,4129
3950,4312
3950,4461
3950,4535
3951,4494
3951,4591
3951,4728
3951,4828
3952,4253
3952,4683
3953,3974
3953,3983
3953,3990
3954,4003
3954,4212
3954,4410
3954,4504
3955,4202
3955,4214
3955,4400
3955,4405
3955,4586
3956,4085
3956,4382
3956,4423
3956,4604
3956,4655
3956,4988
3956,4991
3957,4190
3957,4238
3957,4387
3957,4653
3957,4847
3957,4975
3958,4176
3958,4897
3959,4972
3960,4048
3960,4671
3960,4787
3960,4974
3961,4308
3961,4481
3961,4635
3961,4894
3962,4167
3962,4178
3962,4191
3962,4258
3962,4416
3962,4557
3962,4661
3962,4716
3962,4784
3963,4079
3963,4636
3963,4711
3963,4745
3964,4390
3964,4455
3964,4477
3964,4578
3964,4647
3964,4748
3964,4946
3964,4963
3965,4017
3965,4383
3965,4394
3965,4596
3965,4939
3965,4944
3966,4081
3966,4319
3966,4361
3966,4388
3966,4504
3966,4788
3966,4826
3967,3987
3967,4154
3967,4181
3967,4655
3967,4663
3967,4873
3968,4187
3968,4545
3969,4184
3969,4404
3969,4628
3969,4671
3969,4693
3969,4781
3969,4849
3969,4916
3969,4942
3969,4967
3970,4971
3971,4194
3971,4315
3971,4694
3972,4208
3972,4395
3972,4659
3972,4827
3972,4863
3972,4950
3972,4996
3973,4039
3973,4299
3973,4448
3973,4555
3973,4792
3973,4867
3974,4079
3974,4154
3974,4718
3974,4894
3975,4297
3975,4494
3975,4666
3975,4748
3975,4799
3975,4956
3975,4960
3976,4008
3976,4012
3976,4805
3976,4830
3977,4113
3977,4175
3977,4218
3977,4385
3977,4534
3977,4837
3977,4912
3977,4913
3978,4172
3978,4191
3978,4586
3978,4754
3978,4913
3978,4927
3979,4118
3979,4180
3979,4245
3979,4299
3979,4308
3979,4327
3979,4691
3979,4694
3979,4985
3980,4168
3980,4193
3980,4240
3980,4317
3980,4545
3980,4602
3980,4910
3981,4178
3981,4996
3982,4380
3982,4662
3982,4749
3983,4287
3983,4326
3983,4380
3983,4579
3983,4864
3983,4960
3984,3990
3984,4367
3984,4421
3985,4094
3985,4193
3985,4255
3985,4394
3985,4479
3985,4755
3985,4825
3985,4911
3986,4451
3986,4516
3986,4520
3987,4227
3987,4259
3987,4261
3987,4751
3988,4378
3988,4449
3988,4554
3988,4584
3988,4612
3988,4681
3988,4734
3988,4810
3988,4817
3988,4837
3989,4050
3989,4178
3989,4453
3989,4491
3990,4230
3990,4272
3990,4423
3990,4511
3990,4516
3991,4389
3991,4461
3991,4840
3991,4947
3991,4948
3992,4143
3992,4186
3992,4234
3992,4441
3992,4631
3992,4850
3992,4891
3993,4115
3993,4262
3993,4360
3993,4414
3993,4450
3993,4683
3993,4899
3994,4050
3994,4476
3994,4783
3994,4829
3995,4347
3995,4552
3995,4861
3996,4044
3997,4627
3997,4780
3997,4919
3997,4965
3998,4795
3998,4851
3999,4056
3999,4280
3999,4444
3999,4467
3999,4492
3999,4611
3999,4755
3999,4771
3999,4842
3999,4925
3999,4999
4000,4069
4000,4077
4000,4370
4000,4567
4000,4684
4001,4028
4001,4493
4001,4524
4001,4568
4001,4773
4001,4844
4001,4912
4002,4088
4002,4116
4002,4218
4002,4263
4002,4301
4002,4380
4002,4397
4003,4034
4003,4353
4004,4032
4004,4121
4004,4985
4005,4542
4005,4582
4005,4670
4006,4105
4006,4132
4006,4678
4006,4770
4006,4830
4007,4146
4007,4248
4007,4350
4007,4383
4007,4550
4007,4698
4007,4899
4008,4137
4008,4453
4008,4470
4008,4504
4008,4869
4009,4239
4009,4321
4009,4418
4009,4459
4009,4731
4009,4808
4010,4044
4010,4068
4010,4283
4010,4467
4010,4604
4010,4829
4010,4901
4011,4077
4011,4103
4011,4489
4012,4634
4012,4801
4012,4895
4012,4951
4012,4984
4013,4045
4013,4492
4013,4714
4013,4961
4013,4974
4014,4067
4014,4492
4014,4525
4014,4680
4015,4119
4015,4186
4015,4312
4015,4526
4015,4757
4016,4250
4016,4253
4016,4305
4016,4712
4016,4836
4016,4959
4017,4104
4017,4128
4017,4198
4017,4269
4017,4468
4017,4845
4018,4058
4018,4440
4018,4449
4018,4528
4018,4603
4018,4838
4019,4031
4019,4909
4020,4027
4020,4556
4020,4966
4021,4083
4021,4209
4021,4337
4021,4683
4021,4837
4021,4963
4022,4102
4022,4139
4022,4230
4022,4449
4022,4519
4022,4775
4023,4026
4023,4170
4023,4371
4024,4297
4024,4458
4024,4465
4024,4677
4025,4243
4025,4719
4025,4773
4025,4869
4025,4947
4026,4354
4026,4416
4026,4519
4026,4905
4027,4112
4027,4421
4027,4667
4027,4720
4027,4916
4028,4083
4028,4340
4028,4446
4028,4618
4028,4760
4028,4871
4029,4202
4029,4245
4029,4269
4029,4363
4029,4489
4029,4627
4030,4040
4030,4705
4030,4749
4031,4079
4031,4131
4031,4145
4031,4221
4031,4346
4031,4616
4031,4668
4031,4972
4032,4221
4032,4306
4032,4491
4032,4812
4033,4351
4033,4525
4033,4918
4034,4059
4034,4068
4034,4159
4034,4278
4034,4698
4035,4544
4035,4566
4035,4617
4035,4999
4036,4423
4036,4461
4036,4506
4036,4778
4036,4941
4036,4998
4037,4246
4037,4328
4037,4351
4037,4426
4037,4596
4037,4675
4038,4690
4039,4050
4039,4076
4039,4336
4039,4502
4039,4539
4039,4680
4040,4276
4040,4399
4040,4451
4040,4493
4040,4583
4040,4697
4040,4992
4041,4192
4041,4214
4041,4241
4041,4253
4041,4314
4041,4644
4042,4135
4042,4282
4042,4453
4042,4465
4042,4494
4042,4527
4042,4930
4043,4109
4043,4220
4043,4322
4043,4387
4043,4418
4043,4425
4043,4600
4043,4613
4043,4720
4043,4983
4044,4530
4044,4627
4044,4811
4044,4876
4045,4280
4045,4633
4045,4682
4045,4861
4045,4880
4046,4276
4046,4285
4046,4638
4046,4856
4046,4980
4047,4329
4047,4450
4047,4472
4047,4591
4048,4150
4048,4314
4048,4745
4049,4104
4049,4306
4049,4324
4049,4390
4049,4511
4049,4658
4049,4749
4050,4186
4050,4546
4050,4828
4050,4926
4050,4997
4051,4164
4051,4282
4051,4335
4051,4495
4052,4161
4052,4189
4052,4214
4052,4221
4052,4708
4052,4908
4053,4188
4053,4628
4053,4679
4053,4905
4054,4646
4054,4791
4054,4991
4055,4056
4055,4376
4055,4650
4055,4654
4056,4083
4056,4250
4056,4278
4056,4811
4056,4845
4056,4959
4056,4980
4057,4250
4057,4512
4057,4964
4058,4300
4058,4417
4058,4521
4059,4089
4059,4171
4059,4366
4059,4426
4059,4459
4059,4583
4059,4599
4059,4616
4059,4638
4059,4978
4060,4131
4060,4198
4060,4599
4060,4631
4060,4822
4060,4827
4061,4346
4061,4378
4061,4583
4061,4629
4061,4690
4061,4761
4061,4813
4062,4728
4062,4999
4063,4191
4063,4218
4063,4617
4063,4624
4064,4197
4064,4447
4064,4476
4064,4672
4064,4739
4064,4846
4065,4268
4065,4379
4065,4603
4065,4633
4065,4650
4065,4889
4066,4111
4066,4213
4066,4239
4066,4517
4066,4684
4066,4884
4066,4929
4066,4975
4067,4388
4067,4407
4067,4637
4067,4660
4067,4805
4067,4970
4068,4138
4068,4315
4068,4612
4068,4887
4069,4106
4069,4123
4069,4396
4070,4454
4071,4340
4071,4458
4071,4612
4072,4099
4072,4405
4072,4407
4072,4445
4072,4570
4072,4573
4072,4871
4072,4910
4072,4927
4073,4211
4073,4491
4073,4607
4074,4582
4074,4672
4075,4415
4076,4115
4076,4120
4076,4686
4077,4205
4077,4437
4077,4479
4077,4558
4077,4565
4078,4093
4078,4336
4078,4654
4078,4746
4078,4826
4078,4912
4078,4927
4079,4155
4079,4254
4079,4268
4079,4407
4079,4650
4080,4157
4080,4397
4080,4526
4081,4139
4081,4273
4081,4445
4081,4708
4081,4772
4081,4775
4081,4988
4082,4370
4082,4412
4082,4581
4082,4639
4082,4748
4082,4802
4083,4138
4083,4157
4083,4289
4083,4442
4083,4572
4083,4611
4083,4639
4083,4975
4084,4094
4084,4315
4084,4454
4084,4470
4084,4532
4085,4827
4086,4365
4086,4456
4086,4644
4086,4718
4087,4150
4087,4176
4087,4341
4087,4374
4087,4950
4088,4130
4088,4278
4088,4307
4088,4475
4088,4947
4088,4951
4089,4110
4089,4323
4089,4422
4089,4686
4089,4763
4090,4349
4090,4473
4090,4545
4090,4791
4090,4982
4091,4167
4091,4207
4091,4305
4091,4437
4091,4635
4091,4835
4092,4376
4093,4277
4093,4337
4093,4476
4094,4163
4094,4439
4094,4601
4094,4936
4095,4765
4096,4176
4096,4409
4096,4426
4096,4460
4096,4664
4096,4932
4097,4126
4097,4289
4097,4606
4097,4647
4097,4871
4098,4885
4098,4930
4099,4346
4099,4429
4099,4528
4099,4532
4099,4549
4099,4966
4100,4239
4100,4488
4100,4672
4101,4105
4101,4172
4101,4751
4101,4970
4102,4131
4102,4384
4102,4588
4102,4706
4103,4150
4103,4585
4103,4844
4103,4969
4104,4121
4104,4272
4104,4721
4105,4515
4105,4943
4106,4570
4107,4147
4107,4351
4107,4879
4107,4974
4108,4326
4108,4377
4109,4248
4109,4329
4109,4334
4109,4644
4109,4776
4109,4780
4109,4790
4109,4816
4110,4329
4110,4336
4110,4420
4110,4452
4110,4563
4110,4814
4111,4277
4111,4756
4111,4818
4111,4836
4112,4196
4112,4204
4112,4393
4112,4501
4112,4767
4113,4194
4113,4417
4114,4336
4114,4337
4114,4774
4115,4270
4115,4708
4115,4767
4115,4771
4115,4791
4115,4815
4115,4973
4116,4216
4116,4433
4116,4584
4116,4735
4116,4863
4116,4917
4116,4927
4117,4423
4117,4794
4117,4976
4118,4138
4118,4332
4118,4438
4119,4434
4119,4630
4120,4268
4120,4693
4120,4764
4120,4871
4121,4122
4121,4337
4121,4488
4121,4733
4122,4316
4122,4345
4122,4859
4123,4209
4123,4321
4123,4599
4123,4788
4124,4565
4124,4673
4124,4767
4125,4237
4125,4516
4125,4834
4126,4472
4126,4511
4126,4512
4126,4532
4126,4627
4127,4350
4127,4530
4127,4633
4127,4842
4128,4210
4128,4273
4128,4424
4128,4480
4128,4485
4128,4524
4128,4912
4129,4138
4129,4154
4129,4366
4129,4636
4130,4514
4130,4584
4130,4585
4131,4190
4131,4319
4131,4498
4131,4610
4131,4666
4132,4324
4132,4463
4132,4482
4132,4709
4132,4753
4132,4776
4132,4814
4133,4262
4133,4376
4133,4386
4133,4465
4133,4732
4133,4873
4134,4229
4134,4314
4134,4437
4134,4537
4134,4598
4134,4654
4134,4690
4135,4518
4135,4564
4135,4692
4135,4827
4136,4307
4136,4368
4136,4392
4136,4697
4136,4907
4137,4289
4137,4318
4137,4603
4137,4726
4137,4852
4138,4321
4138,4568
4138,4896
4139,4148
4139,4219
4139,4273
4139,4535
4139,4788
4139,4907
4140,4319
4140,4356
4140,4396
4140,4452
4140,4662
4140,4835
4141,4207
4141,4227
4141,4252
4141,4364
4141,4437
4141,4502
4141,4623
4141,4832
4141,4897
4141,4936
4142,4391
4142,4410
4142,4864
4143,4210
4143,4422
4143,4813
4144,4315
4144,4341
4144,4379
4144,4541
4145,4327
4145,4329
4145,4819
4145,4877
4145,4915
4146,4464
4146,4522
4146,4763
4146,4938
4146,4969
4147,4155
4147,4337
4147,4962
4147,4974
4148,4423
4148,4549
4148,4908
4148,4952
4149,4262
4149,4831
4149,4839
4149,4914
4149,4967
4149,4978
4150,4722
4150,4829
4150,4886
4150,4903
4151,4367
4151,4534
4151,4584
4151,4614
4151,4715
4151,4774
4152,4181
4152,4227
4152,4298
4152,4319
4152,4588
4152,4628
4153,4303
4154,4390
4154,4683
4154,4998
4155,4158
4155,4188
4155,4496
4155,4749
4155,4766
4155,4808
4155,4853
4155,4913
4156,4258
4156,4341
4156,4351
4156,4562
4157,4166
4157,4434
4157,4508
4157,4716
4158,4179
4158,4347
4158,4383
4158,4588
4158,4609
4158,4615
4158,4636
4158,4749
4158,4968
4159,4595
4159,4736
4159,4807
4159,4855
4159,4942
4159,4988
4160,4591
4160,4691
4160,4721
4160,4748
4160,4915
4161,4423
4161,4610
4161,4635
4161,4900
4162,4200
4162,4255
4162,4500
4162,4672
4162,4747
4162,4795
4163,4453
4163,4528
4163,4610
4164,4331
4164,4387
4164,4457
4164,4518
4164,4615
4164,4789
4164,4888
4164,4953
4165,4319
4165,4330
4165,4347
4165,4595
4165,4656
4165,4752
4166,4809
4166,4889
4167,4249
4167,4271
4167,4661
4167,4905
4168,4591
4169,4442
4169,4608
4169,4655
4169,4692
4169,4765
4170,4182
4170,4286
4170,4313
4170,4951
4170,4971
4170,4994
4171,4456
4171,4713
4171,4857
4171,4942
4172,4251
4172,4357
4172,4377
4172,4408
4173,4763
4173,4791
4173,4855
4175,4362
4175,4451
4175,4794
4175,4813
4175,4991
4176,4268
4176,4282
4176,4316
4176,4470
4176,4890
4176,4970
4177,4378
4177,4436
4177,4500
4177,4510
4177,4637
4177,4750
4177,4892
4178,4597
4178,4606
4178,4610
4178,4760
4179,4361
4179,4557
4179,4583
4179,4948
4180,4236
4180,4293
4180,4644
4180,4704
4180,4706
4180,4832
4180,4855
4180,4859
4180,4928
4180,4933
4181,4435
4181,4441
4181,4737
4181,4740
4181,4829
4181,4867
4181,4908
4182,4369
4182,4388
4182,4480
4182,4517
4182,4692
4182,4714
4182,4726
4183,4239
4183,4420
4183,4699
4183,4734
4183,4756
4183,4965
4184,4421
4184,4922
4184,4968
4184,4998
4185,4479
4185,4480
4185,4608
4185,4634
4185,4712
4185,4737
4185,4853
4186,4358
4186,4378
4186,4433
4186,4451
4186,4459
4186,4538
4186,4732
4186,4769
4186,4813
4187,4193
4187,4201
4187,4413
4187,4893
4187,4988
4188,4658
4188,4728
4189,4224
4189,4374
4189,4438
4189,4811
4190,4291
4190,4459
4190,4583
4190,4632
4190,4729
4190,4822
4190,4916
4190,4985
4191,4468
4192,4327
4192,4441
4192,4571
4192,4658
4192,4736
4193,4603
4193,4645
4193,4967
4193,4968
4194,4207
4194,4211
4194,4251
4194,4304
4194,4319
4194,4638
4194,4680
4194,4732
4194,4839
4195,4361
4195,4373
4195,4778
4196,4403
4196,4679
4196,4784
4197,4316
4197,4475
4197,4759
4197,4785
4197,4853
4198,4256
4198,4309
4198,4364
4198,4383
4198,4532
4198,4735
4199,4475
4199,4668
4199,4728
4199,4983
4200,4323
4200,4404
4200,4543
4201,4300
4201,4413
4201,4514
4201,4855
4201,4892
4202,4216
4203,4324
4203,4328
4203,4338
4203,4379
4203,4500
4203,4562
4203,4702
4203,4957
4204,4254
4204,4530
4204,4607
4204,4861
4204,4865
4205,4382
4205,4552
4205,4706
4206,4239
4206,4327
4206,4385
4206,4752
4206,4828
4206,4893
4207,4228
4207,4495
4207,4515
4207,4888
4208,4271
4208,4505
4208,4697
4208,4796
4208,4914
4209,4247
4209,4560
4209,4809
4210,4371
4210,4424
4210,4541
4210,4646
4211,4300
4211,4368
4211,4382
4211,4440
4211,4625
4211,4779
4211,4806
4212,4282
4212,4384
4212,4458
4212,4517
4212,4795
4212,4842
4212,4911
4213,4400
4213,4680
4213,4964
4214,4343
4215,4561
4215,4663
4215,4810
4216,4360
4216,4410
4216,4707
4216,4717
4216,4781
4217,4348
4217,4351
4217,4934
4218,4750
4219,4343
4219,4669
4219,4753
4220,4372
4220,4468
4220,4553
4220,4955
4221,4249
4221,4789
4221,4899
4222,4289
4222,4504
4222,4546
4222,4708
4223,4588
4223,4678
4223,4801
4224,4604
4224,4653
4224,4712
4224,4780
4224,4809
4224,4918
4225,4449
4225,4915
4225,4974
4226,4241
4226,4430
4226,4568
4226,4687
4226,4811
4226,4862
4227,4392
4227,4438
4227,4767
4227,4779
4227,4957
4227,4973
4228,4433
4228,4503
4228,4691
4228,4711
4228,4931
4228,4942
4229,4562
4229,4605
4229,4709
4229,4825
4230,4363
4231,4298
4232,4251
4232,4320
4232,4370
4232,4398
4232,4403
4232,4710
4232,4831
4233,4960
4234,4347
4234,4430
4234,4434
4234,4580
4235,4336
4235,4371
4235,4417
4235,4446
4236,4416
4236,4965
4237,4556
4237,4940
4238,4290
4238,4338
4238,4559
4238,4568
4238,4731
4238,4885
4238,4894
4239,4445
4239,4488
4239,4577
4239,4745
4239,4949
4240,4399
4240,4455
4240,4474
4240,4527
4240,4558
4240,4567
4241,4282
4241,4323
4241,4635
4241,4787
4241,4828
4242,4282
4242,4525
4242,4539
4242,4575
4242,4724
4242,4863
4243,4260
4243,4342
4243,4579
4244,4327
4244,4579
4244,4953
4245,4422
4245,4480
4245,4501
4245,4760
4245,4794
4245,4949
4247,4395
4247,4818
4247,4849
4247,4914
4248,4411
4248,4558
4248,4903
4249,4725
4249,4803
4250,4882
4250,4921
4251,4620
4252,4539
4252,4695
4252,4747
4252,4929
4253,4536
4253,4844
4253,4956
4254,4727
4255,4319
4256,4646
4256,4715
4257,4397
4257,4514
4257,4839
4257,4866
4258,4284
4258,4336
4258,4418
4258,4798
4259,4305
4259,4916
4259,4949
4260,4474
4260,4693
4260,4931
4260,4966
4261,4523
4261,4762
4262,4278
4262,4427
4262,4774
4263,4296
4263,4438
4263,4489
4263,4790
4263,4811
4263,4860
4263,4923
4264,4356
4264,4717
4264,4890
4264,4915
4264,4942
4265,4913
4266,4480
4267,4549
4267,4881
4267,4907
4267,4963
4268,4965
4269,4914
4270,4497
4270,4981
4271,4295
4271,4359
4271,4417
4271,4515
4271,4588
4271,4616
4272,4424
4272,4791
4273,4358
4273,4651
4273,4737
4274,4341
4274,4455
4275,4283
4275,4462
4275,4493
4275,4524
4275,4728
4275,4746
4275,4883
4275,4921
4276,4299
4276,4690
4276,4799
4276,4962
4277,4691
4277,4723
4277,4925
4277,4932
4278,4564
4279,4421
4279,4428
4279,4479
4279,4481
4279,4745
4279,4808
4279,4829
4280,4391
4280,4421
4280,4494
4280,4691
4280,4694
4280,4764
4281,4355
4281,4607
4281,4714
4281,4940
4282,4700
4282,4777
4283,4353
4283,4485
4283,4694
4283,4770
4283,4860
4284,4504
4284,4524
4284,4698
4285,4488
4285,4676
4285,4817
4285,4954
4286,4440
4286,4664
4286,4966
4287,4689
4287,4916
4288,4692
4289,4791
4289,4844
4290,4299
4290,4414
4290,4595
4290,4612
4290,4638
4290,4947
4290,4958
4291,4625
4291,4638
4291,4744
4291,4822
4291,4982
4292,4386
4292,4705
4292,4887
4292,4924
4293,4377
4293,4984
4294,4412
4294,4703
4294,4711
4294,4975
4296,4839
4297,4478
4297,4519
4297,4547
4297,4634
4297,4776
4297,4963
4298,4481
4299,4465
4300,4678
4300,4837
4300,4959
4301,4340
4301,4373
4301,4375
4301,4448
4301,4706
4301,4813
4301,4826
4301,4831
4302,4354
4303,4445
4303,4459
4303,4662
4303,4988
4304,4921
4305,4487
4305,4689
4305,4707
4305,4722
4305,4912
4305,4978
4306,4340
4306,4430
4306,4514
4306,4546
4306,4807
4307,4508
4307,4811
4307,4953
4308,4433
4308,4685
4309,4936
4309,4971
4310,4326
4310,4453
4310,4628
4310,4730
4311,4348
4311,4558
4311,4760
4311,4985
4312,4325
4312,4435
4312,4694
4312,4875
4313,4553
4314,4589
4314,4632
4314,4899
4314,4918
4315,4679
4315,4694
4315,4827
4315,4846
4315,4893
4316,4421
4316,4713
4316,4793
4316,4870
4317,4528
4317,4717
4317,4970
4318,4334
4318,4349
4318,4984
4319,4480
4319,4549
4319,4935
4320,4343
4321,4615
4321,4887
4321,4993
4322,4399
4322,4606
4322,4621
4322,4678
4322,4953
4323,4339
4323,4402
4323,4486
4323,4634
4323,4693
4323,4832
4324,4493
4324,4648
4324,4795
4324,4959
4324,4984
4325,4881
4326,4771
4326,4940
4327,4377
4327,4428
4328,4438
4328,4487
4328,4532
4328,4635
4328,4659
4329,4484
4330,4607
4330,4613
4330,4702
4331,4340
4331,4392
4331,4515
4331,4636
4331,4693
4331,4773
4331,4811
4331,4872
4331,4883
4332,4489
4332,4684
4333,4482
4333,4505
4333,4514
4333,4550
4333,4696
4333,4772
4334,4536
4334,4568
4334,4640
4334,4701
4334,4781
4334,4850
4335,4391
4335,4631
4336,4374
4336,4675
4336,4752
4336,4756
4337,4420
4337,4525
4337,4526
4337,4639
4337,4722
4338,4393
4338,4622
4338,4672
4338,4676
4338,4730
4338,4961
4339,4642
4340,4715
4340,4884
4341,4371
4341,4423
4341,4642
4341,4651
4341,4655
4341,4702
4341,4749
4341,4819
4341,4893
4342,4653
4342,4919
4342,4939
4343,4471
4343,4475
4343,4628
4343,4713
4344,4495
4344,4614
4344,4672
4344,4940
4344,4960
4345,4412
4345,4664
4345,4813
4346,4625
4346,4711
4346,4866
4347,4435
4347,4542
4347,4600
4347,4607
4347,4620
4347,4748
4347,4861
4347,4885
4348,4396
4348,4947
4349,4638
4350,4438
4350,4766
4351,4683
4352,4494
4352,4998
4353,4400
4353,4755
4353,4809
4354,4867
4354,4987
4355,4483
4355,4536
4355,4756
4355,4892
4356,4785
4357,4369
4357,4430
4357,4863
4357,4877
4358,4360
4358,4444
4358,4477
4358,4855
4359,4462
4359,4859
4359,4901
4359,4975
4360,4778
4360,4953
4362,4405
4362,4407
4362,4415
4362,4479
4362,4589
4362,4672
4363,4781
4363,4796
4363,4911
4363,4961
4363,4989
4364,4386
4364,4560
4364,4735
4364,4755
4365,4480
4365,4721
4365,4823
4365,4929
4366,4417
4366,4746
4366,4873
4366,4890
4366,4991
4367,4418
4367,4541
4367,4783
4368,4712
4369,4500
4369,4519
4369,4537
4369,4574
4369,4615
4369,4712
4369,4841
4370,4541
4370,4699
4371,4683
4372,4447
4372,4828
4372,4843
4373,4381
4373,4958
4374,4425
4374,4973
4375,4488
4375,4589
4375,4693
4375,4889
4376,4589
4377,4405
4377,4599
4377,4880
4377,4890
4377,4970
4377,4986
4379,4432
4379,4527
4379,4703
4379,4741
4380,4414
4380,4490
4380,4523
4380,4528
4380,4673
4381,4388
4381,4430
4381,4489
4381,4509
4382,4618
4382,4807
4382,4982
4383,4684
4383,4739
4383,4820
4384,4758
4385,4515
4386,4414
4386,4577
4386,4904
4387,4472
4387,4501
4387,4770
4388,4436
4388,4574
4388,4613
4388,4622
4388,4820
4389,4531
4389,4691
4390,4469
4390,4500
4390,4876
4390,4929
4391,4405
4391,4795
4391,4996
4392,4665
4392,4846
4393,4869
4394,4505
4394,4861
4394,4930
4395,4518
4395,4533
4395,4607
4395,4834
4395,4959
4396,4557
4396,4682
4396,4880
4396,4978
4397,4864
4398,4722
4398,4724
4398,4790
4398,4973
4398,4981
4399,4849
4400,4513
4400,4702
4400,4890
4400,4912
4401,4694
4401,4841
4401,4916
4402,4670
4402,4718
4402,4778
4402,4814
4402,4887
4402,4958
4403,4572
4403,4873
4403,4876
4404,4438
4404,4464
4404,4736
4404,4944
4404,4982
4405,4678
4405,4700
4405,4782
4405,4851
4406,4587
4406,4821
4408,4590
4408,4608
4408,4753
4409,4718
4409,4797
4409,4916
4410,4530
4410,4752
4411,4739
4411,4847
4411,4918
4413,4689
4414,4437
4415,4492
4415,4568
4415,4800
4416,4504
4416,4704
4417,4466
4417,4515
4417,4630
4417,4660
4417,4926
4417,4994
4418,4486
4418,4589
4418,4733
4418,4911
4418,4940
4418,4965
4419,4830
4420,4741
4420,4779
4420,4841
4420,4906
4420,4924
4421,4809
4422,4621
4422,4807
4423,4593
4423,4691
4423,4834
4423,4921
4423,4974
4424,4519
4424,4530
4424,4558
4424,4650
4424,4858
4424,4936
4424,4992
4425,4446
4425,4711
4426,4540
4426,4584
4426,4736
4426,4974
4428,4553
4428,4632
4428,4878
4429,4607
4429,4807
4429,4849
4429,4898
4429,4919
4429,4926
4429,4984
4430,4532
4430,4579
4430,4603
4430,4620
4430,4716
4430,4951
4431,4628
4431,4676
4431,4828
4431,4896
4431,4916
4432,4480
4432,4908
4432,4910
4432,4920
4433,4495
4433,4499
4433,4654
4433,4762
4434,4479
4434,4931
4435,4557
4435,4699
4436,4867
4436,4929
4437,4547
4437,4798
4437,4913
4437,4958
4438,4449
4438,4674
4439,4469
4439,4745
4440,4795
4440,4810
4440,4989
4441,4566
4441,4687
4441,4723
4442,4503
4442,4626
4442,4826
4442,4837
4442,4869
4442,4903
4443,4476
4443,4677
4443,4831
4443,4835
4443,4947
4444,4745
4444,4809
4444,4833
4445,4488
4445,4508
4445,4575
4445,4986
4446,4462
4446,4732
4446,4799
4447,4545
4447,4654
4447,4922
4448,4522
4448,4761
4448,4880
4449,4614
4451,4683
4451,4989
4452,4470
4452,4515
4453,4872
4454,4550
4454,4797
4455,4896
4455,4966
4457,4824
4457,4853
4457,4878
4458,4525
4458,4624
4458,4902
4459,4509
4459,4800
4461,4987
4462,4507
4462,4700
4462,4705
4462,4764
4462,4920
4462,4939
4463,4658
4463,4794
4464,4587
4464,4831
4465,4520
4465,4710
4466,4724
4467,4559
4467,4646
4467,4725
4467,4898
4467,4913
4468,4661
4470,4779
4470,4837
4471,4558
4471,4862
4471,4973
4472,4859
4472,4870
4472,4906
4472,4984
4473,4589
4473,4647
4473,4761
4473,4769
4474,4584
4474,4796
4474,4864
4475,4594
4475,4635
4475,4992
4476,4961
4476,4986
4477,4613
4477,4764
4477,4784
4477,4849
4477,4872
4478,4565
4478,4710
4479,4593
4479,4889
4480,4544
4480,4741
4480,4761
4480,4918
4481,4582
4481,4905
4482,4546
4482,4667
4482,4845
4483,4611
4483,4889
4483,4994
4484,4506
4484,4834
4484,4996
4485,4570
4485,4600
4485,4751
4485,4915
4486,4662
4486,4768
4486,4815
4487,4517
4487,4775
4487,4927
4488,4568
4488,4992
4489,4730
4490,4763
4491,4548
4491,4780
4494,4540
4494,4700
4494,4780
4494,4889
4495,4513
4495,4756
4495,4807
4495,4904
4496,4769
4496,4835
4497,4592
4497,4730
4497,4914
4498,4556
4499,4820
4499,4869
4500,4673
4501,4538
4501,4608
4501,4761
4501,4898
4503,4948
4504,4760
4504,4842
4504,4967
4505,4811
4505,4891
4506,4547
4507,4617
4507,4708
4507,4835
4507,4867
4508,4817
4508,4871
4508,4982
4509,4554
4509,4609
4509,4618
4509,4662
4509,4707
4509,4731
4509,4791
4509,4920
4509,4921
4510,4841
4511,4740
4511,4753
4512,4786
4512,4966
4513,4670
4513,4695
4513,4923
4513,4948
4515,4666
4515,4918
4516,4949
4516,4963
4517,4666
4517,4816
4518,4705
4518,4830
4518,4947
4519,4559
4520,4777
4521,4770
4521,4825
4521,4958
4522,4578
4522,4772
4522,4964
4523,4660
4523,4685
4523,4875
4524,4789
4524,4854
4524,4923
4524,4931
4525,4618
4525,4713
4525,4908
4526,4583
4526,4936
4527,4768
4527,4774
4527,4802
4527,4942
4528,4561
4528,4600
4528,4797
4528,4868
4528,4933
4528,4963
4529,4542
4529,4548
4529,4823
4530,4842
4530,4875
4530,4950
4531,4777
4531,4822
4532,4761
4532,4804
4533,4551
4533,4596
4533,4610
4533,4823
4534,4549
4534,4657
4534,4889
4537,4649
4538,4714
4538,4834
4540,4598
4540,4742
4541,4974
4541,4976
4542,4543
4542,4630
4543,4626
4543,4755
4543,4940
4544,4561
4544,4746
4544,4809
4545,4721
4545,4855
4545,4913
4545,4956
4546,4828
4547,4745
4547,4827
4547,4963
4547,4993
4549,4725
4549,4870
4549,4928
4550,4710
4550,4786
4550,4803
4552,4703
4553,4680
4553,4800
4554,4691
4554,4880
4554,4936
4554,4971
4555,4689
4556,4775
4556,4894
4557,4893
4557,4905
4557,4998
4558,4750
4558,4991
4559,4792
4561,4962
4562,4782
4562,4833
4562,4972
4563,4758
4563,4774
4563,4782
4563,4820
4563,4911
4564,4895
4564,4904
4565,4833
4566,4575
4566,4701
4566,4717
4567,4888
4568,4874
4568,4982
4569,4690
4569,4889
4570,4851
4571,4802
4572,4738
4572,4741
4572,4758
4573,4673
4573,4806
4573,4875
4573,4908
4573,4943
4574,4872
4575,4721
4575,4787
4575,4922
4575,4929
4577,4667
4577,4825
4577,4927
4578,4697
4578,4791
4578,4944
4579,4789
4580,4616
4580,4664
4580,4696
4580,4867
4580,4907
4581,4624
4581,4812
4582,4862
4583,4983
4583,4990
4585,4836
4585,4881
4586,4959
4588,4612
4588,4650
4589,4774
4589,4942
4590,4991
4591,4929
4592,4789
4592,4959
4593,4654
4593,4864
4593,4999
4594,4837
4595,4601
4595,4635
4595,4905
4595,4912
4595,4960
4595,4961
4595,4989
4596,4757
4596,4835
4596,4959
4597,4922
4598,4733
4598,4758
4598,4864
4599,4930
4600,4604
4600,4977
4601,4806
4602,4825
4602,4893
4603,4754
4603,4784
4604,4671
4605,4970
4605,4999
4607,4694
4607,4758
4608,4929
4609,4793
4610,4718
4610,4802
4610,4821
4611,4757
4611,4797
4613,4939
4614,4899
4614,4952
4615,4867
4615,4922
4616,4819
4617,4701
4617,4706
4617,4872
4618,4716
4619,4675
4619,4723
4619,4856
4620,4678
4620,4739
4620,4879
4620,4971
4621,4804
4621,4866
4622,4691
4622,4901
4624,4828
4625,4860
4625,4899
4626,4921
4628,4832
4628,4836
4629,4689
4629,4826
4629,4859
4630,4949
4630,4967
4631,4737
4631,4781
4632,4767
4634,4646
4634,4953
4634,4995
4635,4726
4636,4922
4636,4923
4637,4734
4637,4754
4637,4805
4637,4818
4638,4840
4639,4784
4641,4908
4642,4788
4643,4932
4644,4729
4645,4648
4645,4669
4645,4737
4646,4756
4646,4763
4646,4901
4647,4877
4648,4845
4648,4862
4649,4866
4650,4856
4650,4915
4651,4943
4652,4871
4653,4701
4653,4731
4653,4895
4653,4933
4654,4665
4654,4870
4654,4886
4654,4929
4655,4686
4655,4972
4656,4675
4656,4744
4656,4810
4656,4900
4657,4663
4657,4885
4658,4869
4660,4727
4660,4772
4660,4798
4660,4816
4661,4698
4661,4707
4661,4774
4663,4805
4664,4701
4664,4885
4665,4723
4666,4794
4666,4885
4667,4760
4669,4737
4669,4766
4670,4763
4670,4774
4671,4714
4671,4755
4671,4830
4673,4698
4673,4790
4674,4932
4675,4782
4675,4789
4675,4856
4676,4753
4676,4761
4676,4829
4676,4968
4677,4764
4678,4683
4678,4815
4678,4819
4678,4975
4679,4936
4680,4763
4680,4783
4681,4920
4681,4924
4683,4684
4683,4903
4686,4988
4686,4991
4687,4817
4688,4715
4688,4737
4688,4841
4688,4969
4690,4846
4690,4936
4692,4727
4692,4753
4692,4834
4693,4717
4694,4711
4695,4703
4695,4743
4695,4837
4697,4910
4697,4936
4698,4723
4698,4846
4698,4898
4699,4709
4699,4823
4700,4727
4700,4736
4700,4839
4700,4867
4701,4831
4701,4857
4702,4745
4702,4821
4703,4710
4704,4798
4704,4961
4705,4933
4706,4853
4706,4918
4707,4879
4708,4717
4708,4800
4708,4896
4709,4733
4709,4824
4709,4995
4710,4852
4711,4808
4712,4743
4712,4760
4712,4958
4712,4961
4714,4889
4714,4909
4714,4910
4714,4930
4715,4956
4717,4733
4717,4855
4719,4880
4719,4990
4721,4734
4721,4823
4721,4925
4722,4813
4722,4941
4723,4999
4724,4819
4724,4960
4726,4780
4726,4866
4727,4881
4729,4972
4732,4820
4732,4926
4733,4787
4733,4891
4733,4932
4733,4996
4734,4774
4735,4740
4735,4812
4735,4818
4735,4966
4737,4795
4738,4872
4738,4893
4738,4978
4739,4768
4739,4848
4739,4911
4740,4867
4741,4775
4741,4997
4742,4898
4742,4908
4743,4799
4743,4822
4743,4926
4744,4877
4744,4910
4745,4769
4746,4781
4746,4973
4746,4996
4748,4881
4749,4876
4750,4814
4750,4844
4751,4909
4752,4975
4753,4800
4753,4960
4757,4811
4760,4878
4761,4820
4761,4899
4762,4942
4762,4996
4763,4798
4765,4778
4765,4913
4766,4884
4766,4945
4767,4797
4767,4944
4768,4906
4770,4827
4770,4836
4775,4942
4775,4955
4776,4895
4776,4970
4777,4990
4779,4801
4780,4797
4781,4875
4781,4925
4781,4926
4782,4970
4785,4812
4785,4953
4786,4888
4787,4838
4787,4877
4789,4868
4790,4867
4790,4912
4791,4933
4792,4897
4792,4915
4793,4941
4793,4998
4795,4991
4796,4951
4798,4807
4799,4991
4800,4983
4801,4882
4801,4903
4802,4987
4802,4995
4802,4996
4803,4992
4805,4961
4806,4816
4808,4897
4808,4979
4809,4828
4809,4836
4809,4841
4809,4895
4810,4831
4811,4903
4812,4833
4812,4968
4813,4834
4815,4862
4816,4835
4816,4891
4816,4905
4820,4950
4821,4938
4821,4998
4822,4877
4822,4950
4824,4953
4824,4954
4824,4964
4824,4993
4825,4925
4825,4996
4827,4906
4828,4853
4829,4916
4830,4959
4832,4909
4832,4936
4835,4921
4836,4941
4837,4859
4839,4965
4840,4909
4843,4970
4845,4995
4847,4955
4847,4996
4848,4886
4849,4951
4849,4971
4852,4880
4852,4887
4852,4983
4854,4953
4858,4958
4859,4928
4865,4894
4870,4918
4874,4919
4875,4993
4879,4996
4882,4993
4885,4945
4885,4966
4886,4926
4887,4893
4888,4935
4890,4900
4891,4998
4897,4921
4902,4969
4902,4983
4907,4926
4908,4988
4909,4939
4909,4943
4912,4930
4913,4920
4913,4963
4917,4992
4921,4975
4927,4977
4929,4952
4932,4987
4941,4965
4944,4958
4971,4977
