src,dst
0,1
0,2
0,3
0,4
0,5
0,6
0,7
0,8
0,9
0,10
0,11
0,12
0,13
0,14
0,15
0,18
0,19
0,22
0,24
0,26
0,27
0,30
0,35
0,36
0,37
0,38
0,40
0,41
0,42
0,44
0,45
0,46
0,47
0,48
0,49
0,51
0,53
0,54
0,62
0,65
0,66
0,70
0,73
0,76
0,77
0,79
0,81
0,85
0,90
0,91
0,92
0,93
0,95
0,100
0,107
0,109
0,111
0,112
0,117
0,121
0,126
0,131
0,133
0,136
0,142
0,143
0,146
0,148
0,149
0,151
0,156
0,158
0,161
0,171
0,172
0,176
0,187
0,190
0,193
0,202
0,204
0,205
0,207
0,221
0,226
0,227
0,231
0,237
0,243
0,245
0,254
0,260
0,275
0,276
0,282
0,294
0,300
0,307
0,309
0,317
0,326
0,333
0,349
0,353
0,360
0,365
0,380
0,387
0,395
0,410
0,423
0,431
0,446
0,449
0,451
0,457
0,465
0,470
0,471
0,476
0,485
0,486
0,504
0,510
0,516
0,518
0,521
0,531
0,533
0,534
0,552
0,567
0,582
0,583
0,594
0,595
0,601
0,603
0,632
0,638
0,644
0,646
0,654
0,656
0,662
0,666
0,687
0,728
0,731
0,734
0,742
0,747
0,755
0,768
0,808
0,809
0,810
0,825
0,831
0,835
0,855
0,860
0,861
0,870
0,876
0,877
0,880
0,885
0,887
0,906
0,920
0,934
0,946
0,972
0,985
0,987
0,989
0,996
0,1011
0,1026
0,1029
0,1041
0,1044
0,1049
0,1062
0,1067
0,1071
0,1075
0,1081
0,1087
0,1106
0,1111
0,1131
0,1137
0,1138
0,1154
0,1160
0,1193
0,1205
0,1221
0,1237
0,1254
0,1263
0,1286
0,1330
0,1333
0,1348
0,1349
0,1351
0,1354
0,1359
0,1369
0,1372
0,1373
0,1384
0,1393
0,1396
0,1397
0,1408
0,1420
0,1422
0,1424
0,1429
0,1434
0,1435
0,1437
0,1451
0,1452
0,1464
0,1482
0,1502
0,1529
0,1534
0,1536
0,1543
0,1555
0,1576
0,1585
0,1594
0,1602
0,1609
0,1616
0,1655
0,1658
0,1660
0,1663
0,1667
0,1724
0,1799
0,1807
0,1830
0,1859
0,1867
0,1872
0,1887
0,1891
0,1901
0,1969
0,1998
0,2014
0,2025
0,2102
0,2106
0,2129
0,2167
0,2203
0,2212
0,2234
0,2289
0,2308
0,2310
0,2311
0,2313
0,2344
0,2379
0,2387
0,2406
0,2418
0,2427
0,2440
0,2476
0,2506
0,2520
0,2542
0,2546
0,2566
0,2574
0,2582
0,2587
0,2625
0,2632
0,2634
0,2679
0,2736
0,2740
0,2746
0,2753
0,2755
0,2763
0,2799
0,2800
0,2857
0,2880
0,2897
0,2904
0,2913
0,2919
0,2932
0,2951
0,3002
0,3008
0,3022
0,3023
0,3033
0,3039
0,3053
0,3074
0,3084
0,3107
0,3115
0,3123
0,3125
0,3190
0,3206
0,3209
0,3215
0,3218
0,3220
0,3237
0,3240
0,3305
0,3332
0,3348
0,3358
0,3367
0,3389
0,3406
0,3529
0,3547
0,3579
0,3590
0,3593
0,3607
0,3642
0,3648
0,3649
0,3677
0,3695
0,3700
0,3730
0,3763
0,3768
0,3800
0,3873
0,3874
0,3878
0,3879
0,3899
0,3907
0,3910
0,3936
0,3942
0,3950
0,3956
0,3964
0,3973
0,3987
0,3992
0,4006
0,4041
0,4042
0,4103
0,4130
0,4152
0,4158
0,4161
0,4166
0,4176
0,4217
0,4245
0,4267
0,4275
0,4284
0,4298
0,4348
0,4357
0,4361
0,4383
0,4400
0,4411
0,4412
0,4446
0,4456
0,4466
0,4491
0,4497
0,4511
0,4517
0,4520
0,4528
0,4615
0,4626
0,4627
0,4632
0,4685
0,4748
0,4752
0,4757
0,4825
0,4859
0,4870
0,4874
0,4901
0,4915
0,4926
0,4940
1,11
1,12
1,14
1,15
1,17
1,21
1,31
1,72
1,82
1,91
1,100
1,122
1,142
1,147
1,170
1,214
1,230
1,235
1,248
1,263
1,291
1,347
1,403
1,416
1,440
1,443
1,489
1,556
1,558
1,590
1,662
1,681
1,692
1,731
1,832
1,881
1,894
1,905
1,1008
1,1118
1,1180
1,1217
1,1442
1,1519
1,1576
1,1579
1,1665
1,1835
1,1854
1,1905
1,1956
1,1971
1,2035
1,2046
1,2097
1,2178
1,2195
1,2198
1,2261
1,2375
1,2459
1,2599
1,2661
1,2753
1,2807
1,2862
1,2930
1,2957
1,2960
1,2980
1,3044
1,3253
1,3259
1,3295
1,3413
1,3503
1,3613
1,3688
1,3931
1,4037
1,4500
1,4601
1,4702
1,4716
2,11
2,17
2,20
2,39
2,68
2,80
2,81
2,96
2,108
2,118
2,123
2,137
2,168
2,176
2,199
2,215
2,221
2,241
2,275
2,277
2,288
2,297
2,298
2,324
2,339
2,458
2,495
2,522
2,587
2,592
2,647
2,721
2,1015
2,1196
2,1290
2,1307
2,1414
2,1426
2,1443
2,1457
2,1551
2,1706
2,1824
2,1852
2,1886
2,1988
2,1995
2,2031
2,2210
2,2335
2,2404
2,2418
2,2451
2,2471
2,2571
2,2756
2,2779
2,3145
2,3188
2,3250
2,3257
2,3382
2,3401
2,3423
2,3650
2,3679
2,3796
2,3809
2,3839
2,3848
2,3867
2,4123
2,4138
2,4155
2,4273
2,4290
2,4338
2,4440
2,4568
2,4662
2,4753
2,4801
3,11
3,12
3,13
3,15
3,16
3,20
3,25
3,29
3,33
3,60
3,61
3,62
3,123
3,177
3,193
3,220
3,257
3,295
3,337
3,434
3,457
3,485
3,590
3,594
3,604
3,615
3,668
3,690
3,695
3,722
3,735
3,822
3,901
3,914
3,1027
3,1051
3,1100
3,1111
3,1125
3,1129
3,1144
3,1257
3,1350
3,1364
3,1401
3,1472
3,1473
3,1581
3,1638
3,1684
3,1719
3,1736
3,1758
3,1868
3,2003
3,2163
3,2309
3,2704
3,2752
3,2806
3,2820
3,3032
3,3138
3,3243
3,3251
3,3265
3,3678
3,3833
3,3958
3,4226
3,4390
3,4793
3,4840
4,11
4,12
4,13
4,14
4,15
4,16
4,17
4,18
4,22
4,23
4,25
4,28
4,41
4,47
4,50
4,72
4,73
4,79
4,83
4,105
4,107
4,156
4,201
4,203
4,205
4,213
4,235
4,236
4,240
4,256
4,275
4,295
4,325
4,331
4,349
4,353
4,367
4,370
4,404
4,486
4,504
4,510
4,511
4,530
4,531
4,535
4,553
4,573
4,575
4,589
4,594
4,602
4,614
4,633
4,656
4,736
4,753
4,775
4,783
4,800
4,848
4,869
4,902
4,916
4,930
4,949
4,982
4,984
4,1001
4,1037
4,1157
4,1297
4,1360
4,1409
4,1462
4,1468
4,1569
4,1744
4,1749
4,1784
4,1973
4,2003
4,2033
4,2034
4,2136
4,2138
4,2145
4,2194
4,2210
4,2230
4,2245
4,2273
4,2313
4,2389
4,2390
4,2423
4,2428
4,2462
4,2474
4,2519
4,2527
4,2565
4,2621
4,2623
4,2669
4,2847
4,2865
4,2969
4,3024
4,3083
4,3115
4,3154
4,3165
4,3235
4,3273
4,3276
4,3300
4,3331
4,3382
4,3419
4,3445
4,3458
4,3487
4,3496
4,3518
4,3708
4,3903
4,3975
4,4043
4,4071
4,4112
4,4114
4,4209
4,4221
4,4319
4,4343
4,4476
4,4688
4,4718
4,4960
5,11
5,12
5,13
5,14
5,15
5,18
5,19
5,20
5,22
5,23
5,26
5,27
5,32
5,33
5,35
5,38
5,42
5,43
5,47
5,48
5,49
5,53
5,57
5,59
5,65
5,67
5,72
5,74
5,75
5,80
5,85
5,87
5,89
5,90
5,98
5,99
5,107
5,113
5,117
5,118
5,129
5,133
5,138
5,140
5,146
5,154
5,163
5,166
5,169
5,177
5,178
5,190
5,203
5,217
5,219
5,228
5,231
5,245
5,247
5,248
5,251
5,262
5,267
5,271
5,296
5,311
5,327
5,343
5,351
5,362
5,378
5,381
5,383
5,393
5,397
5,406
5,416
5,419
5,420
5,424
5,426
5,443
5,445
5,457
5,461
5,480
5,482
5,497
5,498
5,500
5,505
5,515
5,517
5,525
5,530
5,551
5,561
5,562
5,589
5,601
5,608
5,618
5,619
5,620
5,622
5,623
5,632
5,635
5,639
5,647
5,678
5,705
5,734
5,743
5,776
5,811
5,817
5,827
5,828
5,833
5,842
5,843
5,860
5,865
5,866
5,885
5,887
5,899
5,908
5,911
5,992
5,1024
5,1043
5,1062
5,1075
5,1084
5,1086
5,1087
5,1100
5,1110
5,1112
5,1124
5,1134
5,1140
5,1145
5,1161
5,1182
5,1191
5,1209
5,1313
5,1322
5,1343
5,1367
5,1369
5,1377
5,1378
5,1391
5,1424
5,1500
5,1543
5,1555
5,1587
5,1599
5,1611
5,1646
5,1658
5,1717
5,1773
5,1788
5,1796
5,1818
5,1842
5,1890
5,1897
5,1959
5,2083
5,2116
5,2121
5,2136
5,2144
5,2151
5,2192
5,2202
5,2208
5,2231
5,2337
5,2388
5,2396
5,2427
5,2432
5,2439
5,2460
5,2496
5,2499
5,2520
5,2576
5,2590
5,2635
5,2643
5,2656
5,2681
5,2697
5,2707
5,2733
5,2775
5,2870
5,2883
5,2889
5,2921
5,2978
5,2992
5,3037
5,3086
5,3095
5,3106
5,3114
5,3127
5,3199
5,3206
5,3223
5,3236
5,3267
5,3372
5,3389
5,3396
5,3398
5,3485
5,3537
5,3559
5,3580
5,3765
5,3788
5,3820
5,3827
5,3828
5,3829
5,3846
5,3918
5,3959
5,4097
5,4107
5,4168
5,4186
5,4347
5,4349
5,4355
5,4416
5,4421
5,4435
5,4465
5,4493
5,4575
5,4617
5,4669
5,4698
5,4706
5,4734
5,4738
5,4741
5,4760
5,4771
5,4885
5,4934
5,4936
5,4989
6,11
6,13
6,14
6,16
6,18
6,20
6,22
6,27
6,28
6,31
6,32
6,33
6,35
6,37
6,38
6,40
6,55
6,65
6,74
6,102
6,120
6,124
6,130
6,131
6,141
6,144
6,160
6,188
6,202
6,203
6,233
6,252
6,266
6,331
6,332
6,333
6,340
6,342
6,362
6,379
6,394
6,395
6,401
6,431
6,433
6,474
6,484
6,549
6,560
6,574
6,595
6,614
6,616
6,729
6,762
6,763
6,809
6,820
6,839
6,970
6,985
6,999
6,1018
6,1040
6,1161
6,1169
6,1178
6,1186
6,1201
6,1211
6,1225
6,1236
6,1241
6,1247
6,1248
6,1282
6,1350
6,1351
6,1386
6,1390
6,1458
6,1496
6,1518
6,1702
6,1746
6,1825
6,1833
6,1839
6,1851
6,1940
6,1966
6,1996
6,2107
6,2110
6,2199
6,2219
6,2257
6,2302
6,2381
6,2394
6,2473
6,2478
6,2512
6,2513
6,2532
6,2654
6,2668
6,2675
6,2680
6,2695
6,2702
6,2810
6,2907
6,3154
6,3218
6,3337
6,3346
6,3390
6,3448
6,3456
6,3524
6,3537
6,3629
6,3726
6,3753
6,3755
6,3763
6,3796
6,3831
6,3841
6,3930
6,3949
6,4013
6,4091
6,4098
6,4177
6,4180
6,4393
6,4450
6,4480
6,4578
6,4684
6,4717
6,4770
6,4815
6,4846
6,4963
7,11
7,12
7,13
7,15
7,16
7,17
7,19
7,24
7,35
7,95
7,96
7,138
7,143
7,164
7,301
7,328
7,352
7,392
7,397
7,476
7,496
7,497
7,561
7,572
7,600
7,636
7,691
7,726
7,824
7,888
7,893
7,914
7,989
7,1027
7,1078
7,1080
7,1150
7,1168
7,1203
7,1388
7,1394
7,1399
7,1556
7,1643
7,1663
7,1722
7,1729
7,1783
7,1860
7,1882
7,2019
7,2114
7,2242
7,2293
7,2324
7,2431
7,2492
7,2586
7,2698
7,2906
7,2912
7,2951
7,2954
7,2985
7,3056
7,3065
7,3099
7,3161
7,3179
7,3267
7,3414
7,3456
7,3466
7,3470
7,3473
7,3599
7,3629
7,3630
7,3653
7,3655
7,3783
7,3849
7,3862
7,3890
7,4001
7,4032
7,4058
7,4084
7,4099
7,4104
7,4172
7,4398
7,4546
7,4720
7,4767
7,4886
7,4940
7,4953
7,4997
8,11
8,12
8,13
8,17
8,18
8,19
8,23
8,24
8,26
8,28
8,39
8,44
8,48
8,51
8,52
8,54
8,83
8,85
8,94
8,109
8,111
8,120
8,124
8,131
8,155
8,164
8,179
8,207
8,224
8,259
8,304
8,322
8,336
8,338
8,359
8,376
8,380
8,407
8,408
8,412
8,451
8,473
8,483
8,508
8,549
8,639
8,691
8,694
8,709
8,848
8,887
8,932
8,1018
8,1024
8,1038
8,1080
8,1091
8,1175
8,1207
8,1214
8,1345
8,1389
8,1542
8,1639
8,1763
8,1800
8,1811
8,1834
8,1850
8,1928
8,1948
8,1989
8,2041
8,2068
8,2127
8,2202
8,2290
8,2336
8,2590
8,2595
8,2737
8,2815
8,3502
8,3504
8,3514
8,3528
8,3650
8,3695
8,3795
8,4011
8,4360
8,4376
8,4416
8,4497
8,4526
8,4562
8,4590
8,4630
8,4631
8,4675
8,4696
8,4772
8,4857
8,4912
9,12
9,14
9,16
9,17
9,19
9,21
9,26
9,32
9,38
9,40
9,44
9,49
9,54
9,67
9,75
9,81
9,82
9,83
9,94
9,105
9,108
9,109
9,110
9,111
9,120
9,126
9,132
9,136
9,148
9,174
9,177
9,189
9,212
9,271
9,272
9,274
9,358
9,373
9,375
9,382
9,426
9,430
9,456
9,466
9,476
9,478
9,526
9,555
9,558
9,612
9,634
9,693
9,699
9,708
9,781
9,804
9,806
9,840
9,871
9,906
9,909
9,919
9,1002
9,1014
9,1025
9,1039
9,1042
9,1094
9,1096
9,1099
9,1258
9,1259
9,1304
9,1341
9,1347
9,1428
9,1492
9,1503
9,1576
9,1587
9,1596
9,1612
9,1652
9,1688
9,1705
9,1743
9,1770
9,1789
9,1814
9,1839
9,1940
9,1974
9,2040
9,2054
9,2239
9,2273
9,2338
9,2364
9,2442
9,2531
9,2548
9,2652
9,2706
9,2723
9,2749
9,2795
9,2828
9,2884
9,2963
9,2986
9,3036
9,3069
9,3080
9,3173
9,3174
9,3176
9,3193
9,3280
9,3335
9,3429
9,3468
9,3508
9,3517
9,3562
9,3563
9,3582
9,3624
9,3672
9,3681
9,3717
9,3736
9,3837
9,3907
9,3958
9,4010
9,4038
9,4055
9,4197
9,4230
9,4301
9,4397
9,4402
9,4516
9,4551
9,4711
9,4813
9,4841
9,4857
9,4949
10,11
10,12
10,13
10,14
10,20
10,21
10,24
10,28
10,30
10,33
10,34
10,36
10,42
10,43
10,48
10,59
10,62
10,73
10,77
10,78
10,84
10,88
10,95
10,97
10,110
10,116
10,122
10,127
10,128
10,130
10,137
10,140
10,144
10,146
10,147
10,149
10,155
10,169
10,171
10,184
10,190
10,192
10,202
10,204
10,211
10,214
10,224
10,234
10,237
10,246
10,259
10,265
10,267
10,273
10,278
10,286
10,294
10,299
10,301
10,306
10,314
10,316
10,320
10,334
10,346
10,348
10,352
10,359
10,362
10,372
10,379
10,409
10,410
10,413
10,433
10,441
10,470
10,478
10,492
10,519
10,523
10,526
10,547
10,556
10,570
10,573
10,597
10,640
10,648
10,659
10,672
10,673
10,706
10,722
10,727
10,744
10,756
10,797
10,812
10,818
10,819
10,825
10,865
10,912
10,917
10,930
10,960
10,968
10,989
10,1007
10,1021
10,1088
10,1097
10,1108
10,1134
10,1140
10,1158
10,1169
10,1219
10,1222
10,1244
10,1249
10,1316
10,1331
10,1335
10,1347
10,1384
10,1414
10,1420
10,1430
10,1435
10,1441
10,1559
10,1570
10,1573
10,1587
10,1644
10,1659
10,1672
10,1741
10,1777
10,1789
10,1792
10,1816
10,1821
10,1861
10,1894
10,1941
10,1943
10,1979
10,1984
10,2002
10,2023
10,2051
10,2052
10,2067
10,2101
10,2126
10,2145
10,2198
10,2217
10,2249
10,2276
10,2290
10,2301
10,2322
10,2336
10,2358
10,2428
10,2432
10,2438
10,2446
10,2471
10,2520
10,2554
10,2562
10,2611
10,2622
10,2718
10,2748
10,2806
10,2840
10,2898
10,2900
10,2912
10,2924
10,2934
10,2939
10,2960
10,2983
10,2988
10,3008
10,3087
10,3088
10,3091
10,3098
10,3100
10,3148
10,3155
10,3160
10,3181
10,3197
10,3203
10,3260
10,3263
10,3270
10,3326
10,3327
10,3358
10,3374
10,3407
10,3437
10,3440
10,3458
10,3474
10,3538
10,3608
10,3661
10,3716
10,3733
10,3776
10,3947
10,3969
10,3970
10,3995
10,4041
10,4060
10,4076
10,4110
10,4163
10,4164
10,4235
10,4283
10,4311
10,4323
10,4345
10,4431
10,4432
10,4444
10,4483
10,4500
10,4550
10,4565
10,4640
10,4735
10,4798
10,4814
10,4862
10,4894
10,4951
11,12
11,13
11,14
11,15
11,16
11,17
11,18
11,19
11,20
11,21
11,22
11,24
11,26
11,27
11,28
11,31
11,32
11,34
11,36
11,42
11,43
11,45
11,56
11,58
11,59
11,60
11,62
11,67
11,73
11,76
11,78
11,82
11,87
11,88
11,91
11,92
11,94
11,96
11,105
11,106
11,113
11,117
11,121
11,124
11,128
11,132
11,138
11,141
11,144
11,148
11,149
11,157
11,159
11,167
11,170
11,174
11,177
11,181
11,182
11,184
11,191
11,195
11,201
11,202
11,203
11,208
11,211
11,218
11,219
11,222
11,228
11,233
11,244
11,249
11,250
11,254
11,263
11,275
11,288
11,292
11,296
11,299
11,307
11,310
11,316
11,321
11,326
11,341
11,342
11,347
11,348
11,360
11,371
11,382
11,385
11,404
11,407
11,409
11,424
11,425
11,427
11,452
11,456
11,458
11,466
11,472
11,486
11,489
11,491
11,494
11,498
11,507
11,520
11,527
11,537
11,538
11,548
11,551
11,559
11,564
11,567
11,568
11,577
11,586
11,606
11,612
11,644
11,650
11,675
11,677
11,684
11,694
11,697
11,700
11,704
11,718
11,726
11,745
11,754
11,759
11,778
11,787
11,788
11,798
11,808
11,815
11,838
11,839
11,850
11,852
11,857
11,874
11,906
11,909
11,918
11,928
11,933
11,946
11,949
11,959
11,961
11,987
11,1009
11,1011
11,1019
11,1031
11,1032
11,1046
11,1065
11,1066
11,1071
11,1079
11,1082
11,1085
11,1109
11,1114
11,1118
11,1127
11,1149
11,1163
11,1170
11,1180
11,1218
11,1225
11,1229
11,1246
11,1259
11,1267
11,1270
11,1288
11,1299
11,1310
11,1322
11,1332
11,1335
11,1346
11,1367
11,1378
11,1399
11,1410
11,1445
11,1458
11,1462
11,1472
11,1493
11,1497
11,1509
11,1524
11,1534
11,1535
11,1541
11,1555
11,1557
11,1567
11,1598
11,1608
11,1623
11,1629
11,1648
11,1672
11,1683
11,1695
11,1721
11,1725
11,1730
11,1761
11,1789
11,1805
11,1815
11,1817
11,1829
11,1831
11,1834
11,1843
11,1846
11,1852
11,1861
11,1875
11,1884
11,1886
11,1909
11,1937
11,1939
11,1946
11,1967
11,1982
11,1989
11,2004
11,2008
11,2016
11,2027
11,2034
11,2045
11,2061
11,2064
11,2069
11,2097
11,2098
11,2104
11,2133
11,2149
11,2204
11,2241
11,2302
11,2310
11,2325
11,2330
11,2359
11,2361
11,2362
11,2369
11,2373
11,2412
11,2418
11,2480
11,2491
11,2495
11,2506
11,2520
11,2575
11,2578
11,2583
11,2590
11,2596
11,2600
11,2619
11,2659
11,2664
11,2667
11,2685
11,2692
11,2723
11,2725
11,2731
11,2735
11,2761
11,2772
11,2786
11,2847
11,2882
11,2892
11,2933
11,2937
11,2952
11,2964
11,2970
11,3046
11,3051
11,3061
11,3109
11,3114
11,3145
11,3167
11,3168
11,3244
11,3274
11,3289
11,3316
11,3361
11,3404
11,3423
11,3435
11,3438
11,3455
11,3459
11,3465
11,3497
11,3515
11,3530
11,3551
11,3552
11,3553
11,3572
11,3607
11,3638
11,3651
11,3652
11,3687
11,3733
11,3779
11,3784
11,3786
11,3832
11,3838
11,3859
11,3882
11,3891
11,3927
11,3943
11,3957
11,3990
11,4057
11,4071
11,4080
11,4101
11,4111
11,4112
11,4173
11,4177
11,4193
11,4203
11,4224
11,4300
11,4331
11,4357
11,4367
11,4459
11,4477
11,4483
11,4516
11,4527
11,4534
11,4550
11,4553
11,4563
11,4626
11,4636
11,4677
11,4678
11,4683
11,4709
11,4734
11,4754
11,4781
11,4809
11,4825
11,4837
11,4838
11,4868
11,4950
11,4956
11,4961
12,13
12,14
12,15
12,16
12,17
12,18
12,19
12,20
12,21
12,23
12,24
12,25
12,26
12,27
12,29
12,31
12,32
12,33
12,34
12,35
12,36
12,37
12,41
12,42
12,43
12,46
12,47
12,48
12,49
12,53
12,56
12,57
12,60
12,63
12,65
12,68
12,69
12,70
12,72
12,76
12,79
12,81
12,82
12,86
12,87
12,98
12,101
12,103
12,105
12,106
12,107
12,109
12,112
12,113
12,118
12,127
12,134
12,138
12,139
12,143
12,144
12,154
12,157
12,159
12,160
12,163
12,165
12,170
12,179
12,180
12,181
12,187
12,192
12,199
12,200
12,206
12,209
12,210
12,216
12,223
12,228
12,231
12,235
12,237
12,239
12,251
12,261
12,263
12,269
12,278
12,279
12,291
12,292
12,295
12,298
12,300
12,317
12,321
12,323
12,324
12,325
12,342
12,345
12,347
12,356
12,362
12,365
12,366
12,368
12,370
12,377
12,378
12,381
12,389
12,403
12,416
12,426
12,427
12,436
12,453
12,455
12,459
12,463
12,491
12,493
12,495
12,510
12,521
12,539
12,557
12,565
12,566
12,598
12,601
12,605
12,607
12,613
12,624
12,634
12,660
12,668
12,669
12,689
12,692
12,698
12,699
12,701
12,709
12,712
12,714
12,721
12,733
12,745
12,749
12,757
12,760
12,764
12,776
12,783
12,789
12,804
12,806
12,817
12,824
12,845
12,874
12,890
12,908
12,919
12,929
12,954
12,970
12,978
12,980
12,994
12,1020
12,1033
12,1044
12,1054
12,1069
12,1079
12,1083
12,1086
12,1089
12,1092
12,1099
12,1104
12,1134
12,1139
12,1141
12,1171
12,1185
12,1205
12,1217
12,1229
12,1239
12,1253
12,1261
12,1264
12,1280
12,1285
12,1322
12,1336
12,1356
12,1361
12,1379
12,1400
12,1403
12,1411
12,1427
12,1437
12,1451
12,1479
12,1480
12,1490
12,1502
12,1519
12,1540
12,1542
12,1566
12,1589
12,1598
12,1609
12,1650
12,1652
12,1656
12,1682
12,1687
12,1698
12,1699
12,1730
12,1731
12,1739
12,1747
12,1755
12,1757
12,1763
12,1776
12,1795
12,1808
12,1818
12,1820
12,1831
12,1835
12,1850
12,1851
12,1865
12,1871
12,1872
12,1899
12,1906
12,1915
12,1918
12,1943
12,1949
12,1980
12,1991
12,2033
12,2074
12,2135
12,2140
12,2157
12,2162
12,2182
12,2186
12,2187
12,2208
12,2216
12,2270
12,2318
12,2377
12,2384
12,2390
12,2411
12,2415
12,2419
12,2462
12,2471
12,2505
12,2518
12,2532
12,2544
12,2560
12,2577
12,2588
12,2593
12,2594
12,2602
12,2614
12,2623
12,2624
12,2633
12,2645
12,2653
12,2672
12,2689
12,2771
12,2801
12,2833
12,2836
12,2837
12,2842
12,2843
12,2852
12,2913
12,2936
12,2940
12,2960
12,2976
12,2988
12,3010
12,3017
12,3046
12,3048
12,3070
12,3076
12,3120
12,3148
12,3187
12,3230
12,3237
12,3252
12,3255
12,3260
12,3271
12,3284
12,3293
12,3302
12,3327
12,3339
12,3345
12,3348
12,3374
12,3376
12,3432
12,3438
12,3440
12,3450
12,3461
12,3499
12,3546
12,3596
12,3609
12,3615
12,3633
12,3634
12,3653
12,3669
12,3677
12,3721
12,3727
12,3756
12,3762
12,3779
12,3795
12,3798
12,3821
12,3856
12,3871
12,3967
12,3980
12,4010
12,4043
12,4086
12,4094
12,4127
12,4136
12,4145
12,4167
12,4172
12,4180
12,4204
12,4259
12,4345
12,4358
12,4374
12,4392
12,4408
12,4409
12,4427
12,4462
12,4472
12,4485
12,4505
12,4517
12,4528
12,4536
12,4583
12,4626
12,4633
12,4666
12,4682
12,4733
12,4799
12,4805
12,4815
12,4820
12,4832
12,4839
12,4856
12,4864
12,4997
13,14
13,15
13,16
13,17
13,18
13,19
13,20
13,21
13,22
13,23
13,24
13,25
13,27
13,30
13,31
13,32
13,34
13,37
13,40
13,42
13,44
13,46
13,49
13,51
13,53
13,54
13,55
13,56
13,57
13,58
13,60
13,61
13,64
13,70
13,71
13,74
13,75
13,82
13,89
13,91
13,96
13,97
13,99
13,100
13,104
13,105
13,106
13,115
13,117
13,119
13,120
13,121
13,122
13,131
13,133
13,135
13,136
13,139
13,143
13,144
13,148
13,149
13,157
13,160
13,162
13,164
13,168
13,174
13,175
13,179
13,189
13,194
13,201
13,222
13,225
13,234
13,242
13,243
13,253
13,279
13,292
13,296
13,306
13,309
13,319
13,326
13,338
13,340
13,344
13,353
13,354
13,359
13,364
13,373
13,374
13,376
13,377
13,415
13,418
13,422
13,423
13,434
13,436
13,440
13,444
13,464
13,489
13,495
13,505
13,512
13,515
13,522
13,523
13,536
13,538
13,544
13,574
13,577
13,578
13,586
13,599
13,605
13,616
13,622
13,625
13,628
13,632
13,635
13,636
13,647
13,654
13,657
13,658
13,670
13,677
13,684
13,686
13,692
13,695
13,714
13,716
13,719
13,720
13,736
13,743
13,749
13,752
13,754
13,758
13,778
13,793
13,797
13,798
13,816
13,828
13,841
13,860
13,878
13,881
13,915
13,920
13,929
13,935
13,937
13,938
13,944
13,947
13,953
13,958
13,965
13,979
13,981
13,991
13,998
13,1003
13,1005
13,1038
13,1041
13,1082
13,1085
13,1094
13,1099
13,1102
13,1105
13,1113
13,1114
13,1131
13,1157
13,1166
13,1167
13,1168
13,1185
13,1191
13,1199
13,1200
13,1234
13,1252
13,1254
13,1268
13,1284
13,1307
13,1323
13,1334
13,1335
13,1350
13,1358
13,1368
13,1373
13,1403
13,1411
13,1428
13,1435
13,1440
13,1455
13,1459
13,1470
13,1476
13,1485
13,1493
13,1533
13,1554
13,1596
13,1614
13,1621
13,1639
13,1662
13,1678
13,1695
13,1696
13,1699
13,1701
13,1710
13,1728
13,1745
13,1808
13,1828
13,1831
13,1834
13,1842
13,1862
13,1866
13,1872
13,1887
13,1896
13,1901
13,1964
13,1982
13,1988
13,2010
13,2012
13,2016
13,2031
13,2035
13,2043
13,2056
13,2075
13,2076
13,2098
13,2099
13,2150
13,2176
13,2204
13,2261
13,2279
13,2303
13,2322
13,2325
13,2349
13,2350
13,2352
13,2363
13,2393
13,2419
13,2421
13,2424
13,2438
13,2439
13,2440
13,2460
13,2461
13,2470
13,2476
13,2498
13,2518
13,2527
13,2545
13,2555
13,2565
13,2581
13,2587
13,2601
13,2626
13,2643
13,2648
13,2658
13,2675
13,2703
13,2706
13,2723
13,2746
13,2783
13,2788
13,2804
13,2813
13,2817
13,2821
13,2869
13,2885
13,2894
13,2919
13,2939
13,2992
13,3035
13,3059
13,3092
13,3122
13,3141
13,3150
13,3153
13,3158
13,3183
13,3199
13,3214
13,3225
13,3239
13,3250
13,3263
13,3302
13,3307
13,3319
13,3332
13,3348
13,3351
13,3378
13,3382
13,3414
13,3446
13,3451
13,3460
13,3471
13,3482
13,3490
13,3502
13,3516
13,3517
13,3523
13,3539
13,3566
13,3575
13,3589
13,3592
13,3611
13,3662
13,3740
13,3749
13,3759
13,3762
13,3765
13,3811
13,3815
13,3818
13,3831
13,3832
13,3839
13,3852
13,3857
13,3868
13,3880
13,3886
13,3912
13,3949
13,3992
13,4008
13,4030
13,4041
13,4098
13,4152
13,4168
13,4186
13,4210
13,4242
13,4252
13,4253
13,4260
13,4283
13,4327
13,4403
13,4437
13,4523
13,4535
13,4541
13,4572
13,4589
13,4596
13,4616
13,4670
13,4672
13,4719
13,4742
13,4779
13,4805
13,4814
13,4905
13,4943
13,4944
13,4951
13,4952
13,4966
13,4988
14,15
14,16
14,21
14,22
14,23
14,25
14,28
14,29
14,31
14,34
14,35
14,39
14,43
14,44
14,48
14,49
14,50
14,52
14,56
14,59
14,64
14,68
14,71
14,77
14,81
14,82
14,87
14,94
14,97
14,99
14,108
14,118
14,126
14,128
14,134
14,136
14,139
14,140
14,150
14,151
14,156
14,159
14,160
14,163
14,172
14,175
14,177
14,181
14,186
14,189
14,194
14,206
14,207
14,209
14,211
14,228
14,230
14,233
14,239
14,244
14,245
14,248
14,275
14,281
14,288
14,289
14,301
14,318
14,319
14,325
14,326
14,341
14,343
14,345
14,346
14,349
14,355
14,369
14,377
14,387
14,399
14,401
14,420
14,437
14,465
14,466
14,484
14,491
14,500
14,516
14,533
14,534
14,538
14,568
14,581
14,613
14,628
14,638
14,711
14,731
14,732
14,741
14,743
14,761
14,778
14,807
14,819
14,827
14,833
14,837
14,844
14,846
14,853
14,874
14,884
14,914
14,924
14,940
14,954
14,976
14,980
14,984
14,985
14,987
14,1004
14,1022
14,1082
14,1088
14,1097
14,1101
14,1106
14,1107
14,1122
14,1145
14,1149
14,1160
14,1177
14,1182
14,1206
14,1256
14,1272
14,1299
14,1321
14,1324
14,1343
14,1367
14,1379
14,1428
14,1445
14,1466
14,1491
14,1518
14,1535
14,1566
14,1580
14,1585
14,1598
14,1601
14,1610
14,1617
14,1619
14,1668
14,1676
14,1692
14,1701
14,1709
14,1733
14,1815
14,1817
14,1820
14,1828
14,1844
14,1861
14,1935
14,1981
14,1983
14,1993
14,1994
14,1999
14,2050
14,2060
14,2063
14,2067
14,2091
14,2131
14,2160
14,2164
14,2183
14,2193
14,2236
14,2248
14,2251
14,2256
14,2267
14,2305
14,2325
14,2337
14,2351
14,2359
14,2364
14,2383
14,2397
14,2451
14,2467
14,2473
14,2587
14,2614
14,2650
14,2659
14,2667
14,2674
14,2691
14,2716
14,2721
14,2728
14,2770
14,2772
14,2807
14,2812
14,2829
14,2834
14,2845
14,2868
14,2913
14,2946
14,2954
14,2956
14,2957
14,3006
14,3012
14,3034
14,3091
14,3094
14,3099
14,3159
14,3186
14,3222
14,3265
14,3284
14,3286
14,3315
14,3388
14,3399
14,3415
14,3421
14,3434
14,3460
14,3520
14,3522
14,3561
14,3587
14,3602
14,3623
14,3635
14,3698
14,3709
14,3720
14,3763
14,3777
14,3781
14,3783
14,3784
14,3896
14,3970
14,4012
14,4050
14,4054
14,4075
14,4105
14,4121
14,4123
14,4131
14,4137
14,4164
14,4210
14,4246
14,4330
14,4344
14,4355
14,4370
14,4388
14,4396
14,4400
14,4401
14,4471
14,4499
14,4581
14,4607
14,4610
14,4623
14,4700
14,4775
14,4779
14,4885
14,4994
15,16
15,17
15,18
15,19
15,21
15,22
15,23
15,24
15,26
15,27
15,33
15,48
15,49
15,56
15,66
15,67
15,70
15,73
15,78
15,88
15,92
15,120
15,129
15,133
15,138
15,151
15,152
15,153
15,154
15,166
15,178
15,180
15,182
15,191
15,208
15,218
15,228
15,242
15,243
15,251
15,252
15,266
15,269
15,277
15,282
15,302
15,317
15,321
15,329
15,331
15,337
15,374
15,387
15,396
15,403
15,422
15,425
15,433
15,437
15,441
15,475
15,486
15,523
15,528
15,602
15,615
15,624
15,633
15,651
15,661
15,667
15,675
15,684
15,696
15,713
15,724
15,734
15,766
15,778
15,779
15,781
15,785
15,790
15,795
15,801
15,807
15,871
15,937
15,964
15,967
15,977
15,1006
15,1069
15,1090
15,1095
15,1100
15,1111
15,1112
15,1116
15,1120
15,1121
15,1151
15,1157
15,1159
15,1170
15,1237
15,1251
15,1280
15,1292
15,1297
15,1308
15,1412
15,1417
15,1442
15,1461
15,1463
15,1484
15,1503
15,1530
15,1615
15,1617
15,1635
15,1663
15,1681
15,1777
15,1799
15,1801
15,1803
15,1804
15,1854
15,1888
15,1919
15,1923
15,1979
15,2014
15,2088
15,2092
15,2175
15,2214
15,2217
15,2236
15,2303
15,2340
15,2390
15,2397
15,2422
15,2478
15,2534
15,2556
15,2646
15,2681
15,2736
15,2759
15,2786
15,2822
15,2831
15,2869
15,2903
15,2946
15,2963
15,2976
15,2985
15,3007
15,3016
15,3028
15,3036
15,3040
15,3068
15,3092
15,3135
15,3184
15,3239
15,3257
15,3274
15,3279
15,3370
15,3384
15,3420
15,3487
15,3504
15,3507
15,3574
15,3635
15,3669
15,3699
15,3706
15,3732
15,3739
15,3763
15,3765
15,3809
15,3914
15,3961
15,3962
15,4047
15,4154
15,4198
15,4209
15,4243
15,4363
15,4391
15,4418
15,4488
15,4573
15,4593
15,4622
15,4639
15,4645
15,4796
15,4812
15,4848
15,4862
15,4894
15,4911
15,4941
15,4966
15,4975
16,18
16,19
16,22
16,24
16,25
16,36
16,39
16,41
16,43
16,44
16,45
16,48
16,49
16,50
16,52
16,55
16,57
16,65
16,68
16,73
16,76
16,89
16,96
16,101
16,114
16,116
16,119
16,120
16,121
16,129
16,139
16,164
16,165
16,167
16,173
16,190
16,200
16,207
16,212
16,213
16,220
16,235
16,250
16,255
16,257
16,260
16,296
16,377
16,395
16,399
16,428
16,438
16,452
16,458
16,461
16,463
16,471
16,477
16,494
16,507
16,508
16,509
16,514
16,519
16,525
16,532
16,545
16,550
16,575
16,600
16,648
16,651
16,662
16,688
16,707
16,765
16,770
16,781
16,820
16,822
16,830
16,835
16,874
16,907
16,911
16,950
16,951
16,967
16,974
16,986
16,1008
16,1019
16,1126
16,1159
16,1175
16,1225
16,1226
16,1273
16,1299
16,1355
16,1378
16,1439
16,1463
16,1471
16,1507
16,1520
16,1558
16,1586
16,1591
16,1605
16,1652
16,1667
16,1669
16,1671
16,1694
16,1722
16,1725
16,1749
16,1761
16,1781
16,1822
16,1833
16,1844
16,1859
16,1909
16,1919
16,1935
16,1941
16,2030
16,2044
16,2095
16,2155
16,2172
16,2173
16,2278
16,2319
16,2329
16,2347
16,2425
16,2432
16,2453
16,2472
16,2522
16,2544
16,2606
16,2613
16,2677
16,2704
16,2725
16,2741
16,2799
16,2803
16,2852
16,2853
16,2929
16,3100
16,3140
16,3164
16,3182
16,3205
16,3259
16,3344
16,3384
16,3429
16,3509
16,3522
16,3533
16,3547
16,3648
16,3730
16,3750
16,3776
16,3824
16,3889
16,3899
16,3943
16,4015
16,4054
16,4095
16,4140
16,4287
16,4310
16,4317
16,4342
16,4351
16,4352
16,4393
16,4415
16,4463
16,4654
16,4665
16,4793
16,4804
16,4817
16,4842
16,4924
16,4948
16,4959
17,20
17,23
17,24
17,25
17,29
17,30
17,34
17,37
17,38
17,39
17,46
17,51
17,52
17,57
17,61
17,64
17,78
17,80
17,84
17,88
17,91
17,101
17,110
17,114
17,115
17,118
17,147
17,150
17,164
17,170
17,202
17,209
17,214
17,223
17,247
17,250
17,256
17,261
17,294
17,296
17,297
17,305
17,341
17,354
17,379
17,399
17,400
17,404
17,425
17,458
17,466
17,502
17,515
17,593
17,612
17,614
17,631
17,663
17,676
17,681
17,692
17,714
17,731
17,734
17,767
17,769
17,798
17,803
17,841
17,858
17,876
17,929
17,942
17,958
17,981
17,985
17,1053
17,1058
17,1090
17,1095
17,1097
17,1180
17,1201
17,1260
17,1268
17,1270
17,1307
17,1368
17,1375
17,1416
17,1448
17,1465
17,1493
17,1497
17,1498
17,1501
17,1518
17,1524
17,1531
17,1588
17,1643
17,1725
17,1755
17,1819
17,1836
17,1837
17,1854
17,1857
17,1869
17,1946
17,1979
17,2038
17,2098
17,2148
17,2167
17,2261
17,2262
17,2298
17,2313
17,2403
17,2500
17,2516
17,2531
17,2574
17,2576
17,2601
17,2671
17,2693
17,2782
17,2795
17,2826
17,2830
17,2833
17,2863
17,2889
17,2934
17,2981
17,2993
17,3149
17,3160
17,3195
17,3289
17,3315
17,3334
17,3349
17,3395
17,3431
17,3502
17,3593
17,3609
17,3694
17,3769
17,3935
17,3949
17,3957
17,4040
17,4078
17,4110
17,4163
17,4251
17,4315
17,4346
17,4370
17,4378
17,4406
17,4509
17,4523
17,4555
17,4592
17,4628
17,4637
17,4643
17,4666
17,4779
17,4805
17,4865
17,4900
17,4977
18,21
18,23
18,26
18,27
18,28
18,29
18,31
18,33
18,35
18,37
18,40
18,41
18,43
18,45
18,48
18,50
18,51
18,53
18,58
18,59
18,61
18,63
18,71
18,74
18,75
18,79
18,85
18,90
18,92
18,94
18,96
18,98
18,100
18,102
18,103
18,106
18,115
18,131
18,132
18,133
18,136
18,145
18,146
18,147
18,161
18,167
18,175
18,184
18,185
18,191
18,199
18,211
18,213
18,214
18,216
18,226
18,238
18,254
18,260
18,265
18,294
18,299
18,314
18,318
18,320
18,324
18,325
18,329
18,333
18,334
18,336
18,338
18,341
18,355
18,362
18,372
18,376
18,408
18,412
18,415
18,422
18,433
18,438
18,453
18,475
18,479
18,482
18,497
18,504
18,506
18,513
18,522
18,534
18,539
18,554
18,566
18,567
18,570
18,581
18,601
18,610
18,625
18,634
18,639
18,640
18,642
18,670
18,677
18,681
18,712
18,718
18,739
18,759
18,769
18,778
18,789
18,828
18,844
18,855
18,865
18,879
18,900
18,906
18,921
18,923
18,932
18,943
18,948
18,969
18,1007
18,1021
18,1022
18,1025
18,1043
18,1057
18,1062
18,1067
18,1074
18,1087
18,1101
18,1106
18,1115
18,1118
18,1127
18,1133
18,1142
18,1167
18,1178
18,1190
18,1198
18,1211
18,1223
18,1252
18,1256
18,1278
18,1286
18,1288
18,1316
18,1325
18,1333
18,1339
18,1381
18,1405
18,1406
18,1413
18,1414
18,1416
18,1434
18,1442
18,1460
18,1461
18,1510
18,1518
18,1528
18,1549
18,1556
18,1561
18,1562
18,1569
18,1615
18,1720
18,1735
18,1762
18,1800
18,1812
18,1853
18,1871
18,1932
18,1938
18,1949
18,1992
18,1997
18,2034
18,2039
18,2073
18,2084
18,2088
18,2105
18,2113
18,2135
18,2138
18,2170
18,2172
18,2174
18,2182
18,2187
18,2217
18,2227
18,2237
18,2241
18,2242
18,2249
18,2250
18,2253
18,2259
18,2285
18,2302
18,2391
18,2403
18,2433
18,2447
18,2453
18,2535
18,2543
18,2551
18,2566
18,2593
18,2620
18,2626
18,2627
18,2658
18,2663
18,2668
18,2671
18,2700
18,2764
18,2794
18,2803
18,2827
18,2863
18,2871
18,2881
18,2915
18,2922
18,2954
18,2978
18,2983
18,3012
18,3023
18,3025
18,3041
18,3044
18,3060
18,3069
18,3093
18,3117
18,3127
18,3134
18,3141
18,3159
18,3198
18,3216
18,3236
18,3239
18,3340
18,3344
18,3357
18,3370
18,3377
18,3391
18,3426
18,3470
18,3500
18,3508
18,3557
18,3571
18,3584
18,3616
18,3626
18,3662
18,3683
18,3694
18,3736
18,3881
18,3959
18,3963
18,3970
18,4009
18,4015
18,4069
18,4117
18,4155
18,4166
18,4169
18,4177
18,4179
18,4189
18,4215
18,4232
18,4235
18,4273
18,4311
18,4322
18,4336
18,4359
18,4424
18,4525
18,4559
18,4589
18,4716
18,4790
18,4829
18,4937
18,4942
18,4976
19,20
19,27
19,28
19,35
19,38
19,40
19,41
19,43
19,46
19,54
19,68
19,70
19,75
19,104
19,107
19,110
19,118
19,149
19,150
19,157
19,166
19,167
19,183
19,184
19,221
19,240
19,248
19,277
19,279
19,281
19,284
19,315
19,324
19,363
19,367
19,395
19,398
19,413
19,429
19,430
19,446
19,459
19,469
19,491
19,584
19,587
19,588
19,603
19,626
19,629
19,645
19,669
19,701
19,704
19,715
19,761
19,830
19,831
19,907
19,911
19,944
19,986
19,992
19,1029
19,1034
19,1045
19,1090
19,1146
19,1157
19,1167
19,1174
19,1210
19,1238
19,1249
19,1277
19,1339
19,1371
19,1396
19,1408
19,1423
19,1461
19,1462
19,1499
19,1504
19,1526
19,1555
19,1613
19,1653
19,1690
19,1699
19,1713
19,1747
19,1793
19,1827
19,1857
19,1870
19,1904
19,1955
19,2003
19,2126
19,2170
19,2192
19,2274
19,2277
19,2283
19,2332
19,2394
19,2398
19,2423
19,2447
19,2467
19,2488
19,2585
19,2592
19,2673
19,2693
19,2770
19,2832
19,2847
19,2882
19,2929
19,3006
19,3042
19,3134
19,3160
19,3183
19,3227
19,3249
19,3290
19,3292
19,3306
19,3358
19,3368
19,3379
19,3423
19,3446
19,3599
19,3650
19,3712
19,3713
19,3731
19,3815
19,3937
19,3954
19,3998
19,4007
19,4016
19,4126
19,4127
19,4143
19,4163
19,4198
19,4292
19,4307
19,4361
19,4443
19,4457
19,4509
19,4511
19,4529
19,4566
19,4792
19,4923
19,4939
19,4971
19,4984
20,21
20,25
20,27
20,29
20,30
20,32
20,34
20,41
20,45
20,52
20,53
20,54
20,55
20,56
20,58
20,68
20,76
20,77
20,86
20,88
20,89
20,105
20,113
20,122
20,128
20,130
20,132
20,133
20,153
20,163
20,165
20,166
20,168
20,196
20,212
20,220
20,222
20,229
20,234
20,235
20,239
20,258
20,266
20,272
20,301
20,306
20,324
20,329
20,330
20,342
20,375
20,388
20,390
20,394
20,403
20,405
20,407
20,479
20,480
20,500
20,503
20,516
20,523
20,531
20,537
20,566
20,579
20,603
20,623
20,629
20,632
20,649
20,682
20,683
20,684
20,691
20,705
20,707
20,744
20,769
20,838
20,853
20,858
20,866
20,886
20,893
20,899
20,985
20,1017
20,1043
20,1053
20,1073
20,1086
20,1088
20,1100
20,1114
20,1125
20,1191
20,1194
20,1199
20,1201
20,1217
20,1279
20,1298
20,1314
20,1315
20,1368
20,1384
20,1391
20,1445
20,1455
20,1458
20,1516
20,1527
20,1563
20,1572
20,1624
20,1648
20,1656
20,1674
20,1675
20,1685
20,1696
20,1700
20,1705
20,1732
20,1744
20,1746
20,1750
20,1753
20,1846
20,1871
20,1895
20,1937
20,1993
20,2000
20,2005
20,2007
20,2008
20,2010
20,2022
20,2032
20,2039
20,2086
20,2103
20,2122
20,2127
20,2160
20,2214
20,2224
20,2292
20,2300
20,2331
20,2357
20,2374
20,2455
20,2597
20,2692
20,2715
20,2751
20,2753
20,2768
20,2796
20,2830
20,2877
20,2933
20,2941
20,3094
20,3097
20,3170
20,3245
20,3264
20,3289
20,3321
20,3327
20,3347
20,3371
20,3403
20,3412
20,3440
20,3442
20,3443
20,3461
20,3483
20,3572
20,3584
20,3620
20,3631
20,3650
20,3693
20,3749
20,3761
20,3795
20,3844
20,3992
20,4033
20,4202
20,4232
20,4335
20,4339
20,4373
20,4392
20,4412
20,4431
20,4453
20,4473
20,4527
20,4559
20,4626
20,4649
20,4667
20,4670
20,4703
20,4709
20,4742
20,4777
20,4873
20,4999
21,22
21,30
21,33
21,37
21,41
21,45
21,46
21,50
21,52
21,60
21,61
21,64
21,70
21,91
21,95
21,101
21,103
21,104
21,110
21,114
21,123
21,124
21,130
21,156
21,162
21,163
21,171
21,181
21,184
21,188
21,190
21,207
21,208
21,215
21,230
21,237
21,255
21,274
21,295
21,296
21,310
21,314
21,316
21,326
21,353
21,354
21,364
21,369
21,381
21,385
21,402
21,433
21,435
21,444
21,454
21,480
21,487
21,498
21,500
21,510
21,526
21,543
21,575
21,608
21,618
21,641
21,647
21,674
21,685
21,708
21,742
21,747
21,749
21,767
21,781
21,789
21,858
21,888
21,898
21,906
21,914
21,926
21,936
21,950
21,952
21,962
21,969
21,1020
21,1033
21,1038
21,1042
21,1050
21,1064
21,1103
21,1121
21,1123
21,1135
21,1156
21,1167
21,1186
21,1189
21,1203
21,1224
21,1229
21,1230
21,1246
21,1251
21,1262
21,1349
21,1376
21,1386
21,1387
21,1390
21,1409
21,1424
21,1425
21,1446
21,1471
21,1506
21,1515
21,1527
21,1555
21,1558
21,1566
21,1602
21,1619
21,1670
21,1698
21,1713
21,1747
21,1823
21,1873
21,1903
21,1956
21,1960
21,1985
21,2081
21,2102
21,2114
21,2145
21,2167
21,2169
21,2171
21,2175
21,2189
21,2190
21,2245
21,2294
21,2305
21,2334
21,2354
21,2365
21,2426
21,2474
21,2538
21,2540
21,2580
21,2625
21,2638
21,2696
21,2703
21,2730
21,2736
21,2820
21,2843
21,2853
21,2935
21,2937
21,3011
21,3031
21,3104
21,3210
21,3267
21,3278
21,3340
21,3394
21,3482
21,3499
21,3515
21,3516
21,3525
21,3586
21,3590
21,3633
21,3636
21,3696
21,3712
21,3719
21,3772
21,3795
21,3807
21,3823
21,3826
21,3935
21,3986
21,4015
21,4017
21,4102
21,4122
21,4167
21,4178
21,4189
21,4263
21,4356
21,4362
21,4367
21,4423
21,4537
21,4629
21,4640
21,4664
21,4686
21,4715
21,4730
21,4734
21,4740
21,4795
21,4850
21,4861
21,4921
21,4987
22,23
22,25
22,26
22,30
22,31
22,33
22,38
22,40
22,44
22,47
22,52
22,55
22,56
22,59
22,60
22,62
22,66
22,68
22,73
22,80
22,85
22,88
22,104
22,105
22,106
22,111
22,122
22,149
22,154
22,159
22,168
22,174
22,193
22,196
22,223
22,268
22,273
22,274
22,278
22,286
22,289
22,293
22,297
22,301
22,309
22,321
22,331
22,335
22,344
22,357
22,369
22,389
22,417
22,453
22,457
22,476
22,488
22,489
22,492
22,495
22,501
22,502
22,509
22,513
22,526
22,528
22,543
22,545
22,564
22,578
22,584
22,591
22,607
22,614
22,630
22,655
22,677
22,723
22,729
22,755
22,786
22,812
22,824
22,832
22,846
22,869
22,901
22,903
22,910
22,914
22,933
22,991
22,992
22,997
22,1000
22,1030
22,1038
22,1062
22,1114
22,1120
22,1124
22,1139
22,1158
22,1180
22,1194
22,1196
22,1239
22,1257
22,1270
22,1274
22,1277
22,1300
22,1346
22,1350
22,1365
22,1377
22,1382
22,1400
22,1424
22,1464
22,1469
22,1477
22,1478
22,1485
22,1486
22,1500
22,1508
22,1560
22,1636
22,1641
22,1648
22,1743
22,1757
22,1766
22,1794
22,1840
22,1887
22,1896
22,1898
22,1911
22,1964
22,1981
22,1986
22,2017
22,2050
22,2082
22,2125
22,2159
22,2199
22,2205
22,2212
22,2276
22,2363
22,2445
22,2463
22,2529
22,2579
22,2736
22,2744
22,2755
22,2779
22,2786
22,2807
22,2817
22,2946
22,2954
22,2968
22,2972
22,2973
22,3131
22,3151
22,3208
22,3219
22,3235
22,3295
22,3436
22,3439
22,3441
22,3513
22,3622
22,3639
22,3718
22,3773
22,3786
22,3802
22,3908
22,3985
22,4029
22,4077
22,4158
22,4222
22,4266
22,4289
22,4342
22,4346
22,4411
22,4434
22,4478
22,4578
22,4694
22,4726
22,4817
22,4863
22,4869
22,4887
22,4974
23,25
23,28
23,29
23,30
23,32
23,34
23,38
23,44
23,45
23,46
23,47
23,51
23,61
23,64
23,85
23,86
23,88
23,92
23,95
23,97
23,98
23,99
23,101
23,113
23,118
23,122
23,147
23,167
23,170
23,184
23,187
23,189
23,191
23,193
23,194
23,197
23,205
23,214
23,217
23,227
23,235
23,249
23,252
23,271
23,272
23,276
23,286
23,306
23,309
23,388
23,405
23,429
23,432
23,439
23,446
23,465
23,500
23,507
23,509
23,517
23,553
23,557
23,559
23,578
23,608
23,612
23,620
23,640
23,652
23,666
23,667
23,696
23,708
23,712
23,769
23,788
23,795
23,864
23,875
23,878
23,944
23,974
23,1024
23,1049
23,1072
23,1099
23,1162
23,1175
23,1176
23,1189
23,1226
23,1291
23,1306
23,1335
23,1336
23,1508
23,1532
23,1544
23,1584
23,1595
23,1661
23,1668
23,1670
23,1671
23,1675
23,1695
23,1696
23,1701
23,1749
23,1757
23,1759
23,1763
23,1803
23,1826
23,1831
23,1858
23,1899
23,1926
23,1931
23,1981
23,1991
23,2026
23,2034
23,2038
23,2044
23,2054
23,2062
23,2089
23,2094
23,2116
23,2130
23,2170
23,2175
23,2224
23,2262
23,2312
23,2328
23,2341
23,2345
23,2372
23,2385
23,2408
23,2419
23,2427
23,2432
23,2529
23,2551
23,2561
23,2591
23,2664
23,2728
23,2750
23,2762
23,2801
23,2828
23,2842
23,2857
23,2890
23,2892
23,2907
23,2978
23,3028
23,3126
23,3127
23,3129
23,3313
23,3324
23,3454
23,3469
23,3510
23,3530
23,3587
23,3651
23,3665
23,3686
23,3692
23,3787
23,3790
23,3799
23,3827
23,3857
23,3884
23,3887
23,4041
23,4068
23,4127
23,4151
23,4188
23,4190
23,4206
23,4213
23,4273
23,4286
23,4320
23,4347
23,4376
23,4394
23,4428
23,4445
23,4461
23,4506
23,4573
23,4585
23,4725
23,4793
23,4822
23,4834
23,4839
23,4912
23,4950
23,4983
24,28
24,29
24,31
24,35
24,36
24,42
24,45
24,63
24,68
24,71
24,74
24,76
24,82
24,99
24,103
24,108
24,114
24,117
24,124
24,134
24,138
24,163
24,168
24,189
24,195
24,207
24,209
24,212
24,218
24,225
24,234
24,253
24,290
24,304
24,357
24,360
24,361
24,387
24,396
24,423
24,447
24,454
24,456
24,473
24,483
24,507
24,567
24,576
24,597
24,598
24,605
24,608
24,617
24,624
24,649
24,660
24,673
24,682
24,683
24,701
24,718
24,721
24,736
24,784
24,786
24,827
24,836
24,866
24,869
24,922
24,993
24,1013
24,1064
24,1145
24,1146
24,1153
24,1215
24,1236
24,1254
24,1358
24,1363
24,1390
24,1399
24,1491
24,1536
24,1548
24,1611
24,1636
24,1651
24,1653
24,1673
24,1708
24,1721
24,1746
24,1756
24,1790
24,1832
24,1888
24,1962
24,1987
24,1991
24,2024
24,2058
24,2103
24,2113
24,2169
24,2227
24,2238
24,2249
24,2314
24,2373
24,2414
24,2429
24,2455
24,2511
24,2515
24,2533
24,2618
24,2630
24,2632
24,2675
24,2694
24,2754
24,2769
24,2797
24,2847
24,2880
24,3216
24,3220
24,3226
24,3318
24,3352
24,3399
24,3525
24,3541
24,3543
24,3602
24,3605
24,3630
24,3709
24,3735
24,3766
24,3828
24,3893
24,3906
24,4048
24,4081
24,4083
24,4107
24,4168
24,4229
24,4304
24,4325
24,4415
24,4475
24,4629
24,4700
24,4741
24,4773
24,4815
24,4829
24,4836
24,4899
24,4923
24,4959
24,4962
25,26
25,29
25,30
25,33
25,37
25,52
25,54
25,60
25,61
25,67
25,86
25,88
25,110
25,111
25,115
25,136
25,141
25,145
25,156
25,169
25,195
25,201
25,206
25,231
25,246
25,261
25,267
25,287
25,303
25,312
25,326
25,342
25,366
25,396
25,401
25,440
25,472
25,477
25,493
25,495
25,498
25,535
25,546
25,593
25,635
25,650
25,672
25,685
25,730
25,762
25,788
25,805
25,855
25,905
25,940
25,941
25,954
25,957
25,980
25,987
25,1017
25,1029
25,1031
25,1053
25,1070
25,1071
25,1096
25,1117
25,1121
25,1146
25,1201
25,1205
25,1232
25,1236
25,1239
25,1257
25,1258
25,1279
25,1281
25,1283
25,1291
25,1332
25,1343
25,1430
25,1434
25,1481
25,1504
25,1511
25,1552
25,1554
25,1624
25,1651
25,1781
25,1796
25,1848
25,1853
25,2038
25,2047
25,2052
25,2122
25,2150
25,2191
25,2220
25,2260
25,2365
25,2515
25,2546
25,2572
25,2617
25,2673
25,2695
25,2832
25,2851
25,2865
25,2878
25,2936
25,2971
25,3033
25,3036
25,3117
25,3184
25,3187
25,3203
25,3327
25,3362
25,3379
25,3381
25,3612
25,3613
25,3669
25,3707
25,3721
25,3747
25,3825
25,3842
25,3922
25,3928
25,3945
25,3971
25,3974
25,3988
25,4219
25,4227
25,4278
25,4334
25,4367
25,4397
25,4554
25,4567
25,4604
25,4651
25,4670
25,4693
25,4879
25,4890
25,4937
26,38
26,40
26,41
26,47
26,50
26,52
26,56
26,58
26,69
26,77
26,86
26,89
26,98
26,109
26,110
26,114
26,116
26,125
26,134
26,142
26,147
26,160
26,164
26,165
26,167
26,175
26,177
26,184
26,187
26,196
26,198
26,206
26,214
26,219
26,234
26,238
26,275
26,281
26,291
26,304
26,312
26,318
26,336
26,340
26,364
26,416
26,441
26,445
26,453
26,456
26,458
26,461
26,480
26,505
26,507
26,524
26,541
26,546
26,562
26,586
26,588
26,604
26,611
26,615
26,616
26,649
26,693
26,710
26,749
26,754
26,773
26,784
26,786
26,796
26,799
26,803
26,850
26,905
26,920
26,926
26,929
26,939
26,945
26,970
26,1009
26,1011
26,1016
26,1022
26,1035
26,1039
26,1041
26,1059
26,1066
26,1067
26,1081
26,1095
26,1104
26,1105
26,1109
26,1111
26,1115
26,1154
26,1185
26,1193
26,1235
26,1237
26,1240
26,1334
26,1350
26,1354
26,1387
26,1412
26,1463
26,1466
26,1467
26,1482
26,1517
26,1556
26,1561
26,1564
26,1572
26,1660
26,1739
26,1748
26,1761
26,1789
26,1798
26,1822
26,1824
26,1889
26,1907
26,1929
26,1953
26,1972
26,2004
26,2007
26,2009
26,2017
26,2029
26,2041
26,2048
26,2111
26,2116
26,2129
26,2167
26,2190
26,2226
26,2310
26,2317
26,2379
26,2410
26,2427
26,2516
26,2568
26,2589
26,2639
26,2643
26,2681
26,2709
26,2718
26,2738
26,2751
26,2782
26,2861
26,2987
26,3000
26,3138
26,3143
26,3145
26,3191
26,3207
26,3218
26,3239
26,3251
26,3339
26,3348
26,3389
26,3439
26,3441
26,3462
26,3479
26,3501
26,3516
26,3524
26,3550
26,3559
26,3632
26,3653
26,3654
26,3658
26,3676
26,3682
26,3710
26,3711
26,3743
26,3749
26,3776
26,3857
26,3897
26,3902
26,3930
26,3994
26,4006
26,4048
26,4049
26,4083
26,4150
26,4185
26,4191
26,4225
26,4233
26,4277
26,4291
26,4294
26,4295
26,4404
26,4451
26,4488
26,4494
26,4650
26,4711
26,4726
26,4728
26,4733
26,4745
26,4763
26,4813
26,4866
26,4921
26,4947
26,4951
27,30
27,34
27,36
27,40
27,58
27,66
27,71
27,79
27,89
27,153
27,181
27,190
27,233
27,235
27,299
27,316
27,334
27,335
27,356
27,370
27,376
27,397
27,398
27,444
27,448
27,456
27,467
27,468
27,472
27,532
27,535
27,541
27,560
27,621
27,637
27,778
27,799
27,821
27,836
27,837
27,848
27,850
27,914
27,992
27,1022
27,1107
27,1126
27,1130
27,1151
27,1161
27,1254
27,1356
27,1364
27,1424
27,1503
27,1526
27,1530
27,1533
27,1635
27,1741
27,1747
27,1828
27,1837
27,2038
27,2046
27,2075
27,2113
27,2201
27,2212
27,2234
27,2236
27,2271
27,2369
27,2398
27,2414
27,2439
27,2468
27,2482
27,2587
27,2605
27,2620
27,2727
27,2817
27,2833
27,2900
27,2951
27,3075
27,3105
27,3136
27,3154
27,3163
27,3194
27,3287
27,3323
27,3356
27,3397
27,3465
27,3587
27,3672
27,3806
27,3825
27,3913
27,3974
27,4021
27,4094
27,4118
27,4125
27,4169
27,4226
27,4269
27,4297
27,4364
27,4723
27,4888
27,4904
27,4906
27,4932
28,29
28,31
28,32
28,36
28,42
28,50
28,61
28,63
28,67
28,70
28,72
28,84
28,100
28,104
28,113
28,183
28,185
28,195
28,255
28,272
28,283
28,303
28,328
28,336
28,346
28,386
28,459
28,488
28,512
28,521
28,560
28,565
28,615
28,633
28,722
28,735
28,739
28,749
28,761
28,763
28,816
28,820
28,834
28,853
28,890
28,903
28,974
28,980
28,1001
28,1175
28,1258
28,1282
28,1359
28,1365
28,1381
28,1426
28,1503
28,1516
28,1545
28,1610
28,1621
28,1639
28,1754
28,1776
28,1785
28,1835
28,1901
28,1912
28,1965
28,2035
28,2043
28,2106
28,2168
28,2295
28,2345
28,2622
28,2718
28,2758
28,2890
28,2913
28,2918
28,2922
28,2923
28,2977
28,2987
28,3012
28,3034
28,3056
28,3067
28,3157
28,3168
28,3214
28,3350
28,3365
28,3547
28,3570
28,3607
28,3725
28,3769
28,3868
28,3902
28,3976
28,4002
28,4009
28,4240
28,4265
28,4306
28,4368
28,4417
28,4482
28,4495
28,4521
28,4530
28,4549
28,4658
28,4745
28,4859
28,4946
28,4955
29,32
29,35
29,36
29,39
29,45
29,47
29,57
29,63
29,65
29,68
29,71
29,92
29,93
29,104
29,119
29,122
29,141
29,144
29,152
29,159
29,163
29,164
29,206
29,219
29,259
29,270
29,302
29,318
29,364
29,375
29,391
29,393
29,412
29,444
29,459
29,472
29,477
29,501
29,517
29,522
29,540
29,558
29,600
29,630
29,645
29,647
29,669
29,719
29,796
29,811
29,859
29,873
29,882
29,951
29,995
29,1001
29,1002
29,1046
29,1054
29,1057
29,1116
29,1120
29,1122
29,1148
29,1169
29,1183
29,1194
29,1226
29,1244
29,1256
29,1277
29,1285
29,1328
29,1361
29,1363
29,1385
29,1387
29,1429
29,1539
29,1568
29,1571
29,1621
29,1673
29,1760
29,1761
29,1770
29,1803
29,1888
29,1918
29,1975
29,2018
29,2066
29,2067
29,2099
29,2108
29,2156
29,2338
29,2395
29,2398
29,2430
29,2580
29,2644
29,2645
29,2713
29,2733
29,2796
29,2837
29,2840
29,2961
29,3097
29,3141
29,3153
29,3188
29,3226
29,3282
29,3353
29,3354
29,3414
29,3470
29,3489
29,3654
29,3659
29,3665
29,3805
29,3896
29,3945
29,3964
29,3984
29,4167
29,4175
29,4220
29,4228
29,4284
29,4290
29,4387
29,4422
29,4505
29,4525
29,4547
29,4574
29,4601
29,4657
29,4714
29,4737
29,4782
29,4852
29,4863
29,4974
30,37
30,40
30,43
30,58
30,60
30,74
30,80
30,82
30,86
30,88
30,99
30,116
30,119
30,127
30,162
30,164
30,165
30,166
30,171
30,192
30,198
30,243
30,246
30,256
30,258
30,281
30,293
30,306
30,333
30,345
30,348
30,361
30,363
30,366
30,425
30,449
30,474
30,494
30,530
30,535
30,561
30,584
30,608
30,614
30,622
30,636
30,642
30,679
30,713
30,803
30,813
30,837
30,892
30,911
30,917
30,922
30,936
30,974
30,997
30,1120
30,1133
30,1156
30,1233
30,1278
30,1421
30,1496
30,1551
30,1568
30,1591
30,1624
30,1659
30,1720
30,1777
30,1814
30,1821
30,1836
30,1873
30,1920
30,2200
30,2216
30,2220
30,2227
30,2246
30,2264
30,2275
30,2304
30,2315
30,2469
30,2482
30,2541
30,2564
30,2606
30,2608
30,2630
30,2703
30,2707
30,2716
30,2761
30,2766
30,2772
30,2807
30,2814
30,3065
30,3080
30,3134
30,3216
30,3234
30,3309
30,3381
30,3399
30,3400
30,3409
30,3441
30,3474
30,3497
30,3545
30,3578
30,3589
30,3599
30,3655
30,3741
30,3867
30,4030
30,4042
30,4089
30,4091
30,4126
30,4155
30,4160
30,4184
30,4232
30,4257
30,4411
30,4413
30,4441
30,4588
30,4683
30,4700
30,4738
30,4873
30,4902
31,48
31,51
31,55
31,57
31,75
31,93
31,94
31,102
31,119
31,125
31,135
31,152
31,155
31,168
31,169
31,234
31,238
31,264
31,275
31,286
31,293
31,299
31,315
31,322
31,344
31,357
31,370
31,375
31,409
31,417
31,438
31,494
31,519
31,549
31,571
31,581
31,598
31,613
31,674
31,703
31,709
31,735
31,773
31,794
31,816
31,846
31,850
31,863
31,904
31,935
31,940
31,991
31,1009
31,1021
31,1040
31,1067
31,1163
31,1209
31,1212
31,1248
31,1281
31,1289
31,1331
31,1469
31,1475
31,1522
31,1545
31,1556
31,1559
31,1560
31,1566
31,1582
31,1585
31,1601
31,1679
31,1738
31,1930
31,1960
31,2007
31,2028
31,2109
31,2174
31,2179
31,2241
31,2265
31,2374
31,2475
31,2519
31,2528
31,2594
31,2595
31,2610
31,2612
31,2673
31,2781
31,2846
31,2943
31,2966
31,3063
31,3107
31,3201
31,3213
31,3261
31,3338
31,3613
31,3682
31,3693
31,3894
31,3923
31,3943
31,3977
31,3994
31,4023
31,4073
31,4097
31,4266
31,4291
31,4355
31,4553
31,4634
31,4682
31,4751
31,4759
31,4796
31,4857
31,4927
32,34
32,50
32,51
32,53
32,64
32,71
32,103
32,142
32,181
32,216
32,238
32,254
32,272
32,318
32,323
32,354
32,357
32,447
32,474
32,544
32,561
32,580
32,590
32,643
32,679
32,757
32,818
32,829
32,864
32,951
32,964
32,966
32,1008
32,1083
32,1108
32,1139
32,1215
32,1222
32,1289
32,1320
32,1404
32,1405
32,1651
32,1688
32,1741
32,1897
32,2003
32,2081
32,2104
32,2173
32,2311
32,2586
32,2792
32,2971
32,3067
32,3097
32,3115
32,3562
32,3610
32,3644
32,3900
32,3905
32,3920
32,4063
32,4175
32,4355
32,4394
32,4479
32,4678
32,4756
33,41
33,45
33,51
33,55
33,62
33,63
33,66
33,67
33,75
33,83
33,86
33,95
33,109
33,121
33,137
33,155
33,156
33,159
33,173
33,176
33,186
33,195
33,208
33,210
33,223
33,238
33,245
33,253
33,267
33,274
33,328
33,407
33,424
33,444
33,445
33,448
33,481
33,488
33,492
33,518
33,524
33,540
33,605
33,608
33,622
33,658
33,659
33,671
33,674
33,687
33,730
33,765
33,814
33,846
33,869
33,871
33,949
33,960
33,972
33,974
33,1012
33,1017
33,1077
33,1161
33,1270
33,1272
33,1383
33,1411
33,1492
33,1512
33,1515
33,1645
33,1733
33,1879
33,1940
33,1982
33,2031
33,2155
33,2264
33,2423
33,2424
33,2427
33,2454
33,2494
33,2510
33,2517
33,2642
33,2705
33,2868
33,2916
33,2947
33,2999
33,3089
33,3110
33,3269
33,3365
33,3397
33,3420
33,3465
33,3487
33,3606
33,3610
33,3619
33,3745
33,3758
33,3765
33,3771
33,3796
33,3825
33,3859
33,3862
33,3881
33,4017
33,4038
33,4088
33,4101
33,4111
33,4183
33,4305
33,4337
33,4396
33,4426
33,4445
33,4590
33,4643
33,4734
33,4867
33,4885
33,4914
33,4958
33,4990
34,39
34,43
34,50
34,52
34,62
34,64
34,66
34,67
34,87
34,114
34,122
34,133
34,150
34,173
34,175
34,180
34,185
34,186
34,192
34,210
34,226
34,242
34,335
34,351
34,360
34,361
34,377
34,406
34,436
34,462
34,501
34,563
34,573
34,600
34,636
34,638
34,654
34,687
34,704
34,716
34,720
34,769
34,770
34,854
34,857
34,864
34,867
34,903
34,933
34,989
34,1000
34,1068
34,1187
34,1242
34,1272
34,1283
34,1289
34,1333
34,1439
34,1448
34,1537
34,1596
34,1631
34,1717
34,1875
34,1905
34,1939
34,2003
34,2029
34,2182
34,2188
34,2246
34,2270
34,2394
34,2412
34,2576
34,2653
34,2719
34,2896
34,2945
34,3166
34,3271
34,3333
34,3408
34,3644
34,3676
34,3718
34,3787
34,3839
34,3863
34,3896
34,4013
34,4049
34,4081
34,4096
34,4111
34,4129
34,4158
34,4172
34,4183
34,4287
34,4394
34,4529
34,4633
34,4668
34,4712
34,4769
34,4790
34,4832
34,4836
35,36
35,39
35,44
35,49
35,56
35,58
35,66
35,72
35,74
35,90
35,106
35,112
35,127
35,132
35,139
35,147
35,148
35,154
35,156
35,159
35,177
35,188
35,197
35,201
35,202
35,215
35,223
35,224
35,228
35,236
35,248
35,263
35,271
35,278
35,290
35,299
35,303
35,322
35,331
35,336
35,342
35,353
35,371
35,380
35,381
35,385
35,392
35,400
35,450
35,453
35,477
35,482
35,500
35,506
35,510
35,511
35,515
35,560
35,563
35,581
35,584
35,599
35,615
35,642
35,648
35,656
35,658
35,663
35,668
35,679
35,680
35,732
35,745
35,758
35,775
35,776
35,802
35,804
35,943
35,944
35,976
35,983
35,994
35,1002
35,1054
35,1056
35,1084
35,1085
35,1147
35,1207
35,1244
35,1257
35,1262
35,1375
35,1385
35,1392
35,1454
35,1461
35,1513
35,1520
35,1529
35,1603
35,1608
35,1611
35,1623
35,1626
35,1687
35,1723
35,1738
35,1754
35,1768
35,1822
35,1843
35,1881
35,1882
35,1895
35,1899
35,1905
35,1914
35,1917
35,1922
35,1941
35,2007
35,2036
35,2043
35,2045
35,2074
35,2105
35,2122
35,2138
35,2154
35,2161
35,2215
35,2297
35,2350
35,2372
35,2397
35,2451
35,2453
35,2472
35,2495
35,2601
35,2659
35,2723
35,2732
35,2752
35,2766
35,2910
35,2953
35,3058
35,3069
35,3081
35,3112
35,3152
35,3167
35,3189
35,3197
35,3377
35,3400
35,3518
35,3542
35,3544
35,3558
35,3666
35,3684
35,3687
35,3701
35,3772
35,3822
35,3832
35,3834
35,3848
35,3877
35,4006
35,4055
35,4166
35,4210
35,4278
35,4280
35,4317
35,4325
35,4330
35,4386
35,4458
35,4470
35,4507
35,4555
35,4671
35,4693
35,4695
35,4716
35,4765
35,4845
35,4887
35,4898
35,4899
35,4903
36,37
36,38
36,39
36,46
36,57
36,70
36,74
36,78
36,109
36,116
36,120
36,138
36,139
36,143
36,145
36,158
36,173
36,209
36,215
36,216
36,218
36,221
36,232
36,246
36,252
36,258
36,278
36,282
36,285
36,325
36,327
36,356
36,360
36,369
36,380
36,401
36,405
36,410
36,416
36,423
36,488
36,600
36,619
36,662
36,665
36,675
36,702
36,716
36,775
36,867
36,873
36,877
36,885
36,931
36,951
36,969
36,987
36,1041
36,1077
36,1100
36,1168
36,1179
36,1239
36,1240
36,1256
36,1380
36,1412
36,1455
36,1460
36,1502
36,1549
36,1577
36,1660
36,1698
36,1735
36,1784
36,1802
36,1877
36,1890
36,1910
36,1922
36,1928
36,1950
36,1956
36,1974
36,2086
36,2088
36,2105
36,2129
36,2149
36,2181
36,2271
36,2279
36,2281
36,2299
36,2326
36,2328
36,2341
36,2388
36,2421
36,2450
36,2476
36,2526
36,2597
36,2695
36,2753
36,2785
36,2800
36,2982
36,3012
36,3017
36,3019
36,3033
36,3066
36,3069
36,3345
36,3483
36,3551
36,3692
36,3695
36,3712
36,3737
36,3917
36,3930
36,3966
36,4081
36,4197
36,4227
36,4229
36,4250
36,4257
36,4364
36,4377
36,4405
36,4479
36,4563
36,4570
36,4598
36,4657
36,4686
36,4697
36,4736
36,4828
37,39
37,54
37,57
37,63
37,67
37,74
37,112
37,113
37,122
37,128
37,191
37,199
37,213
37,257
37,288
37,299
37,301
37,315
37,329
37,344
37,361
37,373
37,383
37,388
37,430
37,457
37,475
37,500
37,502
37,512
37,518
37,529
37,534
37,581
37,593
37,730
37,752
37,782
37,844
37,863
37,952
37,1095
37,1102
37,1144
37,1166
37,1183
37,1212
37,1275
37,1276
37,1432
37,1481
37,1494
37,1498
37,1590
37,1606
37,1622
37,1637
37,1737
37,1743
37,1859
37,1897
37,1913
37,2012
37,2061
37,2103
37,2106
37,2395
37,2457
37,2488
37,2561
37,2592
37,2647
37,2668
37,2718
37,2872
37,2888
37,2905
37,2952
37,3059
37,3391
37,3433
37,3443
37,3496
37,3510
37,3519
37,3558
37,3720
37,3723
37,3729
37,3779
37,3808
37,3930
37,4058
37,4080
37,4089
37,4098
37,4121
37,4223
37,4340
37,4415
37,4465
37,4565
37,4576
37,4585
37,4662
37,4760
37,4835
37,4846
37,4953
37,4995
38,47
38,68
38,69
38,80
38,84
38,91
38,108
38,112
38,125
38,126
38,135
38,153
38,161
38,171
38,182
38,194
38,205
38,227
38,244
38,256
38,270
38,308
38,317
38,320
38,321
38,336
38,352
38,400
38,428
38,430
38,439
38,452
38,470
38,499
38,502
38,539
38,544
38,564
38,696
38,722
38,750
38,789
38,797
38,813
38,827
38,835
38,839
38,1074
38,1117
38,1149
38,1214
38,1230
38,1264
38,1321
38,1342
38,1452
38,1472
38,1558
38,1767
38,1791
38,1841
38,1850
38,1891
38,1939
38,1951
38,1989
38,1994
38,2117
38,2268
38,2278
38,2330
38,2346
38,2368
38,2411
38,2509
38,2649
38,2774
38,2833
38,2859
38,2952
38,2991
38,2997
38,3047
38,3087
38,3124
38,3177
38,3212
38,3394
38,3484
38,3496
38,3622
38,3692
38,3727
38,3972
38,4102
38,4282
38,4407
38,4549
38,4555
38,4688
38,4699
38,4700
38,4717
39,42
39,53
39,55
39,81
39,114
39,123
39,154
39,169
39,188
39,190
39,216
39,239
39,249
39,268
39,294
39,311
39,320
39,327
39,332
39,346
39,405
39,498
39,537
39,554
39,559
39,566
39,593
39,616
39,620
39,629
39,634
39,645
39,649
39,671
39,689
39,698
39,705
39,713
39,733
39,800
39,804
39,810
39,837
39,1017
39,1032
39,1048
39,1117
39,1163
39,1247
39,1264
39,1341
39,1361
39,1396
39,1442
39,1500
39,1605
39,1619
39,1651
39,1662
39,1667
39,1676
39,1684
39,1696
39,1698
39,1716
39,1726
39,1734
39,1746
39,1755
39,1788
39,1836
39,1892
39,1949
39,1983
39,2024
39,2047
39,2058
39,2081
39,2159
39,2227
39,2287
39,2305
39,2320
39,2326
39,2327
39,2333
39,2356
39,2376
39,2406
39,2456
39,2459
39,2473
39,2487
39,2524
39,2542
39,2559
39,2630
39,2668
39,2780
39,2829
39,2860
39,2905
39,2914
39,2925
39,3038
39,3047
39,3142
39,3297
39,3325
39,3344
39,3367
39,3378
39,3389
39,3412
39,3421
39,3573
39,3589
39,3638
39,3679
39,3690
39,3964
39,4012
39,4031
39,4034
39,4096
39,4109
39,4130
39,4137
39,4253
39,4466
39,4529
39,4625
39,4650
39,4697
39,4706
39,4768
39,4998
40,42
40,69
40,85
40,88
40,91
40,93
40,120
40,126
40,140
40,151
40,159
40,171
40,188
40,225
40,237
40,239
40,251
40,254
40,283
40,294
40,297
40,305
40,308
40,328
40,349
40,374
40,390
40,413
40,454
40,486
40,499
40,501
40,508
40,514
40,515
40,570
40,597
40,605
40,613
40,623
40,684
40,699
40,759
40,786
40,849
40,869
40,882
40,886
40,905
40,930
40,1021
40,1025
40,1027
40,1106
40,1112
40,1140
40,1220
40,1242
40,1272
40,1280
40,1301
40,1304
40,1323
40,1328
40,1336
40,1345
40,1403
40,1420
40,1422
40,1430
40,1443
40,1536
40,1589
40,1628
40,1646
40,1678
40,1700
40,1708
40,1717
40,1822
40,1873
40,1902
40,1923
40,1938
40,1940
40,1946
40,1989
40,1998
40,2039
40,2068
40,2077
40,2088
40,2100
40,2207
40,2382
40,2426
40,2530
40,2713
40,2728
40,2755
40,2857
40,3018
40,3032
40,3084
40,3208
40,3278
40,3413
40,3466
40,3481
40,3503
40,3530
40,3548
40,3569
40,3617
40,3712
40,3735
40,3882
40,3915
40,3936
40,4188
40,4199
40,4379
40,4409
40,4419
40,4522
40,4584
40,4640
40,4698
40,4774
40,4784
40,4908
41,51
41,54
41,62
41,81
41,93
41,95
41,107
41,108
41,184
41,209
41,215
41,239
41,241
41,281
41,312
41,353
41,370
41,392
41,410
41,417
41,431
41,434
41,468
41,471
41,484
41,555
41,590
41,593
41,612
41,641
41,656
41,667
41,676
41,697
41,832
41,895
41,948
41,994
41,1016
41,1047
41,1255
41,1264
41,1274
41,1290
41,1325
41,1363
41,1440
41,1451
41,1471
41,1479
41,1486
41,1513
41,1524
41,1528
41,1617
41,1652
41,1687
41,1759
41,1987
41,2044
41,2065
41,2090
41,2171
41,2177
41,2198
41,2252
41,2451
41,2479
41,2569
41,2570
41,2638
41,2780
41,2836
41,2852
41,2921
41,2979
41,3112
41,3120
41,3144
41,3163
41,3171
41,3222
41,3241
41,3271
41,3330
41,3411
41,3447
41,3488
41,3492
41,3532
41,3610
41,3677
41,3688
41,3809
41,3989
41,4149
41,4160
41,4180
41,4195
41,4355
41,4383
41,4609
41,4674
41,4680
41,4822
41,4830
41,4835
41,4858
41,4932
41,4999
42,44
42,46
42,53
42,65
42,69
42,75
42,83
42,102
42,109
42,110
42,121
42,123
42,129
42,143
42,146
42,151
42,169
42,174
42,178
42,196
42,224
42,242
42,250
42,258
42,270
42,284
42,289
42,313
42,355
42,420
42,432
42,452
42,501
42,511
42,524
42,528
42,533
42,557
42,569
42,571
42,637
42,647
42,666
42,676
42,700
42,733
42,788
42,812
42,821
42,837
42,870
42,875
42,881
42,895
42,973
42,976
42,1018
42,1050
42,1112
42,1201
42,1215
42,1244
42,1255
42,1268
42,1349
42,1364
42,1371
42,1473
42,1497
42,1505
42,1560
42,1563
42,1598
42,1601
42,1691
42,1851
42,1857
42,1911
42,1917
42,1957
42,1992
42,1996
42,2120
42,2198
42,2234
42,2258
42,2296
42,2299
42,2301
42,2353
42,2377
42,2445
42,2497
42,2510
42,2578
42,2630
42,2779
42,2891
42,2904
42,2942
42,2949
42,2964
42,2965
42,3102
42,3137
42,3220
42,3382
42,3471
42,3522
42,3541
42,3552
42,3599
42,3634
42,3679
42,3763
42,3932
42,4066
42,4091
42,4247
42,4258
42,4263
42,4479
42,4489
42,4498
42,4506
42,4591
42,4743
42,4922
43,46
43,55
43,63
43,76
43,79
43,103
43,104
43,106
43,113
43,116
43,119
43,177
43,179
43,196
43,197
43,217
43,220
43,232
43,249
43,257
43,259
43,261
43,262
43,277
43,301
43,318
43,319
43,327
43,342
43,358
43,359
43,374
43,379
43,380
43,381
43,382
43,384
43,392
43,407
43,453
43,471
43,476
43,477
43,506
43,545
43,551
43,583
43,584
43,712
43,713
43,738
43,751
43,780
43,796
43,797
43,809
43,827
43,892
43,936
43,938
43,951
43,953
43,1018
43,1021
43,1028
43,1041
43,1056
43,1060
43,1102
43,1172
43,1195
43,1210
43,1237
43,1248
43,1252
43,1287
43,1301
43,1305
43,1317
43,1334
43,1336
43,1349
43,1382
43,1491
43,1565
43,1570
43,1585
43,1640
43,1659
43,1752
43,1755
43,1813
43,1814
43,1890
43,1939
43,1944
43,1953
43,2092
43,2107
43,2134
43,2297
43,2308
43,2343
43,2348
43,2351
43,2364
43,2400
43,2430
43,2469
43,2476
43,2483
43,2610
43,2648
43,2707
43,2708
43,2762
43,2778
43,2799
43,2908
43,2977
43,3054
43,3144
43,3147
43,3402
43,3459
43,3468
43,3650
43,3694
43,3847
43,3858
43,3865
43,3946
43,3990
43,4004
43,4012
43,4215
43,4218
43,4284
43,4335
43,4341
43,4447
43,4474
43,4574
43,4693
43,4764
43,4809
43,4853
43,4869
43,4874
43,4879
43,4976
44,47
44,49
44,53
44,54
44,57
44,58
44,59
44,65
44,67
44,69
44,80
44,86
44,96
44,97
44,100
44,109
44,120
44,124
44,130
44,137
44,158
44,166
44,175
44,178
44,181
44,205
44,207
44,221
44,222
44,229
44,247
44,263
44,266
44,273
44,279
44,305
44,316
44,354
44,371
44,379
44,398
44,413
44,421
44,429
44,435
44,436
44,459
44,465
44,467
44,487
44,490
44,492
44,499
44,508
44,517
44,528
44,587
44,594
44,619
44,630
44,631
44,632
44,644
44,655
44,689
44,690
44,737
44,759
44,770
44,869
44,871
44,877
44,900
44,903
44,938
44,943
44,944
44,964
44,976
44,979
44,1007
44,1015
44,1016
44,1081
44,1115
44,1118
44,1143
44,1145
44,1206
44,1208
44,1263
44,1391
44,1401
44,1402
44,1459
44,1519
44,1544
44,1614
44,1654
44,1679
44,1703
44,1873
44,1885
44,1929
44,1970
44,2058
44,2083
44,2108
44,2115
44,2156
44,2185
44,2200
44,2204
44,2212
44,2213
44,2231
44,2237
44,2340
44,2403
44,2417
44,2525
44,2527
44,2534
44,2599
44,2610
44,2719
44,2791
44,2796
44,2801
44,2869
44,2885
44,2890
44,2961
44,2979
44,2996
44,3044
44,3116
44,3223
44,3306
44,3316
44,3334
44,3400
44,3404
44,3433
44,3437
44,3447
44,3517
44,3531
44,3548
44,3568
44,3577
44,3647
44,3694
44,3806
44,3831
44,3840
44,3856
44,3969
44,4029
44,4038
44,4291
44,4319
44,4362
44,4364
44,4416
44,4430
44,4492
44,4565
44,4577
44,4629
44,4642
44,4671
44,4674
44,4778
44,4916
44,4982
45,50
45,76
45,87
45,89
45,94
45,97
45,104
45,105
45,112
45,118
45,127
45,130
45,140
45,145
45,160
45,179
45,199
45,201
45,245
45,253
45,276
45,280
45,303
45,318
45,334
45,362
45,363
45,370
45,378
45,389
45,398
45,401
45,413
45,414
45,418
45,420
45,427
45,447
45,462
45,470
45,484
45,485
45,490
45,494
45,513
45,547
45,585
45,604
45,628
45,645
45,658
45,700
45,708
45,785
45,795
45,829
45,996
45,1020
45,1027
45,1088
45,1091
45,1118
45,1151
45,1213
45,1219
45,1234
45,1274
45,1338
45,1404
45,1422
45,1537
45,1613
45,1630
45,1653
45,1694
45,1768
45,1920
45,1966
45,1968
45,1983
45,2053
45,2105
45,2149
45,2189
45,2404
45,2420
45,2442
45,2456
45,2472
45,2484
45,2486
45,2503
45,2524
45,2693
45,2818
45,2824
45,2839
45,2843
45,2852
45,2911
45,2985
45,2991
45,2995
45,3081
45,3213
45,3234
45,3270
45,3339
45,3384
45,3394
45,3416
45,3452
45,3497
45,3528
45,3661
45,3668
45,3790
45,3800
45,3819
45,3885
45,3889
45,3939
45,4316
45,4406
45,4437
45,4531
45,4536
45,4715
45,4789
45,4800
45,4915
45,4940
45,4953
45,4983
46,58
46,59
46,90
46,130
46,135
46,257
46,280
46,321
46,348
46,408
46,481
46,659
46,736
46,748
46,759
46,768
46,854
46,1032
46,1055
46,1128
46,1708
46,1724
46,2015
46,2033
46,2071
46,2149
46,2241
46,2310
46,2378
46,2553
46,2775
46,2834
46,2952
46,2987
46,3124
46,3132
46,3192
46,3422
46,3531
46,3546
46,3585
46,3703
46,3771
46,3791
46,4100
46,4161
46,4404
46,4541
46,4570
46,4662
46,4689
46,4852
47,66
47,77
47,79
47,87
47,94
47,111
47,119
47,121
47,145
47,174
47,180
47,211
47,228
47,240
47,247
47,253
47,283
47,302
47,326
47,333
47,411
47,434
47,465
47,469
47,487
47,524
47,538
47,544
47,572
47,763
47,765
47,773
47,831
47,882
47,899
47,904
47,916
47,931
47,974
47,1004
47,1065
47,1147
47,1177
47,1228
47,1240
47,1242
47,1243
47,1248
47,1394
47,1406
47,1428
47,1467
47,1533
47,1559
47,1618
47,1649
47,1657
47,1679
47,1683
47,1778
47,1802
47,1870
47,1881
47,1990
47,2001
47,2018
47,2071
47,2090
47,2156
47,2199
47,2232
47,2247
47,2283
47,2292
47,2331
47,2359
47,2466
47,2489
47,2566
47,2604
47,2673
47,2820
47,2853
47,2878
47,2908
47,2960
47,2975
47,3021
47,3076
47,3148
47,3232
47,3441
47,3460
47,3516
47,3710
47,3825
47,3927
47,3933
47,3988
47,4012
47,4207
47,4223
47,4365
47,4366
47,4428
47,4462
47,4562
47,4590
47,4616
47,4629
47,4688
47,4775
47,4856
48,69
48,81
48,87
48,103
48,117
48,129
48,152
48,164
48,210
48,236
48,245
48,254
48,272
48,273
48,287
48,291
48,307
48,312
48,317
48,329
48,430
48,475
48,522
48,524
48,574
48,577
48,656
48,691
48,815
48,837
48,843
48,868
48,897
48,903
48,931
48,1000
48,1010
48,1039
48,1055
48,1073
48,1079
48,1086
48,1089
48,1125
48,1234
48,1436
48,1623
48,1689
48,1705
48,1721
48,2038
48,2045
48,2049
48,2078
48,2107
48,2164
48,2210
48,2289
48,2325
48,2452
48,2500
48,2596
48,2617
48,2657
48,2744
48,2796
48,2835
48,2848
48,3029
48,3031
48,3056
48,3058
48,3089
48,3149
48,3195
48,3203
48,3232
48,3289
48,3299
48,3398
48,3439
48,3538
48,3562
48,3826
48,3930
48,3990
48,4068
48,4079
48,4094
48,4137
48,4263
48,4296
48,4339
48,4382
48,4502
48,4686
48,4691
48,4702
48,4732
48,4758
48,4765
48,4777
48,4804
48,4899
48,4953
49,65
49,78
49,110
49,114
49,115
49,116
49,144
49,246
49,248
49,254
49,284
49,289
49,298
49,350
49,359
49,364
49,384
49,390
49,455
49,493
49,496
49,502
49,530
49,547
49,548
49,576
49,580
49,594
49,606
49,613
49,658
49,708
49,726
49,740
49,765
49,914
49,915
49,982
49,999
49,1102
49,1177
49,1197
49,1548
49,1570
49,1604
49,1687
49,1726
49,1825
49,2130
49,2211
49,2333
49,2351
49,2352
49,2492
49,2813
49,2827
49,2917
49,2960
49,2994
49,3093
49,3097
49,3191
49,3298
49,3352
49,3417
49,3524
49,3628
49,3654
49,3833
49,3900
49,4069
49,4144
49,4274
49,4408
49,4540
49,4712
49,4713
49,4766
49,4931
49,4950
50,59
50,60
50,61
50,63
50,83
50,101
50,105
50,115
50,187
50,200
50,233
50,234
50,266
50,310
50,358
50,465
50,470
50,551
50,568
50,618
50,629
50,639
50,642
50,651
50,882
50,935
50,948
50,956
50,975
50,985
50,1007
50,1035
50,1038
50,1055
50,1087
50,1116
50,1200
50,1230
50,1231
50,1286
50,1309
50,1352
50,1386
50,1506
50,1706
50,1751
50,1809
50,1845
50,1896
50,1950
50,1967
50,1973
50,2063
50,2102
50,2108
50,2166
50,2220
50,2236
50,2270
50,2455
50,2792
50,2909
50,2999
50,3047
50,3072
50,3140
50,3228
50,3357
50,3379
50,3516
50,3531
50,3573
50,3699
50,3753
50,3900
50,3957
50,3999
50,4005
50,4039
50,4059
50,4133
50,4173
50,4352
50,4591
50,4801
50,4954
51,55
51,56
51,69
51,84
51,98
51,115
51,124
51,137
51,142
51,176
51,208
51,212
51,252
51,282
51,370
51,419
51,421
51,449
51,469
51,524
51,556
51,558
51,583
51,587
51,597
51,599
51,675
51,684
51,720
51,731
51,778
51,779
51,826
51,889
51,921
51,945
51,975
51,989
51,990
51,998
51,1023
51,1053
51,1074
51,1098
51,1124
51,1241
51,1274
51,1292
51,1339
51,1345
51,1423
51,1433
51,1476
51,1482
51,1712
51,1803
51,1921
51,1965
51,2019
51,2045
51,2079
51,2222
51,2263
51,2368
51,2392
51,2565
51,2569
51,2623
51,2670
51,2682
51,2702
51,2950
51,2994
51,3083
51,3140
51,3314
51,3324
51,3509
51,3535
51,3583
51,3623
51,3727
51,3805
51,3898
51,3914
51,3938
51,4026
51,4133
51,4181
51,4310
51,4430
51,4501
51,4517
51,4581
51,4608
51,4789
51,4946
52,59
52,62
52,64
52,76
52,77
52,78
52,83
52,95
52,129
52,179
52,252
52,280
52,359
52,368
52,389
52,396
52,429
52,462
52,470
52,506
52,536
52,554
52,569
52,657
52,701
52,704
52,841
52,857
52,865
52,943
52,950
52,961
52,1010
52,1079
52,1095
52,1105
52,1154
52,1172
52,1188
52,1201
52,1227
52,1236
52,1344
52,1376
52,1395
52,1410
52,1474
52,1477
52,1566
52,1649
52,1727
52,1759
52,1926
52,1936
52,1978
52,2002
52,2065
52,2124
52,2136
52,2228
52,2350
52,2376
52,2467
52,2496
52,2538
52,3008
52,3015
52,3026
52,3290
52,3332
52,3426
52,3506
52,3588
52,3738
52,3796
52,3814
52,3867
52,3870
52,3963
52,3993
52,4148
52,4205
52,4399
52,4477
52,4498
52,4553
52,4564
52,4669
52,4925
52,4952
53,65
53,66
53,84
53,95
53,123
53,141
53,163
53,165
53,168
53,174
53,175
53,189
53,190
53,207
53,219
53,262
53,289
53,304
53,307
53,313
53,318
53,348
53,412
53,448
53,451
53,468
53,499
53,520
53,543
53,546
53,575
53,579
53,609
53,669
53,728
53,802
53,834
53,846
53,863
53,871
53,931
53,1030
53,1046
53,1059
53,1119
53,1152
53,1204
53,1213
53,1229
53,1280
53,1283
53,1313
53,1337
53,1386
53,1400
53,1421
53,1447
53,1481
53,1522
53,1570
53,1608
53,1629
53,1665
53,1669
53,1739
53,1854
53,1858
53,1906
53,1968
53,2012
53,2040
53,2044
53,2084
53,2085
53,2119
53,2123
53,2125
53,2140
53,2177
53,2237
53,2300
53,2327
53,2415
53,2422
53,2442
53,2573
53,2585
53,2608
53,2619
53,2717
53,2855
53,2858
53,2930
53,2966
53,3045
53,3151
53,3156
53,3222
53,3382
53,3395
53,3405
53,3448
53,3464
53,3598
53,3641
53,3675
53,3686
53,3721
53,3827
53,4075
53,4090
53,4095
53,4156
53,4202
53,4285
53,4472
53,4580
53,4595
53,4650
53,4771
53,4836
53,4857
53,4951
53,4954
53,4984
54,71
54,72
54,73
54,78
54,104
54,116
54,119
54,125
54,136
54,181
54,187
54,190
54,197
54,204
54,214
54,241
54,272
54,285
54,346
54,376
54,415
54,422
54,451
54,475
54,490
54,506
54,512
54,532
54,533
54,553
54,572
54,580
54,632
54,646
54,653
54,699
54,724
54,740
54,787
54,822
54,849
54,897
54,915
54,976
54,1000
54,1062
54,1075
54,1100
54,1136
54,1245
54,1257
54,1319
54,1355
54,1503
54,1605
54,1723
54,1793
54,1816
54,1844
54,1860
54,1864
54,1996
54,2006
54,2015
54,2245
54,2360
54,2383
54,2416
54,2479
54,2531
54,2577
54,2579
54,2636
54,2709
54,2926
54,2945
54,2957
54,2959
54,3021
54,3055
54,3078
54,3090
54,3120
54,3131
54,3132
54,3143
54,3174
54,3197
54,3418
54,3551
54,3661
54,3757
54,3811
54,3831
54,3927
54,3958
54,4076
54,4086
54,4182
54,4286
54,4328
54,4350
54,4367
54,4383
54,4419
54,4489
54,4758
54,4764
54,4806
54,4822
54,4830
54,4831
54,4886
55,60
55,61
55,72
55,83
55,100
55,153
55,182
55,190
55,198
55,205
55,208
55,227
55,244
55,251
55,268
55,295
55,300
55,323
55,325
55,332
55,361
55,386
55,390
55,426
55,439
55,441
55,531
55,586
55,668
55,723
55,740
55,763
55,890
55,910
55,952
55,981
55,984
55,990
55,994
55,1057
55,1082
55,1089
55,1114
55,1150
55,1297
55,1355
55,1363
55,1486
55,1508
55,1542
55,1620
55,1670
55,1769
55,1848
55,1867
55,1942
55,1960
55,1998
55,2023
55,2097
55,2201
55,2298
55,2349
55,2397
55,2437
55,2501
55,2578
55,2616
55,2617
55,2642
55,2671
55,2697
55,2818
55,2826
55,2920
55,3012
55,3063
55,3105
55,3143
55,3214
55,3316
55,3324
55,3373
55,3437
55,3470
55,3499
55,3504
55,3547
55,3594
55,3626
55,3653
55,3656
55,3749
55,3750
55,3896
55,3990
55,4007
55,4040
55,4130
55,4318
55,4360
55,4459
55,4466
55,4534
55,4600
55,4634
55,4650
55,4671
55,4750
55,4887
55,4947
55,4993
56,84
56,98
56,101
56,103
56,125
56,142
56,143
56,165
56,175
56,218
56,244
56,265
56,268
56,275
56,298
56,310
56,314
56,328
56,348
56,380
56,383
56,385
56,399
56,426
56,435
56,439
56,450
56,483
56,537
56,543
56,562
56,615
56,646
56,680
56,690
56,691
56,698
56,704
56,705
56,769
56,770
56,772
56,821
56,823
56,864
56,866
56,888
56,986
56,989
56,1035
56,1052
56,1151
56,1174
56,1179
56,1234
56,1293
56,1332
56,1353
56,1371
56,1374
56,1421
56,1445
56,1470
56,1484
56,1533
56,1538
56,1572
56,1592
56,1599
56,1634
56,1675
56,1744
56,1764
56,1857
56,1896
56,2000
56,2040
56,2143
56,2293
56,2348
56,2479
56,2561
56,2622
56,2639
56,2641
56,2662
56,2811
56,2854
56,2922
56,3010
56,3027
56,3032
56,3050
56,3187
56,3256
56,3358
56,3366
56,3494
56,3522
56,3541
56,3613
56,3801
56,3848
56,3919
56,3966
56,3971
56,3995
56,4012
56,4103
56,4419
56,4581
56,4809
56,4850
57,72
57,79
57,112
57,157
57,172
57,253
57,279
57,281
57,288
57,368
57,395
57,454
57,468
57,570
57,763
57,840
57,893
57,913
57,1030
57,1072
57,1096
57,1103
57,1146
57,1168
57,1188
57,1235
57,1276
57,1282
57,1455
57,1550
57,1635
57,1664
57,1751
57,1765
57,1816
57,1852
57,1855
57,2139
57,2158
57,2287
57,2400
57,2427
57,2501
57,2523
57,2564
57,3230
57,3466
57,3633
57,3720
57,3750
57,3912
57,4018
57,4027
57,4200
57,4206
57,4253
57,4319
57,4379
57,4413
57,4414
57,4433
57,4560
57,4691
57,4963
58,64
58,89
58,92
58,95
58,96
58,99
58,107
58,124
58,129
58,152
58,157
58,162
58,169
58,170
58,172
58,188
58,198
58,209
58,227
58,279
58,290
58,303
58,335
58,348
58,373
58,424
58,446
58,447
58,457
58,459
58,468
58,479
58,493
58,680
58,723
58,780
58,801
58,802
58,814
58,826
58,842
58,959
58,965
58,1031
58,1040
58,1109
58,1183
58,1206
58,1223
58,1225
58,1335
58,1368
58,1371
58,1385
58,1418
58,1427
58,1485
58,1520
58,1527
58,1575
58,1604
58,1620
58,1701
58,1819
58,1827
58,1851
58,1852
58,1960
58,1991
58,2036
58,2080
58,2084
58,2125
58,2197
58,2248
58,2676
58,2730
58,2861
58,2931
58,2961
58,2977
58,3009
58,3064
58,3236
58,3241
58,3259
58,3554
58,3617
58,3781
58,4027
58,4272
58,4464
58,4702
58,4713
58,4865
59,62
59,63
59,70
59,73
59,81
59,89
59,97
59,108
59,140
59,146
59,148
59,152
59,171
59,208
59,223
59,226
59,230
59,233
59,235
59,248
59,251
59,276
59,279
59,286
59,358
59,362
59,369
59,376
59,410
59,454
59,482
59,491
59,520
59,574
59,660
59,733
59,859
59,912
59,936
59,943
59,965
59,966
59,992
59,996
59,1000
59,1010
59,1034
59,1038
59,1050
59,1057
59,1060
59,1093
59,1130
59,1176
59,1237
59,1249
59,1263
59,1267
59,1277
59,1375
59,1440
59,1444
59,1527
59,1587
59,1600
59,1651
59,1657
59,1708
59,1766
59,1794
59,1852
59,1866
59,1871
59,1948
59,1982
59,2200
59,2272
59,2294
59,2347
59,2433
59,2606
59,2610
59,2616
59,2659
59,2673
59,2681
59,2747
59,2803
59,2821
59,2893
59,2961
59,3003
59,3040
59,3087
59,3095
59,3105
59,3179
59,3219
59,3290
59,3355
59,3375
59,3478
59,3482
59,3507
59,3600
59,3618
59,3714
59,3812
59,3831
59,3837
59,3890
59,3912
59,3954
59,4026
59,4040
59,4085
59,4318
59,4362
59,4375
59,4380
59,4388
59,4390
59,4420
59,4445
59,4464
59,4597
59,4613
59,4654
59,4731
59,4743
59,4754
59,4766
59,4813
59,4817
59,4897
59,4926
60,69
60,70
60,135
60,146
60,203
60,232
60,234
60,236
60,251
60,290
60,293
60,335
60,377
60,391
60,397
60,668
60,709
60,744
60,751
60,766
60,776
60,857
60,879
60,910
60,919
60,946
60,1044
60,1082
60,1338
60,1342
60,1350
60,1506
60,1530
60,1553
60,1592
60,1609
60,1618
60,1658
60,1774
60,1829
60,2260
60,2337
60,2552
60,2637
60,2675
60,2891
60,2947
60,2952
60,2980
60,3022
60,3049
60,3113
60,3240
60,3253
60,3360
60,3377
60,3534
60,3598
60,3682
60,3687
60,3700
60,3983
60,3990
60,4095
60,4124
60,4166
60,4308
60,4374
60,4543
60,4553
60,4613
60,4686
60,4898
61,77
61,83
61,90
61,93
61,180
61,191
61,194
61,213
61,228
61,248
61,260
61,263
61,294
61,324
61,327
61,330
61,342
61,368
61,521
61,534
61,578
61,747
61,794
61,865
61,872
61,1006
61,1028
61,1068
61,1121
61,1321
61,1358
61,1532
61,1537
61,1611
61,1651
61,1677
61,1682
61,1719
61,1750
61,1762
61,1900
61,2041
61,2049
61,2105
61,2191
61,2265
61,2267
61,2339
61,2360
61,2457
61,2509
61,2511
61,2588
61,2703
61,2704
61,2883
61,2901
61,2998
61,3017
61,3177
61,3201
61,3208
61,3217
61,3271
61,3371
61,3417
61,3424
61,3479
61,3507
61,3668
61,3678
61,3784
61,3954
61,4086
61,4091
61,4096
61,4166
61,4173
61,4212
61,4228
61,4283
61,4357
61,4374
61,4389
61,4422
61,4551
61,4575
61,4708
61,4879
61,4914
61,4944
62,64
62,78
62,80
62,98
62,100
62,102
62,108
62,158
62,225
62,233
62,279
62,335
62,390
62,392
62,408
62,450
62,492
62,544
62,583
62,610
62,661
62,700
62,715
62,766
62,796
62,818
62,850
62,939
62,969
62,1045
62,1129
62,1134
62,1190
62,1200
62,1237
62,1238
62,1288
62,1322
62,1327
62,1464
62,1509
62,1711
62,1726
62,1728
62,1753
62,1763
62,1978
62,2206
62,2226
62,2616
62,2624
62,2711
62,3141
62,3326
62,3485
62,3645
62,3867
62,4051
62,4234
62,4260
62,4281
62,4308
62,4341
62,4502
62,4634
62,4677
62,4756
62,4824
62,4970
63,66
63,105
63,153
63,201
63,266
63,297
63,316
63,319
63,330
63,334
63,345
63,363
63,368
63,398
63,407
63,411
63,454
63,481
63,536
63,542
63,546
63,557
63,600
63,614
63,621
63,625
63,644
63,675
63,692
63,782
63,798
63,852
63,884
63,932
63,940
63,973
63,984
63,1005
63,1061
63,1078
63,1124
63,1173
63,1225
63,1234
63,1271
63,1291
63,1330
63,1334
63,1361
63,1362
63,1368
63,1483
63,1484
63,1530
63,1591
63,1715
63,1805
63,1808
63,1834
63,1862
63,1882
63,1909
63,1937
63,1977
63,2017
63,2032
63,2121
63,2126
63,2141
63,2187
63,2246
63,2281
63,2304
63,2311
63,2347
63,2358
63,2437
63,2543
63,2544
63,2553
63,2649
63,2845
63,2900
63,2948
63,2982
63,3035
63,3169
63,3293
63,3319
63,3357
63,3507
63,3564
63,3587
63,3625
63,3744
63,3937
63,4129
63,4171
63,4308
63,4341
63,4359
63,4362
63,4405
63,4429
63,4440
63,4471
63,4565
63,4781
63,4792
63,4913
63,4986
64,73
64,77
64,97
64,108
64,123
64,143
64,237
64,271
64,295
64,307
64,340
64,363
64,417
64,423
64,427
64,461
64,464
64,486
64,657
64,678
64,725
64,746
64,771
64,825
64,828
64,864
64,869
64,946
64,966
64,979
64,1232
64,1300
64,1401
64,1466
64,1571
64,1660
64,1678
64,1680
64,1743
64,1875
64,1935
64,1938
64,1988
64,2060
64,2187
64,2272
64,2377
64,2383
64,2393
64,2425
64,2513
64,2725
64,2848
64,2992
64,3002
64,3355
64,3474
64,3523
64,3768
64,3845
64,3889
64,4051
64,4125
64,4292
64,4429
64,4430
64,4486
64,4592
64,4683
64,4818
64,4926
64,4938
65,71
65,76
65,85
65,90
65,94
65,110
65,115
65,126
65,132
65,141
65,150
65,151
65,152
65,166
65,173
65,191
65,192
65,210
65,243
65,266
65,279
65,287
65,309
65,336
65,355
65,364
65,447
65,470
65,492
65,576
65,643
65,737
65,740
65,752
65,779
65,781
65,808
65,823
65,880
65,907
65,913
65,918
65,971
65,980
65,984
65,990
65,1024
65,1033
65,1058
65,1090
65,1094
65,1108
65,1203
65,1307
65,1308
65,1407
65,1421
65,1531
65,1545
65,1557
65,1599
65,1601
65,1709
65,1725
65,1755
65,1785
65,1790
65,1796
65,1800
65,1811
65,1814
65,1900
65,1934
65,2024
65,2033
65,2048
65,2090
65,2127
65,2136
65,2169
65,2170
65,2176
65,2222
65,2266
65,2282
65,2293
65,2315
65,2355
65,2473
65,2492
65,2582
65,2596
65,2633
65,2740
65,2779
65,2786
65,3109
65,3110
65,3140
65,3370
65,3516
65,3542
65,3679
65,3794
65,3804
65,3929
65,4055
65,4059
65,4082
65,4085
65,4291
65,4505
65,4519
65,4737
65,4746
65,4844
65,4847
65,4888
66,79
66,103
66,111
66,141
66,150
66,227
66,302
66,320
66,323
66,330
66,337
66,562
66,591
66,725
66,728
66,741
66,804
66,811
66,819
66,830
66,852
66,896
66,924
66,1019
66,1118
66,1347
66,1389
66,1422
66,1469
66,1472
66,1514
66,1521
66,1576
66,1630
66,1644
66,1875
66,1884
66,1905
66,1913
66,2278
66,2385
66,2474
66,2636
66,2872
66,2902
66,3058
66,3159
66,3392
66,3885
66,3942
66,4148
66,4488
66,4512
66,4672
67,72
67,115
67,129
67,195
67,304
67,306
67,327
67,341
67,372
67,403
67,433
67,478
67,487
67,494
67,497
67,580
67,643
67,655
67,666
67,673
67,768
67,1073
67,1091
67,1302
67,1370
67,1443
67,1452
67,1656
67,1711
67,1828
67,1978
67,2021
67,2276
67,2348
67,2373
67,2434
67,2622
67,2638
67,2752
67,3173
67,3188
67,3280
67,3427
67,3556
67,3604
67,3704
67,3843
67,3845
67,3954
67,4249
67,4260
67,4446
67,4541
67,4745
67,4765
67,4910
68,69
68,75
68,84
68,107
68,146
68,158
68,170
68,175
68,241
68,287
68,341
68,350
68,360
68,369
68,404
68,491
68,507
68,511
68,550
68,576
68,580
68,625
68,674
68,682
68,687
68,867
68,978
68,1028
68,1032
68,1169
68,1243
68,1361
68,1438
68,1522
68,1584
68,1627
68,2126
68,2223
68,2281
68,2393
68,2484
68,2647
68,2781
68,3030
68,3283
68,3563
68,3729
68,3797
68,4158
68,4231
68,4349
68,4368
68,4467
68,4541
68,4915
69,71
69,81
69,109
69,122
69,127
69,141
69,176
69,185
69,189
69,212
69,255
69,256
69,273
69,287
69,323
69,330
69,405
69,467
69,496
69,529
69,571
69,585
69,611
69,687
69,710
69,727
69,769
69,821
69,829
69,868
69,876
69,889
69,932
69,978
69,999
69,1052
69,1125
69,1181
69,1266
69,1284
69,1354
69,1357
69,1417
69,1470
69,1483
69,1487
69,1517
69,1549
69,1619
69,1636
69,1718
69,1744
69,1781
69,1945
69,1961
69,1987
69,2029
69,2080
69,2156
69,2195
69,2342
69,2384
69,2557
69,2561
69,2600
69,2721
69,2751
69,2813
69,2851
69,3052
69,3130
69,3216
69,3281
69,3311
69,3517
69,3610
69,3623
69,3629
69,3652
69,3748
69,3790
69,3841
69,3884
69,3906
69,4078
69,4106
69,4172
69,4209
69,4487
69,4501
69,4544
69,4619
69,4948
69,4967
70,79
70,93
70,116
70,200
70,209
70,224
70,225
70,230
70,271
70,343
70,432
70,467
70,536
70,539
70,586
70,658
70,669
70,724
70,775
70,781
70,829
70,858
70,875
70,878
70,888
70,895
70,1034
70,1168
70,1211
70,1220
70,1234
70,1276
70,1391
70,1443
70,1465
70,1473
70,1545
70,1546
70,1628
70,1637
70,1726
70,1753
70,1815
70,1872
70,1881
70,2027
70,2071
70,2151
70,2304
70,2346
70,2654
70,2873
70,2897
70,2918
70,2938
70,3052
70,3151
70,3597
70,3635
70,3662
70,4018
70,4215
70,4232
70,4362
70,4491
70,4548
70,4713
71,74
71,89
71,90
71,92
71,93
71,97
71,99
71,126
71,134
71,142
71,161
71,167
71,179
71,219
71,220
71,222
71,232
71,240
71,265
71,297
71,315
71,318
71,322
71,324
71,355
71,357
71,375
71,376
71,419
71,467
71,489
71,493
71,507
71,516
71,532
71,541
71,546
71,551
71,586
71,619
71,636
71,653
71,659
71,664
71,686
71,696
71,728
71,739
71,747
71,780
71,791
71,799
71,802
71,856
71,911
71,933
71,938
71,976
71,979
71,1020
71,1035
71,1075
71,1174
71,1255
71,1287
71,1298
71,1304
71,1366
71,1454
71,1460
71,1488
71,1509
71,1511
71,1519
71,1540
71,1557
71,1593
71,1628
71,1630
71,1639
71,1666
71,1690
71,1709
71,1741
71,1756
71,1768
71,1786
71,1824
71,1880
71,1904
71,1921
71,1934
71,1957
71,1966
71,1996
71,2009
71,2110
71,2128
71,2160
71,2194
71,2197
71,2223
71,2232
71,2292
71,2303
71,2306
71,2344
71,2383
71,2436
71,2499
71,2531
71,2613
71,2627
71,2668
71,2690
71,2737
71,2747
71,2749
71,2787
71,2861
71,2897
71,2976
71,3034
71,3124
71,3139
71,3213
71,3253
71,3473
71,3514
71,3528
71,3564
71,3681
71,3690
71,3741
71,3903
71,3997
71,4050
71,4064
71,4129
71,4132
71,4212
71,4339
71,4367
71,4484
71,4555
71,4839
71,4875
71,4934
72,80
72,82
72,93
72,134
72,146
72,193
72,196
72,202
72,213
72,237
72,266
72,277
72,322
72,354
72,416
72,418
72,464
72,527
72,532
72,549
72,550
72,595
72,602
72,652
72,783
72,848
72,852
72,974
72,1006
72,1096
72,1108
72,1161
72,1178
72,1182
72,1229
72,1243
72,1258
72,1311
72,1318
72,1421
72,1480
72,1488
72,1489
72,1569
72,1950
72,2040
72,2092
72,2131
72,2187
72,2290
72,2356
72,2431
72,2656
72,2732
72,2749
72,2863
72,2907
72,3063
72,3173
72,3188
72,3274
72,3403
72,3459
72,3744
72,3793
72,3879
72,3926
72,4000
72,4146
72,4342
72,4468
72,4649
72,4661
72,4713
72,4972
73,75
73,77
73,78
73,85
73,86
73,96
73,99
73,102
73,130
73,145
73,154
73,177
73,185
73,193
73,198
73,199
73,249
73,255
73,257
73,306
73,333
73,338
73,345
73,350
73,369
73,380
73,399
73,418
73,429
73,431
73,451
73,463
73,474
73,482
73,497
73,520
73,524
73,527
73,532
73,561
73,660
73,663
73,683
73,711
73,748
73,768
73,798
73,819
73,824
73,826
73,873
73,888
73,890
73,916
73,920
73,925
73,951
73,955
73,956
73,962
73,982
73,1017
73,1030
73,1036
73,1107
73,1111
73,1115
73,1135
73,1136
73,1193
73,1233
73,1240
73,1249
73,1295
73,1346
73,1347
73,1356
73,1422
73,1447
73,1455
73,1470
73,1519
73,1557
73,1563
73,1566
73,1569
73,1591
73,1608
73,1664
73,1737
73,1748
73,1787
73,1815
73,1859
73,1869
73,1904
73,1915
73,1944
73,1998
73,2003
73,2022
73,2036
73,2066
73,2118
73,2123
73,2184
73,2319
73,2375
73,2409
73,2430
73,2504
73,2533
73,2553
73,2639
73,2685
73,2695
73,2697
73,2755
73,2782
73,2804
73,2832
73,2854
73,2903
73,2904
73,2942
73,2978
73,3034
73,3113
73,3140
73,3175
73,3181
73,3202
73,3203
73,3212
73,3289
73,3351
73,3396
73,3428
73,3479
73,3483
73,3496
73,3499
73,3580
73,3586
73,3637
73,3729
73,3754
73,3759
73,3807
73,4006
73,4008
73,4018
73,4021
73,4071
73,4232
73,4238
73,4243
73,4298
73,4421
73,4466
73,4473
73,4541
73,4556
73,4594
73,4655
73,4723
73,4973
74,85
74,92
74,102
74,121
74,167
74,172
74,182
74,258
74,370
74,400
74,402
74,414
74,504
74,527
74,552
74,600
74,619
74,771
74,776
74,805
74,912
74,923
74,1025
74,1140
74,1221
74,1281
74,1285
74,1297
74,1356
74,1361
74,1428
74,1431
74,1672
74,1752
74,1774
74,1849
74,1864
74,1910
74,2075
74,2103
74,2134
74,2306
74,2416
74,2421
74,2431
74,2527
74,2588
74,2610
74,2626
74,2804
74,2822
74,3014
74,3047
74,3064
74,3081
74,3135
74,3209
74,3398
74,3425
74,3618
74,3932
74,3996
74,4105
74,4225
74,4360
74,4450
74,4519
74,4820
74,4881
74,4893
75,84
75,86
75,90
75,91
75,92
75,96
75,101
75,145
75,149
75,155
75,194
75,218
75,284
75,309
75,391
75,404
75,417
75,496
75,509
75,512
75,513
75,515
75,545
75,582
75,591
75,598
75,625
75,674
75,687
75,721
75,746
75,752
75,770
75,807
75,809
75,830
75,851
75,1052
75,1081
75,1082
75,1108
75,1197
75,1499
75,1500
75,1688
75,1830
75,1891
75,1930
75,1955
75,2123
75,2237
75,2370
75,2382
75,2441
75,2471
75,2534
75,2614
75,2626
75,2674
75,2740
75,2916
75,2935
75,2975
75,3080
75,3098
75,3154
75,3220
75,3261
75,3275
75,3333
75,3385
75,3447
75,3532
75,3587
75,3601
75,3641
75,3755
75,4080
75,4207
75,4261
75,4402
75,4435
75,4580
75,4587
75,4760
75,4923
75,4925
76,94
76,156
76,196
76,270
76,271
76,295
76,318
76,340
76,422
76,440
76,449
76,506
76,584
76,592
76,603
76,621
76,703
76,759
76,786
76,805
76,873
76,930
76,1078
76,1193
76,1210
76,1211
76,1507
76,1566
76,1584
76,1706
76,1737
76,1898
76,2011
76,2175
76,2264
76,2389
76,2418
76,2507
76,2692
76,2726
76,2855
76,2992
76,3001
76,3163
76,3185
76,3335
76,3400
76,3442
76,3549
76,3589
76,3867
76,3992
76,4025
76,4081
76,4234
76,4315
76,4439
76,4455
76,4603
76,4651
76,4987
77,93
77,97
77,125
77,134
77,138
77,139
77,150
77,152
77,161
77,193
77,197
77,198
77,199
77,218
77,250
77,304
77,311
77,322
77,340
77,357
77,380
77,384
77,451
77,455
77,483
77,506
77,509
77,549
77,572
77,677
77,714
77,735
77,747
77,762
77,818
77,842
77,870
77,909
77,927
77,971
77,1026
77,1233
77,1273
77,1352
77,1362
77,1448
77,1460
77,1508
77,1532
77,1597
77,1614
77,1699
77,1729
77,1752
77,1863
77,1916
77,2000
77,2100
77,2312
77,2351
77,2438
77,2595
77,2601
77,2856
77,2914
77,2967
77,3014
77,3037
77,3042
77,3073
77,3087
77,3153
77,3359
77,3575
77,3677
77,3841
77,4156
77,4195
77,4295
77,4325
77,4502
77,4631
77,4800
77,4909
78,98
78,133
78,137
78,161
78,162
78,217
78,224
78,270
78,278
78,295
78,307
78,316
78,339
78,342
78,344
78,374
78,375
78,420
78,423
78,455
78,471
78,482
78,528
78,582
78,590
78,620
78,709
78,755
78,815
78,839
78,858
78,884
78,917
78,919
78,941
78,1001
78,1040
78,1075
78,1084
78,1150
78,1172
78,1188
78,1244
78,1285
78,1319
78,1454
78,1478
78,1565
78,1605
78,1628
78,1649
78,1693
78,1735
78,1749
78,1949
78,1953
78,1977
78,1995
78,2100
78,2233
78,2293
78,2306
78,2376
78,2417
78,2418
78,2467
78,2626
78,2769
78,2832
78,2858
78,2866
78,2883
78,2893
78,2930
78,2939
78,2944
78,3055
78,3141
78,3146
78,3237
78,3305
78,3341
78,3342
78,3397
78,3456
78,3575
78,3605
78,3662
78,3671
78,3725
78,3811
78,3859
78,3977
78,4007
78,4031
78,4044
78,4112
78,4184
78,4270
78,4299
78,4355
78,4373
78,4460
78,4885
78,4906
79,80
79,82
79,84
79,87
79,114
79,125
79,152
79,155
79,158
79,168
79,206
79,267
79,308
79,340
79,359
79,385
79,412
79,429
79,471
79,490
79,517
79,525
79,527
79,529
79,609
79,618
79,621
79,641
79,643
79,645
79,661
79,746
79,836
79,843
79,849
79,970
79,984
79,1120
79,1198
79,1236
79,1354
79,1396
79,1499
79,1521
79,1524
79,1538
79,1579
79,1629
79,1688
79,1730
79,1799
79,1807
79,1821
79,1838
79,1929
79,2070
79,2229
79,2255
79,2268
79,2286
79,2597
79,2632
79,2636
79,2749
79,2762
79,2774
79,2857
79,3003
79,3217
79,3369
79,3591
79,3685
79,3868
79,3869
79,3888
79,3894
79,3964
79,3973
79,4100
79,4136
79,4219
79,4236
79,4321
79,4437
79,4514
79,4730
79,4747
79,4934
79,4990
80,108
80,197
80,250
80,280
80,347
80,373
80,431
80,455
80,567
80,618
80,643
80,689
80,696
80,1023
80,1457
80,1539
80,1601
80,1685
80,1972
80,1989
80,2381
80,2452
80,2611
80,2793
80,3157
80,3582
80,3764
80,4655
80,4765
80,4841
81,83
81,87
81,114
81,117
81,123
81,130
81,155
81,162
81,191
81,198
81,201
81,210
81,224
81,229
81,285
81,350
81,395
81,400
81,406
81,415
81,420
81,437
81,501
81,502
81,574
81,646
81,701
81,702
81,767
81,773
81,844
81,862
81,912
81,957
81,977
81,1015
81,1026
81,1035
81,1093
81,1249
81,1298
81,1313
81,1318
81,1351
81,1353
81,1395
81,1462
81,1619
81,1664
81,1703
81,1709
81,1790
81,1865
81,2006
81,2126
81,2148
81,2184
81,2235
81,2253
81,2281
81,2407
81,2423
81,2550
81,2679
81,2684
81,2779
81,2838
81,2960
81,2981
81,2997
81,2998
81,3063
81,3081
81,3247
81,3378
81,3403
81,3475
81,3770
81,3772
81,3987
81,4037
81,4118
81,4155
81,4223
81,4230
81,4351
81,4580
81,4604
81,4706
81,4758
81,4845
82,102
82,180
82,184
82,185
82,204
82,242
82,248
82,270
82,328
82,347
82,371
82,396
82,408
82,532
82,546
82,599
82,814
82,823
82,824
82,998
82,1009
82,1129
82,1157
82,1191
82,1201
82,1278
82,1364
82,1372
82,1404
82,1543
82,1619
82,1680
82,1699
82,1735
82,1783
82,1802
82,1848
82,1958
82,2160
82,2275
82,2361
82,2391
82,2393
82,2450
82,2863
82,3055
82,3257
82,3491
82,3514
82,3573
82,3593
82,3825
82,3894
82,3925
82,4097
82,4139
82,4441
82,4516
82,4723
82,4858
83,98
83,135
83,147
83,150
83,152
83,158
83,164
83,169
83,183
83,186
83,187
83,198
83,241
83,300
83,512
83,606
83,620
83,697
83,729
83,910
83,1180
83,1231
83,1331
83,1407
83,1417
83,1506
83,1607
83,1761
83,1824
83,1904
83,1928
83,1941
83,1975
83,2192
83,2286
83,2416
83,2509
83,2549
83,2686
83,2854
83,3096
83,3175
83,3206
83,3340
83,3458
83,3494
83,3548
83,3660
83,3690
83,3777
83,3836
83,4293
83,4422
83,4585
83,4714
83,4878
84,183
84,186
84,196
84,217
84,236
84,246
84,310
84,378
84,394
84,435
84,602
84,640
84,648
84,695
84,708
84,818
84,860
84,868
84,886
84,1162
84,1218
84,1227
84,1238
84,1393
84,1401
84,1410
84,1439
84,1462
84,1538
84,1577
84,1589
84,1769
84,1840
84,1925
84,2020
84,2248
84,2494
84,2656
84,2787
84,2814
84,2842
84,3346
84,3410
84,3478
84,3591
84,3616
84,3741
84,3826
84,4210
84,4286
84,4455
84,4634
84,4669
84,4699
84,4742
84,4749
84,4866
84,4882
84,4900
84,4990
85,106
85,165
85,179
85,210
85,211
85,232
85,280
85,307
85,313
85,322
85,364
85,385
85,410
85,443
85,451
85,462
85,467
85,483
85,581
85,618
85,629
85,668
85,695
85,806
85,812
85,896
85,940
85,1129
85,1155
85,1220
85,1221
85,1233
85,1266
85,1359
85,1388
85,1405
85,1630
85,1697
85,1729
85,1762
85,1796
85,1967
85,2005
85,2010
85,2160
85,2327
85,2568
85,2612
85,2699
85,2707
85,2918
85,2935
85,3044
85,3127
85,3159
85,3226
85,3281
85,3309
85,3417
85,3467
85,3600
85,3716
85,3750
85,3754
85,3900
85,3970
85,4104
85,4187
85,4249
85,4325
85,4340
85,4460
85,4483
85,4687
85,4721
85,4818
85,4836
85,4898
85,4907
86,90
86,91
86,100
86,102
86,107
86,120
86,121
86,128
86,130
86,132
86,139
86,149
86,155
86,257
86,269
86,280
86,343
86,361
86,382
86,401
86,436
86,448
86,685
86,722
86,730
86,752
86,785
86,851
86,976
86,1036
86,1067
86,1093
86,1107
86,1178
86,1334
86,1364
86,1372
86,1427
86,1448
86,1470
86,1476
86,1497
86,1500
86,1516
86,1526
86,1667
86,1708
86,1753
86,1778
86,1899
86,2009
86,2333
86,2349
86,2356
86,2394
86,2423
86,2672
86,2932
86,3064
86,3073
86,3083
86,3152
86,3218
86,3254
86,3429
86,3732
86,3862
86,3953
86,3960
86,3971
86,3975
86,3991
86,4121
86,4220
86,4226
86,4275
86,4289
86,4292
86,4324
86,4765
86,4924
87,113
87,125
87,131
87,147
87,155
87,157
87,204
87,227
87,233
87,294
87,296
87,300
87,311
87,313
87,317
87,344
87,369
87,384
87,403
87,406
87,411
87,414
87,446
87,465
87,492
87,503
87,510
87,525
87,534
87,537
87,539
87,546
87,743
87,771
87,823
87,836
87,911
87,954
87,976
87,1011
87,1042
87,1107
87,1130
87,1132
87,1148
87,1164
87,1173
87,1271
87,1283
87,1284
87,1303
87,1324
87,1337
87,1453
87,1473
87,1485
87,1506
87,1551
87,1703
87,1706
87,1707
87,1857
87,1906
87,1975
87,1995
87,2002
87,2107
87,2278
87,2303
87,2318
87,2401
87,2470
87,2502
87,2578
87,2579
87,2643
87,2656
87,2677
87,2703
87,2860
87,2866
87,2930
87,2981
87,2982
87,3035
87,3053
87,3199
87,3245
87,3251
87,3286
87,3333
87,3399
87,3469
87,3687
87,3778
87,3834
87,3854
87,3857
87,3859
87,3921
87,3942
87,3972
87,3977
87,4022
87,4039
87,4128
87,4194
87,4245
87,4295
87,4398
87,4400
87,4470
87,4471
87,4561
87,4588
87,4645
87,4747
87,4752
87,4791
87,4879
87,4922
88,131
88,166
88,172
88,181
88,186
88,235
88,239
88,248
88,249
88,338
88,353
88,391
88,405
88,420
88,441
88,474
88,502
88,509
88,542
88,544
88,547
88,549
88,556
88,566
88,585
88,624
88,636
88,637
88,641
88,803
88,842
88,853
88,865
88,1000
88,1004
88,1064
88,1103
88,1184
88,1325
88,1326
88,1405
88,1466
88,1504
88,1532
88,1631
88,1943
88,2056
88,2127
88,2197
88,2272
88,2310
88,2509
88,2561
88,2698
88,2704
88,2708
88,2715
88,2812
88,3080
88,3144
88,3184
88,3187
88,3323
88,3369
88,3388
88,3611
88,3747
88,3784
88,3892
88,3966
88,4048
88,4137
88,4228
88,4336
88,4736
88,4856
89,106
89,107
89,132
89,141
89,201
89,277
89,291
89,327
89,410
89,415
89,446
89,533
89,587
89,737
89,862
89,897
89,1173
89,1293
89,1299
89,1302
89,1493
89,1564
89,1582
89,1633
89,1640
89,1641
89,1768
89,1888
89,1959
89,1984
89,1999
89,2189
89,2193
89,2467
89,2525
89,2528
89,2572
89,2645
89,2785
89,2787
89,2791
89,2812
89,3025
89,3204
89,3453
89,3549
89,3590
89,3879
89,3906
89,3945
89,4050
89,4077
89,4118
89,4129
89,4360
89,4545
89,4690
89,4779
89,4894
89,4900
89,4936
90,242
90,260
90,262
90,264
90,276
90,289
90,354
90,360
90,374
90,379
90,481
90,579
90,616
90,708
90,722
90,732
90,745
90,790
90,858
90,879
90,939
90,1030
90,1097
90,1170
90,1253
90,1273
90,1282
90,1309
90,1355
90,1384
90,1475
90,1551
90,1621
90,1675
90,1998
90,2028
90,2123
90,2134
90,2204
90,2263
90,2647
90,2718
90,2953
90,3078
90,3109
90,3110
90,3162
90,3290
90,3385
90,3498
90,3826
90,3861
90,4012
90,4289
90,4363
90,4401
90,4428
90,4902
91,127
91,133
91,157
91,194
91,199
91,238
91,240
91,257
91,259
91,283
91,368
91,467
91,473
91,487
91,517
91,531
91,574
91,587
91,653
91,676
91,709
91,749
91,750
91,849
91,868
91,879
91,990
91,1042
91,1054
91,1078
91,1131
91,1183
91,1274
91,1306
91,1370
91,1381
91,1395
91,1400
91,1474
91,1515
91,1524
91,1583
91,1597
91,1601
91,1615
91,1944
91,1952
91,2049
91,2063
91,2152
91,2174
91,2282
91,2325
91,2464
91,2488
91,2509
91,2640
91,2678
91,2715
91,2749
91,2817
91,2957
91,3281
91,3487
91,3668
91,3735
91,3751
91,3799
91,3838
91,3895
91,3896
91,3931
91,3951
91,3966
91,3978
91,4078
91,4479
91,4523
91,4558
91,4591
91,4708
92,125
92,134
92,138
92,142
92,172
92,173
92,178
92,196
92,199
92,207
92,223
92,230
92,297
92,350
92,365
92,412
92,415
92,432
92,463
92,475
92,479
92,498
92,519
92,545
92,558
92,609
92,640
92,699
92,713
92,729
92,757
92,788
92,789
92,842
92,901
92,1076
92,1103
92,1144
92,1153
92,1171
92,1198
92,1206
92,1288
92,1323
92,1326
92,1430
92,1481
92,1563
92,1673
92,1690
92,1828
92,1845
92,1863
92,1925
92,1961
92,2162
92,2179
92,2233
92,2280
92,2433
92,2518
92,2539
92,2550
92,2575
92,2600
92,2653
92,2676
92,2690
92,2711
92,2761
92,2976
92,3203
92,3333
92,3424
92,3435
92,3461
92,3557
92,3795
92,3803
92,3873
92,4011
92,4171
92,4224
92,4412
92,4780
92,4877
93,119
93,135
93,150
93,159
93,183
93,189
93,197
93,203
93,212
93,244
93,293
93,420
93,494
93,568
93,577
93,679
93,681
93,700
93,731
93,805
93,914
93,922
93,1083
93,1167
93,1174
93,1328
93,1386
93,1397
93,1512
93,1552
93,1618
93,1661
93,1662
93,1733
93,2030
93,2163
93,2177
93,2191
93,2244
93,2656
93,2771
93,2870
93,2917
93,3043
93,3101
93,3274
93,3530
93,3532
93,3636
93,3702
93,3778
93,3893
93,3900
93,3995
93,4182
93,4274
93,4540
93,4559
93,4604
93,4621
93,4804
94,119
94,175
94,220
94,229
94,269
94,311
94,406
94,442
94,617
94,622
94,704
94,710
94,731
94,751
94,758
94,893
94,946
94,1019
94,1084
94,1359
94,1492
94,1766
94,1782
94,1819
94,1896
94,1945
94,2026
94,2172
94,2217
94,2220
94,2263
94,2291
94,2454
94,2455
94,2503
94,2552
94,2582
94,2587
94,2642
94,2684
94,2722
94,2731
94,3086
94,3119
94,3197
94,3230
94,3294
94,3326
94,3334
94,3544
94,3595
94,3612
94,3688
94,3970
94,4024
94,4025
94,4131
94,4163
94,4234
94,4282
94,4421
94,4482
94,4711
94,4926
95,101
95,225
95,250
95,265
95,319
95,336
95,339
95,386
95,676
95,681
95,765
95,771
95,785
95,811
95,840
95,957
95,965
95,1064
95,1210
95,1352
95,1395
95,1443
95,1714
95,1786
95,1983
95,1987
95,2211
95,2316
95,2484
95,2731
95,2801
95,2856
95,2859
95,2968
95,3095
95,3105
95,3495
95,3550
95,3883
95,3915
95,4077
95,4181
95,4287
95,4653
95,4675
95,4847
95,4930
96,106
96,111
96,123
96,126
96,128
96,135
96,149
96,214
96,317
96,340
96,387
96,388
96,472
96,544
96,602
96,612
96,680
96,721
96,844
96,968
96,1037
96,1058
96,1069
96,1083
96,1110
96,1147
96,1261
96,1264
96,1294
96,1315
96,1327
96,1387
96,1479
96,1500
96,1505
96,1507
96,1540
96,1572
96,1585
96,1621
96,1755
96,1788
96,1882
96,1891
96,1970
96,2043
96,2142
96,2299
96,2314
96,2401
96,2492
96,2565
96,2836
96,3007
96,3065
96,3091
96,3139
96,3161
96,3263
96,3343
96,3349
96,3385
96,3684
96,3685
96,3886
96,3952
96,3956
96,4049
96,4192
96,4237
96,4353
96,4363
96,4439
96,4476
96,4594
96,4644
96,4762
96,4882
96,4883
97,99
97,104
97,116
97,127
97,140
97,163
97,172
97,176
97,180
97,183
97,188
97,222
97,250
97,257
97,278
97,284
97,287
97,289
97,292
97,343
97,358
97,370
97,373
97,407
97,414
97,416
97,450
97,462
97,491
97,521
97,525
97,536
97,560
97,565
97,628
97,656
97,710
97,775
97,779
97,781
97,782
97,785
97,792
97,808
97,833
97,902
97,918
97,1127
97,1137
97,1373
97,1406
97,1464
97,1488
97,1527
97,1608
97,1620
97,1626
97,1688
97,1805
97,1806
97,1839
97,1856
97,2027
97,2076
97,2134
97,2194
97,2275
97,2310
97,2344
97,2580
97,2702
97,2714
97,2822
97,3066
97,3143
97,3216
97,3256
97,3275
97,3288
97,3320
97,3361
97,3365
97,3368
97,3448
97,3451
97,3567
97,3961
97,3993
97,4165
97,4239
97,4635
97,4726
97,4743
97,4790
97,4833
97,4851
97,4904
97,4945
97,4978
97,4983
98,100
98,158
98,161
98,163
98,178
98,200
98,216
98,276
98,292
98,312
98,328
98,349
98,362
98,372
98,400
98,486
98,505
98,713
98,746
98,748
98,754
98,755
98,776
98,832
98,834
98,851
98,889
98,949
98,980
98,1093
98,1130
98,1311
98,1368
98,1391
98,1561
98,1575
98,1655
98,1754
98,1769
98,2076
98,2087
98,2119
98,2205
98,2279
98,2301
98,2302
98,2366
98,2431
98,2449
98,2539
98,2600
98,2615
98,2637
98,2768
98,2773
98,2794
98,2830
98,2938
98,3077
98,3091
98,3217
98,3263
98,3461
98,3486
98,3657
98,3834
98,3835
98,3875
98,4091
98,4128
98,4234
98,4345
98,4347
98,4578
98,4786
98,4799
98,4885
99,102
99,118
99,148
99,201
99,203
99,208
99,224
99,229
99,264
99,278
99,305
99,315
99,327
99,352
99,355
99,361
99,367
99,369
99,371
99,379
99,457
99,511
99,518
99,552
99,591
99,614
99,678
99,690
99,742
99,763
99,765
99,768
99,815
99,883
99,905
99,984
99,1022
99,1037
99,1048
99,1061
99,1095
99,1143
99,1177
99,1209
99,1428
99,1633
99,1646
99,1686
99,1728
99,1829
99,1843
99,1878
99,2023
99,2024
99,2050
99,2155
99,2238
99,2410
99,2453
99,2486
99,2561
99,2778
99,2931
99,3088
99,3237
99,3261
99,3539
99,3579
99,3581
99,3625
99,3669
99,3701
99,3752
99,3756
99,3763
99,3978
99,4024
99,4120
99,4150
99,4241
99,4376
99,4557
99,4736
99,4860
100,101
100,115
100,127
100,132
100,145
100,151
100,153
100,173
100,264
100,267
100,290
100,337
100,394
100,416
100,517
100,521
100,539
100,547
100,578
100,607
100,704
100,723
100,737
100,741
100,774
100,815
100,822
100,833
100,834
100,843
100,891
100,905
100,996
100,1014
100,1092
100,1100
100,1120
100,1125
100,1206
100,1216
100,1243
100,1284
100,1379
100,1398
100,1449
100,1456
100,1474
100,1490
100,1629
100,1636
100,1670
100,1687
100,1819
100,1974
100,1989
100,2006
100,2019
100,2042
100,2096
100,2143
100,2182
100,2185
100,2188
100,2211
100,2314
100,2381
100,2393
100,2480
100,2486
100,2549
100,2559
100,2572
100,2836
100,2905
100,2906
100,2950
100,2955
100,2962
100,3022
100,3194
100,3250
100,3312
100,3340
100,3369
100,3510
100,3625
100,3737
100,3829
100,3868
100,3888
100,3985
100,3986
100,4015
100,4032
100,4063
100,4071
100,4099
100,4227
100,4268
100,4292
100,4303
100,4305
100,4311
100,4330
100,4554
100,4563
100,4653
100,4831
100,4907
100,4924
100,4978
101,111
101,112
101,153
101,169
101,182
101,186
101,217
101,221
101,235
101,262
101,277
101,285
101,298
101,345
101,388
101,394
101,425
101,450
101,481
101,542
101,585
101,623
101,844
101,854
101,863
101,896
101,963
101,988
101,999
101,1111
101,1154
101,1155
101,1179
101,1216
101,1252
101,1282
101,1308
101,1363
101,1369
101,1494
101,1614
101,1635
101,1703
101,1915
101,1959
101,2010
101,2111
101,2270
101,2453
101,2462
101,2683
101,2794
101,3137
101,3205
101,3219
101,3340
101,3667
101,3687
101,3724
101,3728
101,3766
101,3979
101,4047
101,4058
101,4147
101,4391
101,4598
101,4674
101,4818
101,4920
101,4952
102,103
102,117
102,128
102,246
102,251
102,288
102,431
102,435
102,513
102,514
102,677
102,698
102,740
102,762
102,782
102,800
102,843
102,856
102,905
102,915
102,932
102,935
102,1012
102,1069
102,1077
102,1101
102,1188
102,1236
102,1272
102,1308
102,1351
102,1389
102,1434
102,1567
102,1661
102,1691
102,1711
102,1757
102,1801
102,1876
102,1962
102,2069
102,2275
102,2295
102,2496
102,2533
102,2562
102,2730
102,2969
102,2986
102,2994
102,3227
102,3334
102,3404
102,3536
102,3600
102,3674
102,3707
102,3919
102,4277
102,4342
102,4350
102,4352
102,4377
102,4412
102,4551
102,4567
102,4685
102,4848
102,4975
103,172
103,202
103,221
103,247
103,281
103,306
103,319
103,363
103,367
103,523
103,571
103,598
103,730
103,788
103,833
103,994
103,1012
103,1033
103,1036
103,1060
103,1075
103,1186
103,1194
103,1218
103,1356
103,1485
103,1532
103,1585
103,1615
103,1622
103,1734
103,2057
103,2139
103,2188
103,2329
103,2341
103,2493
103,2502
103,2562
103,2605
103,2681
103,2710
103,2867
103,3077
103,3283
103,3371
103,3376
103,3402
103,3513
103,3536
103,3893
103,3906
103,3944
103,4098
103,4102
103,4275
103,4287
103,4396
103,4532
103,4547
104,123
104,128
104,150
104,160
104,188
104,204
104,224
104,225
104,244
104,371
104,394
104,492
104,497
104,654
104,702
104,882
104,1268
104,1286
104,1301
104,1447
104,1469
104,1491
104,1520
104,1849
104,2095
104,2174
104,2207
104,2645
104,2725
104,2783
104,2996
104,3954
104,3987
104,4303
104,4350
104,4931
104,4946
105,112
105,140
105,154
105,160
105,253
105,297
105,333
105,347
105,348
105,383
105,388
105,397
105,404
105,421
105,432
105,564
105,671
105,741
105,753
105,790
105,861
105,874
105,885
105,963
105,970
105,974
105,1348
105,1351
105,1355
105,1373
105,1426
105,1431
105,1467
105,1650
105,1725
105,1815
105,1851
105,2041
105,2047
105,2151
105,2235
105,2257
105,2318
105,2330
105,2368
105,2374
105,2381
105,2382
105,2491
105,2492
105,2552
105,2660
105,2866
105,2939
105,3037
105,3069
105,3124
105,3135
105,3166
105,3202
105,3336
105,3348
105,3469
105,3534
105,3706
105,3791
105,3832
105,3956
105,4106
105,4194
105,4486
105,4505
105,4582
105,4602
105,4690
105,4760
105,4862
105,4930
106,124
106,131
106,148
106,210
106,251
106,339
106,435
106,460
106,485
106,525
106,627
106,628
106,721
106,741
106,821
106,824
106,827
106,942
106,1224
106,1324
106,1575
106,1694
106,1697
106,1937
106,2035
106,2138
106,2228
106,2249
106,2251
106,2363
106,2389
106,2403
106,2420
106,2533
106,2638
106,3118
106,3161
106,3204
106,3269
106,3385
106,3590
106,3754
106,3861
106,3982
106,4019
106,4066
106,4288
106,4291
106,4643
106,4937
106,4951
107,148
107,196
107,220
107,271
107,332
107,366
107,395
107,442
107,451
107,498
107,520
107,555
107,694
107,711
107,758
107,772
107,820
107,870
107,1037
107,1083
107,1126
107,1170
107,1187
107,1263
107,1554
107,1578
107,1713
107,1883
107,2009
107,2028
107,2163
107,2176
107,2211
107,2260
107,2315
107,2318
107,2348
107,2539
107,2551
107,2676
107,2976
107,3194
107,3252
107,3257
107,3600
107,3739
107,3856
107,3930
107,4307
107,4394
107,4441
107,4447
107,4456
107,4612
107,4908
107,4928
108,111
108,136
108,145
108,182
108,220
108,265
108,267
108,288
108,421
108,431
108,448
108,466
108,541
108,555
108,585
108,610
108,632
108,652
108,664
108,682
108,689
108,728
108,735
108,755
108,784
108,787
108,811
108,828
108,849
108,920
108,923
108,1070
108,1141
108,1173
108,1242
108,1266
108,1283
108,1300
108,1301
108,1311
108,1351
108,1391
108,1440
108,1441
108,1452
108,1538
108,1541
108,1547
108,1562
108,1676
108,1686
108,1765
108,2024
108,2027
108,2069
108,2194
108,2267
108,2285
108,2357
108,2595
108,2622
108,2626
108,2724
108,2737
108,2739
108,2749
108,2808
108,2831
108,2878
108,2946
108,3026
108,3040
108,3045
108,3048
108,3091
108,3236
108,3272
108,3305
108,3311
108,3491
108,3596
108,3667
108,3674
108,3727
108,3884
108,4019
108,4050
108,4208
108,4524
108,4595
108,4644
108,4645
108,4865
108,4944
108,4964
109,153
109,209
109,211
109,291
109,332
109,422
109,452
109,470
109,490
109,509
109,513
109,542
109,552
109,621
109,631
109,862
109,890
109,974
109,1121
109,1152
109,1162
109,1189
109,1233
109,1304
109,1386
109,1473
109,1506
109,1754
109,1851
109,1875
109,2254
109,2416
109,2451
109,2496
109,2564
109,2635
109,2642
109,2657
109,2679
109,2764
109,2831
109,2938
109,3155
109,3166
109,3233
109,3576
109,3620
109,3636
109,3659
109,3733
109,3744
109,3979
109,4010
109,4161
109,4354
109,4530
110,131
110,136
110,141
110,186
110,204
110,217
110,257
110,284
110,290
110,304
110,321
110,329
110,345
110,347
110,376
110,386
110,419
110,460
110,508
110,514
110,521
110,544
110,595
110,611
110,655
110,666
110,686
110,748
110,792
110,882
110,888
110,905
110,926
110,928
110,947
110,962
110,1003
110,1052
110,1116
110,1200
110,1316
110,1364
110,1396
110,1479
110,1523
110,1524
110,1600
110,1677
110,1823
110,1847
110,1991
110,2019
110,2078
110,2286
110,2385
110,2523
110,2692
110,2693
110,2708
110,2771
110,2796
110,2886
110,2956
110,2966
110,2978
110,3013
110,3014
110,3046
110,3102
110,3137
110,3410
110,3416
110,3425
110,3469
110,3495
110,3603
110,3629
110,3758
110,3801
110,3821
110,3842
110,3858
110,3897
110,3900
110,3926
110,3992
110,4019
110,4253
110,4532
110,4568
110,4696
110,4749
110,4757
110,4780
111,112
111,113
111,129
111,146
111,147
111,154
111,162
111,192
111,269
111,281
111,329
111,350
111,378
111,431
111,462
111,501
111,548
111,626
111,630
111,657
111,661
111,819
111,918
111,930
111,973
111,1061
111,1074
111,1083
111,1177
111,1230
111,1272
111,1274
111,1422
111,1505
111,1674
111,1690
111,1734
111,1784
111,1813
111,1836
111,1852
111,1937
111,1974
111,1980
111,2047
111,2083
111,2115
111,2199
111,2231
111,2262
111,2277
111,2332
111,2362
111,2409
111,2439
111,2521
111,2618
111,2691
111,2782
111,2836
111,2839
111,2903
111,2982
111,3224
111,3272
111,3364
111,3509
111,3760
111,3849
111,3905
111,3962
111,4029
111,4250
111,4324
111,4533
111,4545
111,4581
111,4587
111,4624
111,4645
111,4755
111,4812
111,4848
112,158
112,169
112,210
112,220
112,236
112,252
112,255
112,264
112,283
112,300
112,307
112,309
112,442
112,482
112,493
112,499
112,595
112,635
112,665
112,679
112,684
112,692
112,704
112,744
112,768
112,772
112,810
112,1048
112,1123
112,1163
112,1178
112,1268
112,1300
112,1302
112,1320
112,1374
112,1565
112,1593
112,1746
112,1809
112,1831
112,1848
112,2012
112,2160
112,2266
112,2527
112,2531
112,2554
112,2644
112,2734
112,2788
112,2885
112,2950
112,3029
112,3369
112,3387
112,3508
112,3627
112,3629
112,3700
112,3873
112,4066
112,4478
112,4607
112,4702
112,4845
112,4892
112,4959
113,126
113,137
113,144
113,187
113,247
113,324
113,445
113,507
113,573
113,625
113,679
113,684
113,1116
113,1176
113,1254
113,1378
113,1447
113,1468
113,1517
113,1546
113,1559
113,1699
113,1786
113,1807
113,1974
113,1988
113,2085
113,2221
113,2228
113,2318
113,2343
113,2522
113,2628
113,2834
113,3504
113,3731
113,3969
113,4169
113,4442
113,4756
114,117
114,127
114,132
114,165
114,313
114,352
114,446
114,459
114,469
114,524
114,545
114,674
114,754
114,794
114,805
114,879
114,906
114,1010
114,1061
114,1182
114,1321
114,1348
114,1357
114,1383
114,1487
114,1528
114,1535
114,1574
114,1632
114,1648
114,1663
114,1743
114,1830
114,1933
114,1965
114,2017
114,2035
114,2114
114,2205
114,2216
114,2230
114,2521
114,2756
114,2818
114,2860
114,3257
114,3274
114,3287
114,3348
114,3356
114,3436
114,3577
114,3666
114,3667
114,3719
114,3835
114,3863
114,3938
114,3947
114,3986
114,3994
114,4035
114,4271
114,4316
114,4439
114,4763
115,117
115,133
115,137
115,151
115,232
115,321
115,467
115,666
115,816
115,817
115,830
115,912
115,1640
115,1656
115,1849
115,1883
115,2006
115,2198
115,2356
115,2439
115,2508
115,2672
115,2698
115,2791
115,3014
115,3196
115,3238
115,3400
115,3464
115,3890
115,3963
115,3970
115,4101
115,4382
115,4673
115,4699
116,118
116,131
116,151
116,157
116,166
116,174
116,178
116,213
116,230
116,268
116,366
116,409
116,434
116,458
116,518
116,572
116,613
116,667
116,680
116,716
116,809
116,844
116,873
116,899
116,1066
116,1072
116,1076
116,1109
116,1183
116,1207
116,1723
116,1911
116,1933
116,2201
116,2235
116,2323
116,2368
116,2386
116,2446
116,2663
116,2665
116,2743
116,2967
116,3019
116,3275
116,3416
116,3540
116,3572
116,3582
116,3742
116,3820
116,4306
116,4340
116,4452
116,4687
116,4702
116,4722
116,4820
116,4864
116,4916
117,121
117,124
117,137
117,139
117,158
117,165
117,183
117,231
117,254
117,264
117,283
117,292
117,379
117,424
117,453
117,644
117,662
117,731
117,832
117,1036
117,1139
117,1150
117,1232
117,1240
117,1252
117,1338
117,1377
117,1450
117,1486
117,1514
117,1613
117,1728
117,1736
117,2092
117,2240
117,2280
117,2289
117,2295
117,2406
117,2421
117,2599
117,2610
117,2804
117,2819
117,3040
117,3042
117,3078
117,3173
117,3207
117,3233
117,3249
117,3392
117,3479
117,3532
117,3903
117,3917
117,4096
117,4197
117,4227
117,4330
117,4398
117,4476
117,4609
117,4618
117,4761
117,4805
117,4968
118,135
118,188
118,258
118,282
118,404
118,414
118,555
118,556
118,713
118,716
118,725
118,756
118,783
118,839
118,880
118,906
118,991
118,1308
118,1321
118,1397
118,1417
118,1564
118,1639
118,1811
118,2087
118,2140
118,2233
118,2696
118,2699
118,2752
118,2896
118,3027
118,3301
118,3306
118,3314
118,3363
118,3480
118,3581
118,3734
118,4554
118,4853
118,4914
119,160
119,161
119,162
119,186
119,234
119,256
119,259
119,408
119,477
119,489
119,561
119,573
119,586
119,670
119,679
119,699
119,795
119,867
119,874
119,1011
119,1062
119,1077
119,1134
119,1162
119,1181
119,1386
119,1398
119,1442
119,1545
119,1664
119,1680
119,1749
119,1845
119,1929
119,1962
119,2120
119,2131
119,2139
119,2178
119,2203
119,2221
119,2243
119,2316
119,2342
119,2427
119,2483
119,2486
119,2578
119,2592
119,2653
119,3190
119,3242
119,3350
119,3521
119,3560
119,3567
119,3687
119,3723
119,3767
119,3942
119,3972
119,4040
119,4178
119,4194
119,4388
119,4449
119,4509
119,4646
119,4712
120,125
120,134
120,189
120,249
120,266
120,291
120,325
120,329
120,353
120,364
120,379
120,404
120,431
120,440
120,457
120,463
120,464
120,657
120,784
120,952
120,956
120,993
120,1002
120,1029
120,1034
120,1372
120,1608
120,1609
120,1622
120,1658
120,1703
120,1815
120,1927
120,1964
120,2040
120,2065
120,2439
120,2562
120,2578
120,2997
120,3046
120,3054
120,3075
120,3085
120,3167
120,3454
120,3460
120,3527
120,3611
120,3616
120,3800
120,4385
120,4484
121,138
121,183
121,186
121,195
121,213
121,218
121,280
121,293
121,343
121,356
121,365
121,406
121,448
121,450
121,496
121,514
121,533
121,606
121,917
121,923
121,943
121,1060
121,1130
121,1175
121,1238
121,1343
121,1369
121,1568
121,1671
121,1762
121,1856
121,1868
121,1963
121,2104
121,2133
121,2151
121,2170
121,2177
121,2197
121,2230
121,2317
121,2354
121,2364
121,2376
121,2516
121,2533
121,2714
121,2735
121,2743
121,2782
121,2900
121,3153
121,3191
121,3375
121,3574
121,3670
121,3805
121,4100
121,4158
121,4245
121,4282
121,4443
121,4635
121,4639
121,4844
121,4871
121,4929
122,219
122,269
122,313
122,319
122,344
122,387
122,521
122,587
122,652
122,718
122,790
122,830
122,883
122,893
122,939
122,963
122,1153
122,1330
122,1366
122,1689
122,2205
122,2255
122,2357
122,2365
122,2492
122,2557
122,2599
122,2825
122,2911
122,3537
122,3714
122,4042
122,4065
122,4192
122,4616
122,4932
122,4991
123,187
123,203
123,255
123,273
123,281
123,295
123,310
123,314
123,389
123,421
123,443
123,452
123,488
123,592
123,903
123,1123
123,1152
123,1198
123,1394
123,1450
123,1463
123,1695
123,1709
123,1739
123,2389
123,2435
123,2470
123,2633
123,2667
123,2955
123,3114
123,3150
123,3485
123,3514
123,3898
123,4171
123,4218
123,4270
123,4298
123,4731
123,4743
123,4840
124,135
124,136
124,142
124,151
124,166
124,168
124,170
124,174
124,182
124,185
124,226
124,238
124,239
124,243
124,272
124,286
124,320
124,328
124,337
124,341
124,380
124,382
124,476
124,493
124,551
124,604
124,615
124,653
124,654
124,686
124,737
124,768
124,784
124,835
124,853
124,855
124,857
124,873
124,884
124,927
124,929
124,944
124,956
124,960
124,980
124,1122
124,1132
124,1151
124,1158
124,1176
124,1179
124,1181
124,1190
124,1195
124,1273
124,1304
124,1319
124,1338
124,1449
124,1467
124,1497
124,1684
124,1812
124,1865
124,1893
124,1905
124,1919
124,2001
124,2291
124,2322
124,2541
124,2553
124,2604
124,2613
124,2747
124,2787
124,2986
124,2999
124,3137
124,3182
124,3760
124,3780
124,3838
124,3911
124,3971
124,4199
124,4376
124,4380
124,4491
124,4560
124,4587
124,4590
124,4640
124,4755
124,4912
125,126
125,128
125,134
125,172
125,227
125,236
125,247
125,263
125,285
125,287
125,294
125,305
125,329
125,333
125,350
125,367
125,445
125,483
125,644
125,663
125,761
125,829
125,841
125,1028
125,1128
125,1275
125,1446
125,1557
125,1582
125,1602
125,1788
125,1863
125,2216
125,2275
125,2414
125,2503
125,2507
125,2547
125,2935
125,3163
125,3214
125,3266
125,3294
125,3592
125,3736
125,3894
125,3936
125,3983
125,4101
125,4161
125,4188
125,4197
125,4207
125,4290
125,4337
125,4493
125,4687
125,4698
125,4940
125,4967
125,4999
126,171
126,179
126,180
126,205
126,215
126,216
126,231
126,232
126,253
126,276
126,330
126,383
126,432
126,518
126,550
126,717
126,838
126,845
126,954
126,960
126,999
126,1013
126,1047
126,1076
126,1091
126,1119
126,1252
126,1306
126,1341
126,1451
126,1484
126,1563
126,1836
126,1881
126,1914
126,2062
126,2152
126,2221
126,2231
126,2435
126,2504
126,2537
126,2689
126,2841
126,3162
126,3464
126,3638
126,3820
126,3844
126,3875
126,4140
126,4157
126,4257
126,4467
126,4732
126,4907
127,178
127,215
127,298
127,303
127,309
127,326
127,340
127,349
127,399
127,426
127,458
127,466
127,504
127,797
127,912
127,972
127,1048
127,1188
127,1223
127,1290
127,1297
127,1320
127,1359
127,1437
127,1544
127,1555
127,1580
127,1612
127,1719
127,1798
127,1805
127,1821
127,1959
127,2016
127,2052
127,2193
127,2320
127,2343
127,2418
127,2465
127,2519
127,2566
127,2571
127,2710
127,2750
127,2798
127,2806
127,2847
127,2986
127,2987
127,3063
127,3196
127,3210
127,3211
127,3558
127,3604
127,3693
127,3694
127,3704
127,3748
127,3906
127,4006
127,4341
127,4669
127,4829
127,4873
127,4918
127,4926
127,4995
128,129
128,145
128,193
128,217
128,225
128,237
128,261
128,289
128,308
128,432
128,475
128,476
128,503
128,567
128,590
128,591
128,940
128,1018
128,1025
128,1078
128,1165
128,1199
128,1243
128,1338
128,1429
128,1438
128,1528
128,1531
128,1567
128,1585
128,1603
128,1669
128,1733
128,1903
128,1941
128,1961
128,2300
128,2359
128,2483
128,2499
128,2541
128,2722
128,2899
128,2913
128,3086
128,3090
128,3181
128,3699
128,3864
128,3931
128,4037
128,4188
128,4292
128,4480
128,4710
129,139
129,148
129,161
129,170
129,191
129,243
129,292
129,321
129,323
129,365
129,419
129,498
129,512
129,515
129,526
129,585
129,626
129,630
129,662
129,681
129,784
129,962
129,1005
129,1055
129,1062
129,1084
129,1118
129,1134
129,1192
129,1202
129,1205
129,1215
129,1217
129,1346
129,1373
129,1397
129,1420
129,1501
129,1592
129,1615
129,1624
129,1638
129,1825
129,1879
129,1909
129,2021
129,2043
129,2462
129,2525
129,2582
129,2611
129,2678
129,2702
129,2778
129,2797
129,2820
129,2941
129,3013
129,3070
129,3116
129,3152
129,3201
129,3285
129,3428
129,3653
129,3925
129,3956
129,3971
129,4033
129,4354
129,4458
129,4614
129,4657
129,4659
129,4946
129,4971
129,4989
130,143
130,168
130,176
130,218
130,259
130,278
130,293
130,373
130,426
130,429
130,514
130,565
130,577
130,742
130,764
130,863
130,920
130,941
130,1007
130,1058
130,1353
130,1579
130,1707
130,1772
130,1859
130,1862
130,1994
130,2107
130,2225
130,2274
130,2735
130,2768
130,3069
130,3468
130,3865
130,4384
130,4387
130,4403
130,4569
130,4808
130,4922
130,4986
131,173
131,212
131,227
131,260
131,449
131,473
131,666
131,673
131,777
131,805
131,856
131,1010
131,1060
131,1136
131,1202
131,1407
131,1651
131,1799
131,2416
131,2505
131,2771
131,3534
131,3538
131,3608
131,4045
131,4135
131,4915
132,156
132,157
132,241
132,292
132,306
132,380
132,406
132,427
132,438
132,452
132,607
132,610
132,775
132,1009
132,1015
132,1020
132,1021
132,1093
132,1313
132,1352
132,1510
132,1604
132,1606
132,1662
132,1666
132,1812
132,1900
132,1995
132,1996
132,2318
132,2401
132,2798
132,2958
132,3004
132,3143
132,3368
132,3391
132,3543
132,3551
132,4189
132,4353
133,143
133,256
133,337
133,366
133,409
133,437
133,579
133,584
133,656
133,708
133,801
133,1120
133,1340
133,1459
133,1475
133,1492
133,1494
133,1495
133,1620
133,1707
133,1939
133,2002
133,2093
133,2109
133,2315
133,2634
133,2637
133,2736
133,2759
133,2903
133,3037
133,3290
133,3405
133,3551
133,3554
133,3555
133,3621
133,3834
133,3886
133,4290
133,4436
133,4453
133,4478
133,4491
134,155
134,241
134,337
134,400
134,485
134,503
134,537
134,579
134,626
134,651
134,747
134,780
134,794
134,825
134,855
134,911
134,1059
134,1203
134,1269
134,1281
134,1317
134,1353
134,1394
134,1402
134,1426
134,1598
134,1742
134,1908
134,1922
134,1938
134,2022
134,2155
134,2214
134,2498
134,2501
134,2943
134,2968
134,3437
134,3463
134,3489
134,3507
134,3836
134,4005
134,4053
134,4184
134,4495
134,4891
134,4942
135,183
135,203
135,225
135,245
135,310
135,408
135,474
135,476
135,699
135,915
135,948
135,1121
135,1163
135,1265
135,1311
135,1330
135,1489
135,1544
135,1594
135,1776
135,2283
135,2348
135,2519
135,2532
135,2969
135,3071
135,3244
135,3387
135,3560
135,3889
135,4212
135,4348
135,4819
136,137
136,144
136,174
136,176
136,192
136,194
136,284
136,499
136,617
136,624
136,642
136,666
136,692
136,746
136,795
136,802
136,894
136,908
136,922
136,924
136,950
136,995
136,1004
136,1151
136,1155
136,1161
136,1207
136,1211
136,1225
136,1371
136,1408
136,1577
136,1587
136,1715
136,1786
136,1814
136,1878
136,1923
136,2106
136,2307
136,2399
136,2800
136,2943
136,3030
136,3152
136,3208
136,3314
136,3794
136,3843
136,4164
136,4219
136,4492
136,4496
136,4504
136,4536
136,4782
136,4964
137,140
137,167
137,233
137,251
137,276
137,343
137,352
137,422
137,488
137,610
137,615
137,756
137,855
137,928
137,955
137,1013
137,1080
137,1090
137,1378
137,1379
137,1488
137,1577
137,1898
137,1974
137,2107
137,2333
137,2379
137,2530
137,2775
137,2781
137,2958
137,3089
137,3094
137,3106
137,3110
137,3176
137,3482
137,3601
137,3617
137,3652
137,3707
137,4003
137,4039
137,4165
137,4192
137,4524
137,4546
137,4565
137,4825
137,4980
138,142
138,144
138,381
138,394
138,582
138,640
138,646
138,696
138,859
138,864
138,986
138,1173
138,1180
138,1306
138,1357
138,1756
138,2136
138,2236
138,2318
138,2320
138,2409
138,2440
138,2445
138,2446
138,2454
138,2736
138,2996
138,3000
138,3020
138,3145
138,3164
138,4266
138,4381
139,140
139,181
139,220
139,222
139,274
139,362
139,414
139,423
139,576
139,578
139,626
139,721
139,730
139,789
139,900
139,925
139,958
139,1005
139,1008
139,1043
139,1098
139,1138
139,1166
139,1170
139,1219
139,1266
139,1305
139,1415
139,1457
139,1517
139,1531
139,1685
139,1735
139,1783
139,1923
139,1950
139,2222
139,2314
139,2326
139,2336
139,2738
139,2752
139,2788
139,2790
139,3141
139,3155
139,3264
139,3337
139,3450
139,3712
139,3839
139,3969
139,4059
139,4084
139,4384
139,4513
139,4597
139,4681
139,4719
139,4939
140,161
140,162
140,191
140,192
140,224
140,231
140,261
140,277
140,308
140,335
140,363
140,414
140,502
140,564
140,589
140,596
140,602
140,631
140,636
140,654
140,667
140,733
140,775
140,817
140,839
140,944
140,1003
140,1008
140,1009
140,1061
140,1107
140,1119
140,1316
140,1406
140,1452
140,1499
140,1693
140,1741
140,1832
140,1838
140,1854
140,1867
140,1880
140,1891
140,1952
140,2050
140,2055
140,2096
140,2336
140,2425
140,2653
140,2682
140,2720
140,2797
140,2941
140,3109
140,3112
140,3139
140,3237
140,3432
140,3741
140,3752
140,3938
140,4111
140,4164
140,4608
140,4617
140,4689
140,4736
141,182
141,205
141,215
141,243
141,398
141,429
141,530
141,569
141,656
141,661
141,683
141,779
141,960
141,1150
141,1213
141,1270
141,1275
141,1325
141,1389
141,1416
141,1527
141,1528
141,1730
141,1758
141,2074
141,2223
141,2233
141,2235
141,2248
141,2267
141,2358
141,2489
141,2693
141,2705
141,2739
141,2783
141,2811
141,2814
141,2859
141,3060
141,3179
141,3238
141,3590
141,3635
141,3765
141,3790
141,3838
141,4522
141,4649
141,4979
142,173
142,184
142,213
142,214
142,246
142,269
142,299
142,328
142,350
142,358
142,487
142,490
142,538
142,603
142,627
142,710
142,718
142,791
142,814
142,847
142,862
142,911
142,955
142,957
142,1038
142,1141
142,1154
142,1164
142,1267
142,1378
142,1487
142,1579
142,1648
142,1671
142,1780
142,1818
142,1939
142,2179
142,2309
142,2512
142,2640
142,2720
142,2795
142,2858
142,3168
142,3262
142,3343
142,3351
142,3518
142,3601
142,3802
142,3948
142,3971
142,4064
142,4360
142,4371
142,4439
142,4704
142,4711
142,4712
143,154
143,204
143,219
143,262
143,339
143,424
143,435
143,442
143,475
143,495
143,508
143,509
143,587
143,599
143,630
143,633
143,694
143,719
143,757
143,764
143,884
143,941
143,947
143,957
143,959
143,1241
143,1338
143,1370
143,1377
143,1548
143,1574
143,1583
143,1632
143,1714
143,1787
143,1803
143,2025
143,2031
143,2058
143,2076
143,2335
143,2702
143,2734
143,2743
143,2886
143,2996
143,3020
143,3220
143,3557
143,3920
143,4112
143,4223
143,4526
143,4871
144,171
144,208
144,303
144,311
144,391
144,442
144,452
144,453
144,537
144,565
144,576
144,584
144,700
144,849
144,913
144,937
144,1002
144,1046
144,1138
144,1142
144,1238
144,1346
144,1390
144,1448
144,1520
144,1609
144,1620
144,1890
144,1911
144,1917
144,2080
144,2140
144,2346
144,2607
144,2826
144,2881
144,3006
144,3049
144,3236
144,3371
144,3569
144,3643
144,3663
144,3677
144,3737
144,3907
144,4325
144,4387
144,4482
144,4509
144,4556
144,4808
145,149
145,271
145,397
145,462
145,532
145,817
145,890
145,999
145,1048
145,1266
145,1270
145,1274
145,1433
145,1792
145,1832
145,1963
145,2052
145,2481
145,2519
145,2766
145,2807
145,2874
145,3016
145,3725
145,3728
145,3838
145,3968
145,4405
145,4916
145,4961
146,197
146,215
146,268
146,321
146,331
146,407
146,411
146,425
146,437
146,460
146,562
146,732
146,837
146,868
146,1032
146,1047
146,1344
146,1400
146,1518
146,1654
146,1707
146,1754
146,1855
146,1915
146,2265
146,2446
146,2640
146,2775
146,2790
146,2877
146,3041
146,3093
146,3445
146,3595
146,3612
146,3702
146,3888
146,4358
146,4821
147,171
147,204
147,217
147,474
147,490
147,621
147,655
147,759
147,934
147,958
147,1000
147,1009
147,1026
147,1118
147,1263
147,1281
147,1524
147,1530
147,1729
147,1858
147,1875
147,2100
147,2177
147,2296
147,2374
147,2426
147,2454
147,2471
147,2652
147,3107
147,3398
147,3774
147,3804
147,4000
147,4166
147,4592
147,4743
147,4823
147,4957
148,159
148,182
148,236
148,315
148,323
148,358
148,419
148,423
148,442
148,444
148,533
148,534
148,536
148,545
148,551
148,603
148,671
148,768
148,823
148,916
148,967
148,1070
148,1098
148,1236
148,1263
148,1271
148,1425
148,1433
148,1531
148,1535
148,1594
148,1630
148,1754
148,1825
148,1867
148,1905
148,1953
148,1990
148,2042
148,2142
148,2203
148,2349
148,2517
148,2590
148,2675
148,2705
148,2772
148,2775
148,2820
148,2855
148,2876
148,3045
148,3263
148,3302
148,3330
148,3739
148,3876
148,3951
148,4102
148,4368
148,4500
148,4600
148,4601
149,200
149,222
149,232
149,261
149,290
149,331
149,391
149,450
149,529
149,569
149,625
149,639
149,717
149,725
149,859
149,977
149,1018
149,1070
149,1076
149,1203
149,1294
149,1356
149,1400
149,1587
149,1905
149,1959
149,2001
149,2230
149,2727
149,2811
149,2871
149,2873
149,2884
149,3000
149,3258
149,3327
149,3390
149,3610
149,3759
149,3924
149,4068
149,4190
149,4229
149,4231
149,4376
149,4493
149,4737
149,4827
149,4931
149,4936
149,4997
150,153
150,156
150,192
150,194
150,221
150,231
150,281
150,286
150,322
150,330
150,389
150,408
150,438
150,443
150,538
150,626
150,652
150,743
150,813
150,832
150,843
150,851
150,872
150,894
150,1003
150,1187
150,1191
150,1319
150,1403
150,1417
150,1526
150,1654
150,1677
150,1794
150,1863
150,1937
150,1983
150,2030
150,2116
150,2187
150,2223
150,2386
150,2390
150,2443
150,2636
150,2818
150,3059
150,3159
150,3279
150,3389
150,3396
150,3457
150,3670
150,3761
150,3783
150,3843
150,4011
150,4094
150,4147
150,4161
150,4415
150,4460
150,4471
150,4715
150,4773
150,4785
150,4790
150,4801
150,4902
150,4960
150,4979
151,180
151,275
151,386
151,393
151,471
151,495
151,613
151,690
151,928
151,1188
151,1270
151,1459
151,1489
151,1526
151,1760
151,1904
151,2030
151,2346
151,2434
151,2468
151,2700
151,2709
151,2892
151,3251
151,3336
151,3345
151,3514
151,3719
151,3950
151,3995
151,4024
151,4228
151,4305
151,4318
151,4637
151,4895
152,203
152,269
152,277
152,314
152,373
152,756
152,857
152,877
152,896
152,934
152,961
152,966
152,1041
152,1067
152,1092
152,1104
152,1113
152,1134
152,1481
152,1499
152,1580
152,1665
152,1801
152,1968
152,2045
152,2217
152,2467
152,2603
152,2641
152,2656
152,2703
152,2717
152,2771
152,2917
152,3074
152,3166
152,3202
152,3376
152,3434
152,3553
152,3739
152,3929
152,4001
152,4705
152,4749
152,4909
153,219
153,260
153,282
153,325
153,503
153,565
153,796
153,806
153,848
153,1027
153,1058
153,1099
153,1179
153,1203
153,1992
153,2130
153,2174
153,2290
153,2913
153,2919
153,3468
153,3511
153,3520
153,3528
153,3773
153,3972
153,3987
153,4108
153,4469
153,4583
153,4590
153,4612
153,4757
154,212
154,238
154,240
154,245
154,337
154,808
154,1189
154,1380
154,1396
154,1579
154,1740
154,1746
154,1847
154,2101
154,2269
154,2376
154,2529
154,2801
155,160
155,267
155,316
155,397
155,433
155,515
155,540
155,542
155,571
155,738
155,757
155,822
155,880
155,937
155,1153
155,1373
155,1395
155,1471
155,1499
155,1607
155,1641
155,1695
155,1742
155,1752
155,1813
155,1868
155,2001
155,2438
155,2482
155,2915
155,2927
155,3031
155,3254
155,3401
155,3533
155,3576
155,3873
155,4011
155,4402
155,4643
155,4659
156,229
156,239
156,269
156,290
156,293
156,365
156,372
156,389
156,398
156,454
156,482
156,523
156,524
156,527
156,578
156,589
156,594
156,679
156,719
156,737
156,786
156,798
156,804
156,829
156,904
156,907
156,1052
156,1165
156,1221
156,1388
156,1457
156,1485
156,1552
156,1644
156,1650
156,1656
156,1704
156,1711
156,1751
156,1784
156,1856
156,1914
156,2032
156,2256
156,2283
156,2389
156,2391
156,2404
156,2433
156,2465
156,2813
156,2865
156,2990
156,3086
156,3411
156,3629
156,3741
156,3743
156,3807
156,3818
156,3927
156,4047
156,4197
156,4254
156,4371
156,4569
156,4692
156,4843
157,176
157,206
157,221
157,229
157,267
157,278
157,312
157,398
157,420
157,438
157,478
157,480
157,504
157,514
157,523
157,543
157,552
157,703
157,818
157,841
157,883
157,919
157,943
157,948
157,953
157,986
157,1062
157,1239
157,1392
157,1433
157,1489
157,1511
157,1600
157,1643
157,1686
157,1710
157,1812
157,1820
157,2209
157,2335
157,2345
157,2396
157,2431
157,2458
157,2824
157,3039
157,3090
157,3123
157,3156
157,3249
157,3314
157,3342
157,3440
157,3500
157,3526
157,3588
157,3707
157,3761
157,3842
157,3974
157,4490
157,4805
157,4825
157,4993
158,178
158,207
158,221
158,226
158,260
158,355
158,365
158,367
158,411
158,414
158,518
158,564
158,662
158,726
158,777
158,799
158,1046
158,1065
158,1080
158,1258
158,1281
158,1794
158,1961
158,2014
158,2208
158,2227
158,2267
158,2450
158,2505
158,2686
158,2889
158,3409
158,3628
158,3732
158,4093
158,4210
158,4227
158,4237
158,4239
158,4256
158,4283
158,4377
158,4822
159,162
159,176
159,245
159,314
159,386
159,472
159,531
159,626
159,726
159,727
159,744
159,782
159,851
159,879
159,888
159,971
159,987
159,1352
159,1779
159,1803
159,1812
159,1817
159,1871
159,1952
159,1990
159,2003
159,2530
159,2788
159,2927
159,3459
159,3477
159,3570
159,3697
159,3758
159,3761
159,3810
159,4075
159,4337
159,4523
159,4532
159,4692
159,4756
159,4840
159,4996
160,198
160,238
160,264
160,274
160,331
160,383
160,413
160,441
160,485
160,572
160,573
160,582
160,609
160,714
160,949
160,1047
160,1106
160,1178
160,1245
160,1265
160,1268
160,1279
160,1313
160,1523
160,1592
160,1642
160,1677
160,1747
160,1872
160,1928
160,2020
160,2217
160,2473
160,2498
160,2699
160,2746
160,2838
160,3123
160,3138
160,3414
160,3457
160,4114
160,4161
160,4258
160,4294
160,4363
160,4543
160,4671
161,170
161,205
161,206
161,253
161,262
161,289
161,331
161,346
161,351
161,427
161,428
161,439
161,497
161,562
161,573
161,600
161,655
161,670
161,732
161,766
161,771
161,777
161,831
161,839
161,860
161,920
161,921
161,924
161,941
161,948
161,959
161,1118
161,1142
161,1205
161,1265
161,1369
161,1474
161,1493
161,1508
161,1582
161,1668
161,1694
161,1754
161,1792
161,1799
161,1863
161,1910
161,1998
161,2141
161,2173
161,2177
161,2272
161,2380
161,2477
161,2508
161,2604
161,2808
161,2843
161,2908
161,3009
161,3128
161,3243
161,3276
161,3310
161,3356
161,3367
161,3397
161,3503
161,3725
161,3801
161,3884
161,4101
161,4134
161,4268
161,4288
161,4314
161,4567
161,4690
161,4706
161,4842
161,4936
162,167
162,200
162,241
162,334
162,339
162,346
162,502
162,519
162,639
162,810
162,845
162,875
162,960
162,973
162,1096
162,1117
162,1337
162,2020
162,2085
162,2668
162,2728
162,3653
162,3670
162,3673
162,3989
162,4087
162,4325
162,4385
162,4837
162,4866
162,4916
162,4970
163,185
163,187
163,216
163,291
163,328
163,401
163,443
163,561
163,631
163,703
163,728
163,789
163,972
163,988
163,1300
163,1329
163,1395
163,1422
163,1478
163,1563
163,1666
163,1908
163,2012
163,2056
163,2143
163,2260
163,2289
163,2337
163,2390
163,2428
163,2494
163,2525
163,2609
163,2666
163,2692
163,3024
163,3190
163,3325
163,3484
163,3498
163,3503
163,3704
163,3724
163,3833
163,4033
163,4337
163,4562
163,4660
163,4710
163,4718
163,4743
163,4744
163,4751
164,173
164,185
164,188
164,213
164,216
164,270
164,286
164,338
164,343
164,390
164,406
164,440
164,515
164,526
164,575
164,590
164,596
164,621
164,722
164,731
164,751
164,870
164,879
164,909
164,930
164,994
164,997
164,1043
164,1202
164,1205
164,1376
164,1402
164,1410
164,1506
164,1512
164,1535
164,1565
164,1570
164,1612
164,1662
164,1672
164,1706
164,1708
164,1800
164,1831
164,1867
164,1886
164,1887
164,1888
164,1918
164,1967
164,2355
164,2550
164,2555
164,2648
164,2682
164,2859
164,2919
164,2959
164,3032
164,3064
164,3146
164,3231
164,3327
164,3398
164,3511
164,3653
164,3803
164,3946
164,3995
164,4093
164,4144
164,4224
164,4299
164,4321
164,4443
164,4741
164,4783
164,4815
164,4929
164,4973
165,229
165,231
165,311
165,374
165,392
165,439
165,448
165,450
165,503
165,556
165,558
165,598
165,609
165,640
165,807
165,873
165,1007
165,1106
165,1119
165,1237
165,1287
165,1307
165,1412
165,1456
165,1591
165,1592
165,1610
165,1710
165,1717
165,1872
165,1930
165,1972
165,2011
165,2048
165,2086
165,2192
165,2601
165,2632
165,2797
165,2821
165,2871
165,2922
165,3089
165,3282
165,3452
165,3621
165,3657
165,3672
165,4215
165,4608
165,4612
165,4661
165,4797
166,200
166,296
166,346
166,363
166,368
166,426
166,497
166,530
166,553
166,588
166,696
166,703
166,791
166,871
166,993
166,1014
166,1060
166,1198
166,1365
166,1435
166,1486
166,1494
166,1497
166,1597
166,1612
166,2257
166,2272
166,2387
166,2423
166,2429
166,2905
166,2972
166,3485
166,3552
166,3586
166,3628
166,3643
166,3974
166,4054
166,4358
166,4541
166,4597
166,4732
167,178
167,211
167,274
167,369
167,418
167,552
167,591
167,688
167,746
167,865
167,901
167,973
167,975
167,1044
167,1051
167,1065
167,1149
167,1340
167,1409
167,1732
167,1770
167,1785
167,1879
167,1892
167,2010
167,2047
167,2263
167,2339
167,2639
167,2650
167,2913
167,3092
167,3348
167,3419
167,3467
167,3529
167,3755
167,3787
167,4050
167,4337
167,4533
167,4540
167,4589
168,180
168,202
168,320
168,378
168,409
168,487
168,526
168,638
168,1433
168,1496
168,1688
168,1965
168,2063
168,2254
168,2466
168,2483
168,2711
168,2844
168,2897
168,2940
168,3335
168,3791
168,4464
168,4506
168,4661
168,4789
168,4930
168,4953
169,287
169,312
169,504
169,509
169,558
169,607
169,633
169,648
169,673
169,675
169,720
169,764
169,803
169,897
169,919
169,1026
169,1224
169,1233
169,1367
169,1417
169,1466
169,1486
169,1520
169,1696
169,1719
169,1839
169,1908
169,1924
169,1950
169,2036
169,2070
169,2571
169,2641
169,2754
169,2762
169,3027
169,3108
169,3333
169,3420
169,3665
169,3901
169,4073
169,4144
169,4378
169,4443
169,4450
169,4677
169,4748
169,4754
169,4947
170,199
170,339
170,395
170,457
170,563
170,568
170,580
170,672
170,871
170,953
170,1075
170,1254
170,1309
170,1415
170,1421
170,1422
170,1490
170,1906
170,1951
170,1972
170,2449
170,2522
170,2607
170,2818
170,2915
170,3543
170,3564
170,3826
171,179
171,219
171,226
171,232
171,238
171,256
171,259
171,262
171,268
171,402
171,406
171,429
171,610
171,742
171,743
171,801
171,805
171,810
171,825
171,827
171,861
171,863
171,1032
171,1114
171,1136
171,1310
171,1543
171,1780
171,1828
171,1856
171,2050
171,2441
171,2575
171,2670
171,2800
171,2946
171,2964
171,3047
171,3326
171,3428
171,3505
171,3523
171,3652
171,3672
171,3891
171,4408
172,206
172,226
172,237
172,317
172,425
172,492
172,553
172,578
172,706
172,711
172,740
172,795
172,801
172,861
172,868
172,890
172,1056
172,1166
172,1277
172,1318
172,1509
172,1545
172,1548
172,1969
172,2018
172,2175
172,2196
172,2286
172,2547
172,2760
172,2817
172,3346
172,3362
172,3666
172,3705
172,3722
172,3756
172,3797
172,3808
172,3836
172,3851
172,3968
172,4152
172,4453
172,4621
172,4736
172,4762
172,4989
173,193
173,194
173,232
173,244
173,255
173,285
173,336
173,454
173,478
173,537
173,541
173,544
173,563
173,570
173,644
173,746
173,942
173,992
173,993
173,1000
173,1059
173,1072
173,1073
173,1224
173,1320
173,1361
173,1398
173,1461
173,1576
173,1600
173,1649
173,1712
173,1800
173,1806
173,1815
173,1924
173,1952
173,2036
173,2254
173,2435
173,2747
173,2965
173,3261
173,3528
173,3595
173,3602
173,3798
173,3814
173,3830
173,4019
173,4294
173,4321
173,4450
173,4533
173,4745
173,4926
174,177
174,189
174,223
174,244
174,287
174,494
174,513
174,514
174,516
174,597
174,734
174,744
174,859
174,866
174,975
174,1138
174,1148
174,1196
174,1235
174,1250
174,1301
174,1320
174,1408
174,1682
174,1695
174,1793
174,1850
174,1861
174,1893
174,1997
174,2020
174,2058
174,2517
174,2535
174,2536
174,2755
174,2784
174,2869
174,2979
174,3036
174,3170
174,3181
174,3444
174,3500
174,4072
174,4219
174,4430
174,4573
174,4659
174,4917
175,302
175,309
175,311
175,345
175,437
175,555
175,569
175,703
175,798
175,866
175,1064
175,1349
175,1423
175,1435
175,1437
175,1465
175,1823
175,1832
175,1849
175,1964
175,2014
175,2095
175,2130
175,2219
175,2311
175,2436
175,2438
175,2439
175,2460
175,2845
175,3150
175,3271
175,3369
175,3371
175,3706
175,3788
175,3794
175,4157
175,4233
175,4307
175,4338
175,4523
175,4594
175,4637
175,4654
175,4678
175,4766
176,225
176,267
176,312
176,345
176,368
176,432
176,438
176,478
176,484
176,490
176,508
176,634
176,646
176,690
176,834
176,852
176,861
176,884
176,925
176,1034
176,1041
176,1110
176,1165
176,1207
176,1208
176,1253
176,1273
176,1389
176,1409
176,1491
176,1498
176,1545
176,1587
176,1634
176,1692
176,1714
176,1784
176,1822
176,1835
176,1868
176,1914
176,2010
176,2050
176,2105
176,2140
176,2220
176,2273
176,2495
176,2554
176,2605
176,2899
176,2979
176,3078
176,3325
176,3333
176,3567
176,3588
176,3667
176,3787
176,3846
176,3889
176,3934
176,4011
176,4074
176,4248
176,4301
176,4346
176,4411
176,4440
176,4459
176,4460
176,4774
176,4999
177,218
177,245
177,288
177,313
177,350
177,377
177,432
177,451
177,523
177,756
177,778
177,801
177,809
177,843
177,847
177,953
177,964
177,1012
177,1021
177,1044
177,1140
177,1141
177,1163
177,1253
177,1413
177,1495
177,1632
177,1998
177,2143
177,2145
177,2237
177,2364
177,2484
177,2518
177,2524
177,2678
177,2717
177,2755
177,2887
177,2893
177,3192
177,3487
177,3961
177,4057
177,4384
177,4411
177,4781
177,4793
178,183
178,192
178,195
178,223
178,258
178,311
178,401
178,409
178,433
178,500
178,810
178,863
178,1049
178,1055
178,1087
178,1156
178,1212
178,1311
178,1370
178,1449
178,1462
178,1499
178,1541
178,1844
178,1898
178,2081
178,2085
178,2186
178,2468
178,2625
178,2820
178,3485
178,3491
178,3733
178,3826
178,4059
178,4186
178,4209
178,4264
178,4309
178,4748
178,4776
178,4827
178,4977
179,227
179,244
179,263
179,283
179,286
179,434
179,519
179,650
179,762
179,1872
179,1971
179,2031
179,2202
179,2637
179,2844
179,2863
179,3026
179,3037
179,3478
179,3832
179,4020
179,4542
179,4623
179,4786
180,362
180,367
180,388
180,504
180,612
180,693
180,820
180,939
180,1086
180,1147
180,1182
180,1298
180,1348
180,1876
180,1912
180,1932
180,2031
180,2067
180,2113
180,2454
180,2849
180,2909
180,3031
180,3139
180,3171
180,3660
180,3722
180,3788
180,4187
180,4880
181,185
181,197
181,200
181,204
181,261
181,331
181,337
181,428
181,503
181,516
181,571
181,637
181,728
181,729
181,734
181,845
181,870
181,917
181,938
181,1001
181,1084
181,1132
181,1169
181,1249
181,1291
181,1374
181,1449
181,1553
181,1558
181,1577
181,1607
181,1612
181,1846
181,2069
181,2119
181,2260
181,2302
181,2508
181,2523
181,2640
181,2773
181,2841
181,2873
181,2895
181,3157
181,3162
181,3299
181,3337
181,3449
181,3639
181,3666
181,3960
181,4068
181,4420
181,4478
181,4566
181,4917
182,195
182,202
182,230
182,265
182,338
182,427
182,463
182,519
182,793
182,1128
182,1171
182,1209
182,1219
182,1286
182,1369
182,1463
182,1548
182,1648
182,1675
182,1752
182,2411
182,2547
182,2555
182,2676
182,2934
182,2949
182,3027
182,4047
182,4127
182,4947
183,214
183,242
183,308
183,525
183,583
183,629
183,678
183,689
183,696
183,745
183,811
183,921
183,965
183,1133
183,1173
183,1301
183,1379
183,1542
183,1759
183,1930
183,1932
183,2020
183,2223
183,2513
183,2897
183,2964
183,3208
183,3288
183,3832
183,3891
183,4078
183,4257
183,4368
183,4654
183,4777
184,347
184,476
184,511
184,522
184,563
184,725
184,869
184,1096
184,1106
184,1243
184,1303
184,1342
184,1380
184,1404
184,1451
184,1469
184,1680
184,1924
184,2169
184,2200
184,2382
184,2465
184,2770
184,2880
184,3045
184,3296
184,3301
184,3472
184,3494
184,3642
184,3696
184,3848
184,3853
184,3967
184,4393
184,4851
184,4984
184,4993
185,283
185,302
185,417
185,554
185,569
185,676
185,769
185,864
185,881
185,899
185,960
185,983
185,1122
185,1401
185,1424
185,1467
185,1553
185,1826
185,1886
185,2057
185,2097
185,2307
185,2412
185,2517
185,2590
185,2931
185,2947
185,3325
185,3701
185,3780
185,3929
185,4039
185,4216
185,4567
185,4593
185,4714
185,4772
186,264
186,313
186,404
186,550
186,805
186,824
186,878
186,939
186,1046
186,1052
186,1235
186,1256
186,1358
186,1469
186,1778
186,1949
186,1980
186,2138
186,2244
186,2354
186,2364
186,2443
186,2478
186,2750
186,2898
186,2940
186,3090
186,3207
186,3940
186,3957
186,4048
186,4299
187,193
187,231
187,322
187,339
187,413
187,460
187,517
187,560
187,593
187,631
187,649
187,719
187,963
187,1020
187,1045
187,1048
187,1250
187,1436
187,1590
187,1607
187,2050
187,2077
187,2186
187,2191
187,2194
187,2206
187,2358
187,2461
187,2573
187,2864
187,3322
187,3475
187,3761
187,3948
187,4130
187,4680
187,4770
187,4903
188,197
188,200
188,206
188,211
188,271
188,365
188,371
188,410
188,488
188,582
188,606
188,637
188,642
188,653
188,718
188,724
188,877
188,947
188,1150
188,1191
188,1302
188,1357
188,1363
188,1693
188,1745
188,1778
188,1786
188,1804
188,2188
188,2229
188,2248
188,2301
188,2340
188,2348
188,2397
188,2763
188,2963
188,3115
188,3232
188,3387
188,3428
188,3493
188,3543
188,3745
188,4095
188,4133
188,4156
188,4204
188,4258
188,4279
188,4294
188,4303
188,4309
188,4331
188,4404
188,4434
188,4442
188,4575
188,4691
188,4967
189,223
189,243
189,264
189,482
189,483
189,691
189,784
189,856
189,1140
189,1278
189,1302
189,1307
189,1337
189,1579
189,2222
189,2426
189,2585
189,2605
189,3217
189,3747
189,3762
189,3893
189,3909
189,4410
189,4681
190,434
190,445
190,505
190,761
190,838
190,1029
190,1077
190,1151
190,1219
190,1493
190,1866
190,1936
190,1952
190,1966
190,1968
190,2154
190,2254
190,2530
190,2567
190,3178
190,3384
190,3572
190,3585
190,3806
190,3941
190,4443
191,216
191,246
191,250
191,258
191,265
191,319
191,378
191,574
191,610
191,616
191,637
191,806
191,1043
191,1089
191,1117
191,1172
191,1359
191,1409
191,1486
191,1507
191,1641
191,1829
191,2048
191,2078
191,2158
191,2282
191,2484
191,2660
191,2747
191,2867
191,2936
191,3040
191,3169
191,3183
191,3348
191,3703
191,3843
191,4517
191,4524
192,195
192,198
192,205
192,222
192,236
192,242
192,268
192,305
192,309
192,320
192,372
192,434
192,461
192,546
192,603
192,622
192,627
192,629
192,631
192,745
192,776
192,797
192,807
192,1241
192,1263
192,1368
192,1431
192,1473
192,1537
192,1557
192,1622
192,1782
192,1792
192,1841
192,1893
192,1968
192,2072
192,2230
192,2414
192,2450
192,2536
192,2629
192,2698
192,2809
192,2858
192,2870
192,2968
192,3101
192,3207
192,3229
192,3298
192,3332
192,3418
192,3492
192,3525
192,3546
192,3826
192,3851
192,3866
192,4039
192,4079
192,4281
192,4312
192,4998
193,212
193,226
193,230
193,273
193,300
193,313
193,478
193,490
193,733
193,777
193,800
193,841
193,916
193,1101
193,1181
193,1187
193,1211
193,1343
193,1385
193,1387
193,1446
193,1619
193,1841
193,1895
193,2042
193,2049
193,2147
193,2441
193,2446
193,2634
193,2914
193,3186
193,3257
193,3433
193,3547
193,3680
193,3828
193,4282
193,4339
193,4684
193,4729
193,4787
193,4835
193,4944
194,234
194,249
194,275
194,354
194,471
194,596
194,684
194,787
194,942
194,951
194,1095
194,1127
194,1165
194,1183
194,1196
194,1219
194,1245
194,1562
194,1572
194,1713
194,1716
194,2167
194,2214
194,2345
194,2606
194,2706
194,2895
194,3326
194,3443
194,3737
194,3795
194,3968
194,3994
194,4083
194,4279
194,4421
194,4532
194,4541
195,208
195,285
195,314
195,384
195,596
195,645
195,765
195,767
195,772
195,997
195,1013
195,1087
195,1154
195,1158
195,1267
195,1309
195,1456
195,1473
195,1482
195,1526
195,1629
195,1633
195,1636
195,1724
195,1790
195,1794
195,1961
195,2016
195,2018
195,2133
195,2742
195,2744
195,2914
195,2976
195,3108
195,3114
195,3215
195,3254
195,3350
195,3457
195,3578
195,3641
195,3699
195,3824
195,3934
195,3961
195,4075
195,4645
196,259
196,390
196,411
196,485
196,590
196,787
196,829
196,1055
196,1096
196,1119
196,1141
196,1391
196,1629
196,1631
196,1641
196,1833
196,1876
196,1937
196,2472
196,2498
196,2542
196,2610
196,2640
196,2850
196,3096
196,3571
196,4090
196,4417
196,4507
196,4570
197,256
197,310
197,315
197,344
197,354
197,646
197,652
197,715
197,783
197,897
197,904
197,944
197,1021
197,1066
197,1207
197,1237
197,1278
197,1288
197,1325
197,1398
197,1776
197,1811
197,1849
197,1994
197,2004
197,2186
197,2282
197,2298
197,2812
197,3049
197,3248
197,3363
197,3450
197,3462
197,3590
197,3986
197,4403
197,4843
197,4957
197,4985
198,211
198,268
198,327
198,396
198,419
198,467
198,481
198,658
198,660
198,1098
198,1131
198,1238
198,1562
198,1599
198,1733
198,1766
198,2074
198,2110
198,2422
198,3077
198,3313
198,3808
198,4191
198,4458
199,305
199,424
199,442
199,517
199,678
199,752
199,942
199,958
199,973
199,1042
199,1078
199,1317
199,1892
199,1939
199,2347
199,2376
199,2628
199,2647
199,3111
199,3317
199,3599
199,3860
199,3907
199,4043
199,4401
199,4612
200,506
200,570
200,760
200,860
200,900
200,962
200,1132
200,1154
200,1203
200,1408
200,1626
200,1670
200,1748
200,1750
200,1794
200,2118
200,2228
200,2510
200,2580
200,2733
200,3120
200,3472
200,3758
200,3781
200,3805
200,3893
200,4031
200,4207
200,4606
200,4719
201,617
201,660
201,838
201,908
201,991
201,1137
201,1529
201,1856
201,2216
201,2603
201,2689
201,2813
201,3042
201,4314
201,4801
202,237
202,349
202,353
202,355
202,360
202,367
202,385
202,444
202,455
202,462
202,471
202,478
202,536
202,554
202,616
202,702
202,854
202,865
202,952
202,959
202,1051
202,1056
202,1147
202,1218
202,1292
202,1453
202,1469
202,1512
202,1595
202,1677
202,1742
202,1817
202,1839
202,1869
202,1961
202,2136
202,2158
202,2206
202,2894
202,3003
202,3195
202,4014
202,4033
202,4083
203,215
203,217
203,226
203,252
203,270
203,284
203,298
203,349
203,359
203,360
203,411
203,766
203,793
203,916
203,978
203,1294
203,1358
203,1566
203,1638
203,1679
203,1723
203,1795
203,1951
203,2249
203,2330
203,2402
203,2489
203,2599
203,2816
203,3723
203,4185
203,4757
203,4833
204,265
204,431
204,436
204,554
204,601
204,665
204,817
204,942
204,1194
204,1284
204,1373
204,1756
204,1852
204,1928
204,2015
204,2303
204,2309
204,2577
204,2624
204,2890
204,3022
204,3118
204,3508
204,3521
204,3595
204,3648
204,4327
204,4456
204,4484
204,4503
204,4532
204,4753
204,4829
204,4893
204,4975
205,242
205,252
205,296
205,313
205,315
205,393
205,423
205,425
205,529
205,533
205,557
205,604
205,891
205,1397
205,1456
205,1863
205,2457
205,2549
205,2791
205,2875
205,2902
205,2949
205,3082
205,3626
205,3637
205,3647
205,3814
205,4660
205,4663
206,242
206,274
206,297
206,300
206,341
206,370
206,462
206,576
206,590
206,605
206,624
206,645
206,736
206,756
206,764
206,773
206,804
206,808
206,836
206,881
206,900
206,904
206,961
206,1005
206,1017
206,1126
206,1132
206,1262
206,1389
206,1659
206,1723
206,1907
206,2067
206,2071
206,2320
206,2451
206,2464
206,2576
206,2631
206,2806
206,2947
206,3435
206,3533
206,3547
206,3609
206,3702
206,3779
206,3806
206,3864
206,3961
206,4020
206,4022
206,4029
206,4134
206,4198
206,4283
206,4372
206,4633
206,4675
206,4734
206,4838
207,228
207,240
207,249
207,361
207,422
207,470
207,544
207,641
207,670
207,683
207,688
207,742
207,864
207,866
207,999
207,1008
207,1031
207,1111
207,1163
207,1222
207,1261
207,1271
207,1311
207,1379
207,1408
207,1530
207,1777
207,1847
207,1871
207,1908
207,1927
207,1972
207,2012
207,2087
207,2131
207,2383
207,2672
207,2740
207,2763
207,2800
207,2832
207,2914
207,3203
207,3415
207,3437
207,3575
207,3581
207,3623
207,3698
207,3829
207,3940
207,4464
207,4577
207,4603
208,209
208,250
208,260
208,376
208,462
208,496
208,593
208,849
208,898
208,988
208,994
208,1498
208,1502
208,1565
208,1601
208,1736
208,1758
208,2373
208,2528
208,2824
208,2999
208,3497
208,3691
208,3745
208,3888
208,3901
208,4115
208,4139
208,4467
208,4501
208,4589
209,210
209,283
209,333
209,351
209,386
209,561
209,579
209,609
209,633
209,634
209,648
209,744
209,763
209,792
209,839
209,934
209,989
209,1053
209,1084
209,1330
209,1645
209,1771
209,1843
209,1947
209,2254
209,2522
209,2734
209,2870
209,3038
209,3050
209,3300
209,3588
209,4040
209,4191
209,4531
209,4648
209,4812
210,366
210,437
210,723
210,757
210,1009
210,1048
210,1123
210,1220
210,1255
210,1280
210,1320
210,1781
210,1812
210,2045
210,2476
210,2613
210,2782
210,3160
210,3379
210,3405
210,3455
210,3674
210,3676
210,3757
210,3936
210,4542
210,4689
210,4856
210,4995
210,4997
211,253
211,260
211,262
211,415
211,428
211,490
211,519
211,551
211,617
211,636
211,708
211,709
211,798
211,968
211,1419
211,1522
211,1547
211,1574
211,1791
211,1841
211,1860
211,1940
211,1954
211,1994
211,2474
211,2868
211,2946
211,3090
211,3239
211,3649
211,3834
211,3953
211,3958
211,4002
211,4115
211,4121
211,4202
211,4270
211,4373
211,4395
211,4547
211,4566
211,4755
211,4811
211,4846
211,4858
211,4870
211,4941
211,4978
212,222
212,229
212,439
212,657
212,726
212,861
212,906
212,1009
212,1199
212,1377
212,1404
212,1546
212,1704
212,1721
212,1763
212,1816
212,1826
212,2141
212,2240
212,2607
212,2611
212,2661
212,2770
212,2872
212,3021
212,3130
212,3301
212,3345
212,3553
212,3715
212,3774
212,3878
212,3879
212,3982
212,4088
212,4129
212,4253
212,4381
213,239
213,301
213,337
213,354
213,359
213,363
213,477
213,531
213,542
213,634
213,653
213,722
213,749
213,773
213,780
213,848
213,1016
213,1628
213,1668
213,1693
213,1754
213,1965
213,1997
213,2014
213,2206
213,2213
213,2231
213,2241
213,2411
213,2627
213,2798
213,2879
213,3117
213,3173
213,3174
213,3270
213,3363
213,3424
213,3525
213,3559
213,3582
213,3835
213,4264
213,4673
214,273
214,304
214,308
214,317
214,334
214,381
214,402
214,424
214,511
214,529
214,571
214,619
214,742
214,761
214,816
214,878
214,925
214,1081
214,1201
214,1292
214,1296
214,1490
214,1530
214,1532
214,1694
214,1801
214,1937
214,2004
214,2078
214,2130
214,2137
214,2228
214,2275
214,2357
214,2389
214,2877
214,2902
214,3165
214,3190
214,3204
214,3244
214,3276
214,3554
214,3754
214,3929
214,4461
214,4533
214,4592
214,4740
214,4767
214,4923
215,240
215,243
215,273
215,392
215,441
215,480
215,538
215,550
215,555
215,592
215,616
215,806
215,959
215,1015
215,1019
215,1073
215,1085
215,1184
215,1198
215,1208
215,1267
215,1426
215,1722
215,1794
215,1906
215,1954
215,2069
215,2100
215,2157
215,2235
215,2280
215,2388
215,2523
215,2538
215,3109
215,3141
215,3395
215,3937
215,4260
215,4509
215,4870
216,263
216,439
216,575
216,615
216,692
216,836
216,870
216,996
216,1189
216,1339
216,1365
216,1508
216,1709
216,1718
216,1778
216,1780
216,1911
216,2197
216,2258
216,2297
216,2767
216,3103
216,3126
216,3155
216,3336
216,3366
216,3480
216,3709
216,3877
216,4120
216,4236
216,4339
216,4487
217,240
217,265
217,268
217,280
217,284
217,324
217,332
217,390
217,530
217,593
217,669
217,867
217,1001
217,1079
217,1181
217,1207
217,1215
217,1360
217,1513
217,1635
217,1685
217,1758
217,1913
217,1984
217,2585
217,2686
217,2697
217,2738
217,2763
217,3043
217,3221
217,3552
217,3635
217,4444
217,4695
217,4748
217,4972
218,230
218,252
218,258
218,273
218,291
218,300
218,320
218,323
218,330
218,396
218,437
218,442
218,464
218,484
218,647
218,712
218,758
218,806
218,884
218,1101
218,1214
218,1253
218,1257
218,1261
218,1284
218,1342
218,1370
218,1681
218,1731
218,1772
218,1773
218,1844
218,1891
218,1894
218,1903
218,1918
218,2061
218,2393
218,2400
218,2456
218,2511
218,2547
218,2763
218,2861
218,2864
218,2905
218,3201
218,3272
218,3429
218,3621
218,3804
218,3861
218,3869
218,4023
218,4095
218,4292
218,4311
218,4328
218,4557
218,4588
218,4805
218,4865
218,4870
218,4939
219,269
219,282
219,487
219,573
219,597
219,622
219,742
219,1028
219,1172
219,1311
219,1325
219,1422
219,1518
219,1543
219,1638
219,1672
219,1686
219,1794
219,1992
219,2028
219,2037
219,2096
219,2290
219,2315
219,2466
219,2558
219,2919
219,2927
219,2943
219,2971
219,3123
219,3317
219,3329
219,3641
219,4031
219,4605
219,4781
220,240
220,255
220,261
220,688
220,706
220,753
220,812
220,814
220,867
220,928
220,975
220,1098
220,1126
220,1375
220,1444
220,1603
220,1636
220,1778
220,2060
220,2119
220,2527
220,2768
220,2835
220,3100
220,3365
220,3653
220,3712
220,3743
220,3983
220,4050
220,4243
220,4329
220,4746
220,4853
220,4960
221,229
221,241
221,258
221,413
221,682
221,1194
221,1456
221,1809
221,1837
221,2324
221,2425
221,2583
221,2615
221,2700
221,3215
221,3218
221,3403
221,3475
221,4500
221,4590
221,4905
222,505
222,596
222,625
222,632
222,642
222,659
222,704
222,760
222,879
222,915
222,926
222,955
222,1088
222,1199
222,1260
222,1600
222,1667
222,1704
222,1738
222,1773
222,1805
222,2118
222,2140
222,2215
222,2583
222,2807
222,2967
222,3177
222,3224
222,3267
222,3657
222,3768
222,4029
222,4089
222,4136
222,4512
222,4644
222,4870
223,254
223,364
223,393
223,545
223,570
223,703
223,719
223,720
223,826
223,1437
223,1757
223,2173
223,2263
223,2374
223,2391
223,2704
223,2722
223,3027
223,3551
223,4214
224,228
224,263
224,280
224,305
224,395
224,402
224,439
224,516
224,529
224,575
224,623
224,719
224,759
224,766
224,780
224,862
224,1052
224,1109
224,1149
224,1504
224,1546
224,1680
224,1702
224,1730
224,1881
224,1927
224,1932
224,1955
224,2080
224,2323
224,2423
224,2710
224,2844
224,2944
224,3006
224,3046
224,3082
224,3459
224,3487
224,3685
224,4002
224,4376
224,4564
224,4797
225,287
225,315
225,414
225,417
225,445
225,447
225,464
225,503
225,551
225,552
225,642
225,650
225,793
225,817
225,854
225,973
225,977
225,997
225,1028
225,1071
225,1213
225,1219
225,1293
225,1295
225,1380
225,1485
225,1524
225,1575
225,1677
225,1728
225,1737
225,1743
225,2002
225,2011
225,2129
225,2209
225,2264
225,2348
225,2376
225,2529
225,2860
225,2879
225,2894
225,3000
225,3264
225,3446
225,3592
225,3610
225,3620
225,3651
225,3917
225,4165
225,4273
225,4274
225,4552
225,4639
225,4727
225,4913
225,4955
226,241
226,246
226,352
226,464
226,649
226,664
226,688
226,733
226,799
226,947
226,1018
226,1028
226,1083
226,1091
226,1148
226,1160
226,1213
226,1310
226,1331
226,1342
226,1471
226,1526
226,1588
226,1593
226,1633
226,1709
226,2163
226,2491
226,2694
226,2745
226,2887
226,3163
226,3169
226,3179
226,3269
226,3319
226,3871
226,4447
226,4472
227,279
227,499
227,555
227,1061
227,1125
227,1133
227,1220
227,1591
227,2487
227,2632
227,2725
227,2745
227,2926
227,3336
227,3812
227,4280
227,4516
228,304
228,391
228,403
228,412
228,440
228,596
228,690
228,709
228,884
228,919
228,1115
228,1177
228,1335
228,1355
228,1452
228,1506
228,1648
228,1883
228,1918
228,2086
228,2635
228,2711
228,2754
228,2863
228,2932
228,2944
228,3116
228,3151
228,3325
228,3858
228,3892
228,4047
228,4631
228,4748
228,4905
228,4980
228,4988
228,4996
229,233
229,247
229,272
229,286
229,372
229,399
229,421
229,440
229,485
229,578
229,669
229,732
229,750
229,757
229,793
229,847
229,901
229,975
229,1011
229,1476
229,1480
229,1552
229,1685
229,1767
229,1828
229,1862
229,1874
229,1903
229,2037
229,2086
229,2094
229,2120
229,2310
229,2377
229,2447
229,2718
229,3021
229,3032
229,3048
229,3188
229,3247
229,3357
229,3617
229,4079
229,4102
229,4118
229,4456
229,4467
229,4487
229,4546
229,4620
229,4973
230,264
230,375
230,382
230,433
230,447
230,721
230,833
230,942
230,969
230,1060
230,1186
230,1282
230,1341
230,1578
230,1581
230,1601
230,1614
230,1843
230,2071
230,2203
230,2777
230,2987
230,3225
230,3544
230,3697
230,3918
230,4289
231,285
231,302
231,486
231,494
231,607
231,670
231,735
231,788
231,816
231,933
231,983
231,1023
231,1051
231,1068
231,1239
231,1525
231,1552
231,1606
231,1608
231,1750
231,1910
231,2022
231,2026
231,2041
231,2132
231,2236
231,2339
231,2488
231,2604
231,2636
231,2776
231,2783
231,2833
231,3002
231,3030
231,3214
231,3233
231,3254
231,3295
231,3635
231,3821
231,3902
231,4140
231,4163
231,4909
231,4934
232,236
232,249
232,259
232,314
232,325
232,346
232,495
232,513
232,556
232,676
232,692
232,744
232,753
232,782
232,985
232,1069
232,1122
232,1190
232,1294
232,1385
232,1498
232,1529
232,1558
232,1573
232,1678
232,1700
232,1861
232,2055
232,2186
232,2317
232,2392
232,2843
232,3082
232,3197
232,3249
232,3275
232,3416
232,3525
232,3541
232,3772
232,3802
232,4031
232,4038
232,4089
232,4220
232,4357
233,262
233,323
233,385
233,461
233,575
233,579
233,670
233,897
233,930
233,1031
233,1171
233,1284
233,1586
233,1664
233,1717
233,1781
233,1787
233,1986
233,1996
233,2027
233,2052
233,2082
233,2488
233,2670
233,2773
233,2824
233,2884
233,3062
233,3097
233,3330
233,3952
233,4442
234,306
234,485
234,569
234,737
234,1034
234,1104
234,1218
234,1277
234,1289
234,1344
234,1386
234,1779
234,1814
234,1827
234,2187
234,2327
234,2404
234,2666
234,2690
234,2764
234,3295
234,3303
234,3430
234,3533
234,3548
234,3549
234,3721
234,3784
234,3798
234,4815
235,375
235,391
235,536
235,670
235,903
235,1050
235,1190
235,1336
235,1482
235,1671
235,1688
235,1840
235,1961
235,2005
235,2230
235,2236
235,2589
235,3432
235,3949
235,3983
235,3997
235,4240
235,4664
235,4703
236,261
236,351
236,452
236,464
236,539
236,763
236,772
236,920
236,923
236,945
236,957
236,1209
236,1247
236,1336
236,1419
236,1545
236,1666
236,1700
236,1821
236,1945
236,2025
236,2083
236,2546
236,2599
236,2639
236,2794
236,2862
236,2972
236,3025
236,3245
236,3323
236,3958
236,4089
236,4167
236,4278
236,4605
236,4963
237,302
237,384
237,422
237,549
237,571
237,672
237,693
237,738
237,758
237,827
237,849
237,856
237,893
237,938
237,945
237,1017
237,1344
237,1353
237,1433
237,1448
237,2083
237,2225
237,2296
237,2331
237,2576
237,3229
237,3243
237,3375
237,3953
237,4076
237,4087
237,4397
237,4426
237,4640
238,247
238,356
238,581
238,609
238,639
238,645
238,921
238,931
238,990
238,1409
238,1920
238,2583
238,2641
238,2891
238,2953
238,3031
238,3198
238,3442
238,3535
238,3683
238,3746
238,3821
238,3847
238,4309
238,4626
238,4883
239,254
239,319
239,351
239,356
239,389
239,402
239,419
239,444
239,468
239,524
239,541
239,651
239,674
239,715
239,740
239,875
239,914
239,991
239,1005
239,1098
239,1119
239,1310
239,1323
239,1389
239,1413
239,1446
239,1467
239,1511
239,1531
239,1574
239,1616
239,1747
239,1750
239,1821
239,2067
239,2083
239,2101
239,2226
239,2448
239,2613
239,2622
239,2683
239,2765
239,2779
239,2922
239,3060
239,3124
239,3129
239,3526
239,3694
239,3939
239,4247
239,4423
239,4494
239,4525
239,4613
239,4614
239,4958
239,4973
240,255
240,382
240,409
240,583
240,711
240,739
240,1104
240,1578
240,1655
240,1948
240,2160
240,2236
240,2333
240,3039
240,3113
240,3146
240,3639
240,3838
240,3861
240,3876
240,3966
240,4068
240,4134
240,4146
240,4576
241,247
241,305
241,316
241,343
241,437
241,553
241,579
241,639
241,1024
241,1123
241,1160
241,1393
241,1511
241,2340
241,2967
241,3381
241,3383
241,3574
241,3606
241,4236
241,4420
241,4890
242,256
242,308
242,384
242,488
242,666
242,927
242,1191
242,1289
242,1564
242,1692
242,1708
242,1981
242,2187
242,2913
242,3060
242,3112
242,3244
242,3318
242,3418
242,3982
242,3989
242,4066
242,4152
242,4572
243,346
243,358
243,374
243,430
243,478
243,552
243,592
243,608
243,725
243,729
243,760
243,839
243,1037
243,1137
243,1372
243,1390
243,1393
243,1637
243,1749
243,1773
243,2286
243,2398
243,2431
243,2534
243,2809
243,2924
243,3005
243,3237
243,3327
243,3433
243,3458
243,3550
243,3711
243,3750
243,3965
243,4131
243,4203
243,4482
244,292
244,356
244,357
244,372
244,454
244,469
244,496
244,653
244,694
244,730
244,847
244,956
244,971
244,1024
244,1193
244,1200
244,1230
244,1258
244,1348
244,1406
244,1695
244,1790
244,2098
244,2160
244,2184
244,2287
244,2349
244,2565
244,2686
244,2699
244,3078
244,3226
244,3318
244,3336
244,3367
244,3400
244,3548
244,3644
244,3660
244,3812
244,3866
244,3908
244,3925
244,4008
244,4136
244,4377
244,4526
244,4647
244,4751
244,4776
244,4853
244,4863
245,288
245,301
245,420
245,438
245,480
245,604
245,665
245,689
245,738
245,740
245,815
245,826
245,873
245,889
245,920
245,955
245,957
245,1088
245,1301
245,1304
245,1572
245,1732
245,1855
245,1882
245,1926
245,2055
245,2062
245,2078
245,2085
245,2245
245,2649
245,2669
245,2697
245,2983
245,3177
245,3383
245,3718
245,4064
245,4511
245,4620
245,4656
245,4885
246,276
246,312
246,356
246,373
246,392
246,427
246,538
246,750
246,766
246,809
246,823
246,858
246,862
246,952
246,957
246,999
246,1008
246,1074
246,1278
246,1312
246,1466
246,1494
246,1605
246,1703
246,1814
246,2071
246,2215
246,2228
246,2684
246,3103
246,3151
246,3493
246,3586
246,3604
246,3747
246,3817
246,4256
246,4525
246,4973
246,4984
247,307
247,333
247,541
247,564
247,680
247,727
247,1028
247,1260
247,1455
247,1523
247,1531
247,1609
247,1834
247,2054
247,2371
247,2610
247,2793
247,3384
247,3837
247,4083
247,4165
247,4387
247,4542
247,4571
248,582
248,628
248,766
248,923
248,969
248,1044
248,1340
248,1456
248,1554
248,1570
248,1727
248,1917
248,1919
248,2605
248,3098
248,3101
248,3113
248,3246
248,3385
248,3939
248,4227
248,4484
248,4668
248,4710
248,4875
249,282
249,326
249,336
249,341
249,421
249,1402
249,1405
249,1532
249,1870
249,2378
249,2480
249,2577
249,2627
249,2853
249,2994
249,3007
249,3420
249,3425
249,4331
249,4963
250,298
250,356
250,374
250,472
250,520
250,526
250,553
250,639
250,1120
250,1244
250,1291
250,1356
250,1460
250,1539
250,1606
250,1687
250,1855
250,1874
250,1910
250,1927
250,1956
250,2238
250,2461
250,2619
250,2674
250,2694
250,2942
250,3306
250,3445
250,3464
250,3521
250,3531
250,3672
250,3701
250,3769
250,3785
250,3787
250,4126
250,4465
250,4763
250,4772
251,290
251,396
251,705
251,899
251,926
251,995
251,1054
251,1362
251,1378
251,1687
251,1718
251,2052
251,2084
251,2146
251,2174
251,2184
251,2231
251,2410
251,3029
251,3063
251,3629
251,3900
251,4484
251,4943
252,274
252,284
252,292
252,325
252,577
252,583
252,589
252,724
252,733
252,774
252,848
252,1110
252,1235
252,1902
252,2353
252,2892
252,4454
252,4524
252,4709
252,4936
253,276
253,290
253,291
253,293
253,322
253,332
253,366
253,392
253,402
253,430
253,436
253,479
253,487
253,614
253,617
253,629
253,631
253,655
253,657
253,785
253,909
253,1094
253,1202
253,1243
253,1282
253,1380
253,1690
253,1765
253,1870
253,1876
253,1899
253,2026
253,2344
253,2362
253,2411
253,2548
253,2603
253,2626
253,2708
253,2780
253,2873
253,2918
253,3002
253,3128
253,3200
253,3275
253,3360
253,3386
253,3405
253,3555
253,3594
253,3638
253,4005
253,4284
253,4380
253,4395
253,4528
254,285
254,383
254,473
254,508
254,691
254,719
254,720
254,775
254,845
254,908
254,1014
254,1222
254,1320
254,1324
254,1567
254,1633
254,1912
254,2208
254,2444
254,2769
254,3184
254,3597
254,3853
254,4000
254,4330
254,4639
254,4781
254,4904
255,315
255,403
255,522
255,747
255,874
255,1274
255,1426
255,1468
255,1811
255,1875
255,2070
255,2139
255,2472
255,3323
255,3702
255,3738
255,3852
255,3976
255,4180
255,4524
256,272
256,302
256,413
256,415
256,489
256,878
256,894
256,952
256,1226
256,1228
256,1346
256,1625
256,1694
256,1726
256,1790
256,2038
256,2111
256,2354
256,2425
256,2585
256,2618
256,2621
256,2911
256,2968
256,2970
256,3108
256,3244
256,3250
256,3416
256,3458
256,3475
256,3501
256,3871
256,4077
256,4353
256,4646
257,296
257,332
257,375
257,404
257,407
257,554
257,562
257,688
257,929
257,968
257,1318
257,1435
257,1526
257,1611
257,1627
257,1733
257,1916
257,2047
257,2124
257,2200
257,2438
257,2547
257,2590
257,2703
257,2748
257,2920
257,3286
257,3454
257,3578
257,3756
257,3859
257,4023
257,4168
257,4331
257,4607
258,270
258,304
258,393
258,414
258,585
258,591
258,616
258,658
258,678
258,707
258,761
258,795
258,846
258,909
258,984
258,1093
258,1158
258,1298
258,1330
258,1460
258,1518
258,1527
258,1784
258,2002
258,2040
258,2068
258,2380
258,2459
258,3119
258,3581
258,3664
258,3785
258,3814
258,3961
258,3976
258,4251
258,4384
258,4440
258,4497
258,4571
258,4603
258,4607
258,4884
258,4962
259,294
259,326
259,491
259,592
259,898
259,956
259,1006
259,1030
259,1033
259,1116
259,1329
259,1929
259,1957
259,2344
259,2408
259,2900
259,2992
259,2995
259,3028
259,3391
259,3876
259,4147
259,4255
259,4620
260,425
260,697
260,820
260,861
260,953
260,1104
260,1105
260,1356
260,1457
260,1674
260,1931
260,1961
260,1980
260,2011
260,2320
260,2628
260,2653
260,3345
260,3503
260,3659
260,3725
260,3935
260,4051
260,4332
260,4386
260,4592
260,4616
260,4617
260,4687
260,4751
261,266
261,282
261,297
261,334
261,387
261,466
261,471
261,510
261,738
261,858
261,936
261,1245
261,1375
261,1479
261,1692
261,1752
261,2112
261,2182
261,2239
261,2255
261,2371
261,2671
261,3134
261,3329
261,3379
261,3388
261,3724
261,3965
261,3984
261,4163
261,4521
261,4922
262,282
262,401
262,614
262,627
262,638
262,680
262,686
262,690
262,724
262,787
262,935
262,942
262,1020
262,1063
262,1268
262,1286
262,1748
262,2113
262,2135
262,2261
262,2321
262,2445
262,2543
262,2744
262,2754
262,2830
262,2831
262,3048
262,3282
262,3312
262,3537
262,3647
262,3668
262,3746
262,3988
262,4232
262,4361
262,4776
262,4830
263,365
263,386
263,473
263,601
263,611
263,765
263,783
263,801
263,894
263,950
263,996
263,1042
263,1051
263,1087
263,1088
263,1143
263,1191
263,1445
263,1505
263,1618
263,1784
263,1931
263,2201
263,2380
263,2396
263,2443
263,2708
263,3413
263,3770
263,4491
263,4559
264,415
264,436
264,611
264,614
264,792
264,815
264,969
264,1162
264,1323
264,1332
264,1517
264,1527
264,1757
264,1830
264,1865
264,2223
264,2544
264,2665
264,2901
264,2983
264,3153
264,3364
264,3408
264,3452
264,3659
264,3844
264,4014
264,4117
264,4179
264,4196
264,4200
264,4735
264,4902
265,270
265,277
265,288
265,303
265,310
265,330
265,434
265,441
265,489
265,497
265,520
265,777
265,823
265,1002
265,1279
265,1339
265,1510
265,1594
265,1611
265,1657
265,1783
265,1861
265,1935
265,1997
265,2233
265,2690
265,2851
265,2891
265,3204
265,3264
265,3302
265,3431
265,3501
265,3559
265,3622
265,3698
265,3733
265,4040
265,4185
265,4486
265,4550
265,4893
265,4897
265,4973
266,317
266,421
266,517
266,597
266,651
266,676
266,902
266,966
266,1067
266,1080
266,1110
266,1209
266,1425
266,1426
266,1619
266,1734
266,1892
266,2411
266,2480
266,2584
266,2592
266,2732
266,2808
266,2998
266,3197
266,3266
266,3386
266,3444
266,3969
266,3976
266,3979
266,4095
266,4239
266,4339
266,4390
266,4619
266,4890
266,4998
267,299
267,334
267,438
267,444
267,610
267,959
267,1077
267,1124
267,1288
267,1378
267,1405
267,1529
267,1641
267,2059
267,2093
267,2474
267,2659
267,2745
267,2784
267,2832
267,3406
267,4066
267,4205
267,4389
267,4432
267,4506
267,4631
267,4671
267,4804
268,301
268,302
268,341
268,393
268,415
268,417
268,430
268,631
268,727
268,801
268,1300
268,1352
268,1562
268,1627
268,2189
268,2225
268,2255
268,2350
268,2408
268,2423
268,2527
268,2632
268,2792
268,3220
268,3320
268,3406
268,3670
268,3906
268,4125
268,4173
268,4441
268,4746
268,4970
269,274
269,314
269,319
269,352
269,371
269,377
269,406
269,424
269,557
269,558
269,592
269,620
269,643
269,653
269,681
269,726
269,911
269,1004
269,1129
269,1597
269,1652
269,1702
269,2051
269,2056
269,2206
269,2230
269,2335
269,2551
269,2594
269,2988
269,3033
269,3182
269,3288
269,3397
269,3465
269,3570
269,3689
269,3796
269,3995
269,4145
269,4338
269,4379
269,4759
269,4805
269,4925
269,4948
270,299
270,339
270,483
270,503
270,507
270,571
270,604
270,624
270,630
270,661
270,717
270,757
270,826
270,849
270,1005
270,1138
270,1170
270,1369
270,1517
270,1613
270,1642
270,1758
270,1837
270,1955
270,1971
270,2028
270,2189
270,2366
270,2385
270,2481
270,2490
270,3329
270,3375
270,3694
270,3698
270,3716
270,4045
270,4729
270,4752
270,4806
270,4811
270,4896
271,573
271,602
271,610
271,693
271,768
271,1023
271,1125
271,1159
271,1357
271,1547
271,1680
271,1994
271,2015
271,2054
271,2188
271,2436
271,2490
271,2512
271,2581
271,2680
271,2956
271,3068
271,3115
271,3330
271,3855
271,4172
271,4622
271,4858
271,4954
272,293
272,359
272,393
272,483
272,520
272,554
272,584
272,643
272,710
272,748
272,831
272,864
272,1235
272,1280
272,1558
272,1847
272,2029
272,2087
272,2391
272,2494
272,2669
272,2989
272,3120
272,3243
272,3321
272,4090
272,4584
272,4785
272,4823
272,4829
273,311
273,339
273,750
273,854
273,887
273,983
273,1179
273,1260
273,1466
273,1678
273,1709
273,1926
273,2009
273,2779
273,2874
273,3014
273,4025
273,4267
274,300
274,373
274,388
274,463
274,498
274,540
274,545
274,554
274,566
274,596
274,665
274,736
274,807
274,837
274,925
274,978
274,979
274,1012
274,1035
274,1115
274,1134
274,1181
274,1194
274,1312
274,1366
274,1574
274,1597
274,1674
274,1734
274,1735
274,1767
274,1853
274,1854
274,1871
274,2055
274,2167
274,2170
274,2274
274,2281
274,2336
274,2351
274,2414
274,2474
274,2526
274,2568
274,2840
274,3008
274,3293
274,3420
274,3499
274,3630
274,3785
274,4061
274,4240
274,4412
274,4477
274,4775
274,4965
275,280
275,327
275,424
275,443
275,547
275,732
275,934
275,1191
275,1408
275,1473
275,1488
275,1521
275,1637
275,1659
275,1835
275,1948
275,2266
275,2501
275,2984
275,3088
275,3530
275,3878
275,3898
275,4121
276,283
276,343
276,353
276,388
276,557
276,786
276,790
276,835
276,1075
276,1262
276,1409
276,1688
276,1852
276,1981
276,2153
276,2157
276,2413
276,2505
276,2510
276,2513
276,2560
276,2584
276,2621
276,2624
276,2699
276,2767
276,3174
276,3519
276,3540
276,3661
276,4056
276,4254
276,4358
276,4366
276,4384
276,4614
276,4745
277,298
277,303
277,349
277,421
277,485
277,518
277,617
277,649
277,659
277,671
277,748
277,785
277,848
277,1115
277,1229
277,1302
277,1416
277,1464
277,1593
277,1726
277,1730
277,1853
277,2118
277,2258
277,2405
277,2778
277,2978
277,3235
277,3362
277,3646
277,3700
277,3908
277,4082
277,4116
277,4377
277,4565
277,4740
277,4818
278,308
278,323
278,374
278,377
278,400
278,402
278,419
278,599
278,608
278,640
278,781
278,843
278,1068
278,1243
278,1273
278,1292
278,1294
278,1362
278,1450
278,1697
278,1731
278,1796
278,1836
278,1851
278,2053
278,2056
278,2082
278,2265
278,2288
278,2382
278,2517
278,2541
278,2911
278,3146
278,3520
278,3975
278,4173
278,4386
278,4418
278,4585
278,4596
278,4620
278,4682
278,4727
279,334
279,418
279,435
279,474
279,659
279,793
279,808
279,892
279,941
279,970
279,981
279,1499
279,1612
279,1614
279,1890
279,1931
279,2060
279,2061
279,2119
279,2166
279,2407
279,2539
279,2544
279,2637
279,2643
279,2719
279,2842
279,3067
279,3480
279,4243
279,4425
279,4482
279,4598
279,4708
279,4756
279,4799
280,308
280,310
280,703
280,859
280,988
280,1072
280,1144
280,1542
280,1628
280,1764
280,1898
280,2190
280,2209
280,2359
280,2721
280,3303
280,3346
280,3545
280,3591
280,3704
280,4169
280,4460
280,4814
281,285
281,349
281,357
281,411
281,428
281,441
281,460
281,493
281,520
281,527
281,550
281,563
281,711
281,1097
281,1250
281,1283
281,1536
281,1595
281,1602
281,1976
281,2152
281,2547
281,2741
281,2822
281,3048
281,3064
281,3183
281,3244
281,3597
281,3751
281,3811
282,289
282,364
282,372
282,459
282,588
282,598
282,635
282,653
282,676
282,910
282,927
282,990
282,1150
282,1227
282,1231
282,1461
282,1528
282,1540
282,1705
282,1911
282,1935
282,1977
282,2080
282,2107
282,2196
282,2636
282,2685
282,2897
282,2995
282,3114
282,3122
282,3215
282,3320
282,3399
282,3415
282,3433
282,3482
282,3533
282,3724
282,3861
282,3904
282,4131
282,4227
282,4242
282,4403
282,4564
282,4658
282,4679
282,4697
282,4882
282,4952
283,332
283,429
283,575
283,623
283,663
283,793
283,819
283,821
283,847
283,850
283,1165
283,1349
283,2074
283,2257
283,2427
283,2550
283,2901
283,3142
283,3165
283,3603
283,3632
283,3703
283,3843
283,3849
283,4473
283,4522
283,4543
283,4600
284,312
284,338
284,368
284,390
284,453
284,473
284,630
284,685
284,706
284,726
284,791
284,859
284,1534
284,1876
284,1893
284,2077
284,2337
284,2460
284,2497
284,2658
284,2773
284,2809
284,2982
284,3036
284,3061
284,3064
284,3616
284,3914
284,4115
284,4144
284,4193
284,4620
284,4634
284,4696
284,4833
284,4840
285,350
285,455
285,531
285,560
285,674
285,679
285,697
285,746
285,883
285,998
285,1159
285,1174
285,1316
285,1441
285,1585
285,1616
285,1793
285,1904
285,2113
285,2136
285,2383
285,2503
285,2667
285,2894
285,3150
285,3499
285,4300
285,4515
285,4664
286,799
286,936
286,1045
286,1554
286,1786
286,2234
286,2455
286,2464
286,2963
286,3201
286,3433
286,4282
286,4479
286,4943
287,693
287,3636
287,4517
288,411
288,671
288,730
288,950
288,972
288,993
288,1040
288,1159
288,1406
288,1490
288,1550
288,1580
288,1661
288,1720
288,1971
288,2146
288,2784
288,2908
288,3286
288,3540
288,3578
288,3599
288,4061
288,4274
288,4572
288,4704
289,382
289,454
289,602
289,672
289,1122
289,1228
289,1326
289,1370
289,1392
289,1870
289,1931
289,2017
289,2402
289,2472
289,3194
289,3377
289,3846
289,4472
289,4776
289,4851
289,4894
290,307
290,399
290,405
290,499
290,521
290,535
290,595
290,894
290,986
290,1005
290,1143
290,1194
290,1636
290,2042
290,2331
290,2532
290,3447
290,3527
290,3571
290,3691
290,3879
290,3975
290,4114
290,4162
290,4173
290,4205
290,4240
290,4272
290,4515
290,4612
290,4630
290,4666
290,4698
290,4752
290,4955
291,352
291,408
291,802
291,1381
291,1447
291,1838
291,2178
291,2365
291,2569
291,2755
291,4154
291,4212
291,4391
292,298
292,367
292,375
292,412
292,456
292,518
292,579
292,580
292,589
292,611
292,646
292,675
292,706
292,783
292,800
292,887
292,1164
292,1228
292,1322
292,1336
292,1412
292,1445
292,1483
292,1501
292,1542
292,1735
292,1755
292,1835
292,1932
292,1948
292,2338
292,2672
292,2706
292,3024
292,3120
292,3206
292,3223
292,3579
292,3804
292,3842
292,3934
292,4105
292,4313
292,4510
292,4971
293,351
293,409
293,442
293,479
293,890
293,1077
293,1575
293,1595
293,1705
293,1753
293,2081
293,2097
293,2149
293,2191
293,2710
293,2781
293,3048
293,3066
293,3125
293,3196
293,3291
293,3295
293,3928
293,4080
293,4085
293,4183
293,4701
293,4927
294,295
294,335
294,555
294,572
294,645
294,739
294,755
294,847
294,1130
294,1269
294,1944
294,2070
294,2102
294,2104
294,2211
294,2266
294,2557
294,2628
294,2851
294,2903
294,2916
294,3372
294,3856
294,4579
294,4758
294,4792
295,434
295,566
295,663
295,813
295,862
295,867
295,973
295,1121
295,1149
295,1679
295,1966
295,2176
295,2519
295,2557
295,2849
295,2981
295,2983
295,3231
295,3549
295,3753
295,4470
295,4871
296,303
296,345
296,351
296,442
296,534
296,595
296,673
296,718
296,723
296,1044
296,1468
296,1508
296,2135
296,2261
296,2688
296,2968
296,3071
296,3305
296,3408
296,3912
296,3939
296,4105
296,4563
296,4638
296,4794
296,4832
296,4913
297,405
297,587
297,653
297,663
297,1295
297,1319
297,1573
297,1733
297,1736
297,1835
297,2014
297,2076
297,2107
297,2271
297,2887
297,3178
297,3331
297,3764
297,4415
297,4771
298,384
298,425
298,436
298,445
298,452
298,472
298,604
298,617
298,736
298,748
298,875
298,919
298,2248
298,2401
298,2512
298,2524
298,2687
298,2929
298,3182
298,3191
298,3229
298,3646
298,3991
298,4275
299,355
299,358
299,437
299,487
299,516
299,559
299,744
299,745
299,915
299,972
299,989
299,1155
299,1194
299,1212
299,1552
299,1590
299,1608
299,1615
299,1745
299,1781
299,1809
299,1952
299,1989
299,2133
299,2429
299,2503
299,2788
299,2829
299,2919
299,2953
299,3434
299,3513
299,4030
299,4170
299,4435
299,4446
299,4535
299,4725
299,4878
300,348
300,358
300,394
300,418
300,445
300,665
300,675
300,697
300,799
300,843
300,910
300,959
300,1051
300,1067
300,1148
300,1149
300,1260
300,1411
300,1446
300,1755
300,1823
300,2239
300,2379
300,2443
300,2534
300,2573
300,2859
300,2912
300,2939
300,2942
300,3236
300,3263
300,3297
300,3317
300,3321
300,3329
300,3637
300,3856
300,3870
300,4021
300,4285
300,4329
300,4808
300,4809
301,305
301,338
301,355
301,381
301,489
301,527
301,552
301,846
301,934
301,1238
301,1258
301,1286
301,1666
301,1885
301,2123
301,2869
301,2935
301,3089
301,3292
301,3550
301,3860
301,3935
301,4192
301,4358
301,4699
301,4999
302,497
302,528
302,576
302,606
302,641
302,715
302,921
302,1279
302,1395
302,1419
302,1539
302,1561
302,1710
302,1856
302,2199
302,2399
302,2523
302,2627
302,2674
302,3107
302,3278
302,3495
302,3780
302,3962
303,344
303,391
303,484
303,527
303,548
303,600
303,667
303,715
303,791
303,821
303,827
303,835
303,854
303,890
303,904
303,1151
303,1155
303,1288
303,1480
303,1550
303,1667
303,1750
303,1753
303,1837
303,1968
303,2142
303,2197
303,2733
303,2800
303,3522
303,3823
303,3873
303,4144
303,4156
303,4174
303,4357
303,4393
303,4795
303,4802
303,4848
304,324
304,340
304,351
304,384
304,418
304,441
304,511
304,541
304,577
304,591
304,727
304,857
304,883
304,941
304,993
304,1077
304,1276
304,1303
304,1382
304,1403
304,1411
304,1483
304,1550
304,1557
304,1604
304,1655
304,1824
304,1970
304,1984
304,2136
304,2215
304,2408
304,2475
304,2571
304,2624
304,2844
304,2918
304,3068
304,3200
304,3273
304,3409
304,3422
304,3610
304,3648
304,3776
304,3864
304,3930
304,3935
304,4239
304,4382
304,4486
304,4618
304,4891
305,1410
305,2217
305,2218
305,2566
305,2576
305,2620
305,2938
305,3817
305,3819
305,4016
305,4474
305,4751
306,360
306,491
306,530
306,535
306,607
306,626
306,660
306,663
306,667
306,764
306,803
306,811
306,820
306,848
306,1181
306,1317
306,1430
306,1531
306,1586
306,1592
306,1858
306,1941
306,2019
306,2120
306,2186
306,2694
306,2798
306,2956
306,3076
306,3318
306,3474
306,3509
306,3546
306,3625
306,3847
306,3907
306,3958
306,4094
306,4153
306,4225
306,4331
306,4466
306,4853
306,4918
306,4972
307,329
307,399
307,450
307,455
307,479
307,535
307,749
307,760
307,967
307,1192
307,1411
307,1534
307,1640
307,1783
307,2032
307,2089
307,2182
307,2236
307,2435
307,2759
307,2788
307,2791
307,2963
307,3059
307,3143
307,3240
307,3301
307,3643
307,4069
307,4437
307,4740
308,428
308,455
308,460
308,466
308,673
308,710
308,741
308,878
308,1117
308,2287
308,2377
308,2547
308,3000
308,3294
308,3387
308,4287
308,4469
308,4962
309,387
309,562
309,780
309,1279
309,1385
309,2043
309,2210
309,2332
309,2741
309,2959
309,3228
309,3379
309,3635
309,3891
309,3917
309,4128
310,338
310,342
310,392
310,461
310,530
310,961
310,979
310,995
310,1036
310,1090
310,1235
310,1605
310,2054
310,2319
310,2363
310,2981
310,3219
310,3411
310,3480
310,3555
310,3797
311,504
311,533
311,540
311,601
311,743
311,917
311,1453
311,1568
311,1864
311,1887
311,2030
311,2245
311,2342
311,2418
311,2559
311,3136
311,3180
311,3288
311,3508
311,4004
311,4109
311,4303
311,4418
312,474
312,701
312,791
312,853
312,1789
312,3421
312,3489
312,4727
313,378
313,391
313,397
313,428
313,504
313,536
313,641
313,823
313,872
313,1032
313,1038
313,1113
313,1178
313,1362
313,1393
313,1508
313,1510
313,1655
313,2492
313,3108
313,3115
313,3455
313,3574
313,4506
313,4955
314,440
314,633
314,747
314,816
314,845
314,873
314,899
314,1073
314,1147
314,1156
314,1162
314,1187
314,1292
314,1439
314,1543
314,1613
314,1732
314,1760
314,1810
314,1827
314,1881
314,1963
314,2008
314,2061
314,2396
314,2405
314,2468
314,2490
314,2497
314,2616
314,3442
314,3823
314,4150
314,4171
314,4296
314,4489
315,316
315,410
315,540
315,572
315,596
315,634
315,712
315,771
315,803
315,840
315,872
315,1006
315,1071
315,1164
315,1217
315,1330
315,1403
315,1428
315,1561
315,1963
315,2065
315,2098
315,2118
315,2232
315,2324
315,2397
315,2607
315,2615
315,2792
315,2964
315,3073
315,3288
315,3377
315,3392
315,3398
315,3428
315,3478
315,3605
315,3702
315,4039
315,4085
315,4279
315,4367
315,4838
315,4849
315,4860
315,4886
316,320
316,804
316,822
316,852
316,883
316,973
316,977
316,1560
316,2067
316,3170
316,3613
316,4023
316,4771
317,634
317,772
317,902
317,1033
317,1092
317,1142
317,1222
317,1241
317,1345
317,1589
317,1834
317,1917
317,2023
317,2027
317,2352
317,2570
317,2761
317,2803
317,3084
317,3321
317,4090
317,4326
317,4573
317,4695
318,386
318,421
318,479
318,532
318,549
318,688
318,693
318,843
318,907
318,916
318,980
318,1121
318,1125
318,1393
318,1466
318,1504
318,1581
318,1588
318,1767
318,1781
318,1791
318,1911
318,2005
318,2030
318,2204
318,2383
318,2624
318,2644
318,2713
318,2879
318,3007
318,3045
318,3200
318,3542
318,3707
318,4087
318,4181
318,4446
318,4567
318,4683
318,4698
318,4875
318,4937
319,418
319,496
319,546
319,666
319,796
319,818
319,906
319,964
319,1126
319,1214
319,1217
319,1614
319,2104
319,2362
319,2767
319,3491
319,3715
319,4078
319,4192
319,4304
319,4508
319,4731
320,357
320,378
320,466
320,518
320,527
320,596
320,599
320,619
320,670
320,683
320,707
320,710
320,728
320,741
320,743
320,875
320,910
320,946
320,1023
320,1079
320,1122
320,1168
320,1241
320,1343
320,1367
320,1737
320,1927
320,2011
320,2016
320,2019
320,2031
320,2243
320,2351
320,2392
320,2415
320,2425
320,2464
320,2606
320,2816
320,2846
320,2875
320,3009
320,3054
320,3099
320,3171
320,3251
320,3315
320,3501
320,3537
320,3615
320,3622
320,3697
320,3720
320,3935
320,3938
320,4165
320,4254
320,4895
320,4902
321,332
321,347
321,361
321,447
321,589
321,648
321,690
321,801
321,978
321,1026
321,1098
321,1151
321,1429
321,1596
321,1677
321,2476
321,2574
321,2637
321,2768
321,3185
321,3271
321,3516
321,3778
321,3849
321,3857
321,3919
321,4183
321,4329
321,4769
321,4777
322,477
322,644
322,665
322,686
322,771
322,794
322,981
322,1126
322,1250
322,1419
322,1427
322,1535
322,1658
322,1782
322,1803
322,2033
322,2034
322,2185
322,2308
322,2499
322,2976
322,3178
322,3319
322,3339
322,3553
322,3707
322,3782
322,3912
322,4056
322,4188
322,4321
322,4465
322,4519
322,4589
322,4762
322,4860
322,4980
323,366
323,403
323,828
323,1112
323,1261
323,1331
323,1441
323,1725
323,1933
323,1947
323,2039
323,2146
323,2401
323,2426
323,2434
323,2536
323,2628
323,2740
323,2943
323,3504
323,4051
323,4308
323,4381
323,4418
323,4573
324,335
324,376
324,491
324,492
324,512
324,712
324,930
324,983
324,1073
324,1165
324,1272
324,1412
324,1457
324,1691
324,1720
324,1765
324,1880
324,1890
324,2079
324,2109
324,2116
324,2201
324,2303
324,2391
324,2477
324,2896
324,3184
324,3351
324,3716
324,3842
324,3913
324,4153
324,4301
324,4367
324,4571
324,4810
324,4818
325,381
325,595
325,609
325,714
325,727
325,764
325,1042
325,1141
325,1237
325,1397
325,1400
325,1404
325,1445
325,1501
325,1677
325,1912
325,1977
325,2284
325,2314
325,2452
325,2660
325,2683
325,2851
325,2888
325,3189
325,3318
325,3321
325,3383
325,3400
325,4206
326,330
326,672
326,818
326,1004
326,1214
326,1436
326,1494
326,1521
326,1701
326,1708
326,1831
326,1840
326,1888
326,2058
326,2101
326,2165
326,2180
326,2225
326,2426
326,2862
326,2950
326,3089
326,3223
326,3260
326,3635
326,3722
326,3736
326,3772
326,3899
326,4308
326,4642
326,4878
326,4891
326,4902
327,469
327,583
327,740
327,774
327,778
327,811
327,872
327,912
327,1080
327,1870
327,2774
327,3029
327,3531
327,4416
327,4473
328,448
328,458
328,489
328,844
328,883
328,922
328,1029
328,1109
328,1157
328,1234
328,1322
328,1498
328,1523
328,1680
328,1685
328,2249
328,2331
328,2507
328,2571
328,2751
328,3177
328,3200
328,3310
328,3559
328,3595
328,3602
328,3782
328,4340
328,4429
328,4472
328,4613
328,4634
328,4673
328,4998
329,387
329,395
329,702
329,885
329,928
329,1014
329,1432
329,1455
329,1751
329,1862
329,2021
329,2596
329,2726
329,2777
329,2809
329,2927
329,3186
329,4138
329,4265
330,344
330,365
330,541
330,577
330,597
330,627
330,897
330,1019
330,1020
330,1061
330,1111
330,1188
330,1197
330,1207
330,1262
330,1292
330,1444
330,1512
330,1588
330,1616
330,1746
330,1792
330,1807
330,1855
330,1865
330,1944
330,2018
330,2028
330,2052
330,2099
330,2178
330,2192
330,2285
330,2302
330,2308
330,2429
330,2851
330,2903
330,3032
330,3040
330,3387
330,3559
330,3792
330,3823
330,4323
330,4652
330,4953
331,335
331,352
331,558
331,1072
331,1142
331,1285
331,1410
331,1670
331,1833
331,2315
331,2721
331,2822
331,3439
331,3481
331,3599
331,3725
331,3878
331,3915
331,4344
331,4448
331,4714
331,4754
331,4926
331,4978
332,450
332,460
332,599
332,607
332,724
332,774
332,800
332,1091
332,1237
332,1309
332,1674
332,1757
332,1870
332,2168
332,2261
332,2316
332,2387
332,2805
332,3101
332,3597
332,3916
332,3952
332,4255
332,4344
332,4513
332,4561
333,347
333,348
333,382
333,397
333,500
333,588
333,791
333,909
333,993
333,1092
333,1104
333,1140
333,1216
333,1382
333,1475
333,1547
333,1575
333,1636
333,1682
333,1712
333,2039
333,2285
333,2458
333,3194
333,3270
333,3433
333,3815
333,3965
333,4108
333,4162
333,4329
333,4434
333,4510
333,4727
333,4945
334,363
334,384
334,397
334,409
334,417
334,444
334,446
334,460
334,461
334,463
334,558
334,569
334,622
334,820
334,1015
334,1231
334,1414
334,1499
334,1660
334,1798
334,1896
334,1954
334,2008
334,2137
334,2215
334,2221
334,2823
334,2894
334,2921
334,2979
334,2982
334,3079
334,3240
334,3372
334,3560
334,3880
334,4039
334,4355
334,4661
334,4690
334,4785
334,4970
335,351
335,412
335,428
335,499
335,661
335,691
335,725
335,747
335,1029
335,1236
335,1394
335,1440
335,1690
335,2302
335,2360
335,2436
335,2537
335,2863
335,3188
335,3468
335,3519
335,3569
335,4063
335,4121
335,4420
336,566
336,607
336,661
336,739
336,877
336,1057
336,1076
336,1178
336,1581
336,1698
336,1899
336,2044
336,2148
336,2299
336,2358
336,2695
336,2705
336,2866
336,3086
336,3308
336,3412
336,3749
336,3853
336,4152
336,4169
336,4608
337,394
337,463
337,636
337,755
337,772
337,865
337,963
337,1061
337,1166
337,1232
337,1516
337,2079
337,2149
337,2554
337,2573
337,2962
337,3088
337,3196
337,4989
338,402
338,410
338,473
338,482
338,748
338,893
338,964
338,1001
338,1014
338,1139
338,1153
338,1556
338,1802
338,1813
338,1915
338,1950
338,1951
338,2204
338,2239
338,2471
338,2500
338,2875
338,2952
338,3281
338,3561
338,4024
338,4111
338,4897
338,4990
339,367
339,675
339,762
339,766
339,1225
339,1362
339,1589
339,1771
339,1822
339,2322
339,2586
339,2811
339,2866
339,3302
339,3771
339,4140
339,4346
340,522
340,624
340,952
340,1042
340,1044
340,1098
340,1569
340,1935
340,2321
340,3277
340,3520
340,3528
340,3780
340,4139
340,4275
340,4553
341,782
341,1712
341,1815
341,1927
341,2171
341,2186
341,2220
341,3045
341,3535
341,3718
341,4534
341,4548
341,4740
342,379
342,578
342,597
342,599
342,680
342,790
342,792
342,900
342,1080
342,1127
342,1382
342,1470
342,1590
342,1642
342,1684
342,1818
342,2025
342,2215
342,2720
342,2814
342,2948
342,3172
342,3355
342,3493
342,3974
342,4379
342,4457
343,371
343,383
343,388
343,400
343,522
343,534
343,538
343,569
343,577
343,646
343,657
343,835
343,1174
343,1285
343,1406
343,1416
343,1497
343,1524
343,1583
343,1585
343,1668
343,1793
343,1825
343,2095
343,2186
343,2733
343,2774
343,3187
343,3452
343,3488
343,3583
343,3999
343,4144
343,4416
343,4637
343,4719
343,4808
344,396
344,548
344,581
344,688
344,693
344,770
344,825
344,913
344,1032
344,1502
344,1940
344,2082
344,2333
344,2420
344,2563
344,2730
344,3230
344,3877
344,4156
344,4295
344,4884
345,393
345,484
345,662
345,706
345,1040
345,1110
345,1685
345,2369
345,2774
345,3023
345,3467
345,4286
345,4372
345,4499
345,4604
345,4845
345,4991
346,456
346,750
346,999
346,1045
346,1233
346,1306
346,1648
346,1769
346,2445
346,2480
346,2891
346,3209
346,3341
346,3417
346,3635
346,4775
347,357
347,423
347,869
347,913
347,1091
347,1296
347,1350
347,1364
347,1984
347,2677
347,2704
347,2882
347,2909
347,3223
347,3408
347,3729
348,356
348,366
348,382
348,419
348,472
348,480
348,583
348,601
348,621
348,860
348,1049
348,1057
348,1348
348,1448
348,1626
348,1700
348,1765
348,1772
348,2136
348,2147
348,2196
348,2283
348,2517
348,2633
348,2673
348,2819
348,3111
348,3137
348,3307
348,3500
348,3545
348,3774
348,4059
348,4111
348,4132
348,4283
348,4288
348,4650
348,4901
348,4999
349,385
349,402
349,468
349,499
349,592
349,602
349,660
349,883
349,977
349,1034
349,1175
349,1390
349,1652
349,1800
349,1812
349,1842
349,2108
349,2115
349,2274
349,3175
349,3218
349,3279
349,3444
349,3508
349,3649
349,4200
349,4327
349,4449
349,4512
349,4615
350,459
350,460
350,508
350,522
350,762
350,950
350,964
350,1006
350,1093
350,1110
350,1148
350,1283
350,1597
350,1722
350,1990
350,2071
350,2173
350,2195
350,2285
350,2409
350,2999
350,3226
350,3248
350,3279
350,3545
350,3947
350,4215
350,4262
350,4365
350,4444
350,4803
351,386
351,474
351,506
351,568
351,681
351,1179
351,1693
351,1735
351,1907
351,2651
351,3179
351,3252
351,3291
351,3640
351,3820
351,4513
352,468
352,912
352,1012
352,1050
352,1122
352,1135
352,1220
352,1228
352,1272
352,1327
352,1767
352,1951
352,1993
352,2110
352,2282
352,2555
352,2839
352,3081
352,3506
352,3882
352,4021
352,4112
352,4113
352,4254
352,4261
352,4569
353,576
353,709
353,758
353,814
353,878
353,902
353,932
353,985
353,1003
353,1129
353,1208
353,1223
353,1343
353,1537
353,1574
353,1587
353,1807
353,1824
353,2323
353,2578
353,2691
353,2795
353,2898
353,3065
353,3226
353,3373
353,3636
353,3757
353,4110
353,4276
353,4380
353,4570
353,4806
354,396
354,413
354,426
354,541
354,548
354,549
354,559
354,640
354,707
354,714
354,794
354,810
354,1290
354,1438
354,1464
354,1496
354,1547
354,1628
354,1639
354,1666
354,1775
354,1810
354,2160
354,2406
354,2988
354,3714
354,4306
354,4324
354,4462
354,4761
355,371
355,390
355,456
355,469
355,588
355,594
355,810
355,1161
355,1972
355,3920
355,4478
356,430
356,433
356,472
356,593
356,603
356,807
356,927
356,1251
356,1287
356,1652
356,1804
356,4108
356,4993
357,687
357,872
357,2469
357,2623
357,3766
358,488
358,557
358,949
358,1078
358,1114
358,1250
358,1259
358,1374
358,1507
358,1767
358,2385
358,2955
358,3145
358,3267
358,3514
358,3601
358,3628
358,3835
358,3986
358,4375
358,4473
358,4517
358,4538
358,4543
358,4642
358,4697
358,4869
358,4973
359,385
359,675
359,723
359,760
359,775
359,812
359,1293
359,1435
359,1492
359,1580
359,1623
359,1838
359,1887
359,1895
359,2172
359,2805
359,3021
359,3209
359,3214
359,3361
359,3797
359,4119
359,4547
359,4930
360,361
360,501
360,535
360,553
360,554
360,646
360,650
360,660
360,820
360,827
360,1027
360,1050
360,1081
360,1092
360,1115
360,1129
360,1137
360,1360
360,1370
360,1564
360,1632
360,1696
360,1769
360,1805
360,1859
360,1868
360,1881
360,1923
360,1963
360,2270
360,2379
360,2454
360,2467
360,2488
360,2730
360,2838
360,2856
360,2874
360,2887
360,2898
360,3001
360,3026
360,3048
360,3082
360,3104
360,3381
360,3415
360,3462
360,3579
360,3643
360,3867
360,3894
360,4032
360,4035
360,4064
360,4159
360,4375
360,4441
360,4442
360,4452
360,4612
360,4680
360,4728
360,4738
360,4793
361,449
361,495
361,601
361,659
361,1103
361,1249
361,1329
361,1406
361,1517
361,1533
361,1556
361,1623
361,1767
361,1840
361,2118
361,2223
361,2507
361,2624
361,2788
361,2895
361,3361
361,3592
361,3911
361,4013
361,4096
361,4371
361,4559
362,447
362,568
362,717
362,879
362,910
362,948
362,970
362,1249
362,1347
362,1503
362,1505
362,2032
362,2131
362,2266
362,2470
362,3551
362,3812
362,4555
362,4665
362,4704
362,4897
362,4906
362,4982
363,377
363,469
363,473
363,486
363,613
363,627
363,641
363,667
363,729
363,813
363,993
363,1000
363,1389
363,2010
363,2259
363,2346
363,2622
363,3006
363,3344
363,3452
363,4932
364,463
364,623
364,633
364,664
364,681
364,713
364,1105
364,1331
364,1358
364,1419
364,1602
364,1827
364,1934
364,2025
364,2083
364,2178
364,2262
364,2339
364,2482
364,2859
364,3316
364,3430
364,3481
364,3591
364,3719
364,4055
364,4742
365,461
365,473
365,725
365,845
365,856
365,951
365,1994
365,2077
365,2539
365,2581
365,2812
365,3001
365,3057
365,3706
366,447
366,508
366,535
366,557
366,642
366,832
366,886
366,939
366,1282
366,1334
366,1348
366,1577
366,1646
366,1985
366,2031
366,2185
366,2205
366,2308
366,2715
366,2899
366,3017
366,3889
366,3950
366,4027
366,4213
366,4762
367,368
367,435
367,531
367,609
367,629
367,642
367,888
367,1104
367,1396
367,1473
367,1482
367,1650
367,2244
367,2513
367,2592
367,2735
367,2921
367,4192
367,4297
367,4335
367,4462
367,4664
368,383
368,484
368,559
368,927
368,945
368,1316
368,1651
368,1690
368,2059
368,2180
368,2222
368,2406
368,2967
368,2970
368,3413
368,3471
368,3632
368,3918
368,3947
368,4181
368,4609
368,4642
369,378
369,481
369,1093
369,1134
369,1220
369,1256
369,1259
369,1542
369,1710
369,1775
369,2046
369,2143
369,2162
369,2287
369,2440
369,2553
369,3228
369,3232
369,3311
369,3500
369,4025
369,4358
369,4399
370,446
370,528
370,694
370,720
370,793
370,1261
370,1468
370,1478
370,1561
370,1670
370,1914
370,1921
370,2090
370,2226
370,2654
370,2867
370,3000
370,3256
370,3271
370,3430
370,3580
370,3655
370,3746
370,4069
370,4098
370,4110
370,4180
370,4206
370,4834
370,4958
370,4988
371,372
371,383
371,411
371,427
371,458
371,514
371,562
371,652
371,673
371,1124
371,1646
371,1785
371,1806
371,2542
371,2631
371,2642
371,2946
371,3807
371,3967
371,4108
371,4372
371,4468
372,405
372,711
372,926
372,1230
372,1241
372,1295
372,1296
372,1310
372,1457
372,1523
372,1707
372,1759
372,2245
372,2623
372,2711
372,2962
372,3043
372,3054
372,3758
372,3896
372,4032
372,4529
372,4536
373,387
373,403
373,542
373,548
373,567
373,605
373,718
373,781
373,876
373,885
373,902
373,935
373,953
373,1203
373,1441
373,2097
373,2156
373,2162
373,2233
373,2267
373,2291
373,2334
373,2770
373,2952
373,2960
373,3128
373,3390
373,3396
373,3450
373,3626
373,3634
373,4005
373,4917
374,381
374,537
374,570
374,585
374,651
374,719
374,726
374,760
374,1123
374,1149
374,1166
374,1167
374,1256
374,1399
374,1592
374,1629
374,1826
374,1890
374,1932
374,2055
374,2073
374,2135
374,2180
374,2335
374,2469
374,2488
374,2618
374,2724
374,2854
374,2997
374,3133
374,3175
374,3711
374,3934
374,3998
374,4112
374,4210
374,4314
374,4617
374,4763
375,422
375,617
375,918
375,1185
375,1848
375,1899
375,2561
375,2786
375,2818
375,2876
375,2880
375,2909
375,3034
375,3226
375,3237
375,3327
375,3431
375,3672
375,4798
375,4881
376,458
376,548
376,715
376,767
376,844
376,1129
376,1134
376,1184
376,1192
376,1332
376,1393
376,1432
376,1561
376,2368
376,2593
376,2944
376,3061
376,3229
376,3311
376,3320
376,3349
376,3450
376,3646
376,3720
376,4222
376,4902
376,4989
377,594
377,598
377,678
377,752
377,782
377,847
377,1112
377,1114
377,1177
377,1193
377,1496
377,1546
377,1789
377,1794
377,1917
377,2076
377,2184
377,2549
377,2608
377,2720
377,2803
377,2890
377,2947
377,3225
377,3477
377,3479
377,3494
377,3857
377,4064
377,4170
377,4200
377,4276
377,4405
377,4515
377,4551
377,4764
378,398
378,580
378,661
378,689
378,701
378,729
378,779
378,915
378,1171
378,2485
378,2974
378,3039
378,3496
378,3698
378,3825
378,3921
378,3927
378,4245
378,4325
379,416
379,435
379,481
379,694
379,708
379,831
379,929
379,968
379,1057
379,1058
379,1078
379,1228
379,1299
379,1343
379,1507
379,1611
379,1698
379,1749
379,1889
379,1907
379,2221
379,2356
379,2817
379,2829
379,3044
379,3085
379,3320
379,4569
380,394
380,540
380,582
380,854
380,993
380,1474
380,1587
380,1647
380,1657
380,1688
380,1744
380,2072
380,2554
380,2813
380,3207
380,3300
380,3315
380,3497
380,3729
380,3894
380,4133
380,4514
380,4666
380,4818
380,4958
381,389
381,401
381,448
381,451
381,455
381,519
381,534
381,563
381,736
381,738
381,757
381,839
381,1246
381,1351
381,1383
381,1416
381,1451
381,1489
381,1515
381,1683
381,1796
381,1864
381,1956
381,1958
381,1976
381,2051
381,2162
381,2167
381,2296
381,2299
381,2388
381,2451
381,2466
381,2553
381,2562
381,2637
381,2671
381,2679
381,2693
381,3217
381,3292
381,3612
381,3748
381,3767
381,3805
381,4082
381,4238
381,4302
381,4508
381,4539
381,4627
381,4659
381,4681
381,4795
381,4847
381,4873
382,448
382,466
382,486
382,588
382,648
382,1019
382,1161
382,1323
382,1681
382,2021
382,2103
382,2340
382,2368
382,2405
382,2528
382,2574
382,2630
382,3096
382,3378
382,3703
382,3927
382,4028
382,4576
383,398
383,432
383,511
383,627
383,738
383,1026
383,1168
383,1437
383,1574
383,1707
383,1756
383,1916
383,2242
383,2244
383,2307
383,2380
383,2412
383,2558
383,2897
383,2908
383,2984
383,3975
383,4108
384,532
384,603
384,619
384,718
384,887
384,1164
384,1184
384,1225
384,1420
384,1561
384,2073
384,2783
384,2926
384,2954
384,4028
384,4175
385,389
385,399
385,535
385,619
385,633
385,739
385,755
385,1050
385,1105
385,1224
385,1308
385,1344
385,1438
385,1697
385,1886
385,1979
385,2093
385,2095
385,2343
385,2537
385,2726
385,3183
385,3244
385,3362
385,3537
385,3809
385,3829
385,4404
385,4554
386,405
386,456
386,546
386,548
386,624
386,665
386,727
386,751
386,766
386,970
386,1142
386,1184
386,1214
386,1357
386,1543
386,1917
386,2194
386,2195
386,2241
386,3138
386,3728
386,4166
386,4575
386,4948
387,393
387,465
387,874
387,876
387,1259
387,1262
387,1346
387,1435
387,1888
387,2014
387,2117
387,2255
387,2397
387,2552
387,2559
387,2624
387,2678
387,3017
387,3151
387,3369
387,3713
387,3845
387,3941
387,4175
387,4545
387,4571
387,4667
387,4696
387,4777
388,407
388,428
388,687
388,692
388,830
388,1096
388,1145
388,1159
388,1188
388,1201
388,1203
388,1242
388,1255
388,1380
388,1411
388,1630
388,2562
388,2780
388,2972
388,3107
388,3257
388,3448
388,3808
388,3902
388,4060
388,4175
388,4445
389,457
389,494
389,539
389,761
389,1276
389,2319
389,2499
389,2619
389,2745
389,3156
389,3265
389,3464
389,3473
389,3536
389,3955
389,3971
389,4064
389,4259
389,4485
389,4969
390,682
390,825
390,1130
390,1861
390,1922
390,2936
390,3277
390,3309
390,3413
390,3428
390,3819
390,3860
390,4001
390,4006
390,4590
391,480
391,507
391,589
391,664
391,710
391,733
391,755
391,764
391,780
391,786
391,847
391,928
391,1002
391,1015
391,1059
391,1232
391,1340
391,1353
391,1471
391,1474
391,1929
391,1983
391,2017
391,2042
391,2505
391,2544
391,2579
391,2647
391,2919
391,3009
391,3124
391,3161
391,3306
391,3369
391,3960
391,4089
391,4816
391,4824
391,4938
392,465
392,594
392,750
392,858
392,926
392,939
392,988
392,996
392,1051
392,1132
392,1211
392,1413
392,1874
392,2222
392,2394
392,2433
392,2511
392,2921
392,2989
392,3193
392,3221
392,3268
392,3532
392,3594
392,3684
392,4220
392,4560
393,680
393,682
393,713
393,1016
393,1055
393,1156
393,1228
393,1319
393,1401
393,1425
393,1711
393,1779
393,1849
393,1876
393,2165
393,2399
393,3072
393,3350
393,3724
393,4524
393,4625
394,493
394,516
394,643
394,722
394,802
394,855
394,885
394,937
394,1102
394,1279
394,1295
394,1399
394,1435
394,1459
394,1481
394,1877
394,2059
394,2135
394,2705
394,2775
394,2906
394,3012
394,3154
394,3288
394,3462
394,3664
394,3742
394,3918
394,4199
394,4502
394,4588
394,4910
394,4955
395,627
395,932
395,1139
395,1191
395,1193
395,1274
395,1544
395,1654
395,1665
395,1810
395,2441
395,2485
395,2580
395,2744
395,2984
395,3520
395,3707
395,3897
395,3963
395,3981
395,4247
395,4451
395,4679
395,4900
395,4949
396,563
396,649
396,694
396,825
396,831
396,913
396,986
396,1070
396,1328
396,1439
396,1514
396,1539
396,1590
396,1613
396,1669
396,1672
396,1773
396,1811
396,1902
396,1954
396,1966
396,2007
396,2021
396,2093
396,2194
396,2293
396,2350
396,2459
396,2463
396,2568
396,2632
396,2722
396,2834
396,2838
396,2850
396,2925
396,2994
396,3060
396,3112
396,3117
396,3136
396,3344
396,3419
396,3560
396,3655
396,3735
396,3796
396,3962
396,4134
396,4176
396,4209
396,4269
396,4630
396,4670
396,4779
396,4918
397,449
397,647
397,814
397,943
397,1240
397,1305
397,1458
397,1663
397,2799
397,3924
397,4399
397,4503
398,400
398,427
398,540
398,552
398,562
398,620
398,656
398,754
398,821
398,962
398,1170
398,1199
398,1398
398,1566
398,1740
398,2179
398,2448
398,2814
398,3125
398,3171
398,3294
398,3598
398,3904
398,3969
398,3987
398,4281
398,4346
398,4537
398,4609
398,4731
399,836
399,892
399,1173
399,2018
399,2751
399,2775
399,3316
399,3471
399,3676
399,4248
399,4518
400,443
400,550
400,833
400,1014
400,1229
400,1720
400,1792
400,1806
400,2305
400,3170
400,3383
400,3727
400,3848
400,4045
400,4055
400,4195
400,4403
400,4629
400,4643
401,461
401,496
401,543
401,638
401,850
401,1030
401,1167
401,1269
401,1336
401,1568
401,1614
401,1632
401,1674
401,1693
401,2308
401,2385
401,2444
401,2454
401,2893
401,2929
401,3066
401,3243
401,3422
401,3587
401,3709
401,4085
401,4109
401,4350
401,4511
401,4726
402,408
402,528
402,597
402,650
402,697
402,802
402,842
402,856
402,1049
402,1116
402,1496
402,1507
402,1644
402,1691
402,2478
402,2579
402,2604
402,2802
402,2965
402,2989
402,3144
402,3691
402,3854
402,3867
402,4097
402,4168
402,4344
402,4481
402,4510
402,4569
402,4598
402,4829
403,446
403,547
403,677
403,693
403,700
403,774
403,819
403,891
403,923
403,1034
403,1199
403,1342
403,1361
403,1418
403,1447
403,1541
403,1827
403,1850
403,1912
403,2070
403,2092
403,2162
403,2220
403,2272
403,2338
403,2577
403,2692
403,2743
403,2915
403,3438
403,3484
403,3666
403,3705
403,3709
403,4177
403,4369
403,4694
403,4720
404,417
404,477
404,1113
404,1262
404,1429
404,1593
404,1658
404,1722
404,1746
404,1826
404,2121
404,2570
404,2902
404,3077
404,3149
404,3256
404,3832
404,4335
405,505
405,561
405,580
405,641
405,876
405,880
405,881
405,972
405,1062
405,1142
405,1177
405,1223
405,1373
405,1382
405,1467
405,1823
405,2106
405,2288
405,2821
405,2867
405,2903
405,2905
405,2928
405,2940
405,3144
405,3790
405,4180
405,4508
405,4622
405,4802
406,443
406,550
406,592
406,630
406,740
406,1042
406,1158
406,1334
406,1437
406,1513
406,1647
406,1732
406,2016
406,2128
406,2209
406,2237
406,2262
406,2303
406,2361
406,2536
406,2660
406,2662
406,2910
406,2966
406,2999
406,3075
406,3314
406,3504
406,3615
406,3728
406,4075
406,4135
406,4144
406,4344
406,4454
406,4670
407,412
407,618
407,724
407,751
407,991
407,1003
407,1054
407,1519
407,1761
407,1832
407,1952
407,2082
407,2408
407,2783
407,3416
407,3552
407,3981
407,4040
407,4206
407,4281
407,4544
408,418
408,438
408,460
408,476
408,501
408,807
408,829
408,846
408,953
408,1017
408,1036
408,1072
408,1077
408,1164
408,1374
408,1402
408,1530
408,1617
408,1776
408,1821
408,1995
408,2004
408,2082
408,2284
408,2367
408,2411
408,2865
408,2919
408,2976
408,3053
408,3399
408,3451
408,3888
408,4050
408,4143
408,4172
408,4224
408,4773
409,453
409,530
409,950
409,966
409,1081
409,1184
409,1246
409,1259
409,1443
409,1521
409,1574
409,1741
409,1797
409,1808
409,1947
409,2179
409,2322
409,2380
409,2381
409,2407
409,3290
409,3750
409,3766
409,3998
409,4078
409,4648
409,4753
410,416
410,426
410,436
410,449
410,583
410,771
410,784
410,834
410,1003
410,1060
410,1092
410,1602
410,1788
410,1800
410,2203
410,2346
410,2516
410,2597
410,2815
410,2865
410,2945
410,3150
410,3164
410,3253
410,3308
410,3735
410,4018
410,4432
410,4678
411,576
411,612
411,755
411,1133
411,1214
411,1745
411,1778
411,1891
411,1980
411,2193
411,2276
411,2491
411,3252
411,3550
411,3664
411,3919
411,4494
412,570
412,705
412,1041
412,1861
412,1933
412,2173
412,2251
412,2405
412,2643
412,3126
412,3875
412,4277
412,4760
413,430
413,898
413,1025
413,1136
413,1138
413,1302
413,1616
413,1647
413,1792
413,1971
413,2064
413,2237
413,2503
413,2685
413,2772
413,2789
413,2985
413,3056
413,3337
413,3389
413,3638
413,3785
413,3959
413,4191
413,4342
414,655
414,798
414,862
414,900
414,908
414,989
414,1202
414,1278
414,1304
414,1318
414,1384
414,1564
414,1639
414,1657
414,1731
414,1799
414,1841
414,2081
414,2168
414,2302
414,2552
414,2819
414,2823
414,3067
414,3284
414,3329
414,3413
414,3698
414,3807
414,4288
414,4289
414,4429
414,4450
414,4599
414,4659
414,4768
415,586
415,626
415,777
415,1511
415,1740
415,3057
415,3070
415,3163
415,3562
415,3678
415,3989
415,4039
415,4298
415,4401
416,439
416,443
416,505
416,564
416,601
416,695
416,767
416,779
416,838
416,1022
416,1174
416,1219
416,1340
416,1401
416,1505
416,1554
416,1562
416,1627
416,1888
416,2017
416,2034
416,2080
416,2299
416,2330
416,2408
416,2456
416,2524
416,2608
416,2790
416,2888
416,3135
416,3152
416,3798
416,3829
416,3871
416,4255
416,4290
416,4506
416,4562
416,4611
416,4740
416,4754
416,4774
416,4843
417,481
417,678
417,745
417,810
417,963
417,965
417,1005
417,1157
417,1182
417,1271
417,1518
417,1804
417,1874
417,1906
417,2454
417,2472
417,3180
417,3882
417,4028
417,4494
417,4894
417,4948
418,467
418,500
418,506
418,566
418,627
418,654
418,717
418,718
418,849
418,1068
418,1079
418,1146
418,1149
418,1236
418,1470
418,1479
418,1561
418,1724
418,2053
418,2244
418,2336
418,2372
418,2386
418,2595
418,3182
418,3345
418,3465
418,3546
418,3868
418,4052
418,4147
418,4313
418,4665
418,4676
418,4807
419,484
419,529
419,559
419,566
419,697
419,777
419,796
419,984
419,1057
419,1088
419,1328
419,1459
419,1591
419,1900
419,2122
419,2266
419,2902
419,3236
419,3280
419,3328
419,3342
419,3377
419,3387
419,3575
419,3900
419,4150
419,4518
419,4535
419,4969
420,529
420,621
420,714
420,751
420,787
420,838
420,891
420,1033
420,1212
420,1290
420,1309
420,1620
420,1789
420,1997
420,2447
420,2797
420,2918
420,3218
420,4024
420,4038
420,4053
420,4208
420,4730
420,4781
421,516
421,533
421,581
421,1001
421,1037
421,1094
421,1721
421,1992
421,2172
421,2354
421,2893
421,3037
421,3224
421,3225
421,3313
421,3502
421,3673
421,3686
421,4087
421,4186
421,4627
421,4857
421,4874
421,4983
422,852
422,890
422,957
422,1090
422,1326
422,1344
422,1381
422,1552
422,1583
422,1949
422,2011
422,2360
422,2495
422,2508
422,3028
422,3241
422,3453
422,3921
422,3945
422,4273
422,4450
422,4827
423,468
423,551
423,648
423,728
423,758
423,791
423,1306
423,1637
423,1807
423,2066
423,2190
423,3240
423,3973
423,4169
423,4494
424,488
424,564
424,567
424,584
424,594
424,611
424,649
424,665
424,701
424,717
424,735
424,863
424,922
424,1003
424,1018
424,1148
424,1169
424,1184
424,1205
424,1588
424,1704
424,1862
424,1940
424,2129
424,2146
424,2180
424,2499
424,2536
424,2548
424,2738
424,2806
424,3457
424,3667
424,3690
424,4011
424,4034
424,4127
424,4279
424,4435
424,4595
424,4635
425,542
425,715
425,884
425,1314
425,1577
425,1693
425,2676
425,3185
425,3413
425,3850
426,479
426,480
426,510
426,606
426,643
426,698
426,754
426,829
426,876
426,891
426,995
426,1065
426,1084
426,1099
426,1186
426,1229
426,1299
426,1344
426,1358
426,1506
426,1528
426,1546
426,1650
426,1689
426,1711
426,1780
426,1969
426,2108
426,2306
426,2384
426,2430
426,2468
426,2842
426,2884
426,2997
426,3008
426,3403
426,3496
426,3869
426,3909
426,3910
426,4208
426,4347
426,4385
426,4515
426,4576
426,4756
426,4810
427,702
427,729
427,989
427,1313
427,1315
427,1747
427,1970
427,2230
427,2284
427,2583
427,2756
427,3395
427,4264
427,4314
428,481
428,503
428,519
428,540
428,568
428,572
428,603
428,727
428,742
428,789
428,1374
428,1548
428,1686
428,1749
428,1802
428,1841
428,2014
428,2249
428,2442
428,2588
428,3104
428,3264
428,3321
428,3630
428,3711
428,4113
428,4729
428,4739
428,4803
428,4946
429,440
429,478
429,513
429,545
429,604
429,615
429,686
429,868
429,928
429,1185
429,1770
429,1855
429,1869
429,1982
429,2212
429,2554
429,2742
429,2882
429,2926
429,3255
429,3333
429,3416
429,3951
429,4034
429,4545
429,4700
429,4907
429,4939
430,913
430,995
430,1239
430,1472
430,1945
430,2732
430,4017
431,526
431,561
431,590
431,685
431,1047
431,1640
431,1969
431,2410
431,2491
431,2793
431,2847
431,2974
431,3264
431,3370
431,3743
431,3757
431,3760
431,3803
431,3861
431,4221
431,4467
431,4847
432,470
432,547
432,609
432,677
432,750
432,792
432,817
432,1006
432,1210
432,1674
432,2284
432,2634
432,3428
432,3552
432,3588
432,3840
432,3897
432,3921
432,3957
432,3996
432,4396
432,4961
433,510
433,543
433,582
433,671
433,968
433,1069
433,1079
433,1303
433,1675
433,2280
433,2611
433,2652
433,2964
433,4190
434,469
434,567
434,741
434,743
434,803
434,831
434,880
434,889
434,1116
434,1136
434,1216
434,1781
434,1898
434,2020
434,2506
434,2852
434,3001
434,3409
434,3573
434,4971
435,449
435,479
435,588
435,765
435,828
435,1220
435,1822
435,1860
435,2321
435,2986
435,3293
435,3485
435,3515
435,3578
435,4824
436,459
436,523
436,731
436,1147
436,1491
436,1645
436,1689
436,1751
436,1873
436,1981
436,2261
436,2506
436,2968
436,3487
436,3627
436,4240
437,690
437,720
437,796
437,825
437,1097
437,1327
437,1821
437,1926
437,2073
437,2298
437,2439
437,2658
437,3050
437,3147
437,3189
437,3634
437,4176
437,4572
437,4703
437,4757
438,449
438,650
438,856
438,962
438,1173
438,1353
438,1572
438,1889
438,2348
438,2464
438,2555
438,2987
438,3078
438,3150
438,3190
438,3443
438,3769
438,4049
438,4549
438,4610
439,464
439,721
439,724
439,756
439,1065
439,1101
439,1397
439,1534
439,1676
439,2641
439,2785
439,2963
439,3068
439,3238
439,3357
439,3415
439,3453
439,3470
439,3739
439,3851
439,4489
439,4688
439,4990
440,571
440,748
440,777
440,868
440,887
440,897
440,947
440,998
440,1286
440,2128
440,2539
440,2563
440,2608
440,2614
440,2652
440,2785
440,3181
440,3549
440,3570
440,3727
440,3982
440,4320
440,4330
440,4745
440,4765
440,4877
441,514
441,732
441,771
441,975
441,1338
441,1385
441,1489
441,1493
441,1503
441,1717
441,1760
441,2048
441,2167
441,2366
441,3052
441,3193
441,3231
441,3893
441,4218
441,4875
442,683
442,702
442,716
442,767
442,840
442,900
442,967
442,987
442,1101
442,1290
442,1425
442,2016
442,2590
442,3016
442,3057
442,3082
442,3866
442,3922
442,4521
443,757
443,842
443,872
443,1166
443,1179
443,1852
443,2060
443,2446
443,3423
443,3432
443,3717
443,4025
443,4110
443,4375
443,4421
443,4735
443,4844
443,4928
444,445
444,496
444,633
444,695
444,712
444,734
444,797
444,907
444,926
444,936
444,1015
444,1165
444,1296
444,1374
444,1394
444,1407
444,1410
444,1706
444,1864
444,1947
444,1953
444,2017
444,2099
444,2324
444,2361
444,2720
444,2767
444,3053
444,3364
444,3589
444,3598
444,3767
444,3785
444,3834
444,3899
444,4079
444,4149
444,4185
445,539
445,613
445,807
445,1042
445,1240
445,1262
445,1267
445,1270
445,1294
445,1362
445,1380
445,1408
445,1707
445,1715
445,1888
445,1902
445,1971
445,3005
445,3308
445,3341
445,3434
445,3617
445,3844
445,4258
445,4265
445,4423
446,632
446,773
446,777
446,1061
446,1074
446,1102
446,1659
446,1817
446,1840
446,2300
446,2600
446,2612
446,3086
446,4317
446,4758
446,4872
447,465
447,560
447,568
447,1053
447,1187
447,1226
447,1507
447,1740
447,2412
447,2548
447,2646
447,3072
447,3588
447,3908
448,456
448,475
448,495
448,512
448,710
448,764
448,1033
448,1178
448,1417
448,1504
448,1609
448,2012
448,2047
448,2112
448,2386
448,2566
448,2628
448,2849
448,3081
448,3515
448,3663
448,3919
448,4004
448,4722
449,630
449,669
449,685
449,691
449,801
449,1315
449,1454
449,1658
449,1671
449,1697
449,2683
449,3159
449,4044
449,4067
449,4068
449,4219
449,4871
449,4905
450,464
450,477
450,512
450,763
450,821
450,863
450,923
450,1014
450,1326
450,1429
450,1484
450,1572
450,1644
450,1759
450,1993
450,2091
450,2112
450,2146
450,2290
450,2324
450,2362
450,2380
450,2521
450,2747
450,2792
450,2959
450,3003
450,3256
450,3294
450,3313
450,3495
450,3545
450,3586
450,3595
450,3611
450,4076
450,4211
450,4380
450,4574
450,4623
450,4646
450,4872
451,652
451,808
451,836
451,924
451,1425
451,1493
451,1595
451,2147
451,2169
451,2176
451,2564
451,2580
451,2662
451,2691
451,3204
451,4052
451,4086
451,4423
451,4644
451,4861
452,493
452,549
452,557
452,1156
452,1366
452,1436
452,1791
452,2005
452,2102
452,2212
452,2546
452,3409
452,3678
452,4141
453,669
453,907
453,930
453,1196
453,1512
453,1541
453,1795
453,1952
453,1967
453,2218
453,2226
453,2240
453,2272
453,2392
453,2462
453,2870
453,3366
453,3572
453,3598
453,4214
453,4273
453,4375
453,4414
453,4863
454,565
454,574
454,635
454,665
454,698
454,753
454,770
454,828
454,904
454,967
454,1168
454,1200
454,1221
454,1367
454,1376
454,1433
454,1759
454,1834
454,2137
454,2343
454,2769
454,2865
454,2907
454,3275
454,4099
454,4352
454,4725
454,4783
454,4927
455,606
455,612
455,629
455,635
455,664
455,934
455,940
455,1021
455,1063
455,1141
455,1171
455,1372
455,1665
455,1773
455,2203
455,2645
455,2768
455,2926
455,3089
455,3156
455,3386
455,3511
455,3577
455,3674
455,3727
455,3791
455,3859
455,4052
455,4253
455,4644
455,4690
456,720
456,910
456,913
456,945
456,949
456,971
456,1063
456,1197
456,1224
456,1287
456,1329
456,1354
456,1384
456,1461
456,1791
456,1849
456,2337
456,2402
456,2511
456,2567
456,2852
456,3251
456,3417
456,3476
456,3492
456,3590
457,498
457,501
457,1002
457,1265
457,1296
457,1496
457,1683
457,2365
457,2484
457,2526
457,2889
457,2901
457,3068
457,3140
457,3384
457,3472
457,3910
457,4781
457,4876
458,588
458,618
458,622
458,785
458,889
458,1065
458,1325
458,1638
458,1838
458,1865
458,1876
458,2078
458,3215
458,3322
458,3355
458,3370
458,3850
458,3875
458,3989
458,4139
458,4210
458,4544
458,4692
459,468
459,723
459,825
459,892
459,954
459,1032
459,1291
459,1606
459,1676
459,1856
459,2333
459,2589
459,2951
459,3427
459,3541
459,4534
459,4799
460,469
460,483
460,577
460,861
460,902
460,978
460,1395
460,1453
460,1456
460,2001
460,2194
460,2598
460,3332
460,3978
460,4859
461,559
461,650
461,762
461,927
461,960
461,1036
461,1256
461,1387
461,1424
461,1436
461,1491
461,1567
461,1627
461,2289
461,2358
461,2409
461,2500
461,2541
461,2607
461,2895
461,3015
461,3637
461,4265
461,4276
461,4398
462,529
462,585
462,628
462,679
462,790
462,859
462,948
462,1245
462,1289
462,1309
462,1344
462,1415
462,1509
462,1533
462,1925
462,1944
462,1978
462,2129
462,2247
462,2287
462,2363
462,2399
462,2793
462,3014
462,3121
462,4137
462,4225
462,4536
462,4706
462,4880
463,511
463,525
463,610
463,652
463,719
463,721
463,834
463,909
463,1381
463,1441
463,1533
463,1907
463,1950
463,1975
463,2466
463,3023
463,3289
463,3556
463,3576
463,3618
463,3952
463,4430
463,4975
464,475
464,898
464,1063
464,1475
464,1495
464,1610
464,1706
464,1763
464,2196
464,2463
464,2585
464,2724
464,2732
464,2900
464,3158
464,3466
464,3937
465,581
465,626
465,938
465,970
465,1407
465,1497
465,1728
465,1747
465,1762
465,2262
465,2370
465,2913
465,3034
465,3283
465,3368
465,4899
466,683
466,1091
466,1131
466,1460
466,1490
466,2204
466,2328
466,2372
466,2398
466,2625
466,2693
466,2957
466,3390
466,4078
467,638
467,678
467,681
467,682
467,1098
467,1301
467,1312
467,1354
467,1468
467,1508
467,1583
467,1597
467,1818
467,1824
467,1884
467,2510
467,2675
467,3098
467,3675
467,4513
467,4705
468,502
468,553
468,1336
468,1626
468,1980
468,2006
468,2083
468,2248
468,2290
468,2680
468,3687
468,3767
468,3862
468,4108
469,515
469,669
469,960
469,1023
469,1164
469,1204
469,1377
469,1545
469,1844
469,2651
469,2853
469,3498
469,3619
469,3639
469,3784
469,4681
470,592
470,753
470,762
470,970
470,980
470,1221
470,1246
470,1251
470,1267
470,1850
470,1945
470,2408
470,2494
470,2830
470,2833
470,2928
470,3000
470,3236
470,3353
470,3778
470,3936
470,4160
470,4250
470,4348
470,4687
470,4900
471,531
471,628
471,888
471,976
471,1136
471,2252
471,2893
471,3034
471,3353
471,3355
471,3574
471,4919
472,871
472,1425
472,1670
472,2084
472,2340
472,3146
472,3415
472,3455
472,3704
472,3719
472,3920
472,4016
472,4123
473,505
473,520
473,782
473,795
473,895
473,1011
473,1111
473,1177
473,1450
473,1669
473,1775
473,1781
473,1956
473,2101
473,2803
473,2989
473,3287
473,3402
473,3684
473,4025
473,4802
474,643
474,769
474,799
474,939
474,973
474,1013
474,1031
474,1266
474,1275
474,1514
474,1739
474,1949
474,2043
474,2053
474,2084
474,2259
474,2525
474,2546
474,2602
474,2702
474,2847
474,2932
474,2998
474,3467
474,3547
474,3899
474,4343
474,4912
474,4925
474,4976
474,4979
475,866
475,898
475,1235
475,1446
475,1618
475,1695
475,1764
475,1996
475,2461
475,3723
475,3794
475,3849
476,682
476,756
476,1071
476,1326
476,1502
476,1917
476,2308
476,2435
476,2598
476,2669
476,3231
476,3235
476,3451
476,3453
476,3517
476,3667
476,3747
476,4015
476,4335
476,4724
477,662
477,918
477,1199
477,1551
477,1603
477,2105
477,2563
477,3373
477,3664
477,4892
477,4906
478,658
478,785
478,788
478,790
478,927
478,1016
478,1021
478,1024
478,1387
478,1398
478,1430
478,2267
478,2403
478,2507
478,2590
478,2597
478,2732
478,2877
478,3396
478,3462
478,4009
478,4060
478,4153
478,4483
478,4545
479,859
479,1040
479,1160
479,1423
479,1491
479,1529
479,1558
479,1784
479,1894
479,1982
479,2389
479,2415
479,3022
479,3059
479,3071
479,3273
479,3367
479,3561
479,3629
479,3718
479,3806
479,4026
479,4216
479,4369
479,4623
479,4833
480,1045
480,1431
480,2032
480,2033
480,2134
480,2174
480,2274
480,3114
480,3451
480,3486
480,4694
480,4698
480,4847
480,4861
480,4895
481,606
481,779
481,857
481,1230
481,1571
481,1607
481,1841
481,2142
481,2536
481,3129
481,3388
481,3471
481,4087
481,4647
482,525
482,556
482,819
482,868
482,918
482,1038
482,1200
482,1455
482,2021
482,2087
482,2111
482,2221
482,2258
482,2350
482,2731
482,2920
482,3077
482,3290
482,3662
482,3699
482,3894
482,3962
482,4192
482,4244
482,4588
482,4594
482,4856
483,605
483,620
483,664
483,744
483,821
483,895
483,954
483,1056
483,1079
483,1117
483,1169
483,1425
483,1450
483,1649
483,2105
483,2129
483,2297
483,2532
483,2542
483,3002
483,3119
483,3490
483,3750
483,3945
483,4294
483,4537
483,4800
484,1156
484,1238
484,1322
484,1360
484,1902
484,2073
484,2698
484,2877
484,3296
484,3338
484,3544
484,4366
484,4599
485,537
485,685
485,703
485,790
485,1011
485,1341
485,1504
485,1617
485,1661
485,1765
485,1809
485,1924
485,2449
485,3569
485,3709
485,4572
485,4804
486,540
486,644
486,687
486,916
486,1012
486,1014
486,1037
486,1108
486,1293
486,1444
486,1467
486,1485
486,1536
486,1704
486,1755
486,1776
486,1844
486,1993
486,2229
486,2339
486,2473
486,2739
486,2830
486,3015
486,3517
486,4050
486,4384
486,4398
486,4571
486,4682
486,4835
486,4966
487,870
487,923
487,924
487,1192
487,1290
487,1387
487,1460
487,1544
487,1716
487,1977
487,2120
487,2314
487,2366
487,2858
487,3233
487,3262
487,4375
487,4460
487,4829
487,4917
488,637
488,728
488,901
488,1029
488,1144
488,1700
488,2025
488,2043
488,2314
488,2789
488,2794
488,3302
488,4146
488,4386
489,510
489,627
489,749
489,777
489,796
489,837
489,933
489,935
489,954
489,1054
489,1205
489,1226
489,1285
489,1649
489,1690
489,1863
489,1954
489,2154
489,2171
489,2191
489,2235
489,2291
489,2352
489,2379
489,2461
489,2576
489,2754
489,2956
489,3260
489,3296
489,3370
489,3489
489,3566
489,3757
489,3936
489,4346
490,548
490,598
490,746
490,1171
490,1183
490,1230
490,1253
490,1634
490,1647
490,1653
490,1845
490,1881
490,2064
490,2513
490,2789
490,2815
490,2869
490,2916
490,2932
490,2982
490,3299
490,3331
490,3804
490,4787
490,4858
491,528
491,559
491,625
491,634
491,667
491,807
491,903
491,1086
491,1089
491,1110
491,1128
491,1143
491,1331
491,1621
491,1685
491,1744
491,2101
491,2199
491,2630
491,2648
491,3031
491,3056
491,3903
491,3959
491,4079
491,4124
491,4135
491,4451
491,4474
491,4490
491,4589
491,4750
492,536
492,538
492,638
492,734
492,1025
492,1433
492,1444
492,1453
492,1816
492,1830
492,1864
492,2035
492,2164
492,2331
492,3130
492,3322
492,3351
492,3374
492,3448
492,3477
492,3633
492,3738
492,4254
492,4870
493,688
493,714
493,784
493,799
493,822
493,959
493,976
493,994
493,998
493,1099
493,1104
493,1195
493,1328
493,1341
493,1599
493,1701
493,1760
493,1824
493,1847
493,1900
493,2052
493,2348
493,2493
493,2588
493,2648
493,2657
493,2702
493,2827
493,3182
493,3323
493,3412
493,3545
493,3568
493,3776
493,3816
493,3820
493,3915
493,3956
493,3979
493,4074
493,4168
493,4606
493,4641
493,4718
493,4742
493,4745
493,4783
493,4881
494,737
494,751
494,800
494,832
494,922
494,977
494,1013
494,1199
494,1344
494,2104
494,2206
494,2209
494,2650
494,2914
494,3363
494,3366
494,4155
494,4418
494,4526
495,543
495,988
495,1035
495,1064
495,1207
495,1339
495,1348
495,1402
495,1621
495,1675
495,1770
495,2366
495,2615
495,3170
495,3335
495,3565
495,3632
495,4211
495,4310
495,4440
495,4593
495,4604
495,4934
496,543
496,572
496,632
496,655
496,812
496,928
496,986
496,1100
496,1325
496,1434
496,1901
496,1959
496,2152
496,2334
496,2343
496,2424
496,2437
496,2793
496,2864
496,2963
496,3052
496,3157
496,3825
496,3933
496,4245
496,4452
497,526
497,907
497,1077
497,1109
497,1227
497,1813
497,1891
497,1922
497,2062
497,2116
497,2268
497,2802
497,3466
497,3777
497,3943
497,3965
497,4016
497,4053
497,4072
497,4201
498,564
498,650
498,756
498,982
498,998
498,1013
498,1204
498,1248
498,1275
498,1366
498,1370
498,1471
498,1562
498,1682
498,1841
498,1953
498,1995
498,2038
498,2203
498,2458
498,2815
498,3253
498,3418
498,3837
498,3891
499,563
499,585
499,656
499,698
499,893
499,987
499,1140
499,1160
499,1540
499,2042
499,3339
499,3534
499,3948
499,4283
499,4286
499,4334
499,4416
499,4465
499,4843
500,606
500,637
500,981
500,1056
500,1068
500,1625
500,2084
500,2313
500,3187
500,3840
500,4967
501,560
501,586
501,720
501,855
501,1367
501,1425
501,1568
501,1691
501,1699
501,1729
501,1768
501,1932
501,2000
501,2212
501,2505
501,2538
501,2722
501,2770
501,3033
501,3041
501,3397
501,3510
501,3902
501,4006
501,4052
501,4072
501,4449
501,4581
501,4602
501,4618
502,521
502,661
502,787
502,1058
502,1224
502,1488
502,1498
502,1581
502,1786
502,1818
502,1892
502,1907
502,2042
502,2249
502,2293
502,2321
502,2518
502,2723
502,2993
502,3075
502,3665
502,3801
502,4449
502,4900
502,4977
503,505
503,739
503,748
503,792
503,902
503,967
503,982
503,1107
503,1190
503,1208
503,1227
503,1360
503,1648
503,1944
503,1982
503,1995
503,1999
503,2182
503,2256
503,2279
503,2387
503,2654
503,2729
503,2763
503,2836
503,2895
503,3175
503,3221
503,3602
503,3876
503,4366
504,509
504,555
504,706
504,715
504,785
504,886
504,1063
504,1369
504,1383
504,1394
504,1402
504,1526
504,1640
504,1689
504,1760
504,1764
504,1777
504,1895
504,2241
504,2260
504,2447
504,2678
504,2719
504,2744
504,2789
504,3016
504,3748
504,4088
504,4242
504,4303
504,4393
504,4446
504,4836
504,4995
505,591
505,1095
505,1438
505,1842
505,2182
505,3091
505,3122
505,3333
505,3437
505,3442
505,3645
505,4029
506,513
506,638
506,820
506,932
506,1103
506,1307
506,1604
506,1624
506,1656
506,1657
506,2183
506,2311
506,2860
506,2872
506,3203
506,3447
506,3644
506,3773
506,4739
507,565
507,648
507,727
507,732
507,841
507,852
507,886
507,916
507,975
507,1058
507,1156
507,1230
507,1295
507,1327
507,1395
507,1477
507,1512
507,1584
507,1643
507,1667
507,1775
507,2104
507,2106
507,2310
507,2361
507,2563
507,2843
507,2891
507,2966
507,3009
507,3163
507,3441
507,3780
507,3813
507,3863
507,4247
507,4425
507,4647
508,654
508,688
508,724
508,745
508,883
508,1247
508,1464
508,1590
508,2292
508,2495
508,2507
508,2731
508,3083
508,3099
508,3113
508,4079
508,4184
508,4343
508,4683
508,4762
508,4934
509,695
509,947
509,1080
509,1492
509,1518
509,1600
509,2010
509,2015
509,2152
509,2183
509,2285
509,2464
509,2596
509,2707
509,3261
509,3275
509,3905
509,4029
509,4230
509,4538
509,4577
509,4683
509,4879
510,702
510,1135
510,1643
510,2512
510,3407
510,3472
510,4402
510,4601
510,4992
511,702
511,742
511,802
511,826
511,840
511,1037
511,1171
511,1413
511,1462
511,1626
511,1753
511,2148
511,2273
511,2306
511,2323
511,2388
511,2395
511,2413
511,2448
511,2454
511,2785
511,2833
511,2851
511,2973
511,3028
511,3447
511,3949
511,4151
511,4203
511,4297
511,4649
512,565
512,608
512,860
512,934
512,1066
512,1082
512,1103
512,1107
512,1153
512,1165
512,1338
512,1722
512,1744
512,1938
512,2041
512,2098
512,2243
512,2505
512,2534
512,2627
512,2663
512,2862
512,2924
512,3304
512,3576
512,3820
512,4292
512,4332
512,4582
512,4682
513,525
513,567
513,574
513,612
513,823
513,978
513,1034
513,1063
513,1185
513,1445
513,1575
513,1726
513,1760
513,1928
513,1998
513,2075
513,2137
513,2145
513,2436
513,2518
513,2603
513,3062
513,3140
513,3165
513,3273
513,4018
513,4209
513,4553
513,4792
513,4807
513,4841
513,4979
514,563
514,604
514,663
514,664
514,779
514,868
514,1113
514,1161
514,1172
514,1216
514,1290
514,1388
514,1390
514,1534
514,1586
514,1591
514,1743
514,1809
514,1922
514,1944
514,2067
514,2239
514,2328
514,2338
514,2448
514,2514
514,2607
514,2688
514,2714
514,2763
514,2771
514,2911
514,3125
514,3460
514,3675
514,3684
514,3714
514,3818
514,3838
514,3866
514,3872
514,3887
514,3908
514,4052
514,4202
514,4533
515,762
515,814
515,818
515,876
515,963
515,1201
515,1225
515,1315
515,1855
515,1975
515,2020
515,2395
515,2459
515,2470
515,2845
515,2964
515,3117
515,3210
515,3524
515,3565
515,3590
515,4256
515,4400
515,4599
515,4729
516,553
516,662
516,778
516,917
516,1052
516,1166
516,1255
516,1300
516,1617
516,2172
516,2744
516,3229
516,3579
516,3628
516,3738
516,3777
516,3848
516,4112
516,4304
516,4368
516,4542
516,4919
517,591
517,698
517,918
517,1041
517,1300
517,1303
517,1340
517,1359
517,1798
517,1880
517,1936
517,2053
517,2108
517,2269
517,2524
517,2738
517,3001
517,3281
517,3335
517,3349
517,3367
517,3388
517,3730
517,3784
517,3791
517,3805
517,4090
517,4207
517,4385
517,4539
517,4628
517,4656
517,4794
518,523
518,686
518,876
518,894
518,1123
518,1145
518,1452
518,1477
518,1555
518,1638
518,1936
518,2008
518,2036
518,2115
518,2741
518,2991
518,3265
518,3291
518,3395
518,3512
518,3606
518,3620
518,3782
518,4122
518,4288
518,4348
518,4448
518,4642
518,4773
518,4939
519,542
519,668
519,677
519,711
519,761
519,895
519,1023
519,1305
519,1511
519,1793
519,2178
519,2343
519,2373
519,2604
519,2751
519,3382
519,3495
519,3884
519,4045
519,4267
519,4767
519,4965
520,575
520,647
520,961
520,1063
520,1086
520,1261
520,1278
520,1596
520,1791
520,2145
520,3038
520,3077
520,3734
520,3767
520,3860
520,4064
520,4235
520,4259
520,4384
520,4705
521,587
521,1049
521,1704
521,1822
521,1914
521,2326
521,2398
521,2489
521,2728
521,2852
521,3249
521,3375
521,3712
521,4581
521,4676
522,528
522,714
522,723
522,996
522,1039
522,1120
522,1297
522,1468
522,2181
522,2430
522,2454
522,2464
522,2550
522,2691
522,2991
522,3099
522,3272
523,623
523,707
523,750
523,774
523,895
523,1075
523,1085
523,1108
523,1137
523,1286
523,1572
523,1681
523,1686
523,1784
523,1874
523,1884
523,1894
523,2405
523,2424
523,2568
523,2784
523,3010
523,3363
523,3693
523,3813
523,4222
523,4401
523,4755
523,4911
523,4988
524,543
524,1395
524,1606
524,1712
524,4334
525,556
525,668
525,902
525,934
525,962
525,963
525,1423
525,1569
525,1624
525,1650
525,2004
525,2362
525,2390
525,2541
525,2551
525,2814
525,2893
525,2932
525,3477
525,3659
525,3717
525,3936
525,4291
525,4420
525,4476
525,4480
525,4888
526,770
526,1310
526,1510
526,1603
526,1612
526,1710
526,1782
526,2535
526,2883
526,3050
526,3484
526,4624
526,4653
527,749
527,1234
527,1407
527,2235
527,2324
527,2868
527,4356
527,4460
527,4951
528,909
528,919
528,998
528,1163
528,1285
528,1479
528,2169
528,2196
528,2217
528,2661
528,2787
528,3130
528,3677
528,3688
528,3721
528,3831
528,4196
528,4557
528,4558
529,1025
529,1514
529,1653
529,2059
529,2270
529,2707
529,3906
529,4314
529,4519
530,588
530,652
530,705
530,767
530,854
530,979
530,1346
530,1386
530,1387
530,1429
530,1556
530,1602
530,1616
530,1919
530,2049
530,2163
530,2224
530,2237
530,2314
530,2424
530,2486
530,3039
530,3105
530,3160
530,3613
530,3697
530,4113
530,4153
530,4929
531,649
531,670
531,751
531,875
531,1030
531,1429
531,1465
531,1501
531,1772
531,1812
531,2594
531,2734
531,2933
531,3255
531,4959
532,547
532,556
532,560
532,599
532,672
532,776
532,850
532,855
532,867
532,935
532,945
532,996
532,1119
532,1176
532,1261
532,1310
532,1656
532,1738
532,1809
532,1816
532,1846
532,1932
532,2087
532,2088
532,2165
532,2168
532,2259
532,2271
532,2376
532,2523
532,2665
532,2737
532,2955
532,2959
532,3002
532,3070
532,3235
532,3453
532,3583
532,3743
532,3761
532,4181
532,4356
532,4364
532,4439
532,4488
532,4529
532,4697
532,4915
533,884
533,1172
533,1371
533,1412
533,1903
533,2303
533,2575
533,3387
533,3948
533,4191
533,4593
533,4652
533,4846
534,550
534,579
534,741
534,826
534,882
534,985
534,1174
534,1352
534,1622
534,1830
534,1863
534,2142
534,2297
534,2676
534,3227
534,3285
534,3566
534,3593
534,3731
534,4167
534,4468
534,4580
535,582
535,608
535,806
535,1047
535,1829
535,2374
535,2598
535,2601
535,2934
535,3526
535,3820
535,3879
535,4055
535,4174
535,4348
535,4878
536,659
536,848
536,1035
536,1146
536,1312
536,1481
536,1740
536,1774
536,1815
536,1896
536,2016
536,2085
536,2128
536,2547
536,2557
536,2686
536,3199
536,3680
536,4092
536,4668
536,4748
536,4805
536,4812
537,542
537,1228
537,1341
537,1375
537,1542
537,1733
537,2191
537,2690
537,2905
537,3193
537,3558
537,3586
537,4148
537,4498
537,4651
538,539
538,559
538,695
538,717
538,803
538,809
538,842
538,856
538,880
538,956
538,1017
538,1070
538,1102
538,1240
538,1403
538,1729
538,2013
538,2352
538,2799
538,2824
538,3607
539,547
539,651
539,663
539,761
539,819
539,1030
539,1204
539,1341
539,1404
539,1691
539,1772
539,2359
539,3142
539,3302
539,3395
539,3411
539,3501
539,3617
539,3702
539,3997
539,4066
539,4095
540,595
540,1485
540,1840
540,1943
540,2432
540,2674
540,2714
540,4806
540,4855
540,4954
541,896
541,1533
541,1578
541,1722
541,3188
541,3260
541,4859
541,4904
542,569
542,616
542,654
542,1281
542,1451
542,1565
542,1615
542,2738
542,2983
542,3108
542,3839
542,4486
542,4925
543,623
543,732
543,770
543,1759
543,2061
543,2091
543,2111
543,2364
543,2712
543,3132
543,3168
543,3253
543,3408
543,3513
543,4170
543,4347
543,4871
543,4918
544,596
544,607
544,684
544,769
544,838
544,853
544,1405
544,1495
544,2032
544,2483
544,2757
544,3277
544,3480
544,3515
544,3542
544,3910
544,4223
544,4384
544,4655
545,565
545,628
545,671
545,1156
545,1878
545,2232
545,2649
545,3381
545,3620
545,4291
545,4788
546,622
546,875
546,1136
546,1270
546,1291
546,1410
546,1685
546,2488
546,3359
546,3866
546,3938
546,4583
546,4831
547,668
547,788
547,940
547,949
547,1665
547,1787
547,2807
547,2978
547,3016
547,3030
547,3045
547,3546
547,4104
547,4235
547,4315
548,593
548,696
548,717
548,760
548,998
548,1107
548,1138
548,1216
548,1269
548,1276
548,1345
548,1407
548,1472
548,1549
548,1571
548,1903
548,2268
548,2980
548,3457
548,4532
548,4787
549,635
549,685
549,1634
549,1678
549,1739
549,2734
549,3574
549,3725
549,3761
549,3875
549,3950
549,4527
549,4545
550,570
550,586
550,635
550,650
550,654
550,735
550,845
550,1438
550,1869
550,1927
550,2065
550,2347
550,3167
550,3281
550,3511
550,3618
550,3752
550,3893
550,4178
550,4404
550,4580
550,4619
550,4907
551,712
551,964
551,1161
551,1787
551,2184
551,3404
551,4044
551,4272
551,4826
552,705
552,764
552,945
552,1208
552,1950
552,2508
552,2510
552,2704
552,2804
552,2983
552,3430
552,3822
552,4014
552,4031
552,4980
553,713
553,882
553,904
553,921
553,983
553,1049
553,1084
553,1365
553,1999
553,2211
553,2359
553,2489
553,2545
553,2793
553,2834
553,3005
553,3233
553,3257
553,3368
553,3862
553,4131
553,4365
553,4849
554,568
554,602
554,838
554,867
554,985
554,1133
554,1292
554,1305
554,1321
554,1415
554,1558
554,1618
554,4271
554,4426
554,4500
555,892
555,1001
555,1241
555,1271
555,1650
555,1797
555,1912
555,2281
555,2549
555,2962
555,3058
555,3098
555,3142
555,3232
555,3520
555,3647
555,3949
555,4069
555,4098
555,4212
555,4683
556,637
556,753
556,758
556,964
556,1029
556,1043
556,1102
556,1329
556,1358
556,1431
556,1509
556,1573
556,2391
556,2501
556,2967
556,3473
557,694
557,1031
557,1045
557,1050
557,1088
557,1221
557,1397
557,1412
557,1456
557,1839
557,1914
557,2068
557,2496
557,2628
557,2809
557,3178
557,3361
557,3524
557,3937
557,4022
557,4444
557,4946
558,698
558,1818
558,1835
558,1915
558,1922
558,2244
558,2353
558,2741
558,2840
558,3304
558,3647
558,3924
558,4474
558,4838
559,931
559,1375
559,1448
559,1483
559,1626
559,1972
559,2127
559,2166
559,2609
559,2701
559,2809
559,3350
559,3859
559,4103
559,4410
559,4887
560,625
560,689
560,824
560,941
560,1046
560,1418
560,1522
560,1609
560,1954
560,1978
560,2001
560,2487
560,2785
560,2888
560,3325
560,3350
560,3373
560,3529
560,3746
560,3941
560,4041
560,4084
561,672
561,706
561,707
561,978
561,1858
561,1903
561,2263
561,2973
561,4158
561,4302
561,4431
562,658
562,709
562,892
562,1312
562,1432
562,1776
562,1947
562,2128
562,2201
562,2430
562,2827
562,4159
562,4425
562,4582
563,1092
563,1481
563,1682
563,3471
563,4078
563,4403
564,573
564,598
564,600
564,752
564,797
564,1056
564,1130
564,1140
564,1253
564,1262
564,1269
564,1297
564,1308
564,1414
564,1595
564,1613
564,1953
564,2107
564,2715
564,3266
564,3298
564,3311
564,3403
564,3521
564,3620
564,3770
564,3930
564,4216
564,4241
564,4417
564,4609
565,623
565,787
565,862
565,877
565,958
565,1034
565,1408
565,1849
565,1913
565,1944
565,2476
565,2504
565,2512
565,2712
565,2854
565,2944
565,3375
565,3543
565,4825
566,611
566,668
566,797
566,822
566,1109
566,1266
566,1267
566,1296
566,1313
566,1575
566,1762
566,1823
566,2122
566,2124
566,2154
566,2229
566,2288
566,2732
566,2938
566,2946
566,2974
566,3833
566,3922
566,3977
566,4059
566,4146
566,4456
566,4730
567,574
567,815
567,842
567,1745
567,1753
567,1804
567,2054
567,2201
567,2245
567,2820
567,3372
567,3484
567,3937
567,4244
567,4280
568,814
568,1033
568,1037
568,1220
568,1314
568,1683
568,2048
568,2173
568,2353
568,2420
568,2773
568,2855
568,3134
568,4026
568,4392
568,4879
568,4896
569,580
569,620
569,635
569,676
569,775
569,845
569,937
569,992
569,1006
569,1158
569,1353
569,1524
569,1661
569,1672
569,2097
569,2159
569,2470
569,3543
569,3728
569,3800
569,4977
570,685
570,816
570,878
570,1055
570,1202
570,1255
570,1394
570,1720
570,1813
570,1885
570,1962
570,2089
570,2113
570,3104
570,3442
570,3568
570,3621
570,4617
570,4651
571,1099
571,1154
571,1231
571,1251
571,1459
571,1683
571,1779
571,2045
571,2287
571,3010
571,3816
571,3867
571,4141
571,4350
571,4385
571,4854
572,790
572,1289
572,1341
572,1455
572,1544
572,1612
572,1623
572,1666
572,1958
572,2037
572,2050
572,2075
572,2089
572,2496
572,2520
572,3054
572,3125
572,3131
572,3151
572,3210
572,3220
572,3293
572,3294
572,3300
572,3341
572,3410
572,3438
572,3501
572,3533
572,3858
572,3917
572,4246
572,4263
572,4336
572,4490
572,4595
573,693
573,933
573,1057
573,1267
573,1603
573,1991
573,2585
573,2646
573,2657
573,3778
573,4291
573,4509
573,4905
574,617
574,698
574,959
574,1049
574,1123
574,1359
574,1478
574,1608
574,1699
574,1791
574,1806
574,1815
574,1953
574,2132
574,2222
574,2272
574,2722
574,3542
574,4223
574,4293
574,4522
575,667
575,896
575,932
575,1051
575,1138
575,1195
575,1371
575,2132
575,2168
575,2317
575,2335
575,2357
575,2396
575,2534
575,2587
575,2846
575,2984
575,3133
575,3383
575,3720
575,3966
575,4296
576,674
576,697
576,788
576,867
576,990
576,1039
576,1070
576,1127
576,1310
576,1350
576,1372
576,1489
576,1673
576,1774
576,1802
576,1889
576,2180
576,2252
576,2377
576,2475
576,2528
576,2579
576,2591
576,2711
576,2920
576,2994
576,3136
576,3246
576,3282
576,3401
576,3779
576,3858
576,4024
576,4112
576,4153
576,4274
576,4578
576,4686
576,4815
576,4963
576,4985
577,694
577,716
577,746
577,823
577,945
577,982
577,1146
577,1160
577,1205
577,1380
577,1442
577,1558
577,2175
577,2252
577,2298
577,2760
577,2841
577,2885
577,3105
577,3307
577,3775
577,3816
577,3874
577,4084
577,4114
577,4222
577,4742
577,4772
577,4838
578,624
578,674
578,941
578,1035
578,1044
578,1131
578,1350
578,1633
578,1646
578,1713
578,1837
578,2150
578,2533
578,2583
578,2621
578,3885
578,3909
578,4269
578,4839
579,613
579,689
579,701
579,705
579,753
579,808
579,822
579,834
579,913
579,956
579,1095
579,1232
579,1392
579,1435
579,1787
579,1955
579,2121
579,2478
579,2656
579,3046
579,3085
579,3136
579,3763
579,3802
579,4038
579,4077
579,4221
579,4324
579,4715
580,682
580,937
580,999
580,1024
580,1047
580,1063
580,1215
580,1698
580,2026
580,2292
580,2646
580,3073
580,3084
580,3165
580,3382
580,3455
580,3981
580,4127
580,4297
580,4407
581,620
581,943
581,1200
581,1224
581,1252
581,1293
581,1446
581,1640
581,2114
581,2615
581,3614
581,4630
582,651
582,678
582,802
582,1223
582,1389
582,1540
582,1623
582,2227
582,2593
582,2641
582,2685
582,2923
582,3072
582,3110
582,3343
582,4004
583,589
583,611
583,881
583,898
583,982
583,1094
583,1187
583,1197
583,1329
583,1616
583,2129
583,2155
583,2269
583,2299
583,2411
583,2422
583,2550
583,2869
583,3340
583,3728
583,3767
583,3857
583,3982
583,4185
583,4246
583,4464
583,4887
583,4911
584,589
584,660
584,699
584,701
584,768
584,862
584,903
584,1046
584,1071
584,1158
584,1403
584,1805
584,1885
584,1890
584,2009
584,2051
584,2180
584,2212
584,2386
584,2441
584,2483
584,2540
584,2564
584,2711
584,2773
584,2781
584,2889
584,3255
584,3292
584,3361
584,3529
584,3577
584,4331
584,4370
584,4603
584,4957
585,711
585,786
585,1005
585,1043
585,1223
585,1379
585,1565
585,2177
585,2183
585,2273
585,2696
585,2961
585,2966
585,3128
585,3844
585,4514
586,1145
586,2059
586,2714
587,813
587,938
587,1108
587,1941
587,1995
587,2046
587,2068
587,2573
587,2938
587,3115
587,3116
587,3147
587,3247
587,4018
587,4585
587,4744
587,4949
588,605
588,628
588,655
588,783
588,806
588,923
588,1052
588,1098
588,1210
588,1472
588,1486
588,1707
588,1736
588,1834
588,1902
588,2001
588,2075
588,2101
588,2758
588,2959
588,3008
588,3107
588,3697
588,3802
588,3964
588,4004
588,4202
588,4502
588,4846
589,595
589,605
589,772
589,1428
589,1443
589,2073
589,2127
589,2277
589,2606
589,2633
589,2899
589,3128
589,3236
589,3278
589,3492
589,3687
589,4013
589,4053
589,4356
589,4408
589,4577
590,673
590,877
590,958
590,1035
590,1147
590,1339
590,1564
590,1620
590,1975
590,2619
590,2683
590,2847
590,2980
590,3239
590,3872
590,3873
590,3937
591,770
591,830
591,1002
591,1025
591,1232
591,1269
591,1309
591,1697
591,1959
591,2375
591,2494
591,2543
591,3030
591,3502
591,3792
591,3922
591,4176
591,4240
592,745
592,895
592,1183
592,1208
592,1409
592,1475
592,1552
592,1794
592,1809
592,1984
592,2089
592,2197
592,2532
592,2629
592,3179
592,3368
592,3386
592,3617
592,3794
592,4073
592,4320
592,4622
592,4729
592,4766
592,4772
592,4849
593,1309
593,1315
593,1432
593,2207
593,2232
593,2407
593,2416
593,2586
593,2605
593,2764
593,2874
593,2928
593,3103
593,3411
593,4267
593,4548
593,4993
594,611
594,683
594,707
594,1182
594,1254
594,1541
594,1693
594,1720
594,2595
594,3188
594,3956
594,4048
594,4565
594,4608
594,4772
594,4785
595,733
595,1269
595,1398
595,1441
595,1503
595,1624
595,1985
595,2801
595,3155
595,3682
596,949
596,991
596,1174
596,1189
596,2341
596,2707
596,3144
596,3708
596,3899
596,4074
596,4227
596,4596
596,4607
597,618
597,735
597,773
597,791
597,800
597,804
597,871
597,904
597,1747
597,1901
597,1935
597,1964
597,2204
597,2410
597,2668
597,2713
597,2742
597,2886
597,2920
597,2926
597,2994
597,3267
597,3278
597,3283
597,3363
597,3512
597,3569
597,3667
597,4184
597,4475
597,4576
597,4656
597,4747
597,4807
597,4859
597,4864
597,4958
598,637
598,806
598,877
598,892
598,1073
598,1259
598,1392
598,1571
598,1663
598,1670
598,1925
598,2112
598,2157
598,2316
598,2351
598,2499
598,2692
598,2816
598,3342
598,3465
598,3702
598,3863
598,3882
598,4021
599,944
599,1251
599,1294
599,1296
599,1400
599,1715
599,1911
599,2060
599,2625
599,2724
599,3094
599,3584
599,4019
599,4423
600,918
600,1185
600,1187
600,1361
600,2273
600,2643
600,3959
601,638
601,696
601,961
601,975
601,1037
601,1058
601,1577
601,1914
601,2134
601,2493
601,2526
601,3285
601,3719
601,4115
601,4164
601,4263
601,4312
601,4763
601,4854
602,760
602,1089
602,1127
602,1776
602,1832
602,2042
602,2602
602,2728
602,2923
602,3011
602,3392
602,3408
602,4282
602,4581
603,671
603,935
603,1032
603,1248
603,1553
603,1973
603,2035
603,2146
603,2302
603,2356
603,2397
603,2505
603,2950
603,2962
603,3312
603,4780
604,618
604,644
604,842
604,968
604,1015
604,1133
604,1304
604,1347
604,1630
604,2513
604,2600
604,2647
604,2744
604,2822
604,3078
604,3094
604,3119
604,3270
604,3286
604,3369
604,3397
604,3419
604,3470
604,3943
604,4073
604,4162
604,4247
604,4360
604,4443
605,619
605,621
605,772
605,861
605,898
605,1039
605,1048
605,1113
605,1127
605,1375
605,1571
605,1707
605,2088
605,2135
605,2292
605,2756
605,2871
605,3374
605,3620
605,3622
605,3732
605,4164
605,4696
605,4945
606,645
606,657
606,800
606,845
606,891
606,947
606,1124
606,1126
606,1221
606,1319
606,1325
606,1440
606,1453
606,1601
606,1867
606,2168
606,2246
606,2491
606,2611
606,2831
606,3005
606,3049
606,3392
606,3839
606,3868
606,3928
607,813
607,1268
607,1598
607,1625
607,1851
607,2047
607,2148
607,4183
607,4579
608,685
608,716
608,1119
608,1573
608,1960
608,2225
608,2252
608,2356
608,2363
608,2653
608,3414
608,4127
608,4763
608,4913
609,1127
609,1267
609,1564
609,1817
609,2066
609,2179
609,2298
609,2463
609,2806
609,3166
610,697
610,711
610,756
610,834
610,1243
610,1324
610,1419
610,1689
610,1700
610,1790
610,1854
610,1912
610,2056
610,2251
610,2320
610,2360
610,2468
610,2838
610,3051
610,3075
610,3276
610,3282
610,3757
610,3978
610,4348
610,4558
610,4583
610,4851
611,901
611,1045
611,1741
611,2139
611,2877
611,2952
611,4272
611,4547
611,4611
611,4626
612,702
612,930
612,2004
612,2294
612,2560
612,3217
612,3308
612,3743
612,4379
612,4749
612,4767
613,929
613,1181
613,1278
613,1981
613,2509
613,2684
613,3405
613,3791
613,4907
614,1102
614,1179
614,1472
614,3389
614,3692
614,3943
614,4074
615,726
615,1083
615,1218
615,1490
615,1645
615,1886
615,2152
615,2482
615,2490
615,2821
615,2844
615,2998
615,3023
615,3044
615,3340
615,3414
615,3626
615,3746
615,4084
615,4142
615,4403
616,640
616,794
616,854
616,983
616,1054
616,1103
616,1357
616,1416
616,1428
616,1432
616,1494
616,1613
616,1652
616,2280
616,2410
616,3294
616,3409
616,4313
616,4331
616,4501
617,1965
617,2248
617,2475
617,3338
617,4036
618,651
618,754
618,818
618,942
618,1008
618,1135
618,1634
618,1679
618,1705
618,2218
618,2269
618,2408
618,2504
618,2538
618,2656
618,3012
618,3016
618,3401
618,3458
618,3548
618,4019
618,4043
618,4182
618,4394
618,4405
618,4830
619,673
619,706
619,707
619,838
619,1066
619,1258
619,1281
619,1525
619,1588
619,1654
619,1765
619,2061
619,2086
619,2307
619,2371
619,3594
619,3617
619,3688
619,3740
619,4699
619,4801
619,4836
620,891
620,950
620,1004
620,1421
620,1480
620,1716
620,1734
620,2100
620,2671
620,2889
620,3126
620,3262
620,3579
620,4149
620,4467
621,792
621,1092
621,2062
621,2440
621,2852
621,3240
621,3849
621,4309
622,767
622,813
622,916
622,920
622,928
622,1148
622,1384
622,1392
622,1634
622,1644
622,1753
622,1857
622,1885
622,3040
622,3180
622,3250
622,3429
622,3573
622,3753
622,3905
622,4645
623,686
623,833
623,875
623,1423
623,1462
623,1710
623,1774
623,1946
623,1957
623,2186
623,2412
623,2567
623,3108
623,4022
623,4202
623,4687
623,4928
624,636
624,792
624,1055
624,1190
624,1228
624,1327
624,1383
624,1459
624,1961
624,2036
624,2100
624,2269
624,2289
624,2400
624,2413
624,2701
624,2875
624,2979
624,3016
624,3370
624,3566
624,3630
624,4081
624,4126
624,4761
624,4837
624,4896
625,631
625,940
625,967
625,1082
625,1139
625,1215
625,1222
625,1235
625,1596
625,1665
625,2796
625,3570
625,3778
626,671
626,672
626,683
626,686
626,716
626,1069
626,1342
626,1649
626,1668
626,1707
626,2618
626,2832
626,2899
626,2923
626,3156
626,3199
626,3482
626,3483
626,3652
626,3748
626,4285
626,4316
626,4987
627,739
627,905
627,1060
627,1197
627,1305
627,1372
627,1442
627,1520
627,2045
627,2122
627,2475
627,2727
627,2798
627,3049
627,3253
627,3582
627,3913
627,3961
627,4052
627,4182
627,4390
627,4579
628,968
628,1413
628,1702
628,2165
628,2246
628,2551
628,2826
628,3510
628,3624
628,4478
628,4718
628,4730
629,647
629,704
629,738
629,808
629,853
629,1043
629,1153
629,1214
629,1298
629,1509
629,1682
629,1942
629,2029
629,2234
629,2286
629,2290
629,2301
629,2367
629,2723
629,2941
629,2993
629,4447
629,4490
629,4614
629,4899
629,4996
630,852
630,1082
630,1177
630,1582
630,1715
630,1772
630,1805
630,1915
630,1929
630,1942
630,1968
630,2166
630,2283
630,2329
630,2374
630,2453
630,2957
630,3379
630,3454
630,3605
630,4030
630,4278
630,4283
630,4970
631,865
631,1087
631,1166
631,1217
631,2066
631,2210
631,2822
631,3036
631,3554
631,3914
631,4468
631,4530
631,4646
631,4701
632,933
632,955
632,1602
632,1634
632,1865
632,2076
632,2217
632,2455
632,2607
632,2739
632,2904
632,2927
632,3429
632,3493
632,3944
632,4016
632,4244
632,4827
633,872
633,889
633,1234
633,1474
633,1718
633,2120
633,2219
633,2367
633,2466
633,2525
633,2654
633,2932
633,3212
633,3330
633,3500
633,3561
633,3800
633,4093
633,4100
633,4659
634,641
634,835
634,861
634,1121
634,1273
634,1324
634,1652
634,1715
634,2281
634,2342
634,2984
634,2988
634,4028
634,4100
634,4129
634,4508
635,794
635,896
635,908
635,950
635,1186
635,1330
635,1333
635,1477
635,1584
635,1811
635,2429
635,2462
635,2598
635,2638
635,2760
635,2789
635,2873
635,3576
635,3737
635,3945
635,4342
635,4773
635,4935
636,857
636,914
636,1088
636,1100
636,1190
636,1430
636,1627
636,2248
636,2274
636,2484
636,3287
636,3684
636,3881
636,3967
636,4267
636,4953
637,639
637,705
637,816
637,828
637,931
637,988
637,1188
637,1540
637,2042
637,2277
637,3099
637,3286
637,4253
637,4254
637,4420
637,4724
638,774
638,856
638,1260
638,1555
638,1590
638,1841
638,1875
638,1915
638,2073
638,2150
638,2370
638,2444
638,2638
638,2686
638,3310
638,3999
638,4040
638,4224
638,4367
639,957
639,1054
639,1162
639,1418
639,1490
639,1554
639,1718
639,2022
639,2288
639,2344
639,2538
639,2698
639,3076
639,3321
639,3359
639,3385
639,3498
639,4123
639,4140
639,4414
639,4811
639,4867
639,4890
640,981
640,1082
640,1110
640,1384
640,1857
640,2615
640,3174
640,3250
640,3346
640,4114
640,4257
640,4645
640,4760
641,789
641,981
641,1071
641,1159
641,1227
641,1633
641,1681
641,1928
641,1937
641,2307
641,2389
641,2872
641,3131
641,3544
641,3630
641,3823
641,3850
641,4612
641,4846
642,910
642,1019
642,1176
642,1378
642,1381
642,1771
642,1785
642,1830
642,1897
642,2040
642,2214
642,2328
642,2427
642,2649
642,2742
642,2858
642,3012
642,3162
642,3364
642,3565
643,814
643,1065
643,1076
643,1119
643,1229
643,1243
643,1273
643,1308
643,1679
643,1723
643,1777
643,1864
643,1921
643,2309
643,2311
643,2334
643,2367
643,2580
643,2583
643,2603
643,3003
643,3068
643,3076
643,3505
643,3786
643,3787
643,3812
643,4014
643,4111
643,4214
643,4249
643,4352
643,4520
643,4631
643,4667
643,4699
643,4734
643,4775
643,4996
644,851
644,859
644,1059
644,1176
644,1554
644,1588
644,1687
644,1795
644,2156
644,2837
644,2841
644,3206
644,3277
644,3297
644,3352
644,3737
644,4294
644,4503
644,4747
645,888
645,1017
645,1023
645,1106
645,1212
645,1312
645,1338
645,1404
645,1468
645,1567
645,1729
645,2280
645,2325
645,2389
645,2556
645,2557
645,2719
646,958
646,1039
646,1976
646,2540
646,2570
646,3005
646,3019
646,3877
646,3947
646,4308
646,4382
646,4689
646,4711
647,934
647,1556
647,2482
647,2484
647,2545
647,2824
647,4365
647,4436
648,1354
648,1482
648,1623
648,1801
648,2361
648,2449
648,2684
648,2914
648,2926
648,3180
648,3304
648,4096
648,4525
649,703
649,736
649,1179
649,1315
649,1516
649,1518
649,1741
649,1774
649,1850
649,3206
649,3685
649,3851
649,3874
649,4142
649,4304
650,700
650,961
650,987
650,1196
650,1431
650,1900
650,2148
650,4045
650,4112
650,4310
650,4448
650,4735
651,840
651,889
651,1453
651,1783
651,2316
651,3645
651,4016
651,4333
651,4895
652,677
652,804
652,850
652,1188
652,1443
652,1489
652,1793
652,1848
652,1861
652,1900
652,2011
652,2102
652,2110
652,2111
652,2144
652,2188
652,2372
652,2773
652,3292
652,3775
652,3984
652,4411
652,4639
652,4972
653,1158
653,1278
653,2066
653,2112
653,2158
653,2575
653,2813
653,3511
653,4213
653,4335
653,4444
654,895
654,1135
654,1295
654,1546
654,1642
654,1983
654,2570
654,3216
654,3542
654,3690
654,3992
654,4149
654,4217
655,659
655,680
655,754
655,844
655,1014
655,1056
655,1176
655,1238
655,1538
655,1553
655,1584
655,1829
655,1925
655,1946
655,1966
655,2327
655,2368
655,2371
655,2802
655,2924
655,2963
655,2995
655,3402
655,3463
655,3751
655,3957
655,4234
655,4380
655,4620
655,4721
656,657
656,760
656,817
656,882
656,901
656,908
656,943
656,1094
656,1334
656,1400
656,1514
656,1763
656,1908
656,2558
656,2645
656,2763
656,2806
656,2965
656,3013
656,3067
656,3101
656,3102
656,3211
656,4114
656,4885
657,1150
657,1750
657,2224
657,2612
657,2772
657,2878
657,3049
657,3175
657,3535
657,3655
657,4566
657,4969
658,866
658,1027
658,1180
658,1190
658,1350
658,1464
658,1814
658,1958
658,2518
658,2949
658,2955
658,3142
658,3342
658,3640
658,3878
658,4242
658,4546
659,836
659,887
659,1172
659,1279
659,2218
659,2334
659,2460
659,2789
659,2835
659,3213
659,3255
659,3482
659,4147
660,835
660,1244
660,2556
660,2688
660,4790
661,1036
661,1128
661,1195
661,1255
661,1337
661,1396
661,1592
661,1828
661,1894
661,2190
661,2309
661,2396
661,2741
661,2826
661,2953
661,3615
661,3730
662,664
662,717
662,725
662,813
662,835
662,872
662,915
662,983
662,1053
662,1128
662,1233
662,1351
662,1478
662,1708
662,1769
662,1867
662,1869
662,1958
662,1964
662,1978
662,2043
662,2338
662,2346
662,2457
662,2755
662,2937
662,3454
662,3768
662,4724
663,664
663,1131
663,1363
663,1394
663,1646
663,1886
663,2034
663,2263
663,2506
663,2517
663,3277
663,3676
663,3733
663,3967
663,4172
663,4583
663,4824
663,4856
664,1756
664,1833
664,1930
664,2038
664,2369
664,2429
664,3018
664,3280
664,3356
664,3369
664,3424
664,3506
664,3729
664,3887
664,4178
664,4682
664,4693
664,4820
665,855
665,881
665,886
665,1006
665,1092
665,1565
665,2211
665,2268
665,2441
665,2482
665,2629
665,2700
665,3097
665,3129
665,3299
665,3386
665,3841
665,4059
665,4071
665,4291
665,4507
666,729
666,886
666,991
666,1010
666,1137
666,1151
666,1498
666,1537
666,1721
666,1780
666,2077
666,2145
666,2262
666,2573
666,2617
666,2635
666,2748
666,2820
666,3021
666,3171
666,3349
666,3517
666,3803
666,3887
666,3921
666,4232
666,4616
666,4847
666,4927
667,743
667,793
667,795
667,1192
667,1277
667,1332
667,1479
667,2198
667,2254
667,2313
667,2544
667,2738
667,2831
667,2975
667,3132
667,3276
667,3543
667,3931
667,4013
667,4257
667,4664
668,810
668,851
668,900
668,1074
668,1204
668,1380
668,1627
668,1738
668,1884
668,2000
668,2045
668,2448
668,3178
668,3353
668,3565
668,3691
668,3935
668,3947
668,4171
668,4356
668,4412
668,4547
668,4563
669,1036
669,1056
669,1135
669,1528
669,2039
669,2592
669,2810
669,3430
669,3435
669,3754
669,3922
669,3977
669,4071
669,4227
670,978
670,1209
670,1418
670,1510
670,2262
670,2669
670,3075
670,3515
670,3568
670,3838
670,3982
670,4337
670,4768
670,4782
671,672
671,700
671,919
671,1256
671,1458
671,1543
671,1617
671,2043
671,2388
671,2629
671,2638
671,2697
671,2865
671,3074
671,3780
671,3926
671,3937
671,4267
671,4324
671,4387
671,4582
671,4606
671,4941
672,735
672,773
672,852
672,858
672,869
672,931
672,969
672,1057
672,1114
672,1135
672,1247
672,1259
672,1346
672,1741
672,2038
672,2111
672,2432
672,2528
672,2542
672,2545
672,2582
672,2703
672,2723
672,2879
672,2921
672,3028
672,3112
672,3138
672,3244
672,3497
672,3618
672,3719
672,3837
672,4105
672,4204
672,4216
672,4611
672,4763
673,754
673,897
673,971
673,1527
673,1557
673,1838
673,1973
673,2003
673,2406
673,2848
673,3751
673,4864
674,812
674,841
674,1328
674,1388
674,1401
674,1610
674,1663
674,1988
674,2521
674,2855
674,2893
674,2996
674,3085
674,3266
674,3307
674,3495
674,3680
674,3808
674,4128
674,4574
674,4936
675,927
675,1085
675,1264
675,1316
675,1519
675,1607
675,2419
675,2650
675,2940
675,3238
675,3390
675,3439
675,3567
675,3607
675,4381
675,4823
676,695
676,734
676,738
676,767
676,924
676,966
676,997
676,1100
676,1170
676,1360
676,1776
676,1784
676,1880
676,2153
676,2448
676,2552
676,2777
676,3411
676,3554
676,3762
676,4042
676,4149
676,4638
676,4696
677,712
677,1970
677,2631
677,2733
677,2961
677,4759
678,700
678,723
678,947
678,962
678,1044
678,1694
678,1820
678,2210
678,2321
678,2587
678,2934
678,2954
678,2992
678,3595
678,3925
678,4810
679,687
679,792
679,819
679,945
679,986
679,1394
679,1532
679,1597
679,1779
679,2025
679,2500
679,2631
679,3486
679,3554
679,3659
679,3699
679,3957
679,3968
679,4374
679,4603
680,995
680,1012
680,1482
680,1616
680,1916
680,3167
680,3247
680,3279
680,3890
680,4939
681,815
681,1180
681,1330
681,1390
681,1557
681,1610
681,1660
681,1780
681,1994
681,2456
681,2714
681,3327
681,3567
681,3663
681,3742
681,3814
681,3946
681,4350
681,4811
681,4993
682,695
682,747
682,793
682,797
682,857
682,887
682,1085
682,1224
682,1450
682,1639
682,1701
682,1783
682,1886
682,1983
682,2068
682,2073
682,2183
682,2457
682,2458
682,2480
682,2515
682,2570
682,2879
682,3548
682,3788
682,4127
682,4282
682,4313
683,780
683,787
683,931
683,1303
683,1617
683,1799
683,2031
683,2099
683,2378
683,2915
683,3087
683,3407
683,3639
683,3995
683,4411
684,706
684,1251
684,2009
684,2350
684,3444
684,3752
684,4142
684,4484
684,4533
684,4778
685,707
685,963
685,1698
685,2009
685,2071
685,2706
685,2790
685,3184
685,3200
685,3280
685,3325
685,4870
686,730
686,800
686,1213
686,1314
686,1355
686,1554
686,1692
686,1731
686,2529
686,2535
686,2721
686,2841
686,3001
686,3266
686,3324
686,3432
686,3476
686,4093
686,4262
686,4780
686,4975
687,1069
687,1257
687,1427
687,1699
687,1713
687,2362
687,2536
687,2793
687,2924
687,3149
687,3601
687,3926
687,4626
688,691
688,699
688,734
688,878
688,1250
688,1550
688,1593
688,1999
688,2005
688,2111
688,2434
688,2591
688,2593
688,2873
688,3146
688,3651
688,3687
688,3764
688,3991
688,4157
688,4335
688,4597
688,4607
688,4632
688,4882
689,771
689,936
689,966
689,1001
689,1251
689,1260
689,1379
689,1390
689,1804
689,2478
689,3031
689,3041
689,3222
689,3951
689,4060
689,4658
689,4691
689,4750
689,4837
690,776
690,1352
690,1393
690,1990
690,2321
690,2902
690,3161
690,3865
690,4120
690,4790
691,774
691,1213
691,1620
691,2120
691,2538
691,2631
691,2955
691,3494
691,4065
691,4680
692,699
692,988
692,1147
692,1588
692,1637
692,2485
692,2641
692,2694
692,2900
692,3523
693,715
693,851
693,912
693,929
693,1180
693,1181
693,1618
693,1635
693,1658
693,1822
693,1932
693,2279
693,2761
693,2762
693,2844
693,2874
693,3342
693,3461
693,4034
694,870
694,925
694,1039
694,1185
694,1231
694,1268
694,1349
694,1364
694,1368
694,1416
694,1440
694,1960
694,2109
694,2154
694,2388
694,2606
694,2794
694,3197
694,3215
694,3219
694,3374
694,3469
694,3665
694,3837
694,3924
694,4084
694,4141
694,4211
694,4389
694,4570
694,4730
694,4804
695,736
695,751
695,779
695,784
695,841
695,975
695,1202
695,1321
695,1333
695,1434
695,1827
695,1883
695,2413
695,2559
695,2622
695,2753
695,2779
695,2975
695,3214
695,3245
695,3647
695,3868
695,3996
695,4301
695,4383
695,4479
695,4498
695,4636
695,4735
696,772
696,776
696,874
696,893
696,1166
696,1454
696,2444
696,2556
696,2954
696,3359
696,4456
696,4615
696,4701
696,4873
697,765
697,813
697,1033
697,1315
697,1645
697,1797
697,2651
697,2746
697,3920
697,4905
698,866
698,946
698,965
698,1007
698,1171
698,1439
698,1602
698,1833
698,2967
698,3560
698,3583
698,3876
698,4430
698,4494
698,4541
698,4705
699,737
699,829
699,853
699,1016
699,1132
699,1283
699,1318
699,1324
699,1797
699,1875
699,2419
699,2492
699,2865
699,2956
699,2980
699,3213
699,3234
699,3503
699,3523
699,3952
699,3997
699,4014
699,4117
699,4307
699,4591
699,4633
699,4992
700,774
700,831
700,840
700,1050
700,1189
700,1254
700,1420
700,1608
700,1610
700,2109
700,2132
700,2283
700,2435
700,3093
700,3162
700,3203
700,3291
700,3522
700,3744
700,3853
700,4203
700,4584
700,4636
700,4832
700,4837
700,4973
701,1293
701,1496
701,1521
701,1605
701,1664
701,1718
701,2064
701,2166
701,2316
701,3887
701,3925
701,3943
701,4633
701,4757
702,753
702,846
702,880
702,922
702,1026
702,1073
702,1376
702,2089
702,2171
702,2273
702,2274
702,2384
702,2623
702,2845
702,2884
702,3122
702,3258
702,3432
702,3565
702,3797
702,4074
702,4216
702,4274
702,4313
702,4414
702,4724
702,4850
703,730
703,894
703,1052
703,1105
703,1154
703,1964
703,2189
703,2328
703,2395
703,2402
703,2675
703,3034
703,3055
703,3949
704,1091
704,1169
704,1738
704,2443
704,3750
704,4209
704,4703
705,722
705,738
705,786
705,841
705,847
705,1717
705,1763
705,2214
705,2335
705,2750
705,3007
705,3137
705,3421
705,3690
705,4217
705,4992
706,782
706,1187
706,1289
706,1320
706,1560
706,1571
706,1584
706,2126
706,2258
706,2262
706,2400
706,2533
706,2963
706,3334
706,3981
706,4033
706,4295
706,4370
706,4783
706,4879
707,1159
707,1560
707,1614
707,2156
707,2312
707,2660
707,3139
707,3560
707,3760
707,3805
707,4507
707,4514
707,4830
708,716
708,781
708,889
708,924
708,968
708,1220
708,1381
708,1440
708,1471
708,1510
708,1641
708,1648
708,1944
708,1988
708,2355
708,2509
708,2512
708,2762
708,2837
708,2846
708,2906
708,2962
708,3151
708,3238
708,3268
708,3273
708,3364
708,3744
708,4247
708,4796
708,4984
709,783
709,830
709,882
709,1760
709,2972
709,4315
709,4499
710,946
710,1008
710,1198
710,1337
710,1427
710,1515
710,1529
710,1567
710,1891
710,2621
710,3102
710,3681
710,4568
710,4733
710,4800
711,1447
711,1498
711,1519
711,1567
711,1718
711,2152
711,2219
711,2319
711,2430
711,2440
711,2918
711,3148
711,3171
711,3269
711,3579
711,4074
711,4208
711,4363
711,4975
712,717
712,799
712,833
712,847
712,954
712,1184
712,1677
712,1717
712,1734
712,2010
712,2018
712,2048
712,2062
712,2644
712,3047
712,3873
712,4776
712,4799
713,758
713,832
713,911
713,1264
713,1504
713,1633
713,1845
713,1959
713,2523
713,2868
713,3127
713,3405
714,759
714,860
714,922
714,1117
714,1130
714,1269
714,1500
714,1712
714,1860
714,2178
714,2209
714,2260
714,2480
714,2665
714,2791
714,2858
714,3096
714,3169
714,3637
714,4035
714,4145
714,4211
714,4216
714,4369
714,4486
714,4744
714,4766
714,4892
715,725
715,774
715,780
715,872
715,908
715,956
715,974
715,1434
715,1441
715,1514
715,1613
715,1778
715,1845
715,1871
715,1919
715,1934
715,2085
715,2406
715,2645
715,2761
715,3833
715,4236
715,4522
715,4648
716,752
716,877
716,1563
716,2519
717,836
717,924
717,1010
717,1060
717,1111
717,1145
717,1221
717,1470
717,1550
717,1701
717,1731
717,2015
717,2087
717,2143
717,2286
717,2319
717,2392
717,2514
717,2650
717,2731
717,2823
717,2867
717,2917
717,3199
717,3556
717,3582
717,3720
717,3734
717,3917
717,3994
717,4181
717,4191
717,4765
717,4791
717,4860
718,1123
718,1175
718,1285
718,1414
718,1488
718,1622
718,1715
718,1725
718,2161
718,2331
718,2791
718,3067
718,3185
718,3228
718,3529
718,4440
718,4742
718,4835
719,822
719,937
719,948
719,1003
719,1063
719,1215
719,1277
719,1323
719,1345
719,1396
719,1765
719,2093
719,2161
719,2319
719,2569
719,2879
719,2925
719,3014
719,4319
719,4770
719,4940
720,965
720,1487
721,803
721,885
721,1366
721,1869
721,2024
721,3147
721,3174
721,4326
721,4460
722,737
722,1070
722,1105
722,1155
722,1492
722,1698
722,2060
722,2177
722,2479
722,2726
722,2795
722,2846
722,3015
722,3026
722,3631
723,805
723,1010
723,1113
723,1214
723,1280
723,1294
723,1868
723,1947
723,2574
723,2734
723,3130
723,4546
723,4711
723,4876
724,874
724,997
724,1104
724,1147
724,1319
724,1348
724,1416
724,1511
724,1654
724,1697
724,1727
724,1801
724,2429
724,2927
724,2975
724,3209
725,809
725,817
725,895
725,938
725,1056
725,1391
725,1436
725,1556
725,1563
725,1634
725,1709
725,1726
725,1790
725,2247
725,2749
725,3153
725,3211
725,3298
725,4205
725,4256
725,4380
725,4576
726,995
726,1163
726,1216
726,1516
726,1923
726,1947
726,1949
726,2073
726,2324
726,2445
726,2772
726,2828
726,2861
726,2903
726,2943
726,3259
726,3526
726,3643
726,4000
726,4246
726,4439
726,4884
727,763
727,811
727,1004
727,1144
727,1306
727,1848
727,2014
727,2125
727,2164
727,2187
727,2308
727,2445
727,2514
727,3242
727,3959
727,4194
727,4625
727,4932
728,753
728,988
728,1081
728,1195
728,1225
728,1247
728,1859
728,2056
728,2267
728,3013
728,3185
728,3262
728,3555
728,3810
728,4543
728,4552
729,750
729,1296
729,1326
729,1448
729,1907
729,2133
729,2171
729,2753
729,4540
730,826
730,1264
730,1877
730,2194
730,2334
730,2452
730,2524
730,2564
730,3106
730,3362
730,3485
730,4134
731,1623
731,1883
731,2104
731,2174
731,2587
731,3120
731,4268
731,4784
731,4818
732,840
732,918
732,940
732,942
732,972
732,1023
732,1148
732,1192
732,1271
732,1308
732,1723
732,2208
732,2362
732,2380
732,2574
732,2684
732,2729
732,2856
732,2874
732,3271
732,3811
732,3852
732,4308
732,4487
732,4756
732,4875
732,4944
733,783
733,971
733,1604
733,1679
733,2153
733,2303
733,3020
733,3157
733,3464
733,3869
733,4545
734,741
734,1963
734,2095
734,2129
734,2482
734,4290
735,881
735,1000
735,1063
735,1280
735,1369
735,1782
735,1952
735,2510
735,2996
735,4268
735,4818
735,4891
735,4922
736,883
736,902
736,1279
736,2089
736,2394
736,2802
736,3018
736,3317
736,3713
736,4508
736,4732
737,759
737,886
737,1136
737,1349
737,1407
737,1605
737,2324
737,2487
737,3012
737,3714
737,4148
737,4583
738,739
738,795
738,1182
738,1551
738,2313
738,2914
738,3085
738,3246
738,3260
738,3297
738,3383
738,3951
738,4838
739,1132
739,1386
739,1418
739,2186
739,2321
739,2783
739,3639
739,4244
739,4855
740,925
740,968
740,1388
740,2748
740,3688
740,3730
740,4269
740,4583
741,954
741,1265
741,1283
741,1295
741,2182
741,2574
741,2728
741,2971
741,3075
741,3117
741,3455
741,3783
741,4156
741,4524
741,4974
742,1051
742,1249
742,1327
742,1869
742,1883
742,2150
742,2206
742,2531
742,2539
742,2577
742,2817
742,2848
742,3475
742,4144
742,4484
742,4619
742,4933
743,896
743,913
743,1081
743,1089
743,1097
743,1196
743,1444
743,1536
743,1807
743,1838
743,2024
743,2142
743,2246
743,2331
743,2425
743,3463
743,4007
743,4278
743,4509
743,4852
744,986
744,1152
744,1159
744,1246
744,1480
744,1522
744,1571
744,1725
744,1969
744,2611
744,2831
744,3091
744,3901
744,3914
744,4328
744,4624
744,4797
744,4908
745,831
745,1003
745,1197
745,2054
745,2215
745,2419
745,2511
745,2685
745,2829
745,2880
745,2928
745,3182
745,3675
745,3718
745,4178
745,4658
745,4830
745,4970
746,1018
746,1198
746,1248
746,1289
746,1319
746,1420
746,1486
746,1767
746,2049
746,3792
746,3805
746,4372
746,4869
746,4988
747,796
747,879
747,946
747,949
747,1086
747,1535
747,1568
747,1647
747,1798
747,2363
747,2489
747,2508
747,2659
747,2881
747,3065
747,3363
747,3646
747,4015
747,4279
747,4460
747,4874
748,990
748,1521
748,1804
748,1901
748,2593
748,2947
748,2998
748,3673
748,4663
748,4910
749,951
749,1255
749,1962
749,2056
749,2295
749,2558
749,2743
749,3230
749,3463
749,3705
749,4481
750,1068
750,1211
750,1363
750,1533
750,1569
750,1586
750,1622
750,1705
750,1780
750,1840
750,1948
750,2044
750,2200
750,2251
750,2441
750,2679
750,2886
750,3025
750,3500
750,3745
750,4233
751,752
751,917
751,997
751,1411
751,1826
751,2006
751,2022
751,2464
751,2834
751,2962
751,3010
751,3730
751,3798
751,3852
751,3944
751,4068
751,4424
751,4438
751,4465
751,4601
751,4986
752,789
752,1235
752,1253
752,1454
752,1551
752,1636
752,1761
752,2198
752,2280
752,2287
752,2304
752,2347
752,2642
752,2677
752,2684
752,3156
752,3387
752,3483
752,3557
752,3600
752,3735
752,3749
752,3831
752,3845
752,3875
752,3910
752,4107
752,4114
752,4314
752,4427
753,809
753,824
753,996
753,1240
753,1281
753,1415
753,1797
753,1993
753,2013
753,2058
753,2090
753,2091
753,2133
753,2350
753,2393
753,2512
753,2514
753,2574
753,2619
753,2855
753,2861
753,2915
753,2939
753,3278
753,3538
753,3758
753,3775
753,3809
753,3918
753,3955
753,4219
753,4365
754,1259
754,1398
754,1596
754,1641
754,1669
754,1814
754,2873
754,2953
754,3052
754,3656
754,3657
754,4595
754,4606
754,4624
755,1129
755,1171
755,1265
755,1424
755,1627
755,1689
755,1720
755,1787
755,2121
755,2925
755,2957
755,2982
755,3469
755,4123
755,4554
756,1012
756,1227
756,1322
756,1960
756,2556
756,2779
756,2850
756,3136
756,3667
756,3699
756,4244
756,4410
757,899
757,929
757,1053
757,1085
757,1204
757,1512
757,1894
757,2279
757,2659
757,2670
757,2758
757,2924
757,3303
757,4135
757,4626
757,4782
758,891
758,894
758,1027
758,1031
758,1048
758,1406
758,1462
758,1969
758,2074
758,2110
758,2338
758,2664
758,3248
758,3343
758,4035
758,4366
758,4854
758,4931
759,791
759,826
759,832
759,966
759,1153
759,1348
759,1469
759,1477
759,1693
759,2906
759,2907
759,2982
759,3080
759,3530
759,3603
759,3734
760,876
760,1195
760,1204
760,1335
760,1359
760,1388
760,1453
760,1578
760,1854
760,1901
760,2175
760,2388
760,2513
760,2851
760,3126
760,3128
760,3283
760,3296
760,3537
760,3697
760,3745
760,3813
760,3820
760,4343
760,4440
760,4723
761,901
761,944
761,1026
761,1835
761,2191
761,2364
761,2547
761,2620
761,2708
761,2730
761,2897
761,3973
762,1371
762,1624
762,1645
762,2112
762,2124
762,2804
762,2956
762,3262
762,3708
762,4635
763,816
763,963
763,1255
763,1288
763,1405
763,1955
763,2420
763,2644
763,2787
763,3150
763,3276
763,3481
763,4285
763,4698
764,881
764,915
764,983
764,1013
764,1059
764,1061
764,1089
764,1113
764,1141
764,1208
764,1550
764,1700
764,1804
764,1911
764,1956
764,1968
764,2007
764,2060
764,2079
764,2250
764,2325
764,2457
764,2699
764,2750
764,2961
764,3177
764,3224
764,4306
764,4386
764,4725
764,4984
765,904
765,1719
765,1766
765,1839
765,1991
765,2108
765,2189
765,2269
765,2567
765,2798
765,3247
765,3924
765,4091
765,4537
765,4546
766,773
766,815
766,1128
766,1175
766,1296
766,1297
766,1559
766,1773
766,2376
766,2403
766,2419
766,2467
766,2592
766,3039
766,3091
766,3191
766,3827
766,3934
766,4619
766,4785
766,4995
767,977
767,1067
767,1307
767,1737
767,1809
767,2882
767,3347
767,3872
767,4038
767,4455
767,4562
767,4598
767,4901
768,850
768,1031
768,1661
768,1906
768,2033
768,2103
768,2199
768,2570
768,2780
768,2935
768,3212
768,3228
768,3712
768,3790
768,3803
768,4041
768,4359
768,4819
768,4874
768,4876
768,4880
769,840
769,927
769,1245
769,1863
769,1873
769,2126
769,2188
769,3546
769,3566
769,3918
769,4519
770,1642
770,2316
770,3322
770,3352
770,3696
770,3704
770,4046
771,926
771,1272
771,1356
771,1430
771,1828
771,1883
771,2433
771,2465
771,2748
771,3009
771,3022
771,3055
771,3391
771,3568
771,3618
771,4450
771,4458
771,4763
772,958
772,1360
772,1419
772,1494
772,1539
772,1586
772,1663
772,1780
772,1939
772,2817
772,2937
772,3054
772,3061
772,3090
772,3462
772,3771
772,3782
772,3828
772,3973
772,4688
773,979
773,1199
773,3117
773,4246
773,4258
773,4334
774,967
774,1273
774,1393
774,1461
774,1694
774,1981
774,2205
774,2412
774,3616
774,4049
774,4390
774,4611
774,4652
774,4667
774,4864
774,4968
775,1080
775,1439
775,1599
775,1854
775,2068
775,2070
775,2114
775,2329
775,2514
775,2555
775,2599
775,2621
775,3364
775,4455
775,4571
775,4587
776,863
776,2340
776,2688
776,3446
776,4866
776,4928
777,900
777,1902
777,2278
777,2651
777,3295
777,4767
778,794
778,1183
778,1463
778,1590
778,1890
778,2048
778,2161
778,2205
778,2337
778,2461
778,2489
778,2608
778,2664
778,3186
778,4309
778,4555
778,4615
778,4722
779,812
779,1076
779,1242
779,1305
779,1329
779,1400
779,1417
779,1800
779,2338
779,4147
779,4615
779,4726
779,4909
780,1770
780,1922
780,3350
781,1226
781,1248
781,1549
781,1556
781,1604
781,1644
781,1929
781,2200
781,2719
781,2845
781,3341
781,3433
781,4501
781,4679
781,4938
782,794
782,1040
782,1128
782,1305
782,4594
783,1333
783,1465
783,1976
783,2074
783,2161
783,2224
783,2289
783,2543
783,2583
783,3233
783,3336
783,3579
783,4151
783,4967
784,892
784,1718
784,1770
784,1933
784,2061
784,2494
784,2793
784,2923
784,2933
784,3131
784,3673
784,3845
784,3929
784,4245
784,4393
784,4593
784,4786
784,4796
785,860
785,947
785,1143
785,1331
785,1663
785,2586
785,3435
785,3495
785,3624
785,3631
785,4015
785,4651
785,4893
786,1461
786,1653
786,1872
786,1933
786,2699
786,3049
786,3475
786,3669
786,4116
786,4437
786,4558
787,932
787,1148
787,2125
787,2144
787,2514
787,2546
787,2670
787,4414
787,4675
788,798
788,896
788,937
788,1025
788,1320
788,1616
788,2320
788,2443
788,2874
788,3174
788,3247
788,3279
788,3412
788,4002
788,4281
788,4539
788,4849
789,889
789,933
789,1055
789,1083
789,2150
789,2517
789,2644
789,2672
789,2808
789,2969
789,3877
789,3907
790,887
790,936
790,1059
790,1087
790,1260
790,1412
790,1453
790,1505
790,1892
790,2167
790,2199
790,2240
790,2475
790,2489
790,2890
790,3221
790,3771
790,4019
790,4147
790,4160
790,4270
790,4421
790,4452
790,4581
790,4810
790,4899
790,4956
791,1186
791,1250
791,1578
791,2053
791,2737
791,2836
791,2930
791,2965
791,3031
791,3374
791,3985
791,3990
791,4320
792,864
792,1162
792,2173
792,2329
792,2552
792,2850
792,3072
792,3515
792,3664
792,3753
792,4300
793,805
793,1515
793,2218
793,2821
793,2900
793,3572
793,3577
793,4092
794,1002
794,1031
794,1372
794,1542
794,2203
794,2255
794,2341
794,2642
794,2739
794,2927
794,3109
794,3451
794,3586
794,3788
794,4583
795,871
795,982
795,1068
795,1097
795,1210
795,1342
795,1366
795,1429
795,1483
795,1644
795,1841
795,1848
795,2075
795,2145
795,2178
795,2184
795,3212
795,3312
795,3661
795,3709
795,3731
795,4307
795,4538
795,4685
795,4716
796,1023
796,1169
796,1786
796,1921
796,1982
796,2026
796,2225
796,2627
796,2681
796,2761
796,3199
796,3756
796,4025
796,4182
796,4807
796,4892
796,4994
797,972
797,1007
797,1137
797,1204
797,1208
797,1251
797,1273
797,1327
797,1566
797,1782
797,2269
797,2277
797,2501
797,2957
798,922
798,992
798,1010
798,1112
798,1131
798,1553
798,1680
798,2174
798,4925
799,880
799,994
799,995
799,1160
799,1519
799,1990
799,2056
799,2689
799,3689
799,4095
799,4359
799,4874
800,2192
800,3717
801,880
801,912
801,1022
801,1486
801,1513
801,2234
801,2778
801,2837
801,3314
801,3337
801,3978
801,4071
801,4126
802,1029
802,1076
802,1195
802,1467
802,1620
802,2831
802,3138
802,3470
802,3485
802,3498
802,3716
802,4003
802,4219
803,926
803,1103
803,1303
803,1438
803,1452
803,1738
803,1775
803,1945
803,2053
803,2078
803,2109
803,2122
803,2284
803,2293
803,2410
803,2647
803,2705
803,2721
803,3004
803,3006
803,3103
803,3211
803,3241
803,3280
803,3346
803,3389
803,3691
803,3980
803,4029
803,4777
804,1039
804,1153
804,1283
804,1725
804,2086
804,2263
804,2481
804,2645
804,3671
804,4377
804,4469
804,4903
805,891
805,897
805,965
805,1024
805,1101
805,1113
805,1256
805,1304
805,1447
805,1517
805,1672
805,1710
805,2257
805,2537
805,3066
805,3072
805,3304
805,3484
805,3613
805,3856
805,4023
805,4240
805,4511
805,4911
806,812
806,828
806,1072
806,1483
806,1491
806,1976
806,2238
806,2404
806,2486
806,2693
806,2823
806,3562
806,3585
806,3661
806,3747
806,3788
806,4240
806,4624
807,1053
807,1409
807,2052
807,2670
807,2921
807,3278
807,4276
808,811
808,1068
808,1095
808,1160
808,1322
808,1655
808,1697
808,1757
808,1889
808,1986
808,2344
808,3138
808,3210
808,3308
808,3310
808,3376
808,3634
808,3656
808,4058
808,4099
809,925
809,1160
809,1217
809,1251
809,1647
809,1669
809,2054
809,2124
809,2493
809,3322
809,4120
809,4397
809,4548
809,4558
810,1313
810,1573
810,1969
810,1986
810,2179
810,2409
810,3162
810,3354
810,3583
810,3758
810,4174
810,4509
810,4549
810,4963
811,1375
811,1420
811,2006
811,2170
811,2196
811,2271
811,2459
811,2674
811,3213
811,3331
811,3624
811,4046
811,4418
811,4622
812,1495
812,1645
812,1961
812,2882
812,2909
812,2939
812,2995
812,3013
812,3035
812,3118
812,3216
812,3393
812,3464
812,3665
812,3765
812,3920
812,4007
812,4241
812,4543
812,4770
812,4821
812,4912
813,830
813,1153
813,1246
813,1298
813,1564
813,1589
813,1708
813,1875
813,1974
813,2253
813,2733
813,2856
813,3104
813,3150
813,3204
813,3447
813,4201
813,4500
813,4503
813,4709
813,4989
814,1016
814,1030
814,1193
814,1206
814,1714
814,2422
814,2830
814,2970
814,3111
814,3332
814,3594
814,3972
814,4394
815,983
815,1496
815,1662
815,1819
815,1866
815,1943
815,3268
815,3755
815,3898
815,4062
815,4408
816,1090
816,1124
816,1212
816,1303
816,1500
816,1620
816,2473
816,2663
816,2944
816,3722
816,3853
816,3923
816,3956
816,4361
816,4529
816,4563
816,4675
816,4732
816,4806
817,896
817,955
817,1306
817,1514
817,1723
817,1727
817,1835
817,2020
817,2171
817,3116
817,3289
817,3594
817,3826
817,4136
817,4221
817,4334
817,4892
818,903
818,1053
818,1090
818,1287
818,1368
818,1382
818,1429
818,2125
818,2234
818,3115
818,3192
818,3681
818,4308
818,4514
818,4542
819,1080
819,1137
819,2373
819,2825
819,2827
819,3085
819,3774
819,3806
819,3931
819,4012
819,4250
819,4496
819,4548
820,834
820,846
820,851
820,936
820,992
820,1043
820,1124
820,1172
820,1190
820,1231
820,1275
820,1357
820,1668
820,1720
820,1724
820,1778
820,2251
820,2301
820,2492
820,2573
820,2835
820,3487
820,3490
820,3815
820,4261
820,4716
820,4750
820,4771
820,4992
821,893
821,898
821,1587
821,1635
821,1647
821,2150
821,2365
821,2377
821,2911
821,3567
821,3672
821,4028
821,4214
821,4660
821,4669
821,4814
822,1113
822,1312
822,1331
822,1538
822,1889
822,1920
822,2014
822,3008
822,3276
822,3298
823,824
823,990
823,1916
823,2019
823,2181
823,2520
823,2807
823,2976
823,3267
823,3607
823,3716
823,4047
823,4333
823,4462
823,4876
824,907
824,1258
824,1795
824,2023
824,2674
824,2710
824,2777
824,3639
824,4095
824,4177
824,4402
825,833
825,955
825,1047
825,1874
825,3123
825,3228
825,3470
825,3660
825,3696
825,3841
825,3968
826,1009
826,1184
826,1540
826,1719
826,1797
826,2064
826,3352
826,3494
826,3499
826,4112
827,837
827,1048
827,1385
827,1399
827,1442
827,1481
827,1603
827,1697
827,1892
827,1910
827,1933
827,2024
827,2385
827,2834
827,2919
827,2946
827,3611
827,3962
827,4086
827,4318
827,4673
827,4836
827,4853
827,4915
828,1301
828,1311
828,1405
828,1502
828,1804
828,2534
828,3525
828,3952
828,4412
828,4526
829,2469
829,2483
829,3104
829,3248
829,4119
829,4389
829,4429
829,4998
830,909
830,1428
830,1470
830,1511
830,1849
830,2088
830,2270
830,2448
830,2551
830,2564
830,2697
830,2766
830,3024
830,3257
830,3324
830,3356
830,3812
830,3969
830,4136
831,933
831,1450
831,1552
831,1817
831,1877
831,2256
831,2766
831,2908
831,2951
831,3744
832,851
832,1434
832,1581
832,1632
832,1655
832,1813
832,2393
832,2485
832,2679
832,2762
832,3189
832,3418
832,3444
832,4049
833,901
833,907
833,1440
833,1449
833,1763
833,1992
833,2198
833,2420
833,2877
833,3542
833,3655
834,955
834,971
834,1384
834,1538
834,1853
834,2443
834,2485
834,2571
834,2977
834,3197
834,3640
835,937
835,981
835,1628
835,1806
835,1936
835,1948
835,2039
835,2195
835,2243
835,2837
835,3930
835,4151
835,4261
835,4426
835,4707
835,4718
835,4955
836,1264
836,1696
836,1770
836,2337
836,2560
836,2608
836,3128
836,4213
836,4681
836,4777
836,4996
837,906
837,1477
837,1691
837,1716
837,1761
837,1825
837,1899
837,2001
837,2276
837,2347
837,2417
837,3375
837,3430
837,3751
837,3833
837,4077
837,4285
837,4442
837,4775
838,958
838,990
838,997
838,1004
838,1085
838,1149
838,1559
838,1967
838,2326
838,2430
838,2518
838,2600
838,2663
838,2677
838,2823
838,3027
838,3154
838,3500
838,3868
838,4277
839,946
839,1072
839,1150
839,1327
839,1436
839,1502
839,1503
839,1781
839,1910
839,2110
839,2244
839,2466
839,2849
839,2910
839,3222
839,3334
839,3436
839,3506
839,3574
839,3728
839,3817
839,3925
839,4150
839,4732
839,4811
840,1039
840,1376
840,1483
840,1513
840,2455
840,3111
840,3736
840,3761
840,3855
840,4738
840,4916
841,886
841,1158
841,1926
841,1939
841,2375
841,2400
841,4452
841,4495
841,4893
842,853
842,905
842,1072
842,1085
842,1314
842,1867
842,2090
842,2372
842,2667
842,3484
842,3504
842,3521
842,3773
842,4154
842,4330
843,1329
843,1443
843,1731
843,2323
843,2424
843,2458
843,2759
843,3347
843,3694
843,4543
844,885
844,925
844,1141
844,1208
844,1543
844,1774
844,2225
844,2374
844,3307
844,4151
844,4483
844,4750
845,1367
845,1892
845,1988
845,2429
845,3122
845,3192
845,4118
845,4358
845,4754
846,1126
846,1165
846,1638
846,1680
846,1813
846,2371
846,2451
846,3162
846,3391
846,3784
846,3797
846,4160
846,4731
846,4756
847,967
847,1789
847,1907
847,1985
847,2011
847,2360
847,2442
847,2825
847,2867
847,3596
847,3734
847,4728
847,4748
848,1347
848,1926
848,2064
848,2758
848,3591
848,3794
849,894
849,956
849,1142
849,1226
849,1414
849,1970
849,2074
849,2094
849,2132
849,2225
849,2264
849,2674
849,3068
849,3073
849,3163
849,3281
849,3792
849,3897
849,4036
849,4184
849,4238
849,4372
850,979
850,1232
850,2059
850,2295
850,2387
850,2426
850,2942
850,3096
850,3660
850,4082
850,4161
850,4933
851,1168
851,1319
851,1687
851,2559
851,3449
851,3668
851,3698
851,4822
852,961
852,1328
852,1375
852,1985
852,2447
852,2665
852,3782
852,4143
852,4482
852,4531
853,870
853,951
853,994
853,1669
853,1704
853,1858
853,1860
853,2096
853,2526
853,2832
853,3232
853,3564
853,3714
853,3762
853,3913
853,4296
853,4481
853,4700
854,1022
854,1925
854,1938
854,2093
854,2366
854,2875
854,3507
854,3740
854,4220
854,4543
855,972
855,1022
855,1254
855,2144
855,2164
855,2218
855,2230
855,2485
855,3472
855,3852
855,4354
855,4652
855,4828
855,4874
855,4884
856,1013
856,1064
856,1093
856,1157
856,1478
856,1984
856,2210
856,2298
856,2370
856,2676
856,2681
856,3696
856,3909
856,4321
856,4481
857,1314
857,1419
857,1449
857,2029
857,2203
857,2257
857,2496
857,3259
857,3471
857,3570
857,3626
857,3789
857,4077
857,4459
857,4662
857,4706
857,4756
857,4848
857,4915
858,1096
858,1116
858,1217
858,1223
858,1260
858,1318
858,1349
858,1464
858,1499
858,1733
858,1780
858,1866
858,2026
858,2740
858,3161
858,3771
858,4069
858,4255
858,4607
858,4999
859,1791
859,2258
859,2964
859,3250
859,3711
859,4359
859,4381
860,899
860,1352
860,1437
860,2033
860,2034
860,3137
860,3174
860,3237
860,3284
860,3649
860,3835
861,892
861,1219
861,1339
861,1581
861,1980
861,2379
861,2541
861,2603
861,3051
861,3124
861,3233
861,3352
861,3643
861,3652
861,4266
861,4618
861,4649
862,1011
862,1275
862,1923
862,2899
862,2909
862,3175
862,3272
862,3304
862,3374
862,3998
862,4715
863,1140
863,1162
863,1280
863,1673
863,1741
863,1857
863,1957
863,2046
863,2070
863,2357
863,2746
863,3607
863,3738
863,4058
863,4371
863,4435
863,4491
864,921
864,931
864,941
864,969
864,1018
864,1234
864,1427
864,1671
864,1740
864,1816
864,2055
864,2171
864,2251
864,2282
864,2679
864,2724
864,3134
864,3211
864,3543
864,3902
864,4092
864,4314
864,4557
864,4566
864,4693
865,1138
865,1236
865,1460
865,1560
865,1576
865,1691
865,2565
865,2696
865,2772
865,2877
865,3102
865,3466
865,3841
865,4510
865,4852
866,962
866,1144
866,1242
866,1265
866,1336
866,1684
866,2051
866,2685
866,2801
866,3195
866,3338
866,3724
866,3780
866,3845
866,3896
866,4066
866,4170
866,4238
867,1128
867,1195
867,1594
867,2090
867,2257
867,2412
867,2422
867,2500
867,2526
867,2757
867,3175
867,3278
867,3354
867,3481
867,3860
867,3914
867,4074
867,4351
867,4467
867,4723
868,1122
868,1310
868,1590
868,2416
868,2655
868,3387
868,4597
869,891
869,980
869,1074
869,1313
869,1377
869,1824
869,1847
869,2560
869,2643
869,2774
869,3030
869,3732
869,3974
869,4348
869,4863
869,4870
870,873
870,1163
870,1222
870,1241
870,1325
870,1331
870,1423
870,1943
870,1996
870,2098
870,2137
870,2181
870,2498
870,2646
870,2778
870,2990
870,3160
870,3910
870,4391
870,4490
870,4726
870,4930
871,955
871,984
871,1064
871,1497
871,1544
871,1565
871,1840
871,1936
871,2130
871,2131
871,2447
871,2671
871,2856
871,2859
871,3335
871,3877
872,899
872,1385
872,2354
872,2441
872,2563
872,2692
872,2811
872,3094
873,1108
873,1253
873,1259
873,1418
873,1476
873,1520
873,1721
873,1939
873,2123
873,2263
873,2310
873,2497
873,2664
873,2731
873,3576
873,4116
873,4562
873,4577
873,4911
874,921
874,1020
874,1091
874,1245
874,1454
874,1946
874,2326
874,2450
874,2926
874,3106
874,3979
874,4467
874,4599
874,4677
874,4924
875,939
875,1010
875,1016
875,1202
875,1737
875,1810
875,1833
875,1882
875,2139
875,2887
875,3112
875,3144
875,3222
875,3374
875,3723
875,3826
875,4055
875,4091
875,4127
875,4131
875,4270
875,4271
875,4647
875,4857
875,4984
876,1206
876,1796
876,1972
876,2363
876,2952
876,3769
876,4107
876,4425
876,4546
877,898
877,917
877,1376
877,1471
877,1523
877,2007
877,2076
877,2102
877,2352
877,2720
877,2917
877,3214
877,3366
877,3672
877,3841
877,3909
877,4027
877,4338
878,1276
878,1523
878,1611
878,1918
878,2027
878,2413
878,3712
878,4623
879,1078
879,1126
879,1132
879,1419
879,2158
879,3252
879,3546
879,4133
880,1119
880,1308
880,1376
880,1484
880,1653
880,1999
880,2232
880,2791
880,3650
880,3846
880,3997
880,4196
880,4454
880,4534
880,4793
881,1250
881,2411
881,3160
881,3291
882,1135
882,1159
882,1272
882,1303
882,1991
882,2284
882,3178
882,3434
882,3449
882,3491
882,3897
882,4056
882,4133
883,925
883,981
883,987
883,1093
883,1108
883,1358
883,1381
883,1487
883,1553
883,1574
883,1626
883,1714
883,1821
883,1859
883,2511
883,2569
883,2625
883,2682
883,2700
883,2805
883,3230
883,3622
883,3772
883,3953
883,4186
883,4372
883,4709
883,4774
883,4788
884,885
884,995
884,1202
884,1332
884,1446
884,1476
884,1547
884,1611
884,1739
884,2122
884,2256
884,2710
884,2736
884,2870
884,2907
884,3204
884,4098
884,4320
884,4677
885,924
885,1460
885,1474
885,1551
885,1887
885,2730
885,2938
885,3050
885,3658
885,3985
885,4083
885,4269
885,4324
885,4619
886,1123
886,1194
886,1222
886,1281
886,1337
886,1462
886,1501
886,1582
886,1589
886,1818
886,2058
886,2059
886,2307
886,3231
886,3431
886,3788
886,3902
886,4155
886,4203
886,4354
886,4841
887,1451
887,2135
887,2137
887,2969
887,4507
888,1096
888,1563
888,1668
888,1788
888,2062
888,2493
888,2739
888,2912
888,3035
888,3605
888,4741
888,4813
889,1152
889,1180
889,1300
889,1498
889,1642
889,1745
889,1833
889,2449
889,2487
889,2835
889,3099
889,3248
889,3445
889,3618
889,4032
889,4370
889,4585
890,1480
890,1569
890,1761
890,1865
890,2396
890,3506
890,4428
890,4911
891,993
891,1599
891,1904
891,3663
891,3897
892,1070
892,1452
892,1525
892,1958
892,2199
892,2325
892,2602
892,2816
892,3072
892,4383
892,4795
893,1028
893,1050
893,1067
893,1197
893,1457
893,1600
893,1820
893,1894
893,2139
893,2141
893,2314
893,2577
893,4277
893,4898
894,1066
894,1192
894,1298
894,1622
894,1825
894,2417
894,2818
894,2823
894,3082
894,3234
894,3272
894,3277
894,4109
894,4307
894,4746
895,917
895,971
895,1006
895,1687
895,1731
895,2246
895,2250
895,2294
895,2314
895,2405
895,2576
895,2605
895,2662
895,2815
895,2854
895,2869
895,3466
895,3816
895,3836
895,3846
895,4824
895,4856
896,948
896,1218
896,1291
896,1302
896,1406
896,1923
896,2115
896,2151
896,2164
896,2635
896,3864
896,4423
896,4468
897,1007
897,1200
897,1298
897,1625
897,1661
897,1748
897,1894
897,2141
897,2199
897,2401
897,2670
897,2835
897,3029
897,3100
897,3213
897,3897
897,4606
898,1062
898,1083
898,1089
898,1112
898,1341
898,1632
898,1689
898,1751
898,1987
898,2021
898,2658
898,2786
898,2908
898,2934
898,3085
898,3143
898,3359
898,3872
898,3962
898,4433
898,4769
898,4791
899,921
899,1036
899,1173
899,1314
899,1317
899,1426
899,1465
899,1730
899,1893
899,2990
899,3213
899,3229
899,3272
899,3279
899,3378
899,3555
899,3736
899,3816
899,4077
899,4321
899,4619
900,977
900,1212
900,1244
900,1322
900,1384
900,1637
900,1747
900,1963
900,1979
900,2091
900,2211
900,2513
900,2542
900,2543
900,2567
900,2720
900,2866
900,3084
900,3169
900,3308
900,3323
900,3571
900,4003
900,4250
900,4349
901,1022
901,1027
901,1109
901,1233
901,1354
901,1417
901,1826
901,1952
901,2380
901,2407
901,2548
901,2594
901,2864
901,3024
901,4443
901,4670
902,1176
902,1586
902,1597
902,1734
902,1736
902,2699
902,2828
902,3091
902,3338
902,3824
902,3940
902,4051
902,4119
903,964
903,1125
903,1181
903,1265
903,1290
903,1495
903,1853
903,1909
903,1954
903,2168
903,2382
903,2473
903,2477
903,2666
903,3033
903,3077
903,3079
903,3152
903,3318
903,3436
903,3871
903,4605
903,4909
904,953
904,1167
904,1245
904,1655
904,2077
904,2202
904,2516
904,2695
904,3075
904,3081
904,3133
904,3775
905,908
905,1398
905,1748
905,1818
905,2208
905,3051
905,3497
905,3830
905,4974
906,1277
906,1305
906,1358
906,1510
906,2023
906,2575
906,2738
906,2860
906,3555
906,3692
906,3879
906,4436
906,4623
906,4959
907,1397
907,1466
907,2137
907,2144
907,3363
907,3865
907,4072
907,4183
907,4188
907,4968
908,1631
908,1953
908,2973
908,4083
908,4216
908,4300
908,4425
908,4742
908,4822
909,1276
909,1299
909,1719
909,2604
909,3258
909,3319
909,3386
909,3473
909,3608
909,4917
910,1013
910,1071
910,1215
910,1314
910,1704
910,2218
910,2491
910,4117
910,4704
911,966
911,1069
911,1097
911,1453
911,1720
911,2556
911,2673
911,2721
911,2750
911,2766
911,2777
911,2783
911,2974
911,3517
911,3733
911,4087
911,4514
911,4743
912,977
912,1071
912,1450
912,1559
912,1673
912,2402
912,2537
912,2716
912,3343
912,3403
912,3644
912,3821
912,3951
912,4243
913,1257
913,1995
913,2072
913,2657
913,2997
913,3043
913,3180
913,3188
913,3358
913,3677
913,3827
913,4573
913,4816
913,4883
913,4957
914,1045
914,1525
914,1664
914,1766
914,1871
914,1962
914,2148
914,2207
914,2277
914,2307
914,2332
914,2578
914,3208
914,4858
915,1478
915,1635
915,1801
915,1976
916,1066
916,1143
916,2597
916,3340
916,4221
917,1065
917,1617
917,1626
917,1993
917,2040
917,2251
917,2395
917,2680
917,2790
917,3392
917,3428
917,3429
917,4358
917,4482
917,4920
917,4938
917,4995
918,1120
918,1509
918,2333
918,2404
918,2612
918,2729
918,3392
918,4700
919,965
919,1215
919,2178
919,2231
919,2382
919,2705
919,4806
919,4944
920,952
920,1065
920,1135
920,1740
920,1993
920,2790
920,2795
920,2968
920,3303
920,3472
920,3680
920,3904
920,4310
920,4765
920,4784
920,4844
921,960
921,1205
921,1239
921,1244
921,1293
921,1617
921,1795
921,2294
921,3458
921,3523
921,3900
921,3911
921,3964
922,991
922,1399
922,1422
922,2267
922,2505
922,2709
922,2760
922,3560
922,4116
922,4215
923,938
923,1353
923,2590
924,1197
924,2794
924,2861
924,3156
924,4592
924,4951
925,1027
925,1076
925,1094
925,1112
925,1117
925,1230
925,1249
925,1391
925,1433
925,1456
925,1549
925,2000
925,2367
925,2429
925,2654
925,2833
925,3244
925,3300
925,3732
925,3890
925,4539
925,4826
926,1206
926,1228
926,1289
926,1335
926,1764
926,2050
926,2148
926,2365
926,2463
926,2787
926,2823
926,3455
926,4436
926,4867
926,4992
927,1397
927,1412
927,1442
927,1590
927,2326
927,2328
927,2384
927,2702
927,2781
927,3072
927,3079
927,3311
927,3453
927,3557
927,4888
928,1038
928,1231
928,1312
928,2615
928,2993
928,3646
928,4252
928,4427
929,935
929,1143
929,1229
929,1338
929,1500
929,1508
929,1581
929,1631
929,1886
929,1906
929,1913
929,2121
929,2155
929,2356
929,2408
929,2689
929,2816
929,2949
929,3293
929,3414
929,3456
929,3824
929,3853
929,3975
929,4315
929,4485
930,1169
930,1185
930,1729
930,2013
930,2090
930,2126
930,2226
930,2428
930,2434
930,4537
930,4579
931,1087
931,1609
931,1927
931,4065
931,4719
931,4932
932,1367
932,1512
932,1760
932,2485
932,2963
932,3086
932,3440
932,3675
932,3685
932,4129
932,4179
932,4550
932,4558
933,1509
933,1535
933,1553
933,1915
933,1978
933,2063
933,2549
933,2712
933,2931
933,3128
933,3165
933,3581
933,4065
934,992
934,1040
934,1523
934,1531
934,2057
934,2965
934,3252
934,3267
934,4106
934,4707
935,1086
935,2413
935,2619
935,2948
935,3570
936,1016
936,1645
936,1696
936,1767
936,1916
936,1968
936,2252
936,3139
936,3185
936,3221
936,3474
936,3543
936,3602
936,4930
937,1064
937,1155
937,1369
937,1504
937,1695
937,2130
937,2804
937,3060
937,3129
937,3792
937,3866
937,4026
937,4985
938,953
938,1200
938,1233
938,1365
938,1523
938,1591
938,1596
938,1606
938,1722
938,1801
938,1805
938,1856
938,1884
938,1960
938,1992
938,2116
938,2259
938,2491
938,2500
938,2657
938,3162
938,3460
938,3483
938,3564
938,4026
938,4054
938,4137
938,4685
938,4739
939,1074
939,1145
939,1182
939,1303
939,1377
939,1517
939,1865
939,2240
939,2264
939,2456
939,2886
939,3789
939,4784
939,4955
939,4982
940,961
940,1175
940,1383
940,1446
940,1525
940,1948
940,2232
940,2356
940,2743
940,2846
940,3623
940,4315
940,4643
940,4826
941,1711
941,1782
941,1811
941,2084
941,2789
941,3797
941,4073
941,4881
942,1024
942,1040
942,1155
942,1266
942,1282
942,1382
942,1413
942,1463
942,1509
942,1580
942,1606
942,1704
942,1826
942,2034
942,2582
942,3238
942,3292
942,3699
942,3822
942,3987
942,4013
942,4014
942,4442
943,1074
943,1110
943,1218
943,1302
943,1497
943,1714
943,2646
943,4665
943,4886
944,969
944,1019
944,1164
944,1371
944,1426
944,1984
944,2392
944,2546
944,2552
944,2566
944,3059
944,3682
944,3810
944,3858
944,4005
944,4108
945,1105
945,2481
945,2792
945,3120
945,3237
945,4272
945,4578
946,1112
946,1298
946,1307
946,1830
946,4834
946,4883
947,952
947,1090
947,1476
947,1548
947,1651
947,1797
947,2406
947,2905
947,3073
947,3090
947,3100
947,3111
947,3927
947,4061
947,4200
947,4904
947,4915
948,1068
948,1139
948,1155
948,1340
948,1787
948,1938
948,1956
948,2092
948,2094
948,2375
948,2450
948,2750
948,2960
948,3096
948,3728
948,4679
948,4906
949,1041
949,1047
949,1314
949,1584
949,2305
949,3619
949,3839
949,4115
950,971
950,998
950,1252
950,1405
950,1618
950,2531
950,2790
950,2798
950,2874
950,2943
950,3459
950,3817
950,3851
950,4321
950,4512
950,4778
950,4783
951,1294
951,1751
951,1838
951,2800
951,2862
951,4501
951,4656
952,988
952,1124
952,1187
952,1206
952,1444
952,1478
952,1537
952,1681
952,1775
952,1895
952,2165
952,2191
952,2525
952,2575
952,2749
952,2990
952,3322
952,3828
952,4564
952,4919
953,1680
953,1756
953,1793
953,2035
953,2269
953,2416
953,2661
953,2764
953,3341
953,3425
953,4724
954,1262
954,1364
954,1367
954,1798
954,2735
954,2746
954,2992
954,3019
954,3055
954,3505
954,3580
954,3775
954,3925
954,4010
954,4093
954,4387
955,1224
955,1247
955,1404
955,1799
955,1852
955,2073
955,2081
955,2250
955,2737
955,2901
955,3067
955,3171
955,3625
955,3910
955,4153
955,4189
955,4693
955,4989
956,1642
956,1737
956,1882
956,1928
956,2595
956,2984
956,3328
956,3382
956,3623
956,4605
957,1046
957,1311
957,1317
957,1637
957,2397
957,3031
957,3434
957,3853
957,4912
958,997
958,1172
958,1216
958,1945
958,1996
958,3065
958,3190
958,3407
958,4266
958,4312
958,4475
959,1089
959,1445
959,2712
959,3135
960,1614
960,1775
960,2765
960,3015
960,4392
960,4713
960,4745
961,979
961,1431
961,1445
961,1756
961,2499
961,3009
961,3425
961,3560
961,3737
962,1619
962,1774
962,1843
962,2233
962,4027
962,4231
962,4244
962,4560
962,4586
963,1103
963,1152
963,1156
963,1318
963,1434
963,1519
963,1665
963,1674
963,1836
963,1898
963,1990
963,2111
963,2200
963,2477
963,2502
963,2581
963,3113
963,3465
963,4344
963,4408
963,4499
964,1164
964,1752
964,1905
964,2404
964,3234
964,3691
964,4881
964,4949
965,1218
965,1463
965,3081
965,3541
965,3685
965,3853
965,4368
966,1420
966,1502
966,2099
966,2158
966,2582
966,2701
966,3136
966,3394
966,3418
966,3529
966,3603
966,4487
966,4786
967,1004
967,1257
967,1438
967,1577
967,1593
967,1649
967,1971
967,2130
967,2163
967,2180
967,2214
967,2258
967,2518
967,3587
967,4535
968,982
968,1007
968,1247
968,1403
968,1513
968,1567
968,1586
968,1658
968,1920
968,1943
968,2755
968,3221
968,3338
968,3802
968,3835
968,3997
969,1106
969,1878
969,2406
969,3048
969,3317
970,1387
970,1507
970,1977
970,2117
970,2382
970,2578
970,2672
970,2984
970,3094
970,3407
970,3438
970,3498
970,3581
970,3697
970,4338
970,4794
970,4978
971,1174
971,1216
971,1323
971,1466
971,1865
971,1997
971,2185
971,2597
971,3621
971,4251
972,1880
972,2234
972,2644
972,2715
972,2826
972,2885
972,3329
972,3417
972,3624
972,4500
972,4506
972,4560
972,4586
972,4771
973,1079
973,1581
973,1797
973,1981
973,2091
973,2334
973,2620
973,3284
973,3319
973,3579
973,4184
973,4539
974,1011
974,1115
974,1478
974,1525
974,1816
974,2115
974,2324
974,2386
974,2625
974,2986
974,2992
974,3611
974,3746
974,3754
974,4834
975,1195
975,1297
975,1345
975,1390
975,1530
975,1543
975,1598
975,1895
975,1964
975,2473
975,2481
975,2546
975,2637
975,3057
975,3109
975,3385
975,3489
975,3514
975,3541
975,3673
975,3986
975,4012
975,4081
975,4217
975,4271
975,4499
975,4562
975,4927
976,982
976,1081
976,1551
976,1582
976,1803
976,2406
976,2776
976,3304
976,4142
976,4167
977,1097
977,1186
977,1757
977,2227
977,2506
977,2538
977,3349
977,3690
977,3751
977,4278
977,4678
977,4739
978,1058
978,1431
978,1548
978,1596
978,1923
978,1998
978,2228
978,2393
978,2908
978,3870
978,4668
979,1213
979,1223
979,1264
979,1441
979,1634
979,2215
979,2574
979,2575
979,2578
979,2671
979,2957
979,3158
979,3185
979,3367
979,3630
979,3682
979,4058
980,1019
980,1501
980,1629
980,1749
980,2040
980,2179
980,2267
980,2463
980,2535
980,2739
980,2824
980,3303
980,4034
980,4492
981,1045
981,1051
981,1116
981,1139
981,1323
981,1821
981,2029
981,2712
981,3062
981,3158
981,3426
981,4380
981,4725
981,4776
982,1474
982,1754
982,1772
982,1857
982,3021
982,4480
982,4976
983,1144
983,1275
983,1391
983,1407
983,2146
983,2283
983,2424
983,3290
983,3373
983,3610
983,3951
983,4005
983,4141
983,4210
983,4769
983,4902
984,1086
984,1261
984,1602
984,1789
984,1897
984,2162
984,2617
984,2839
984,3644
985,2158
985,2929
985,3074
985,3223
985,3979
986,1474
986,1546
986,1666
986,2235
986,2300
986,2768
986,2988
986,3833
986,4055
986,4059
986,4078
986,4625
986,4718
986,4786
987,1118
987,1565
987,1727
987,1742
987,1857
987,2069
987,2080
987,2207
987,2334
987,2339
987,2591
987,2895
987,2928
987,3038
987,3270
987,3424
987,3578
987,3664
987,3815
987,4302
987,4476
987,4587
988,1015
988,1136
988,1376
988,1678
988,1768
988,1898
988,2155
988,2419
988,2904
988,2943
988,3246
988,3783
988,3814
988,4926
989,1209
989,1748
989,1761
989,2041
989,2062
989,2670
989,3602
990,1402
990,1418
990,1743
990,2117
990,2330
990,4164
990,4744
990,4946
991,1109
991,1351
991,1706
991,1785
991,2615
991,3079
991,3389
991,3568
991,3608
991,3949
991,4588
991,4752
992,1226
992,1513
992,1534
992,1657
992,2144
992,2215
992,2317
992,2520
992,3155
992,3312
992,3419
992,4220
992,4729
992,4764
992,4897
993,2581
993,3089
993,3420
993,4234
994,1073
994,1193
994,1260
994,1354
994,1452
994,1476
994,1495
994,1901
994,1930
994,1988
994,2195
994,2240
994,2351
994,2446
994,2453
994,2517
994,2823
994,3079
994,3431
994,4088
994,4150
994,4253
994,4666
994,4761
994,4809
995,1605
995,1766
995,2055
995,2134
995,2229
995,2339
995,2341
995,2387
995,2565
995,2796
995,2880
995,3596
995,3819
995,4213
995,4441
996,1008
996,1012
996,1121
996,1992
996,3074
996,3302
996,3605
997,1154
997,1482
997,1549
997,1653
997,1667
997,2046
997,2257
997,2654
997,2783
997,3285
997,3734
997,3881
997,4820
998,1049
998,1185
998,1592
998,1626
998,1902
998,1977
998,3071
998,3174
998,4754
998,4778
999,1133
999,1918
999,2553
999,2745
999,2966
999,3194
1000,1101
1000,1985
1000,1986
1000,2216
1000,2222
1000,2548
1000,2589
1000,2625
1000,3057
1000,3405
1000,3607
1000,3658
1000,4924
1001,1257
1001,1301
1001,1349
1001,2151
1001,3207
1001,3467
1001,3632
1001,4340
1001,4475
1002,1125
1002,1333
1002,1436
1002,2072
1002,2259
1002,2530
1002,2741
1002,2941
1002,3324
1002,3406
1002,3852
1002,4000
1002,4556
1002,4775
1002,4966
1002,4969
1003,1265
1003,1438
1003,1526
1003,1703
1003,2265
1003,2329
1003,2648
1003,2654
1003,3232
1003,3533
1003,3694
1004,1227
1004,1440
1004,1450
1004,1885
1004,1992
1004,2221
1004,2395
1004,2446
1004,2853
1004,2936
1004,2938
1004,3116
1004,3149
1004,3227
1004,3286
1004,3932
1004,4294
1004,4489
1005,1285
1005,1974
1005,1991
1005,2361
1005,2799
1005,2825
1005,2850
1005,2862
1005,3354
1005,4027
1005,4233
1006,1020
1006,1054
1006,1143
1006,1536
1006,1813
1006,2222
1006,2654
1006,2750
1006,2937
1006,3288
1007,1189
1007,1383
1007,2265
1007,3243
1007,3718
1007,4416
1007,4419
1007,4974
1008,1130
1008,1211
1008,1252
1008,1424
1008,1575
1008,1655
1008,1967
1008,2151
1008,2161
1008,2202
1008,2294
1008,2378
1008,2642
1008,3046
1008,3084
1008,3169
1008,3642
1008,3682
1008,4004
1008,4162
1009,1527
1009,1732
1009,2307
1009,3685
1009,4685
1010,1094
1010,1115
1010,1137
1010,1204
1010,1472
1010,1568
1010,1640
1010,1751
1010,2328
1010,2498
1010,2842
1010,2882
1010,2910
1010,3039
1010,3406
1010,3551
1010,3976
1010,4003
1010,4689
1010,4871
1011,1059
1011,1343
1011,1388
1011,2345
1011,2360
1011,2570
1011,2810
1011,3369
1011,3490
1011,3525
1011,3918
1011,4019
1011,4137
1011,4495
1011,4785
1012,1292
1012,1317
1012,1732
1012,1845
1012,1850
1012,2218
1012,2343
1012,2950
1012,3306
1012,3443
1012,3843
1012,3895
1012,4115
1012,4196
1012,4315
1012,4408
1012,4499
1013,1142
1013,1339
1013,1630
1013,2171
1013,2616
1013,2683
1013,2841
1013,3176
1013,3228
1013,3509
1013,4132
1013,4251
1013,4555
1014,1064
1014,1876
1014,2188
1014,2596
1014,3483
1014,3921
1014,4640
1015,1168
1015,1232
1015,1238
1015,1377
1015,1652
1015,2003
1015,2046
1015,2626
1015,2872
1015,3062
1015,3748
1015,3892
1015,3998
1015,4815
1015,4873
1015,4887
1015,4895
1016,1314
1016,1594
1016,1658
1016,2157
1016,2176
1016,2417
1016,3122
1016,3148
1016,4042
1017,1049
1017,1066
1017,1094
1017,1157
1017,1291
1017,1312
1017,1538
1017,1736
1017,1879
1017,2528
1017,2697
1017,3095
1017,3440
1017,3512
1017,3988
1017,4597
1018,1028
1018,1046
1018,1078
1018,1275
1018,1456
1018,1605
1018,1920
1018,1951
1018,2361
1018,2535
1018,2906
1018,2965
1018,3008
1018,3686
1018,3714
1018,3977
1018,4374
1018,4653
1018,4971
1019,1026
1019,1170
1019,1436
1019,1769
1019,1845
1019,2677
1019,3231
1019,4877
1020,1184
1020,1439
1020,1589
1020,2219
1020,2727
1020,2806
1020,3048
1020,3066
1020,3396
1020,3410
1020,3474
1020,3996
1020,4744
1020,4799
1021,1209
1021,1675
1021,1979
1021,2094
1021,2178
1021,2183
1021,2432
1021,2605
1021,2690
1021,2788
1021,3079
1021,3377
1021,3479
1021,3779
1021,4443
1021,4517
1021,4783
1022,1075
1022,1362
1022,1421
1022,1742
1022,2310
1022,2741
1022,2800
1022,3488
1022,3553
1022,3858
1022,3886
1022,3901
1022,4008
1022,4162
1023,1650
1023,1731
1023,2479
1023,2994
1023,3331
1023,3501
1023,4143
1024,1372
1024,1649
1024,1689
1024,1808
1024,2395
1024,3663
1024,3932
1024,4511
1025,1492
1025,1528
1025,1538
1025,1569
1025,1606
1025,1740
1025,2282
1025,2396
1025,2438
1025,2511
1025,2798
1025,2988
1025,3087
1025,3304
1025,3329
1025,3559
1025,3863
1025,4577
1026,1604
1026,1842
1026,4047
1026,4063
1026,4573
1026,4929
1027,2760
1027,3779
1027,4530
1028,1488
1028,1885
1028,3264
1028,4103
1029,1189
1029,1413
1029,1516
1029,1874
1029,2079
1029,2898
1029,2951
1029,3183
1029,3433
1029,3742
1029,4797
1030,1410
1030,1534
1030,4484
1030,4627
1030,4984
1031,1913
1031,2533
1031,2589
1031,2697
1031,2841
1031,2917
1031,3426
1031,4282
1031,4388
1032,1609
1032,1765
1032,1832
1032,2039
1032,2161
1032,2678
1032,2709
1032,4320
1032,4438
1032,4766
1032,4945
1033,1329
1033,1705
1033,2476
1033,3301
1033,3366
1033,4004
1033,4286
1033,4768
1034,1105
1034,1581
1034,1588
1034,1920
1034,2095
1034,2118
1034,2693
1034,2884
1034,2898
1034,3070
1034,3423
1034,3562
1034,3588
1034,4005
1035,1099
1035,1457
1035,1583
1035,1664
1035,2739
1035,3559
1036,1066
1036,1430
1036,1480
1036,1533
1036,1585
1036,1589
1036,1820
1036,2252
1036,2557
1036,2602
1036,3223
1036,3469
1036,3706
1036,4044
1036,4815
1036,4890
1037,1182
1037,1321
1037,1618
1037,1646
1037,2282
1037,3030
1037,4015
1037,4113
1037,4265
1037,4537
1037,4864
1038,1867
1038,2041
1038,2295
1038,2551
1038,2807
1038,2900
1038,3232
1038,3307
1038,4073
1038,4154
1038,4287
1038,4881
1039,1084
1039,1206
1039,1269
1039,1728
1039,2623
1039,2761
1039,3388
1039,3890
1039,4455
1039,4538
1039,4552
1039,4636
1039,4665
1040,1813
1040,2169
1040,2462
1040,2904
1040,2945
1040,3472
1040,3764
1040,4478
1040,4893
1041,1212
1041,1277
1041,1333
1041,1450
1041,1489
1041,1659
1041,1948
1041,2883
1041,3017
1041,3217
1041,3619
1041,3799
1041,4812
1041,4857
1041,4904
1042,1142
1042,1522
1042,1643
1042,1670
1042,1706
1042,1732
1042,2030
1042,2432
1042,2892
1042,3148
1042,3179
1042,3183
1042,3249
1042,3677
1042,3844
1042,4298
1042,4463
1042,4658
1042,4739
1042,4868
1042,4940
1043,1449
1043,2101
1043,2149
1043,2633
1043,2691
1043,3087
1043,3432
1043,3623
1043,4312
1043,4478
1043,4628
1044,1047
1044,1059
1044,1076
1044,1133
1044,1559
1044,1595
1044,1682
1044,1780
1044,1806
1044,2320
1044,2360
1044,2554
1044,2931
1044,3054
1044,3199
1044,3380
1044,3416
1044,3464
1044,3498
1044,3563
1044,3654
1044,3923
1044,4000
1044,4116
1044,4632
1045,1500
1045,1681
1045,2124
1045,2409
1045,2796
1045,2966
1045,2982
1045,4024
1045,4595
1045,4821
1045,4877
1045,4934
1046,1459
1046,2729
1046,3003
1046,3047
1046,3394
1046,3578
1046,4201
1046,4366
1046,4486
1047,1175
1047,2216
1047,2279
1047,2726
1047,2864
1047,3697
1047,4192
1047,4244
1047,4322
1047,4933
1048,1783
1048,2515
1048,2607
1049,1157
1049,1207
1049,1491
1049,1515
1049,1674
1049,1701
1049,1869
1049,2650
1049,2664
1049,2780
1049,2836
1049,3440
1049,3590
1049,3670
1049,4803
1050,1986
1050,2005
1050,2586
1050,3124
1050,3830
1050,4289
1051,1070
1051,1117
1051,2090
1051,2112
1051,2316
1051,2431
1051,2465
1051,2684
1051,3227
1051,3457
1051,3916
1051,3920
1051,4014
1052,1165
1052,1676
1052,1874
1052,2623
1052,3073
1052,3439
1052,4097
1052,4958
1053,1216
1053,1269
1053,1537
1053,1903
1053,2016
1053,2253
1053,2465
1053,2519
1053,2567
1053,2989
1053,3305
1053,3760
1053,4098
1053,4304
1053,4554
1053,4610
1053,4897
1054,1146
1054,1293
1054,1505
1054,1818
1054,2660
1054,3035
1054,3378
1054,4051
1054,4239
1055,1132
1055,1323
1055,1437
1055,1742
1055,1797
1055,1870
1055,2323
1055,2724
1055,2857
1055,3105
1055,3971
1055,4053
1055,4092
1055,4233
1055,4935
1056,1408
1056,1523
1056,1862
1056,1993
1056,2011
1056,2154
1056,2563
1056,3256
1056,3320
1057,1802
1057,1982
1057,2037
1057,2317
1057,2401
1057,2898
1057,2939
1057,2958
1057,3045
1057,3154
1057,3218
1057,3422
1057,4086
1057,4500
1057,4739
1058,1189
1058,1731
1058,1848
1058,1980
1058,3488
1058,3496
1058,3558
1058,4448
1058,4562
1058,4690
1058,4844
1059,1138
1059,1144
1059,1432
1059,1636
1059,1738
1059,1804
1059,1828
1059,2244
1059,2421
1059,2466
1059,2840
1059,2948
1059,2961
1059,3495
1059,3787
1059,3958
1059,3966
1059,4929
1060,1129
1060,1143
1060,1287
1060,1361
1060,1501
1060,2146
1060,2294
1060,2477
1060,2857
1060,2870
1060,3041
1060,3396
1060,4186
1060,4571
1060,4647
1060,4722
1061,1128
1061,1542
1061,1700
1061,2094
1061,2115
1061,2394
1061,2599
1061,2678
1061,3527
1061,3910
1062,1241
1062,1280
1062,1516
1062,1823
1062,2193
1062,2621
1062,3231
1062,3318
1062,3402
1062,3789
1062,4399
1062,4410
1063,1069
1063,1146
1063,1279
1063,1321
1063,1355
1063,1426
1063,1958
1063,1970
1063,2370
1063,2721
1063,2937
1063,3408
1063,3584
1063,3786
1063,3800
1063,3915
1063,3988
1063,4036
1063,4049
1064,1539
1064,1603
1064,1659
1064,1727
1064,1934
1064,2051
1064,2331
1064,2884
1064,3044
1064,3096
1064,3193
1064,3224
1064,3627
1064,4306
1064,4905
1065,1335
1065,1544
1065,1987
1065,2092
1065,2157
1065,2299
1065,2540
1065,3425
1065,3764
1065,4139
1065,4412
1065,4664
1066,1131
1066,1152
1066,1443
1066,1515
1066,1753
1066,1877
1066,2971
1066,3019
1066,4015
1066,4807
1067,1106
1067,1231
1067,1328
1067,1366
1067,1540
1067,1541
1067,1702
1067,2444
1067,2456
1067,2467
1067,3057
1067,3074
1067,3357
1067,3365
1067,3493
1067,3734
1067,3887
1067,4399
1067,4447
1068,1146
1068,1662
1068,1946
1068,3619
1068,3799
1068,4047
1069,1242
1069,3051
1069,3479
1069,3685
1070,1423
1070,1488
1070,1570
1070,1579
1070,1955
1070,2373
1070,2847
1070,3001
1070,3006
1070,3355
1070,3491
1070,3519
1070,3686
1070,4178
1070,4792
1071,1101
1071,1401
1071,1402
1071,1471
1071,1521
1071,1539
1071,1716
1071,1889
1071,1953
1071,2162
1071,2399
1071,2634
1071,2860
1071,2954
1071,3251
1071,3299
1071,3323
1071,3484
1071,3933
1071,4091
1071,4142
1072,1102
1072,1694
1072,1709
1072,2004
1072,2154
1072,2196
1072,3558
1072,3721
1072,3782
1072,3927
1072,4199
1072,4214
1072,4459
1072,4791
1072,4890
1073,1463
1073,1505
1073,1985
1073,2271
1073,2285
1073,2413
1073,2523
1073,3418
1073,3879
1073,3997
1073,4072
1073,4882
1074,4241
1075,1449
1075,1726
1075,2019
1075,2132
1075,2751
1075,2786
1075,2979
1075,3020
1075,3397
1075,4673
1076,1222
1076,2096
1076,2421
1076,2849
1076,3031
1076,3138
1076,3158
1076,3709
1076,4195
1076,4821
1077,1247
1077,1274
1077,1326
1077,1484
1077,2108
1077,2119
1077,2265
1077,2459
1077,2776
1077,4099
1077,4641
1077,4728
1077,4788
1077,4790
1078,1114
1078,2399
1078,2728
1078,3036
1078,3056
1078,3353
1078,4038
1078,4836
1078,4869
1079,1340
1079,1416
1079,1458
1079,2562
1079,2785
1079,3380
1080,1139
1080,1340
1080,1457
1080,1773
1080,1879
1080,1882
1080,2734
1080,3076
1080,3301
1080,3492
1080,3496
1080,3676
1080,3840
1080,3884
1080,4219
1080,4364
1080,4926
1081,1155
1081,1217
1081,1388
1081,1411
1081,1594
1081,3475
1081,3567
1081,3895
1082,1196
1082,1317
1082,1742
1082,1767
1082,1987
1082,2019
1082,2353
1082,2560
1082,2734
1082,2742
1082,3018
1082,3112
1082,3151
1082,3524
1082,4041
1082,4106
1082,4249
1082,4542
1083,1383
1083,1667
1083,2176
1083,2352
1083,2641
1083,3103
1083,3196
1083,3270
1083,3553
1083,3825
1083,4356
1083,4436
1084,1210
1084,1288
1084,1449
1084,1986
1084,2677
1084,3538
1084,4488
1084,4774
1085,1099
1085,1150
1085,1167
1085,1221
1085,1246
1085,1250
1085,1461
1085,1483
1085,1627
1085,1671
1085,1774
1085,1880
1085,1918
1085,2294
1085,2319
1085,2442
1085,2511
1085,2706
1085,2872
1085,2984
1085,3005
1085,3028
1085,3123
1085,3169
1085,3181
1085,3292
1085,3329
1085,3669
1085,3683
1085,3849
1085,4434
1085,4545
1085,4664
1085,4891
1086,1210
1086,1850
1086,1896
1086,2013
1086,2433
1086,2666
1086,3929
1086,4018
1086,4329
1087,1167
1087,1173
1087,1291
1087,1493
1087,1537
1087,2747
1087,2886
1087,3359
1087,3747
1087,4951
1088,1719
1088,1874
1088,2458
1088,2614
1088,2891
1088,3102
1088,3393
1088,3600
1088,4004
1088,4095
1088,4187
1088,4235
1088,4600
1089,1333
1089,3587
1089,3849
1089,4187
1089,4275
1090,1141
1090,1176
1090,1490
1090,1515
1090,1522
1090,1536
1090,1775
1090,1825
1090,1843
1090,1862
1090,1864
1090,1984
1090,2198
1090,2386
1090,2733
1090,3273
1090,3810
1090,3953
1090,3981
1090,4026
1090,4083
1090,4228
1090,4614
1090,4636
1090,4720
1091,1424
1091,1686
1091,1873
1091,1887
1091,1990
1091,2233
1091,2319
1091,2520
1091,2525
1091,2552
1091,2554
1091,2597
1091,2618
1091,2717
1091,2789
1091,2795
1091,2951
1091,3115
1091,3683
1091,3960
1091,4334
1091,4589
1091,4629
1091,4914
1092,1122
1092,1438
1092,1476
1092,1501
1092,1732
1092,2677
1092,2714
1092,2879
1092,3340
1092,3587
1092,3699
1092,4331
1092,4670
1092,4939
1092,4968
1093,1145
1093,1376
1093,1705
1093,1811
1093,1843
1093,1870
1093,2066
1093,2404
1093,2753
1093,3788
1093,4194
1093,4220
1093,4608
1093,4666
1093,4949
1094,1847
1094,2299
1094,3011
1094,3091
1094,3375
1094,3753
1094,4233
1095,1777
1095,2464
1095,3140
1095,3830
1095,3882
1095,4621
1095,4715
1096,1287
1096,1568
1096,1724
1096,1807
1096,2156
1096,2535
1096,2878
1096,3791
1096,3965
1096,4410
1096,4703
1097,1796
1097,1800
1097,2689
1097,2758
1097,2912
1097,3343
1097,3632
1097,3944
1097,4242
1097,4683
1097,4764
1098,1248
1098,1365
1098,1368
1098,1776
1098,2221
1098,2787
1098,4441
1098,4561
1098,4693
1099,1152
1099,1218
1099,1337
1099,1695
1099,2023
1099,2027
1099,3132
1099,4205
1099,4405
1100,1202
1100,1295
1100,1359
1100,1392
1100,1414
1100,1792
1100,1869
1100,1975
1100,2013
1100,2165
1100,2204
1100,2270
1100,2334
1100,2435
1100,2644
1100,2814
1100,2885
1100,3141
1100,3756
1100,3848
1100,3918
1100,3979
1100,4103
1100,4426
1100,4638
1100,4646
1100,4828
1101,1317
1101,1380
1101,2699
1101,2810
1101,3381
1101,3899
1101,4327
1102,1107
1102,1268
1102,1318
1102,1962
1102,2095
1102,2153
1102,2648
1102,2851
1102,2942
1102,2973
1102,3365
1102,3759
1102,4128
1102,4660
1103,1133
1103,1436
1103,1525
1103,1560
1103,1607
1103,1921
1103,2131
1103,2415
1103,2521
1103,3069
1103,3228
1103,3451
1103,3463
1103,3519
1103,3585
1103,4186
1104,1186
1104,1599
1104,2993
1104,3645
1104,4800
1105,1192
1105,1415
1105,1981
1105,2633
1105,3083
1105,3281
1105,3619
1105,3668
1105,3864
1105,3952
1105,4032
1105,4252
1105,4552
1105,4587
1106,1144
1106,1299
1106,1403
1106,2200
1106,2205
1106,2214
1106,3183
1106,3299
1106,3368
1106,3506
1106,3565
1107,1414
1107,1748
1107,2058
1107,2164
1107,2242
1107,2521
1107,2925
1107,3193
1107,3581
1107,3862
1107,3898
1107,4019
1107,4178
1107,4809
1107,4931
1108,1198
1108,1455
1108,1647
1108,2650
1108,3105
1108,3219
1108,4010
1108,4034
1108,4886
1109,1451
1109,1758
1109,1855
1109,2077
1109,2574
1109,2736
1109,2775
1109,2812
1109,3224
1109,4293
1109,4897
1110,1475
1110,1663
1110,1842
1110,1845
1110,2515
1110,3183
1110,3487
1110,4529
1111,1607
1111,1924
1111,2096
1111,2295
1111,2925
1111,2935
1111,3494
1111,4002
1111,4447
1111,4735
1111,4898
1111,4973
1112,1421
1112,1621
1112,1750
1112,1816
1112,2342
1112,4860
1113,1127
1113,1226
1113,1352
1113,1884
1113,1892
1113,2157
1113,2264
1113,2328
1113,2744
1113,3096
1113,3378
1113,3388
1113,4230
1113,4354
1113,4961
1113,4989
1114,1333
1114,2648
1114,2732
1114,2757
1114,3135
1114,3242
1114,3535
1114,4679
1115,1306
1115,1377
1115,1396
1115,1696
1115,1771
1115,1931
1115,2355
1115,2475
1115,2825
1115,3007
1115,3062
1115,3212
1115,3683
1115,4116
1115,4297
1115,4479
1115,4629
1115,4707
1115,4811
1116,1131
1116,1411
1116,1599
1116,1685
1116,2306
1116,2840
1116,3190
1116,3456
1116,3490
1116,3625
1116,4243
1116,4420
1117,1413
1117,1578
1117,1599
1117,1864
1117,1945
1117,2080
1117,2626
1117,3791
1117,4269
1117,4528
1117,4782
1118,1211
1118,1316
1118,1769
1118,1866
1118,1916
1118,1951
1118,2709
1118,2795
1118,3993
1118,4586
1118,4820
1119,1503
1120,1192
1120,1213
1120,1263
1120,1432
1120,2131
1120,2192
1120,2336
1120,2439
1120,2510
1120,2588
1120,2936
1120,3101
1120,3373
1120,3681
1120,4191
1120,4663
1121,1382
1121,1736
1121,2176
1121,2522
1121,2530
1121,2651
1121,3427
1121,3519
1121,4107
1121,4109
1121,4298
1122,1287
1122,1550
1122,1560
1122,2193
1122,2337
1122,2558
1122,2803
1122,3058
1122,3134
1122,3405
1122,4498
1122,4849
1123,1539
1124,1222
1124,1703
1124,1986
1124,2152
1124,2235
1124,2354
1124,2673
1124,3477
1124,3501
1124,3770
1125,1152
1125,1164
1125,1712
1125,2149
1125,2917
1125,3322
1125,3386
1125,3497
1125,4237
1126,1401
1126,1766
1126,1856
1126,2059
1126,2242
1126,2276
1126,2349
1126,2510
1126,2819
1126,3168
1126,3467
1126,3604
1126,3738
1126,3878
1127,1178
1127,1254
1127,1383
1127,1459
1127,2801
1127,3834
1127,4007
1127,4388
1127,4424
1127,4654
1127,4773
1127,4853
1128,1332
1128,1355
1128,1510
1128,1547
1128,1691
1128,2183
1128,2444
1128,3226
1128,3247
1128,3773
1128,4062
1128,4317
1128,4486
1128,4823
1128,4932
1129,1284
1129,1312
1129,1360
1129,1475
1129,1820
1129,1973
1129,2000
1129,2194
1129,2357
1129,2629
1129,2910
1129,3897
1129,4348
1129,4574
1129,4701
1129,4994
1130,1576
1130,1727
1130,1909
1130,2290
1130,2860
1130,2922
1130,2996
1130,4234
1130,4262
1131,1170
1131,1271
1131,1407
1131,1415
1131,1431
1131,1623
1131,1897
1131,1919
1131,1942
1131,2005
1131,2147
1131,2184
1131,2779
1131,3574
1131,4132
1131,4256
1131,4863
1132,1152
1132,1192
1132,1304
1132,1327
1132,1640
1132,1897
1132,2271
1132,2296
1132,2338
1132,2372
1132,2529
1132,2589
1132,2757
1132,2805
1132,2840
1132,2883
1132,3527
1132,3876
1132,4204
1132,4509
1132,4536
1132,4876
1132,4978
1133,2088
1133,3793
1133,4307
1133,4669
1133,4987
1134,1363
1134,1910
1134,1996
1134,2097
1134,2498
1134,2647
1134,2922
1134,4259
1134,4831
1135,1511
1135,2205
1135,2221
1135,2649
1135,2701
1135,3101
1135,3671
1135,3840
1135,4042
1136,1247
1136,1546
1136,1672
1136,1802
1136,1908
1136,2637
1136,2646
1136,3300
1136,3941
1136,4359
1136,4396
1136,4531
1136,4695
1137,1786
1137,1879
1137,2141
1137,2172
1137,2204
1137,2383
1137,2433
1137,2452
1137,2490
1137,2853
1137,3079
1137,3215
1137,3284
1137,3874
1137,4579
1138,1309
1138,1843
1138,1884
1138,1924
1138,2566
1138,2584
1138,3122
1138,3443
1138,3619
1138,4189
1138,4190
1139,1245
1139,1250
1139,1261
1139,1487
1139,1831
1139,1846
1139,1964
1139,2081
1139,2087
1139,2399
1139,2663
1139,2667
1139,2973
1139,3316
1139,4099
1139,4222
1139,4602
1139,4628
1139,4655
1139,4960
1140,2223
1140,2411
1140,2550
1140,4075
1140,4441
1141,1598
1141,1819
1141,1827
1141,2285
1141,2392
1141,2766
1141,2819
1141,2992
1141,3820
1141,4748
1142,1513
1142,1837
1142,1965
1142,2805
1142,2975
1142,3232
1142,3246
1142,3299
1142,3645
1143,1162
1143,1253
1143,1300
1143,1637
1143,1710
1143,1727
1143,1756
1143,1817
1143,1967
1143,2241
1143,2639
1143,2891
1143,3132
1143,3684
1143,4754
1143,4985
1144,1263
1144,2288
1144,2416
1144,3513
1144,4190
1145,1210
1145,1476
1145,1635
1145,2166
1145,2818
1145,3892
1145,4275
1145,4493
1145,4849
1146,1418
1146,1641
1146,1848
1146,2923
1146,3080
1146,3187
1146,4436
1147,1385
1147,1712
1147,2109
1147,2456
1147,3818
1147,4784
1148,1203
1148,1866
1148,2367
1148,2449
1148,2923
1148,3918
1148,4361
1149,1363
1149,1383
1149,1529
1149,1598
1149,1837
1149,1958
1149,2114
1149,2153
1149,2181
1149,2273
1149,2862
1149,3172
1149,3189
1149,3591
1149,3656
1149,3818
1149,3821
1149,4097
1149,4363
1149,4462
1149,4680
1149,4703
1149,4712
1150,1342
1150,1484
1150,1538
1150,1583
1150,1662
1150,1973
1150,2061
1150,2207
1150,2209
1150,2443
1150,2494
1150,2553
1150,2819
1150,3529
1150,3603
1150,3875
1150,4733
1151,1183
1151,1223
1151,1290
1151,1328
1151,1470
1151,1722
1151,1827
1151,2291
1151,2476
1151,2609
1151,2661
1151,2724
1151,3058
1151,3290
1151,3291
1151,3591
1151,4102
1151,4237
1151,4424
1151,4831
1152,1196
1152,1573
1152,1899
1152,1946
1152,1973
1152,2364
1152,2928
1152,4109
1152,4397
1152,4755
1152,4779
1152,4834
1153,1275
1153,1365
1153,1562
1153,1914
1153,2576
1153,2799
1153,3129
1153,3801
1154,1373
1154,2501
1154,2955
1154,3665
1154,3987
1154,4060
1154,4954
1155,1239
1155,1310
1155,1324
1155,1793
1155,1825
1155,2408
1155,2487
1155,2609
1155,3198
1155,3514
1155,3998
1155,4767
1156,1186
1156,1299
1156,1490
1156,1803
1156,2282
1156,2612
1156,3054
1156,3062
1156,3759
1156,4504
1156,4879
1157,1204
1157,1258
1157,1388
1157,1447
1157,1893
1157,1974
1157,2002
1157,2116
1157,2137
1157,2365
1157,2431
1157,2530
1157,2689
1157,2814
1157,2959
1157,3103
1157,3411
1157,3898
1157,4002
1157,4292
1157,4299
1157,4463
1157,4475
1157,4713
1158,1227
1158,1266
1158,1446
1158,1477
1158,1810
1158,2025
1158,2074
1158,2268
1158,2403
1158,2555
1158,2726
1158,3584
1158,4073
1158,4289
1158,4323
1158,4327
1158,4767
1159,1288
1159,1907
1159,2074
1159,2176
1159,2575
1159,2648
1159,2774
1159,2998
1159,3212
1159,3549
1159,3708
1159,3715
1159,3975
1159,4198
1159,4474
1160,1232
1160,1374
1160,2206
1160,2646
1160,3130
1160,3364
1160,3566
1161,1571
1161,1701
1161,2002
1161,2312
1161,2320
1161,2875
1161,3003
1161,3332
1161,3344
1161,4009
1161,4028
1161,4064
1161,4195
1161,4223
1161,4343
1161,4871
1162,1239
1162,1655
1162,1900
1162,2848
1162,3170
1162,3527
1162,3612
1162,3631
1162,4027
1162,4136
1163,2051
1163,2323
1163,2351
1163,3806
1164,1284
1164,1758
1164,1768
1164,2082
1164,2259
1164,2564
1164,3689
1165,1284
1165,1307
1165,1796
1165,1928
1165,2639
1165,3274
1165,3737
1165,3828
1166,1332
1166,1653
1166,1976
1166,2175
1166,2664
1166,3077
1166,3297
1166,3540
1166,4067
1166,4694
1167,1193
1167,1196
1167,1315
1167,1561
1167,2144
1167,2437
1167,2530
1167,2572
1167,2590
1167,2759
1167,2814
1167,3243
1167,3526
1167,4224
1167,4864
1168,1487
1168,2075
1168,2405
1168,2472
1168,2778
1168,3778
1168,3804
1168,3824
1168,4276
1169,1276
1169,1326
1169,1641
1169,1679
1169,1805
1169,2168
1169,2189
1169,2550
1169,2710
1169,2901
1169,3438
1169,3615
1169,3718
1169,3885
1169,4020
1169,4277
1169,4627
1169,4770
1170,1198
1170,1427
1170,1598
1170,1625
1170,1827
1170,1930
1170,2083
1170,2726
1170,3126
1170,3307
1170,3436
1170,3463
1170,3710
1170,4561
1170,4714
1171,1197
1171,1559
1171,1582
1171,1923
1171,2033
1171,2726
1171,3084
1171,3863
1171,4444
1172,1271
1172,1829
1172,1921
1172,1974
1172,2234
1172,2316
1172,2560
1172,2924
1172,4165
1172,4657
1172,4965
1173,1315
1173,1513
1173,1525
1173,2229
1173,2436
1173,2780
1173,3905
1173,4082
1174,1213
1174,1659
1174,1901
1174,2486
1174,2601
1174,2774
1174,3196
1174,3314
1174,3663
1174,3678
1174,3715
1174,4239
1175,1296
1175,1347
1175,1656
1175,1936
1175,1972
1175,2190
1175,3050
1175,3195
1175,3391
1175,3744
1175,3828
1175,4010
1175,4075
1175,4544
1175,4725
1176,1252
1176,1362
1176,1374
1176,1554
1176,1842
1176,2778
1176,2781
1176,2863
1176,2929
1176,3106
1176,3248
1176,3358
1176,3789
1176,4211
1176,4863
1176,4972
1177,1334
1177,1404
1177,1691
1177,1889
1177,2095
1177,3083
1177,3508
1178,1248
1178,1580
1178,1798
1178,1945
1178,3191
1178,3438
1178,3828
1178,4528
1178,4861
1179,1265
1179,1378
1179,2180
1179,2332
1179,2618
1179,2856
1179,3898
1179,3973
1179,4147
1179,4199
1179,4507
1180,1231
1180,1529
1180,1959
1180,2249
1180,2555
1180,2598
1180,2785
1180,2792
1180,3221
1180,3792
1180,3864
1180,3885
1180,3988
1180,4002
1180,4810
1180,4840
1180,4868
1181,1209
1181,1244
1181,1477
1181,1546
1181,1622
1181,1654
1181,1839
1181,2232
1181,2805
1181,3570
1182,2352
1182,2769
1182,2878
1182,2961
1182,3006
1182,3055
1182,3645
1182,3936
1182,4826
1183,1479
1183,1504
1183,1714
1183,1912
1183,1933
1183,2125
1183,2242
1183,2381
1183,3092
1183,3675
1183,4503
1183,4520
1183,4578
1183,4882
1184,1370
1184,1552
1184,2120
1184,2420
1184,3838
1184,3972
1184,4859
1185,1700
1185,1725
1185,1792
1185,2018
1185,2205
1185,2765
1185,3183
1186,2905
1186,4381
1186,4506
1187,2450
1187,3891
1187,4757
1188,1625
1188,1642
1188,1674
1188,1820
1188,2577
1188,2609
1188,2874
1188,3249
1188,3628
1188,4094
1188,4636
1189,1212
1189,1214
1189,1444
1189,1529
1189,1719
1189,1895
1189,2221
1189,3255
1189,3357
1189,3451
1189,3940
1189,4262
1189,4387
1189,4575
1189,4910
1190,1817
1190,2549
1190,2737
1190,2757
1190,2769
1190,3020
1190,3074
1190,3094
1190,4186
1190,4580
1190,4842
1191,1572
1191,2256
1191,2402
1191,2570
1191,2681
1191,2844
1191,3657
1191,4483
1191,4741
1191,4795
1192,1660
1192,1750
1192,1779
1192,1826
1192,1846
1192,2002
1192,2077
1192,2437
1192,2696
1192,2917
1192,3152
1192,3426
1192,3445
1192,4061
1192,4169
1193,1339
1193,1638
1193,2500
1193,2543
1193,3658
1193,3680
1193,4187
1194,1940
1194,2015
1194,2279
1194,3793
1194,3870
1194,4980
1195,2500
1195,2577
1195,3121
1195,3946
1195,4065
1196,3049
1196,3445
1197,1287
1197,1337
1197,1467
1197,1690
1197,1878
1197,2062
1197,2099
1197,2207
1197,2503
1197,3024
1197,3739
1198,1347
1198,1539
1198,1756
1198,2397
1198,2757
1198,2764
1198,2881
1198,3446
1198,4505
1198,4753
1199,1625
1199,2173
1199,2289
1199,2343
1199,2647
1199,2784
1199,2945
1199,3361
1199,3783
1199,3923
1199,4499
1199,4793
1200,1227
1200,1432
1200,1532
1200,1568
1200,1650
1200,1771
1200,2254
1200,3041
1200,3564
1200,4113
1200,4642
1200,4717
1200,4812
1200,4849
1201,1282
1201,1345
1201,1366
1201,1469
1201,1698
1201,1757
1201,2470
1201,2581
1201,2620
1201,2635
1201,3041
1201,3156
1201,3200
1201,3270
1201,3482
1201,3968
1201,4207
1201,4520
1201,4733
1202,1292
1202,1427
1202,1454
1202,1618
1202,1718
1202,1978
1202,2044
1202,2479
1202,3229
1202,3712
1202,4063
1202,4777
1203,1447
1203,1686
1203,2669
1203,3253
1203,4479
1204,1245
1204,1271
1204,1465
1204,1690
1204,2032
1204,2353
1204,2424
1204,2612
1204,3353
1204,3399
1204,3440
1204,3823
1204,4247
1204,4733
1204,4827
1204,4853
1205,1812
1205,2057
1205,3068
1205,3217
1205,3441
1205,3488
1205,3657
1205,4396
1205,4426
1205,4604
1205,4620
1205,4931
1206,1343
1206,1365
1206,2106
1206,2150
1206,2225
1206,2287
1206,2341
1206,2348
1206,2709
1206,2722
1206,2871
1206,2906
1206,3520
1206,4046
1206,4388
1206,4489
1206,4906
1207,1354
1207,1423
1207,1454
1207,1473
1207,1962
1207,2469
1207,3088
1207,3104
1207,3513
1208,1579
1208,2556
1208,2805
1208,2859
1208,2971
1208,3032
1208,3043
1208,3430
1208,3951
1208,4073
1208,4153
1208,4258
1209,2156
1209,2548
1209,2651
1209,2687
1209,2828
1209,3033
1209,4224
1209,4726
1209,4960
1210,1326
1210,1615
1210,1717
1210,1785
1210,2030
1210,2428
1210,2750
1210,2871
1210,2936
1210,3329
1210,3334
1210,3338
1210,3344
1210,3511
1210,3866
1210,4065
1210,4167
1210,4191
1210,4197
1210,4332
1210,4396
1210,4505
1210,4518
1210,4671
1210,4682
1210,4982
1211,1240
1211,1487
1211,2239
1211,2370
1211,2485
1211,2634
1211,2782
1211,4220
1211,4349
1212,1340
1212,1785
1212,2840
1212,4842
1213,1242
1213,1263
1213,1576
1213,1582
1213,2173
1213,2838
1213,2872
1213,2958
1213,3057
1213,3095
1213,3649
1213,3798
1213,4959
1214,1439
1214,2029
1214,2291
1214,2399
1214,2420
1214,2901
1214,3300
1214,3640
1214,4047
1214,4618
1214,4798
1215,1525
1215,1530
1215,2239
1215,2282
1215,2405
1215,3269
1215,4295
1215,4594
1215,4637
1216,1219
1216,1295
1216,2522
1216,3327
1216,4054
1216,4960
1217,1344
1217,1463
1217,2166
1217,3614
1217,3817
1217,4194
1217,4629
1218,2069
1218,3170
1218,3455
1218,3892
1218,4979
1219,1829
1219,1935
1219,3066
1219,4496
1219,4891
1220,1762
1220,1779
1220,1890
1220,2277
1220,2719
1220,3486
1220,3644
1220,4057
1220,4638
1220,4826
1221,1877
1221,2023
1221,2706
1221,2725
1221,2865
1221,3167
1221,3609
1221,3691
1221,3985
1221,4198
1221,4657
1221,4757
1221,4799
1221,4955
1222,1977
1222,2068
1222,2110
1222,2111
1222,2192
1222,2417
1222,2428
1222,2491
1222,2879
1222,3107
1222,3445
1222,4241
1222,4406
1223,1458
1223,1520
1223,1669
1223,1817
1223,2680
1223,3009
1223,3418
1223,3774
1223,4762
1223,4821
1224,1448
1224,1656
1224,2354
1224,4255
1225,1346
1225,1897
1225,2209
1225,2254
1225,2341
1225,2662
1225,2673
1225,2765
1225,3019
1225,3449
1225,3470
1225,3527
1225,4710
1225,4743
1226,1515
1226,1631
1226,1902
1226,1906
1226,2057
1226,2627
1226,2826
1226,3345
1226,3370
1226,3463
1226,4908
1227,1940
1227,2063
1227,2322
1227,2503
1227,2886
1227,3086
1228,1242
1228,1437
1228,1924
1228,2102
1228,2247
1228,2541
1228,2563
1228,2598
1228,2743
1228,3102
1228,3202
1228,3354
1228,3770
1228,4310
1228,4361
1229,1293
1229,1366
1229,1549
1229,1654
1229,1728
1229,1975
1229,2216
1229,2219
1229,2410
1229,2571
1229,2933
1229,2934
1229,3454
1229,3668
1229,3716
1229,3810
1229,3915
1229,3967
1229,4016
1229,4592
1229,4655
1230,1306
1230,1357
1230,1536
1230,1653
1230,1739
1230,1745
1230,1925
1230,1976
1230,2025
1230,2085
1230,2807
1230,2944
1230,3037
1230,3330
1230,3392
1230,3486
1230,4556
1230,4569
1230,4608
1230,4850
1230,4990
1231,1544
1231,1819
1231,1832
1231,1921
1231,1977
1231,2155
1231,2285
1231,3262
1231,3527
1231,3650
1231,4075
1231,4610
1232,1347
1232,1414
1232,1468
1232,1705
1232,1886
1232,1957
1232,2334
1232,2687
1232,3262
1232,3407
1232,3426
1232,3584
1232,3734
1232,3827
1232,3984
1232,4208
1232,4449
1232,4530
1232,4587
1232,4647
1232,4849
1233,1297
1233,1320
1233,1588
1233,1646
1233,1673
1233,1885
1233,2467
1233,2560
1233,3173
1233,3228
1233,4085
1233,4334
1234,1357
1234,1541
1234,1947
1234,2157
1234,2716
1234,2803
1234,2941
1234,4089
1234,4415
1234,4539
1234,4553
1234,4873
1234,4980
1235,2008
1235,2016
1235,3111
1235,3148
1235,3285
1235,3598
1235,3632
1235,4123
1235,4508
1235,4821
1235,4838
1236,1302
1236,1692
1236,1823
1236,2093
1236,2163
1236,2271
1236,2812
1236,2837
1236,3395
1236,3504
1236,3527
1236,3556
1236,3824
1236,4326
1236,4374
1236,4563
1236,4594
1236,4628
1237,1356
1237,1607
1237,1682
1237,1726
1237,4234
1238,1505
1238,1545
1238,1706
1238,2340
1238,3337
1238,3438
1238,3512
1238,3947
1238,3980
1238,4263
1238,4791
1239,1371
1239,1425
1239,1742
1239,4330
1239,4822
1240,1337
1240,1409
1240,1715
1240,1718
1240,1771
1240,1914
1240,2367
1240,2613
1240,3023
1240,3411
1240,4669
1240,4784
1240,4868
1241,1246
1241,1299
1241,2498
1241,3004
1241,3191
1241,3869
1241,3917
1241,4319
1242,1528
1242,1578
1242,1990
1242,1999
1242,2072
1242,2155
1242,2529
1242,2532
1242,2534
1242,2668
1242,2739
1242,3186
1242,3198
1242,3636
1242,4257
1242,4277
1243,1266
1243,1270
1243,1313
1243,1415
1243,1444
1243,1667
1243,1777
1243,1810
1243,1945
1243,2313
1243,2479
1243,2488
1243,2556
1243,2613
1243,2876
1243,3118
1243,3249
1243,3341
1243,3703
1243,3823
1243,3856
1243,4217
1243,4346
1243,4458
1243,4672
1243,4749
1243,4832
1244,1246
1244,2439
1244,3945
1244,4341
1245,1904
1245,2057
1245,2529
1245,2830
1245,3053
1245,3395
1245,3611
1245,3616
1245,4184
1245,4895
1246,1316
1246,1489
1246,3269
1246,3642
1246,3768
1246,4237
1246,4401
1246,4557
1246,4739
1247,1512
1247,1569
1247,1580
1247,1675
1247,2573
1247,2703
1247,2748
1247,2786
1247,3221
1247,3359
1247,3490
1247,3861
1247,3887
1247,4374
1247,4735
1248,1370
1248,1595
1248,2140
1248,2143
1248,2344
1248,2450
1248,3014
1248,3929
1248,3958
1248,4299
1248,4476
1249,1534
1249,2008
1249,2070
1249,2145
1249,2747
1249,3063
1249,3201
1249,3671
1249,3801
1249,4085
1249,4407
1249,4720
1250,2166
1250,2971
1250,3032
1250,3954
1250,4258
1250,4515
1251,1364
1251,1475
1251,1694
1251,1980
1251,2096
1251,2110
1251,2558
1251,2708
1251,3531
1251,4448
1251,4486
1251,4534
1252,1535
1252,1911
1252,2096
1252,2196
1252,2281
1252,2365
1252,2399
1252,3599
1252,3832
1252,3851
1252,4020
1252,4594
1253,1332
1253,1916
1253,1965
1253,2106
1253,2200
1253,2335
1253,2965
1253,3265
1253,3313
1253,3482
1253,3809
1253,4131
1253,4149
1253,4203
1253,4410
1253,4866
1254,1374
1254,1942
1254,2327
1254,2452
1254,2864
1254,2879
1254,2997
1254,3399
1254,4104
1254,4302
1254,4337
1254,4738
1255,1305
1255,1985
1255,2136
1255,2153
1255,2520
1255,2594
1255,3293
1255,3713
1255,4280
1255,4552
1256,1502
1256,2370
1256,2392
1256,2452
1256,3273
1256,3423
1256,3582
1257,1335
1257,1514
1257,1960
1257,2305
1257,2647
1257,2670
1257,3276
1257,3686
1257,4205
1258,1729
1258,1909
1258,1941
1258,3235
1258,3312
1258,3391
1258,3849
1258,4314
1258,4794
1259,1628
1259,2117
1259,2143
1259,3743
1259,4090
1259,4523
1260,1286
1260,1413
1260,1704
1260,1808
1260,2149
1260,2342
1260,2631
1260,2816
1260,2956
1260,3868
1260,3941
1260,4630
1260,4795
1261,1547
1261,2055
1261,2300
1261,3072
1261,3201
1261,3255
1261,3261
1261,3443
1261,3544
1261,3593
1261,4364
1261,4824
1261,4986
1262,1345
1262,1392
1262,1520
1262,1522
1262,1592
1262,1951
1262,2012
1262,2185
1262,2482
1262,3027
1262,3172
1262,3304
1262,3871
1262,3885
1262,4532
1262,4533
1262,4759
1262,4897
1263,1665
1263,2377
1263,2843
1263,3038
1263,3568
1263,4457
1264,2240
1264,3331
1264,3766
1264,3988
1264,4860
1265,1392
1265,1632
1265,3461
1265,3615
1265,4181
1265,4584
1265,4862
1266,1584
1266,1666
1266,1723
1266,2346
1266,2598
1266,2971
1266,3105
1266,3286
1267,1607
1267,1820
1267,2006
1267,2631
1267,3435
1267,3676
1267,4019
1267,4597
1268,1399
1268,1550
1268,2585
1268,4145
1269,1373
1269,1660
1269,2498
1269,2555
1269,2745
1269,3020
1269,3189
1269,4051
1269,4286
1269,4351
1269,4797
1269,4928
1270,1317
1270,1762
1270,1920
1270,1936
1270,2672
1270,3603
1270,3686
1271,1324
1271,1521
1271,1722
1271,1830
1271,2044
1271,2121
1271,2312
1271,2624
1271,3243
1271,3580
1271,4997
1272,1276
1272,1311
1272,1379
1272,1468
1272,1801
1272,1846
1272,1879
1272,1968
1272,2462
1272,3003
1272,3919
1272,4036
1272,4404
1272,4691
1272,4820
1273,1399
1273,2063
1273,2272
1273,2665
1273,2989
1273,3042
1273,3289
1273,3908
1273,4124
1274,1469
1274,1514
1274,2784
1274,3673
1274,3918
1274,4522
1274,4688
1274,4985
1275,1324
1275,1591
1275,2107
1275,2934
1275,3216
1275,3294
1275,3979
1276,1454
1276,1594
1276,2012
1276,2436
1276,2640
1276,2655
1276,2748
1276,2854
1276,3066
1276,3847
1276,4138
1276,4193
1277,1475
1277,3275
1277,3707
1277,4352
1277,4947
1278,1316
1278,2026
1278,2545
1278,3629
1278,3913
1278,4027
1279,1458
1279,2000
1279,2530
1279,2604
1279,2990
1279,3334
1279,3356
1279,4094
1279,4363
1280,2341
1280,2381
1280,2915
1280,3422
1280,3424
1280,3731
1281,1294
1281,1867
1281,1896
1281,2121
1281,2154
1281,2219
1281,2363
1281,2420
1281,3019
1281,3224
1281,3650
1281,3932
1281,4011
1281,4124
1281,4219
1281,4954
1282,2261
1282,3138
1282,4749
1283,1353
1283,2336
1283,2340
1283,2359
1283,2966
1283,3022
1283,4045
1283,4600
1284,1342
1284,3090
1284,3246
1284,3351
1284,3689
1284,4698
1284,4751
1285,2811
1285,3593
1285,3824
1285,4580
1285,4964
1286,1430
1286,2112
1286,2266
1286,2973
1286,3793
1286,4067
1286,4104
1286,4284
1287,1624
1287,1808
1287,2542
1287,2753
1287,2983
1287,3526
1288,1427
1288,1541
1288,3026
1288,3542
1288,3892
1288,4397
1288,4406
1288,4793
1288,4932
1289,1683
1289,2004
1289,2277
1290,1535
1290,1711
1290,2229
1290,2657
1290,2832
1290,2941
1290,3177
1290,3240
1290,3268
1290,4051
1290,4365
1290,4912
1291,2557
1291,2712
1291,2923
1291,3241
1291,3298
1291,3710
1291,4660
1291,4964
1292,1810
1292,2379
1292,2933
1292,3126
1293,1329
1293,1643
1293,2297
1293,3198
1293,3199
1293,3206
1293,3240
1293,3486
1293,3832
1293,4102
1293,4151
1293,4659
1294,1833
1294,1904
1294,2036
1294,2481
1294,2876
1294,2952
1294,4031
1294,4863
1295,1330
1295,1777
1295,2474
1295,2572
1295,3127
1295,3410
1295,4213
1295,4250
1296,1633
1296,1979
1296,2015
1296,2035
1296,2342
1296,2672
1296,3381
1296,3461
1296,3488
1296,3770
1296,3812
1296,4231
1296,4261
1297,1549
1297,2421
1297,2449
1297,3588
1297,3619
1297,4231
1297,4352
1297,4942
1298,1398
1298,1941
1298,2354
1298,2632
1298,2928
1298,3628
1298,3749
1298,3834
1298,4272
1298,4618
1298,4670
1299,1484
1299,1769
1299,2181
1299,2422
1299,2495
1299,2712
1299,3346
1299,3670
1299,3822
1299,4372
1299,4564
1300,1516
1300,1610
1300,2298
1300,2496
1300,3491
1300,3743
1300,3885
1300,3916
1300,4221
1300,4357
1300,4468
1300,4470
1301,1863
1301,2021
1301,2201
1302,1402
1302,1809
1302,1856
1302,2965
1302,3049
1302,3061
1302,3180
1302,3218
1302,3732
1302,4171
1302,4976
1303,1449
1303,1688
1303,1795
1303,2028
1303,2213
1303,2667
1303,3205
1303,4497
1303,4611
1303,4684
1304,1771
1304,2079
1304,2148
1304,3180
1304,3205
1304,3818
1305,1879
1305,2037
1305,2053
1305,2147
1305,2601
1305,2876
1305,3408
1305,3538
1306,1746
1306,1760
1306,1966
1306,2147
1306,2161
1306,2191
1306,2586
1306,2683
1306,3045
1306,3100
1306,3217
1306,3603
1306,4377
1306,4629
1307,1318
1307,1321
1307,1712
1307,1855
1307,2883
1307,2993
1307,3921
1307,3923
1307,4150
1307,4172
1307,4584
1307,4631
1307,4780
1308,1345
1308,1555
1308,1889
1308,2580
1308,3592
1308,3618
1308,4215
1309,1834
1309,2852
1309,4075
1309,4193
1309,4246
1309,4429
1309,4602
1309,4867
1310,1743
1310,1898
1310,2065
1310,2128
1310,2190
1310,2868
1310,3140
1310,3265
1310,3637
1310,3878
1310,4010
1310,4462
1310,4912
1310,4957
1311,1360
1311,1496
1311,1823
1311,1965
1311,1990
1311,2355
1311,2751
1311,3079
1311,3376
1311,3571
1311,3969
1311,4184
1312,1334
1312,1851
1312,2283
1312,2704
1312,2767
1312,3770
1312,3811
1312,3865
1312,4265
1312,4383
1313,1673
1313,2967
1313,2974
1313,3133
1313,4274
1313,4457
1314,1365
1314,2132
1314,2582
1314,3126
1314,3211
1314,3748
1314,4054
1315,1420
1315,1714
1315,1892
1315,1940
1315,1975
1315,2276
1315,2352
1315,2535
1315,2999
1315,3055
1315,3509
1315,4081
1315,4277
1315,4768
1316,1410
1316,1851
1316,1954
1316,2146
1316,2318
1316,2698
1316,3517
1316,3950
1317,1570
1317,1579
1317,3168
1317,4518
1317,4755
1317,4834
1318,1465
1318,1692
1318,2234
1318,2247
1318,2691
1318,3850
1318,3867
1318,4093
1318,4125
1318,4612
1319,1751
1319,2714
1319,3307
1320,1868
1320,2082
1320,2166
1320,2601
1320,2786
1320,3403
1320,4357
1320,4404
1321,1379
1321,1392
1321,1861
1321,2903
1321,2931
1321,3157
1321,3813
1322,1908
1322,4364
1323,1362
1323,1600
1323,2168
1323,2211
1323,2315
1323,2364
1323,2445
1323,2529
1323,2629
1323,3886
1323,3988
1323,4017
1323,4209
1323,4583
1323,4588
1323,4594
1323,4640
1323,4644
1323,4900
1324,1622
1324,2247
1324,2756
1324,2802
1324,4571
1324,4585
1324,4870
1325,2022
1325,2595
1325,3580
1325,3992
1325,4049
1325,4068
1325,4154
1325,4349
1326,2292
1326,2918
1327,1603
1327,2725
1327,2748
1327,3025
1327,3503
1327,3961
1327,4666
1327,4842
1328,1683
1328,1864
1328,2185
1328,2506
1328,2804
1328,3057
1328,3087
1328,3726
1328,3871
1328,3880
1328,4387
1328,4495
1329,1480
1329,1684
1329,2321
1329,2415
1329,3670
1329,4883
1329,4938
1329,4951
1330,1465
1330,1662
1330,2124
1330,2629
1330,2717
1330,3143
1330,3308
1330,3675
1331,1483
1331,2683
1331,2896
1331,3029
1331,3984
1331,4118
1332,1389
1332,1744
1332,2930
1332,3234
1332,3417
1332,3988
1332,4206
1332,4405
1332,4929
1333,1979
1333,2103
1333,2543
1333,2630
1333,2916
1333,2985
1333,3264
1333,3524
1333,3573
1333,3676
1333,4638
1334,2363
1334,2774
1334,3688
1335,2069
1335,2354
1335,2485
1335,3136
1335,3225
1335,3921
1335,4185
1335,4328
1335,4464
1336,1541
1336,1758
1336,1921
1336,2050
1336,2634
1336,2724
1336,2816
1336,2949
1336,3039
1336,3798
1336,4332
1336,4617
1336,4630
1336,4869
1336,4970
1337,1907
1337,2151
1337,2372
1337,2463
1337,2571
1337,3535
1337,4145
1338,1351
1338,1418
1338,1577
1338,1927
1338,2013
1338,2278
1338,2301
1338,2742
1338,3444
1338,3635
1338,3974
1338,4023
1338,4391
1338,4570
1338,4755
1338,4773
1339,1355
1339,1434
1339,1858
1339,2104
1339,2490
1339,2696
1339,3118
1339,3285
1339,3408
1339,3773
1339,3822
1339,4576
1340,1802
1340,1905
1340,2504
1340,2801
1340,2845
1340,3896
1340,4584
1341,1495
1341,1702
1341,1973
1341,2147
1341,2322
1341,3555
1341,3747
1341,4139
1341,4437
1342,1755
1342,2643
1342,2716
1342,4244
1343,1619
1343,1724
1343,2169
1343,2636
1343,3196
1343,3752
1343,4333
1344,2048
1344,2228
1344,2512
1344,3273
1344,3713
1344,3953
1344,4084
1345,1381
1345,1596
1345,1612
1345,1788
1345,2321
1345,2572
1345,2802
1345,4565
1345,4593
1345,4833
1346,1649
1346,2020
1346,2176
1346,2415
1346,2643
1346,2656
1346,2881
1346,3200
1346,3280
1346,3328
1346,3592
1346,3678
1346,3747
1346,3850
1346,3955
1346,4353
1346,4529
1347,1795
1347,2938
1347,3645
1347,4427
1347,4942
1347,4960
1348,1958
1348,1963
1348,2417
1348,3641
1348,4128
1348,4680
1349,1521
1349,1676
1349,1702
1349,1800
1349,2332
1349,3083
1349,3382
1349,3526
1349,3593
1349,4033
1349,4282
1349,4371
1349,4700
1349,4927
1350,1506
1350,1941
1350,3084
1350,3289
1350,3429
1350,3751
1350,4327
1350,4434
1350,4684
1351,1643
1351,2317
1351,3088
1351,4199
1351,4229
1351,4433
1351,4549
1351,4600
1352,2119
1352,2306
1352,2375
1352,2688
1352,2930
1352,3256
1352,3539
1352,4076
1353,1831
1353,2087
1353,2481
1353,2838
1353,3641
1353,3934
1353,4018
1353,4802
1353,4987
1354,1360
1354,1639
1354,1752
1354,2998
1354,3361
1354,3697
1354,4248
1354,4259
1355,2082
1355,2371
1355,2468
1355,2508
1355,3426
1355,4282
1355,4789
1355,4875
1356,1488
1356,1532
1356,2301
1356,2554
1356,3196
1356,3461
1356,4063
1356,4092
1356,4520
1356,4768
1357,1517
1357,1647
1357,2132
1357,2304
1357,2843
1357,2883
1357,3304
1357,3557
1357,4108
1358,1595
1358,1647
1358,1730
1358,2729
1358,2883
1358,2958
1358,3742
1358,4096
1359,1570
1359,2414
1359,3227
1359,3510
1359,3669
1359,4159
1359,4431
1359,4488
1360,1557
1360,1924
1360,2253
1360,2325
1360,2531
1360,2539
1360,2992
1360,3227
1360,3240
1360,3276
1360,3402
1360,3478
1360,3717
1360,3864
1360,4884
1360,4928
1360,4942
1361,1423
1361,1669
1361,1740
1361,1811
1361,2133
1361,2235
1361,2635
1361,2742
1361,2771
1361,2907
1361,2973
1361,3071
1361,3363
1361,3680
1361,3803
1361,4206
1361,4567
1361,4792
1361,4881
1362,1871
1362,1872
1362,2296
1362,2959
1362,3070
1362,3235
1362,3294
1362,3430
1362,3774
1363,1785
1363,1957
1363,2421
1363,2614
1363,3819
1363,4313
1364,1399
1364,1640
1364,2679
1364,3093
1364,3212
1364,3797
1364,3818
1364,4855
1364,4928
1365,2125
1365,2286
1365,2487
1365,2814
1365,3350
1365,3571
1365,3632
1365,3707
1365,3875
1365,4345
1365,4380
1366,2001
1366,2370
1366,2682
1366,3336
1366,3384
1366,3515
1366,3680
1366,3804
1366,3862
1366,4000
1366,4035
1366,4176
1366,4328
1366,4596
1366,4810
1367,1382
1367,1710
1367,2037
1367,2164
1367,2825
1367,3610
1367,3626
1367,3877
1367,4074
1367,4236
1367,4977
1368,1637
1368,1676
1368,2099
1368,2105
1368,2119
1368,2580
1368,2714
1368,3889
1368,4106
1368,4681
1369,1492
1369,1844
1369,2639
1369,2923
1369,3206
1369,4740
1370,1586
1370,2103
1370,2527
1370,2881
1370,4445
1370,4559
1370,4586
1370,4602
1371,1639
1371,1931
1371,2400
1371,2516
1371,2615
1371,2960
1371,3266
1371,3644
1371,4020
1371,4062
1371,4473
1371,4540
1371,4678
1372,1668
1372,2651
1372,2661
1372,2680
1372,2981
1372,3095
1372,3114
1372,3391
1372,3555
1372,4276
1372,4336
1372,4368
1372,4554
1372,4921
1373,1431
1373,1586
1373,1829
1373,2331
1373,3030
1373,3786
1373,4148
1373,4290
1373,4421
1373,4561
1374,1480
1374,1676
1374,1819
1374,2022
1374,2037
1374,2045
1374,2258
1374,2269
1374,2413
1374,2650
1374,2972
1374,3026
1374,3347
1374,3519
1374,3736
1374,3931
1374,4157
1374,4741
1375,1516
1375,1632
1375,1844
1375,1908
1375,1966
1375,2057
1375,2452
1375,2473
1375,2811
1375,3050
1375,3095
1375,3288
1375,3472
1375,4222
1375,4488
1375,4496
1376,1969
1376,2242
1376,2481
1376,3153
1376,3299
1376,4025
1376,4255
1376,4334
1377,1441
1377,1676
1377,1729
1377,1735
1377,1738
1377,2015
1377,2065
1377,2207
1377,2296
1377,2440
1377,2757
1377,2765
1377,2835
1377,3711
1377,3755
1377,4080
1378,1583
1378,1909
1378,1989
1378,2060
1378,3238
1378,3589
1378,3660
1378,3745
1378,4125
1378,4435
1378,4659
1378,4675
1378,4735
1379,2228
1379,2937
1379,3036
1379,3545
1379,4881
1380,1458
1380,1859
1380,2345
1380,2461
1380,2856
1380,3192
1380,3209
1380,3521
1380,3689
1380,3933
1380,4485
1380,4891
1380,4941
1381,1485
1381,1560
1381,2571
1381,3015
1381,3355
1381,3383
1381,3805
1382,1442
1382,1692
1382,2660
1382,2752
1382,2864
1382,2970
1382,3062
1382,3573
1382,3990
1382,4281
1382,4386
1382,4975
1383,2096
1383,3695
1383,3794
1383,3904
1383,4056
1383,4273
1383,4318
1383,4413
1383,4685
1383,4860
1384,1419
1384,2209
1384,2477
1384,2587
1384,2858
1384,4375
1384,4728
1384,4789
1385,1793
1385,3100
1385,4316
1385,4382
1386,1458
1386,1773
1386,2808
1386,3052
1386,3456
1386,3785
1386,3809
1386,3870
1386,4126
1386,4833
1387,1549
1387,2141
1387,2196
1387,2445
1387,2839
1387,2948
1387,3121
1387,3175
1387,3462
1387,4143
1387,4458
1388,1894
1388,2399
1388,2558
1388,2940
1388,3534
1388,3678
1388,3969
1389,2029
1389,2042
1389,2689
1389,3365
1389,3810
1389,3903
1389,3980
1389,4729
1389,4737
1389,4963
1390,1417
1390,1846
1390,3423
1390,3777
1390,4332
1391,1393
1391,1492
1391,1672
1391,2072
1391,2163
1391,2433
1391,2777
1391,3903
1392,1562
1392,2838
1392,3116
1392,3910
1392,4795
1392,4819
1393,1451
1393,1657
1393,1661
1393,1983
1393,2079
1393,2080
1393,2323
1393,2394
1393,2795
1393,2929
1393,2994
1393,3238
1393,3656
1393,3848
1393,3996
1393,4148
1393,4439
1393,4461
1393,4777
1394,1465
1394,1825
1394,1839
1394,2385
1394,2567
1394,3363
1394,3925
1394,4015
1394,4195
1394,4468
1394,4892
1394,4920
1395,1593
1395,1752
1395,2231
1395,3741
1396,1638
1396,1679
1396,2134
1396,3168
1396,3776
1396,4029
1396,4789
1396,4958
1397,1745
1397,1938
1397,1956
1397,2219
1397,2250
1397,2372
1397,2496
1397,2602
1397,2911
1397,3221
1397,3341
1397,3456
1397,3566
1397,4250
1397,4300
1397,4350
1398,1791
1398,2129
1398,2243
1398,2908
1398,3980
1398,4621
1399,1574
1399,1578
1399,1594
1399,1905
1399,1910
1399,2322
1399,3758
1399,4530
1399,4620
1400,1563
1400,1764
1400,2078
1400,2424
1400,2706
1400,2710
1400,3094
1400,3157
1400,3222
1400,4170
1401,1692
1401,2532
1401,2657
1401,2783
1401,3647
1402,1415
1402,1629
1402,1739
1402,1943
1402,2203
1402,2241
1402,3104
1402,3129
1402,3160
1402,3668
1402,4481
1402,4705
1402,4803
1402,4969
1403,1786
1403,2131
1403,4053
1403,4503
1404,1415
1404,1510
1404,1976
1404,2305
1404,2512
1404,2606
1404,3060
1404,4419
1404,4492
1404,4729
1405,1433
1405,1837
1405,2848
1405,3422
1405,3614
1405,3755
1405,4183
1405,4341
1405,4345
1405,4917
1406,1578
1406,2022
1406,2064
1406,2174
1406,3583
1407,1481
1407,1714
1407,1746
1407,1924
1407,2059
1407,2197
1407,2369
1407,3691
1407,4036
1407,4340
1407,4892
1408,2384
1408,2468
1408,3176
1408,4611
1408,4940
1408,4945
1409,1668
1409,1785
1409,2313
1409,2663
1409,3020
1409,3116
1409,3262
1409,3647
1409,3682
1409,3850
1409,3928
1409,4022
1409,4258
1409,4483
1409,4600
1409,4744
1409,4991
1410,2232
1410,2391
1410,2710
1410,4520
1410,4571
1411,2256
1411,2537
1411,3629
1411,3983
1411,4103
1411,4325
1411,4609
1411,4893
1411,4990
1412,1482
1412,1742
1412,2159
1412,2568
1412,3480
1412,3724
1412,3922
1412,4155
1412,4401
1413,1444
1413,1525
1413,2888
1413,3372
1413,4216
1413,4438
1413,4933
1414,1575
1414,1803
1414,1874
1414,1978
1414,2180
1414,2447
1414,2836
1414,2989
1414,3448
1414,3648
1414,3742
1414,3762
1414,4264
1414,4352
1415,1621
1415,1715
1415,2459
1415,2633
1415,3234
1415,3609
1415,3768
1415,4162
1415,4433
1415,4538
1415,4798
1415,4919
1416,3677
1416,3991
1416,4104
1416,4300
1417,1421
1417,1593
1417,1724
1417,1847
1417,1877
1417,1885
1417,1893
1417,2298
1417,3419
1417,3946
1418,1564
1418,2620
1418,2854
1418,2928
1418,3356
1418,3502
1418,4014
1418,4427
1418,4941
1419,1553
1419,1673
1419,1789
1419,1987
1419,2308
1419,2329
1419,2494
1419,2815
1419,3176
1419,3656
1419,4123
1419,4513
1419,4661
1419,4850
1420,2396
1420,2991
1420,4534
1420,4887
1421,1494
1421,1616
1421,2193
1421,2444
1421,3043
1421,3152
1421,3774
1421,4219
1422,1464
1422,1770
1422,1925
1422,1963
1422,2264
1422,2355
1422,2715
1422,2906
1422,3098
1422,3347
1422,3614
1422,3638
1422,3988
1422,4028
1422,4457
1422,4533
1422,4536
1422,4554
1422,4809
1422,4956
1422,4979
1423,1836
1423,3092
1423,3205
1423,3337
1423,3641
1423,3710
1423,4582
1423,4616
1423,4656
1424,1787
1424,1873
1424,2165
1424,2181
1424,2601
1424,4036
1424,4183
1424,4193
1425,1589
1425,1600
1425,2276
1425,2398
1425,3594
1425,3642
1425,3790
1425,3802
1425,4448
1425,4872
1426,1439
1426,1472
1426,1919
1426,2004
1426,2507
1426,2584
1426,2877
1426,3004
1426,3059
1426,3524
1426,3546
1426,3549
1426,3605
1427,2949
1427,3928
1427,4813
1428,1625
1428,1884
1428,1931
1428,2227
1428,3067
1428,3119
1428,3388
1428,3655
1428,4140
1428,4465
1428,4757
1428,4986
1429,1934
1429,2224
1429,2275
1429,3034
1429,3097
1429,3224
1429,3671
1429,3943
1429,4016
1429,4229
1429,4489
1429,4617
1429,4632
1429,4967
1430,1576
1430,1594
1430,1737
1430,2572
1430,3495
1430,3946
1430,4188
1431,1432
1431,1631
1431,1633
1431,1783
1431,2071
1431,2839
1431,3037
1431,3082
1431,3223
1431,3796
1431,3997
1431,4426
1431,4522
1432,1477
1432,1507
1432,1580
1432,1703
1432,1949
1432,2145
1432,2323
1432,2374
1432,2451
1432,2506
1432,2935
1432,2987
1432,3114
1432,3296
1432,3638
1432,3807
1432,3852
1432,3996
1432,4217
1432,4654
1432,4982
1433,1603
1433,1713
1433,1772
1433,1806
1433,2270
1433,2404
1433,2470
1433,2737
1433,3083
1433,3379
1433,4857
1434,1795
1434,2168
1434,3040
1434,3746
1434,3790
1434,4413
1435,2515
1435,2540
1435,2953
1435,4532
1435,4956
1436,1606
1436,2304
1436,2394
1436,2927
1436,3719
1437,1547
1437,1775
1437,2876
1437,2990
1437,3862
1437,4383
1437,4492
1438,1993
1438,2609
1438,3310
1438,3459
1438,3833
1438,3840
1438,4724
1438,4739
1439,1495
1439,1752
1439,1971
1439,2017
1439,2055
1439,2402
1439,3697
1439,3906
1439,4122
1439,4296
1439,4490
1439,4494
1439,4903
1439,4941
1439,4954
1440,2106
1440,2149
1440,2277
1440,3584
1440,4165
1440,4730
1441,2092
1441,2139
1442,1926
1442,4008
1442,4268
1443,2053
1443,2075
1443,2669
1443,2859
1443,3324
1443,3355
1444,1522
1444,1774
1444,2213
1444,2463
1444,3305
1444,3944
1444,3963
1444,4585
1445,1820
1445,2219
1446,1576
1446,2134
1446,2242
1446,2481
1446,2875
1446,2876
1446,2944
1446,3018
1446,3225
1446,3358
1446,3421
1446,4315
1446,4401
1446,4465
1446,4624
1446,4843
1447,2367
1447,2659
1447,3103
1447,3313
1447,3801
1447,4058
1448,1495
1448,1711
1448,1791
1448,2456
1448,2526
1448,2833
1448,3250
1448,3351
1448,3420
1448,3969
1448,4010
1448,4888
1448,4894
1448,4959
1449,1728
1449,1887
1449,2678
1449,2901
1449,2993
1449,3131
1449,3680
1449,4162
1450,1547
1450,1684
1450,1962
1450,2244
1450,2460
1450,2837
1450,2869
1450,3342
1450,3347
1450,3360
1450,3534
1450,3669
1450,3730
1450,4261
1450,4501
1450,4734
1451,1487
1451,1681
1451,1728
1451,1738
1451,1957
1451,2991
1451,3335
1451,4437
1452,1627
1452,1964
1452,2330
1452,2562
1452,3631
1452,3880
1452,4449
1453,1957
1453,2440
1453,2609
1453,2700
1453,2909
1453,3632
1453,4128
1454,2345
1454,2907
1454,3059
1454,3080
1454,3095
1454,4174
1454,4330
1455,1775
1455,1879
1455,1925
1455,2841
1455,2995
1455,3108
1455,3167
1455,3190
1455,4491
1456,1494
1456,1692
1456,2272
1456,2341
1456,2735
1456,3325
1456,3409
1456,3468
1456,3725
1456,3796
1456,3877
1456,3996
1456,4365
1456,4392
1456,4605
1457,1832
1457,2000
1457,3944
1457,4002
1457,4196
1457,4375
1458,2301
1458,2612
1458,3133
1458,3462
1458,3842
1459,1601
1459,2144
1459,3585
1459,3951
1460,1580
1460,1595
1460,1671
1460,2150
1460,2250
1460,2300
1460,2436
1460,2546
1460,2548
1460,2743
1460,2883
1460,2921
1460,2970
1460,3532
1460,3539
1460,3792
1460,3812
1460,3923
1460,3991
1460,4904
1460,4919
1460,4968
1461,1479
1461,1487
1461,2353
1461,2730
1461,2772
1461,3946
1462,1678
1462,1681
1462,1893
1462,2081
1462,2516
1462,2649
1462,2754
1463,1584
1463,1610
1463,1942
1463,2119
1463,2183
1463,3061
1463,3434
1463,3776
1464,1501
1464,1534
1464,1909
1464,1973
1464,3210
1464,3287
1464,3466
1465,1948
1465,1969
1465,2133
1465,2185
1465,3054
1465,3150
1465,3398
1465,3584
1465,3913
1465,4133
1465,4708
1465,4947
1466,1484
1466,1562
1466,1624
1466,1642
1466,1734
1466,2125
1466,2130
1466,2291
1466,2845
1466,2925
1466,3781
1466,4664
1467,1635
1467,2170
1467,2478
1467,2520
1467,3424
1467,3792
1467,3872
1468,1567
1468,2347
1468,2419
1468,3404
1468,3809
1469,1531
1469,2032
1469,2279
1469,2390
1469,2652
1469,2845
1469,2931
1469,3139
1469,3242
1470,1628
1470,1719
1470,1920
1470,1969
1470,2819
1470,2843
1470,3320
1470,3554
1470,3575
1470,4364
1471,2509
1471,3147
1471,3296
1471,3306
1471,3331
1471,3626
1471,4426
1472,2493
1472,2592
1472,4116
1472,4464
1473,1913
1473,2160
1473,2444
1473,3022
1473,3695
1474,2117
1474,2667
1474,3648
1474,3785
1475,1630
1475,1868
1475,2052
1475,2327
1475,2368
1475,2640
1475,3287
1475,3660
1475,3693
1475,3872
1475,4320
1476,1762
1476,2001
1476,2024
1476,2124
1476,2128
1476,2412
1476,2714
1476,2996
1476,3193
1476,3493
1476,3991
1476,4132
1476,4146
1476,4200
1476,4517
1476,4876
1477,2269
1477,2479
1477,3212
1477,3545
1477,3598
1477,4948
1478,1573
1478,1764
1478,2655
1479,1736
1479,2036
1479,2162
1479,2219
1479,2355
1479,4150
1479,4424
1479,4473
1479,4530
1480,2091
1480,2193
1480,2230
1480,2638
1480,3406
1480,4030
1480,4218
1481,1582
1481,1897
1481,2041
1481,2150
1481,2558
1481,4491
1481,4917
1482,1536
1482,2312
1482,2953
1482,3638
1482,3824
1482,3952
1482,4156
1483,1493
1483,1881
1483,1925
1483,2719
1483,2782
1483,3149
1483,3237
1483,3263
1483,3460
1483,4165
1483,4252
1483,4302
1483,4326
1483,4681
1483,4991
1484,1583
1484,1878
1484,2190
1484,2228
1484,2535
1484,3428
1484,3491
1484,3991
1484,4293
1485,1553
1485,1723
1485,2154
1485,2623
1485,2709
1485,2810
1485,3698
1485,3838
1485,4305
1485,4613
1485,4835
1486,2800
1486,3442
1486,3885
1486,4678
1487,1625
1487,1644
1487,1702
1487,1807
1487,1906
1487,2097
1487,2130
1487,2682
1487,2818
1487,3571
1488,1713
1488,2560
1488,2684
1488,2836
1488,2928
1488,3696
1488,4794
1489,1684
1489,2067
1489,2114
1489,3790
1489,4409
1489,4508
1490,1735
1490,1988
1490,1999
1490,2594
1490,2688
1490,2924
1491,1570
1491,2068
1491,2524
1491,2652
1491,2816
1491,2941
1491,3222
1491,3306
1491,3328
1491,4435
1491,4525
1491,4574
1491,4579
1492,1763
1492,1997
1492,3064
1492,4794
1492,4798
1493,1600
1493,1610
1493,1662
1493,2069
1493,2184
1493,2665
1493,2868
1493,4369
1493,4397
1493,4442
1493,4611
1494,1558
1494,1573
1494,2742
1494,2816
1494,4117
1495,1555
1495,2029
1495,2608
1495,2701
1495,2804
1495,2956
1495,3372
1495,4418
1496,1912
1496,2215
1496,3684
1497,1877
1497,1918
1497,2599
1497,2924
1497,3210
1497,3277
1497,4356
1497,4769
1498,1551
1498,1986
1498,2081
1498,2180
1498,2212
1498,2308
1498,2357
1498,2584
1498,2758
1498,2829
1498,2989
1498,3037
1498,3507
1498,4293
1498,4407
1498,4451
1499,1661
1499,1888
1499,2553
1499,3642
1499,4720
1500,2065
1500,2317
1500,2499
1500,2704
1500,3421
1500,3478
1500,4212
1500,4556
1500,4917
1501,1836
1501,2087
1501,2224
1501,2755
1501,2917
1502,1987
1502,2202
1502,2412
1502,2665
1502,4586
1502,4670
1502,4956
1503,1573
1503,2126
1503,2497
1503,3762
1503,4498
1504,1873
1504,2378
1504,2401
1504,2490
1504,3287
1504,4390
1504,4994
1505,1788
1505,1824
1505,2047
1505,2152
1505,2823
1505,3308
1505,4188
1505,4621
1505,4633
1505,4923
1506,2598
1506,2802
1506,2920
1506,2933
1506,3277
1506,3339
1506,3477
1506,3888
1506,4229
1506,4256
1507,1548
1507,1625
1507,1873
1507,1929
1507,2151
1507,2192
1507,2291
1507,2506
1507,2567
1507,3392
1507,3752
1507,4550
1507,4657
1507,4715
1507,4898
1508,1579
1508,4854
1509,1548
1509,1631
1509,1971
1509,2344
1509,2357
1509,2366
1509,2409
1509,2540
1509,2609
1509,2817
1509,2945
1509,3028
1509,3301
1509,3480
1509,3523
1509,3804
1509,3895
1509,3926
1509,4251
1509,4383
1509,4473
1509,4808
1509,4983
1510,1834
1510,2164
1510,2371
1510,2450
1510,2510
1510,2907
1510,3068
1510,3103
1510,3956
1510,4250
1510,4430
1511,1537
1511,1559
1511,2374
1511,2841
1511,2885
1511,3968
1511,4079
1512,1540
1512,1745
1512,2147
1512,2210
1512,2602
1512,2665
1512,2846
1512,2991
1512,3008
1512,3127
1512,3177
1512,3447
1512,3655
1512,4021
1512,4461
1513,1571
1513,1937
1513,2988
1513,3145
1514,1604
1514,2039
1514,2268
1514,2335
1514,3770
1514,3915
1514,4712
1515,2006
1515,2266
1515,3110
1515,3195
1515,3766
1515,4434
1516,1903
1516,2384
1516,3345
1516,3902
1516,4654
1517,1713
1517,1934
1517,2469
1517,2486
1517,2561
1517,2655
1517,2749
1517,2752
1517,3220
1517,3587
1517,3646
1517,4189
1517,4636
1517,4921
1518,2002
1518,3406
1518,3649
1518,3827
1518,4799
1518,4806
1519,1611
1519,1654
1519,1737
1519,2013
1519,2247
1519,3092
1519,3833
1519,4240
1520,2306
1520,2828
1520,2873
1520,3361
1520,4665
1520,4926
1521,1604
1521,1657
1521,2653
1521,2925
1521,2947
1521,3602
1521,4164
1521,4232
1521,4623
1521,4637
1521,4966
1522,1724
1522,2355
1522,2417
1522,2614
1522,2640
1522,3358
1522,3393
1522,3942
1522,4042
1522,4269
1522,4750
1522,4914
1523,1754
1523,2187
1523,2288
1523,2596
1523,3019
1523,3434
1523,4260
1523,4455
1523,4622
1523,4909
1524,2543
1524,2951
1524,2975
1524,3219
1524,3264
1524,3322
1524,3415
1524,3521
1524,3721
1524,4073
1524,4159
1524,4311
1524,4451
1525,2472
1525,2885
1525,3071
1525,4851
1525,4864
1526,2649
1526,2717
1526,3895
1527,1632
1527,1683
1527,1877
1527,1917
1527,1962
1527,1970
1527,2008
1527,2586
1527,3508
1527,4593
1527,4703
1527,4981
1528,1795
1528,2245
1528,3755
1528,4847
1529,1643
1529,2195
1529,2603
1529,2991
1529,3477
1529,3710
1529,3826
1529,4103
1530,1675
1530,2223
1530,2764
1530,2837
1530,3511
1530,3636
1530,4030
1530,4338
1530,4414
1530,4480
1531,2254
1531,2280
1531,2797
1531,2910
1531,4139
1532,1764
1532,1829
1532,1946
1532,2075
1532,2084
1532,2426
1532,2665
1532,2810
1532,2829
1532,3270
1532,3733
1532,4132
1532,4143
1532,4200
1533,1699
1533,1730
1533,1819
1533,2018
1533,2819
1533,3166
1533,3457
1533,4516
1534,1629
1534,3166
1534,4641
1534,4850
1535,3710
1535,4837
1536,2313
1536,2414
1536,2687
1536,3431
1536,4086
1536,4090
1537,1751
1537,1847
1537,2664
1537,2841
1537,3995
1537,4496
1537,4865
1537,4919
1538,2490
1538,2724
1538,2972
1538,3251
1538,3252
1538,3602
1538,3690
1538,4657
1539,1903
1539,2046
1539,2358
1539,2554
1539,2687
1539,4126
1539,4293
1539,4961
1540,2955
1540,3035
1540,3041
1541,1876
1541,2263
1541,2822
1541,3757
1541,4261
1541,4795
1542,2430
1542,2609
1542,2652
1542,2782
1542,3001
1542,4413
1542,4585
1542,4873
1543,1896
1543,2003
1543,2390
1543,2857
1543,3469
1543,3547
1543,3965
1543,4527
1544,1597
1544,1631
1544,2378
1544,2702
1544,2721
1544,3459
1544,3597
1544,4085
1545,1630
1545,1702
1545,1766
1545,1792
1545,1862
1545,1881
1545,2064
1545,2112
1545,2529
1545,2978
1545,3149
1545,3207
1545,3256
1545,3726
1545,3856
1545,4385
1546,1681
1546,1727
1546,1887
1546,2082
1546,2183
1546,2256
1546,2315
1546,3598
1546,3793
1546,4405
1546,4648
1547,1684
1547,1807
1547,2487
1547,4920
1548,1550
1548,1901
1548,2658
1548,2726
1548,3004
1548,3505
1548,4761
1549,1773
1549,1882
1549,3226
1549,3720
1550,1935
1550,2098
1550,2159
1550,2213
1550,3014
1550,4372
1550,4454
1550,4647
1550,4658
1550,4765
1550,4900
1551,1730
1551,2253
1551,2499
1551,2805
1551,3028
1551,3663
1551,3868
1551,3941
1551,4195
1551,4569
1551,4933
1551,4982
1552,3254
1553,2134
1553,2297
1553,2475
1553,2677
1553,3018
1553,3130
1553,3393
1553,3550
1553,3631
1553,3855
1553,3934
1553,4099
1553,4239
1553,4293
1554,1717
1554,1842
1554,1880
1554,2785
1554,4551
1555,1665
1555,1853
1555,2037
1555,2208
1555,2837
1555,3029
1555,3498
1555,3901
1555,3941
1555,4489
1556,2305
1556,2376
1556,2441
1556,2696
1556,2869
1556,3331
1556,4797
1557,1583
1557,1593
1557,1908
1557,1912
1557,3088
1557,4672
1557,4953
1558,1880
1558,2007
1558,2270
1558,2767
1558,3013
1558,3106
1558,3259
1558,3705
1558,4072
1558,4154
1558,4299
1558,4466
1558,4831
1558,4878
1559,1664
1559,2275
1559,2289
1559,2294
1559,2296
1559,2457
1559,2507
1559,2508
1559,3067
1559,4811
1560,1902
1560,1950
1560,2682
1560,3147
1560,3149
1560,3494
1560,3539
1562,2284
1562,2418
1562,3962
1563,1713
1563,2046
1563,2164
1563,2627
1563,2848
1563,2890
1563,3627
1563,4298
1564,1832
1564,2243
1564,2311
1564,3269
1564,3549
1564,3989
1564,4689
1564,4854
1564,4883
1565,2326
1565,2584
1565,2655
1565,2713
1565,2760
1565,4281
1565,4423
1565,4465
1565,4641
1566,2409
1566,2533
1566,2579
1566,3310
1566,3582
1566,4170
1566,4356
1567,1650
1567,2296
1567,2420
1567,2427
1567,3721
1567,4791
1568,1759
1568,1947
1568,3020
1568,3528
1568,4096
1568,4135
1568,4304
1568,4888
1569,1621
1569,1891
1569,2684
1569,3113
1569,3617
1569,3706
1570,1660
1570,1696
1570,1749
1570,1772
1570,3698
1570,4378
1570,4712
1570,4828
1571,1916
1571,2918
1571,3443
1571,3907
1571,3940
1571,4179
1571,4355
1572,1922
1572,1929
1572,2469
1572,2540
1572,3813
1572,3892
1572,4012
1572,4626
1573,1646
1573,2526
1573,2576
1573,3400
1573,3840
1573,3874
1573,4360
1574,2304
1574,2496
1574,3025
1574,3783
1574,3978
1574,4239
1574,4618
1575,1960
1575,3160
1575,4109
1576,1736
1576,1797
1576,1822
1576,1860
1576,2063
1576,2478
1576,2636
1576,3749
1576,4535
1576,4697
1576,4787
1576,4838
1577,1615
1577,2716
1577,3043
1577,3481
1578,1671
1578,1744
1578,1816
1578,2076
1578,2213
1578,2702
1578,2727
1578,2792
1578,3534
1578,4157
1578,4221
1579,1771
1579,2434
1579,2462
1579,2646
1579,2733
1579,3977
1579,4549
1580,1942
1580,2018
1580,2382
1580,2828
1580,2871
1580,3691
1580,3881
1580,4070
1580,4248
1580,4523
1581,1677
1581,2026
1581,3328
1581,4579
1581,4687
1582,1678
1582,1802
1582,1985
1582,2063
1582,2128
1582,2327
1582,3051
1582,3195
1582,3604
1582,4264
1582,4690
1582,4756
1582,4971
1583,1657
1583,1878
1583,3386
1583,3453
1584,1843
1584,2101
1584,2970
1584,3309
1584,3361
1584,3765
1585,1716
1585,1727
1585,1877
1585,2097
1585,2153
1585,2220
1585,3450
1585,3778
1585,4821
1586,1686
1586,2292
1586,4395
1586,4663
1586,4944
1587,1782
1587,2021
1587,2233
1587,2519
1587,2754
1587,2801
1587,2870
1587,3674
1587,4021
1587,4801
1588,1810
1588,3953
1588,4029
1588,4758
1589,2407
1589,2449
1589,3153
1589,3255
1589,3394
1589,3696
1589,4683
1590,1613
1590,1739
1590,1798
1590,1810
1590,1844
1590,2088
1590,2646
1590,3002
1590,3035
1590,3532
1590,4432
1590,4672
1591,1612
1591,1840
1591,2112
1591,2384
1591,2497
1591,2753
1591,2876
1591,2937
1591,3606
1591,4268
1591,4707
1592,1742
1592,2065
1592,2508
1592,2784
1592,2910
1592,2962
1592,3032
1592,3044
1592,3066
1592,3292
1592,3473
1592,3706
1592,4610
1593,1634
1593,1826
1593,2548
1593,2927
1593,3161
1593,3518
1593,3531
1593,3723
1593,4252
1593,4527
1593,4742
1594,1917
1594,2286
1594,4226
1595,1654
1595,2198
1595,2695
1595,2705
1595,3758
1596,2208
1596,2288
1596,2386
1596,2485
1596,2521
1596,2711
1596,3054
1596,3593
1597,2849
1597,2932
1597,2969
1597,3058
1597,4070
1597,4710
1597,4790
1597,4952
1597,4976
1597,4978
1598,1904
1598,3895
1599,1702
1599,2048
1599,2061
1599,2812
1599,2842
1599,2894
1599,3254
1599,4003
1599,4645
1599,4672
1600,1643
1600,2177
1600,2284
1600,2358
1600,2514
1600,2614
1600,2727
1600,3614
1600,3933
1600,4324
1600,4334
1601,1682
1601,1918
1601,2868
1601,3486
1601,4148
1601,4540
1601,4852
1602,1748
1602,1989
1602,2311
1602,2345
1602,2599
1602,2980
1602,3282
1603,1615
1603,2076
1603,2093
1603,2842
1603,3205
1603,4206
1604,2252
1604,2353
1604,2593
1604,2616
1604,2994
1604,3552
1604,3660
1604,4116
1604,4607
1605,1638
1605,1779
1605,1882
1605,2143
1605,2390
1605,2653
1605,2725
1605,3016
1605,3053
1605,3309
1605,3567
1605,3829
1605,4138
1605,4233
1606,2511
1606,2692
1606,2895
1606,3398
1606,4211
1606,4719
1607,3056
1607,3818
1607,4477
1607,4836
1607,4983
1608,1762
1608,1958
1608,2333
1608,2369
1608,2398
1608,3409
1608,3646
1608,4746
1608,4933
1609,1838
1609,2761
1609,2949
1609,4921
1610,1933
1610,2012
1610,2109
1610,2124
1610,2192
1610,2839
1610,3948
1611,1644
1611,1810
1611,2054
1611,2209
1611,2255
1611,2366
1611,2436
1612,1689
1612,1878
1612,1883
1612,2028
1612,2193
1612,2545
1612,2727
1612,2776
1612,2822
1612,3342
1612,3423
1612,3427
1612,4072
1612,4594
1612,4986
1613,1711
1613,1712
1613,2070
1613,2109
1613,2116
1613,2542
1613,2682
1614,1715
1614,1994
1614,2118
1614,2153
1614,2516
1614,2797
1614,3534
1614,3618
1614,3924
1614,4128
1615,1987
1615,2214
1615,2680
1615,3362
1615,3374
1615,3786
1615,4528
1616,2131
1616,2175
1616,2256
1616,2401
1616,2445
1616,3572
1616,4303
1616,4419
1616,4452
1616,4663
1617,2722
1617,2862
1617,3388
1617,3836
1617,4022
1617,4057
1617,4249
1618,2502
1618,3070
1618,3510
1619,1965
1619,2255
1619,2328
1619,2631
1619,2688
1619,3600
1620,1859
1620,1893
1620,1930
1620,2375
1620,3168
1620,3334
1620,3646
1620,3756
1620,3866
1620,3889
1620,3948
1620,4335
1620,4966
1620,4981
1621,2304
1621,2332
1621,2794
1621,2937
1621,3595
1621,4457
1621,4784
1621,4908
1622,1645
1622,2119
1622,2142
1622,2536
1622,4150
1623,1693
1623,2190
1623,2539
1623,3911
1623,3993
1623,4197
1623,4446
1624,2088
1624,3413
1624,4043
1624,4119
1624,4288
1624,4658
1624,4714
1624,4883
1625,1860
1625,2330
1625,2366
1625,3512
1625,3796
1625,4717
1625,4879
1626,2831
1626,3638
1627,1714
1627,1998
1627,2019
1627,2220
1627,3870
1627,4635
1627,4854
1628,1631
1628,1959
1628,2006
1628,2698
1628,3169
1628,3198
1628,3220
1628,3624
1628,4453
1629,1898
1629,2531
1629,2545
1629,3002
1629,3944
1630,2413
1630,2435
1630,3715
1630,4364
1630,4497
1630,4547
1630,4549
1630,4708
1630,4764
1631,2289
1631,2425
1631,4796
1632,1642
1632,1664
1632,1978
1632,2051
1632,2598
1632,2769
1632,3425
1632,3540
1632,3563
1632,3732
1632,3829
1632,3996
1632,4802
1632,4959
1633,1847
1633,2388
1633,2483
1633,2569
1633,4935
1634,1764
1634,1770
1634,1868
1634,2402
1634,2579
1634,2642
1634,3164
1634,3187
1634,3497
1634,3713
1634,4556
1634,4711
1634,4826
1634,4960
1635,2243
1635,2666
1635,3311
1635,3692
1636,1656
1636,1703
1636,1950
1636,3111
1636,3997
1636,4439
1636,4832
1637,1928
1637,2118
1637,2347
1637,2361
1637,2458
1637,2585
1637,2933
1637,3074
1637,3118
1637,3548
1637,4226
1637,4984
1638,1645
1638,2674
1638,3967
1638,4518
1639,2305
1639,2808
1639,3315
1639,3453
1639,4194
1640,1660
1640,1721
1640,2159
1640,2326
1640,2482
1640,3652
1640,3883
1640,4108
1640,4647
1641,1833
1641,1849
1641,2094
1641,2336
1641,2917
1641,3548
1641,3711
1641,4004
1641,4644
1642,2120
1642,2281
1642,2898
1643,1697
1643,2663
1643,3436
1643,3845
1643,4421
1643,4974
1644,1678
1644,2007
1644,2059
1644,2400
1644,2624
1644,3419
1645,1651
1645,1830
1645,2157
1645,2166
1645,2484
1645,2700
1645,2751
1645,2773
1645,3136
1645,3802
1645,3842
1645,3976
1645,4867
1646,2182
1646,2787
1646,2858
1646,2878
1646,3387
1646,4407
1647,1683
1647,1733
1647,1930
1647,2387
1647,3964
1647,4516
1648,1750
1648,2114
1648,2117
1648,2407
1648,3281
1648,3744
1648,3935
1649,1758
1649,1787
1649,2616
1649,4160
1649,4876
1650,1927
1650,2558
1650,2880
1650,3118
1650,3320
1650,3407
1650,3891
1650,4208
1651,1743
1651,2078
1651,2214
1651,2592
1651,2667
1651,2916
1651,2962
1651,3147
1651,3298
1651,3351
1651,4393
1651,4437
1651,4505
1651,4685
1651,4878
1651,4903
1652,2094
1652,2117
1652,3164
1652,3177
1652,3338
1652,3554
1652,3580
1652,3723
1652,4546
1652,4582
1652,4650
1652,4882
1653,1659
1653,2386
1653,2617
1653,2715
1653,2758
1653,3029
1653,3195
1653,3216
1653,3422
1653,4085
1653,4432
1653,4527
1653,4850
1654,2072
1654,2169
1654,3508
1655,1853
1655,2023
1655,2092
1655,2142
1655,2189
1655,2216
1655,2685
1655,2701
1655,2815
1655,2849
1655,2931
1655,4101
1655,4178
1656,1716
1656,1788
1656,1790
1656,2848
1656,3125
1656,3211
1656,3372
1656,3741
1656,4968
1657,1666
1657,1997
1657,2113
1657,2266
1657,2297
1657,2346
1657,3932
1657,4074
1658,1819
1658,2066
1658,2371
1658,2584
1658,2749
1658,3208
1658,3209
1658,3480
1658,4183
1658,4224
1658,4336
1658,4530
1658,4564
1659,1879
1659,2349
1659,2371
1659,2434
1659,4158
1660,1716
1660,1872
1660,2027
1660,2318
1660,2347
1660,2350
1660,2398
1660,2437
1660,2456
1660,2540
1660,2588
1660,2606
1660,3332
1660,3708
1660,3722
1660,4155
1660,4752
1661,1734
1661,1897
1661,2701
1661,3739
1661,4087
1661,4598
1661,4813
1662,2245
1662,2260
1662,2303
1662,2381
1662,2591
1662,2797
1662,3258
1662,3803
1662,4181
1662,4196
1662,4201
1662,4444
1662,4610
1662,4686
1663,1684
1663,2492
1663,3583
1663,3606
1663,3921
1663,4488
1664,1853
1664,2049
1664,2306
1664,2371
1664,2866
1664,3399
1665,2537
1665,3537
1665,3874
1665,4323
1666,1673
1666,1895
1666,2666
1666,2695
1666,3001
1666,3081
1666,4257
1666,4780
1666,4874
1667,1771
1667,1894
1667,2084
1667,2240
1667,2671
1667,2725
1667,2821
1667,2989
1667,4091
1667,4202
1668,1957
1668,2013
1668,2921
1668,3149
1668,3153
1668,3430
1668,3602
1669,1838
1669,1884
1669,2202
1669,2799
1669,2903
1669,3134
1669,3561
1669,3936
1669,3987
1669,4105
1669,4238
1669,4263
1669,4910
1670,2005
1670,2021
1670,2030
1670,2468
1670,2849
1670,3608
1670,3768
1670,4217
1670,4855
1671,1745
1671,2404
1671,2501
1671,2986
1671,3353
1671,3583
1671,3766
1671,4432
1672,1977
1672,2448
1672,2791
1672,3130
1672,3302
1672,3637
1672,4988
1673,1814
1673,2208
1673,2288
1673,2504
1673,2618
1673,2864
1673,3158
1673,3720
1673,3778
1673,4198
1673,4304
1673,4635
1673,4651
1673,4704
1673,4722
1674,1744
1674,1779
1674,1995
1674,2056
1674,2148
1674,2167
1674,2212
1674,2586
1674,2610
1674,2705
1674,2789
1674,2828
1674,3235
1674,3241
1674,3368
1674,3731
1674,3768
1674,3882
1674,4302
1674,4416
1674,4498
1674,4625
1674,4840
1675,1790
1675,1933
1675,2259
1675,2286
1675,2630
1675,2666
1675,2692
1675,2812
1675,3688
1675,3993
1675,4541
1676,1771
1676,1908
1676,2239
1676,2362
1676,2951
1676,3400
1676,3993
1676,4254
1676,4338
1677,1796
1677,3058
1677,3888
1677,4137
1678,2108
1678,2981
1678,3069
1678,3483
1678,4014
1678,4062
1678,4305
1678,4525
1678,4753
1679,1766
1679,2591
1679,3573
1679,4068
1679,4827
1680,1686
1680,2170
1680,2447
1680,2864
1680,3043
1680,3383
1680,4414
1681,1721
1681,1806
1681,2035
1681,2987
1681,3067
1681,3477
1681,3597
1681,4700
1681,4904
1681,4988
1682,1724
1682,1997
1682,2064
1682,2158
1682,2340
1682,2391
1682,2480
1682,2716
1682,2811
1682,3065
1682,3288
1682,3345
1682,3446
1682,4556
1683,1788
1683,2264
1683,3110
1683,4800
1684,1979
1684,2044
1684,2835
1684,3401
1684,4741
1685,1765
1685,2010
1685,2611
1685,3859
1685,4311
1685,4538
1685,4951
1686,1924
1686,2243
1686,2431
1686,2977
1686,3260
1686,3780
1686,4299
1686,4950
1687,2265
1687,2495
1687,2655
1687,2761
1687,3370
1687,3457
1688,2218
1688,2332
1688,3343
1688,3488
1688,3783
1688,3996
1688,4565
1688,4878
1689,1764
1689,4475
1690,1967
1690,2057
1690,2385
1690,3047
1690,3255
1690,3404
1690,4016
1691,3147
1691,3452
1692,1878
1692,1986
1692,2370
1692,2455
1692,2586
1692,3990
1692,4061
1692,4164
1692,4197
1692,4262
1692,4582
1693,1980
1693,2438
1693,3567
1693,3591
1694,2504
1694,2557
1694,3242
1694,4729
1695,1721
1695,1783
1695,2309
1695,2694
1695,2729
1695,3122
1695,3994
1695,4036
1695,4070
1696,2513
1696,3157
1696,3480
1696,3662
1696,3786
1697,1846
1697,2733
1697,2781
1697,2924
1697,3791
1697,4043
1697,4204
1697,4309
1697,4450
1697,4843
1697,4995
1698,3265
1698,3523
1698,3583
1698,3806
1698,3959
1698,4046
1698,4250
1699,1716
1699,2047
1699,2067
1699,2253
1699,2378
1699,2465
1699,3488
1699,3502
1699,3766
1699,3876
1699,4320
1699,4668
1699,4714
1700,2876
1701,1740
1701,1808
1701,2140
1701,2242
1701,3344
1701,4376
1701,4474
1701,4596
1701,4725
1702,1772
1702,1936
1702,2619
1702,3343
1702,3571
1702,4319
1702,4421
1702,4801
1702,4826
1703,1782
1703,2143
1703,2335
1703,2547
1703,3615
1703,4820
1703,4840
1704,2102
1704,2124
1704,2250
1704,2278
1704,2629
1704,2834
1704,3581
1705,2606
1705,2644
1705,2654
1705,3002
1705,3290
1705,4104
1705,4146
1705,4157
1705,4513
1706,2049
1706,2855
1706,4979
1707,1913
1707,2280
1707,2416
1707,2661
1707,3090
1707,3746
1707,3822
1707,3946
1707,4052
1708,1759
1708,1768
1708,2731
1708,2955
1708,2988
1708,3271
1708,3427
1709,2072
1709,3452
1709,3570
1709,3717
1709,3955
1709,4356
1710,3026
1710,3050
1710,3287
1710,3817
1710,4451
1710,4629
1710,4691
1710,4925
1711,2246
1711,2453
1711,2820
1711,2986
1711,3242
1711,4861
1712,1768
1712,2909
1712,3448
1712,4745
1712,4789
1713,2072
1713,3349
1713,4310
1714,2240
1714,2277
1714,2437
1714,2563
1714,2875
1714,3929
1715,2101
1715,2686
1715,4266
1716,1910
1716,3795
1716,3928
1716,4162
1716,4719
1717,2121
1717,2326
1717,2740
1717,3446
1718,2142
1718,3330
1718,3502
1718,3507
1718,3679
1718,4706
1718,4895
1718,4968
1719,1845
1719,2123
1719,2279
1719,3596
1719,4394
1720,2044
1720,2322
1720,2954
1720,3275
1720,3305
1720,3859
1720,4918
1721,2208
1721,2447
1721,3569
1721,4297
1721,4699
1722,3061
1722,3131
1722,3989
1722,4117
1722,4669
1723,2110
1723,2433
1723,2573
1723,3028
1723,3564
1723,4522
1723,4978
1724,2756
1724,3325
1725,1732
1725,1954
1725,2038
1725,2153
1725,2329
1725,2415
1725,2687
1725,2904
1725,2966
1725,3063
1725,3529
1725,3664
1725,3727
1725,3749
1725,3913
1725,4976
1726,1748
1726,1758
1726,1799
1726,1883
1726,2099
1726,2273
1726,2551
1726,3159
1726,3883
1727,1931
1727,1943
1727,2312
1727,4438
1728,1868
1728,2183
1728,3005
1728,3192
1728,4251
1728,4615
1728,4770
1729,1975
1729,2569
1729,2700
1729,2953
1729,3215
1729,3785
1729,4129
1729,4241
1729,4903
1730,1798
1730,1866
1730,2494
1730,2502
1730,2663
1730,2718
1730,2729
1730,2888
1730,3015
1730,3042
1731,1883
1731,2040
1731,2620
1731,3165
1731,3305
1731,3813
1731,4557
1731,4572
1731,4704
1732,1915
1732,2114
1732,2353
1732,2790
1732,3426
1732,3642
1732,3704
1732,4324
1732,4888
1733,2644
1733,3123
1733,3766
1734,2523
1734,2559
1734,2927
1734,3393
1734,4204
1734,4782
1735,2105
1735,2181
1735,2701
1735,3674
1735,4021
1735,4043
1735,4226
1735,4603
1736,2252
1736,2502
1736,2666
1736,3300
1736,3413
1736,3748
1736,3880
1736,4672
1737,2762
1737,3485
1737,3544
1737,3631
1737,3839
1737,3869
1737,3972
1737,4165
1737,4264
1738,1860
1738,1931
1738,3158
1738,4032
1738,4176
1738,4582
1739,1768
1739,1973
1739,2028
1739,2505
1739,2597
1739,3950
1739,4351
1739,4467
1739,4646
1739,4652
1740,2669
1741,1798
1741,2152
1741,3556
1741,4690
1741,4798
1742,1949
1742,2250
1742,2342
1742,2799
1742,2941
1742,3547
1742,3591
1742,4505
1742,4591
1742,4904
1743,1893
1743,1992
1743,2206
1743,3388
1743,3771
1743,3815
1743,3843
1744,1988
1744,1994
1744,2190
1744,2886
1744,3280
1744,3874
1744,4331
1744,4374
1744,4404
1744,4786
1745,1860
1745,2901
1745,3107
1745,3353
1745,3507
1745,4052
1745,4146
1745,4551
1745,4868
1746,2103
1746,2638
1747,2189
1747,2887
1747,3409
1748,1812
1748,2165
1748,2442
1748,2987
1748,3330
1748,4236
1748,4740
1749,2295
1749,2722
1749,3010
1749,4701
1750,1799
1750,1982
1750,2140
1750,2618
1750,3833
1750,4179
1750,4303
1750,4354
1750,4888
1751,1885
1751,2306
1751,3668
1751,4231
1751,4988
1752,1779
1752,2307
1752,2321
1752,2563
1752,2707
1752,3239
1752,3301
1752,4999
1753,2355
1753,2846
1753,2916
1753,3063
1753,3928
1753,4473
1754,1900
1754,2292
1754,2677
1754,2947
1754,3892
1754,4154
1754,4300
1754,4522
1754,4585
1755,1778
1755,2188
1755,2323
1755,2410
1755,2929
1755,3608
1755,4317
1756,1943
1756,2063
1756,2216
1756,2405
1756,3417
1756,4070
1757,3119
1757,3273
1757,3285
1757,3568
1757,3726
1757,4615
1758,2008
1758,2329
1758,2888
1758,2970
1758,4451
1758,4526
1759,2163
1759,2414
1759,2875
1759,2916
1759,2986
1759,3036
1759,3463
1759,3949
1759,3957
1760,1769
1760,1836
1760,1853
1760,2020
1760,2140
1760,3099
1760,3477
1760,3661
1760,3911
1760,3939
1760,4319
1760,4470
1760,4492
1760,4961
1761,2224
1761,2471
1761,2690
1761,2707
1761,3015
1761,3042
1761,3080
1761,3173
1761,3320
1761,3716
1761,4745
1762,2233
1762,2453
1762,2563
1762,2760
1762,2945
1762,4307
1763,1976
1763,2098
1763,2523
1763,2874
1763,3449
1763,3790
1763,3860
1763,3865
1763,4233
1764,1920
1764,2005
1764,2309
1764,3649
1764,4046
1764,4309
1764,4385
1764,4641
1764,4660
1764,4674
1764,4901
1765,1801
1765,1858
1765,3204
1765,4942
1766,1782
1766,1942
1766,2880
1766,3743
1766,3795
1766,3941
1767,2066
1767,2770
1767,2810
1767,3133
1767,3197
1767,3479
1767,3606
1767,4106
1767,4297
1767,4371
1767,4459
1767,4727
1768,2070
1768,2760
1768,3087
1769,1777
1769,3047
1769,3738
1770,1858
1770,2009
1770,2457
1770,2461
1770,2480
1770,2688
1770,4553
1771,2239
1771,2317
1771,3404
1771,3610
1771,3661
1771,3906
1771,3920
1772,2259
1772,2570
1772,3360
1772,3490
1772,3652
1772,3658
1772,3678
1772,3746
1772,3967
1772,4780
1773,1855
1773,2588
1773,2591
1773,2752
1773,2785
1773,3189
1773,3394
1773,4244
1774,1823
1774,2089
1774,2090
1774,2241
1774,2428
1774,2524
1774,3016
1774,3683
1774,3873
1774,4353
1775,2026
1775,2089
1775,2400
1775,2446
1775,2621
1775,3871
1775,4295
1775,4462
1775,4771
1775,4943
1776,2735
1776,2784
1776,3133
1776,3271
1776,3524
1776,3651
1776,4855
1777,3705
1777,4255
1778,2833
1778,3513
1778,3757
1778,3923
1778,4201
1778,4510
1778,4768
1779,2077
1779,2138
1779,3061
1779,3475
1779,3556
1779,3582
1779,4991
1780,2298
1780,2925
1780,3478
1780,4046
1781,1808
1781,1970
1781,2085
1781,2091
1781,2147
1781,2613
1781,3360
1781,3441
1781,3928
1781,3942
1781,4321
1781,4725
1781,4980
1782,2685
1782,2826
1782,2902
1782,3207
1782,3538
1782,3815
1782,3870
1782,4084
1782,4310
1783,2681
1783,3537
1785,1806
1785,2022
1785,2161
1785,2313
1785,3134
1785,3782
1785,4193
1785,4696
1786,3765
1786,4373
1786,4445
1786,4602
1787,1955
1787,3206
1787,3637
1787,4646
1788,1831
1788,3280
1788,3518
1788,3855
1788,4016
1788,4123
1788,4406
1788,4638
1789,1839
1789,2202
1789,2229
1789,2236
1789,2359
1789,4134
1789,4208
1789,4450
1789,4896
1790,1938
1790,1947
1790,1979
1790,2329
1790,2431
1790,3010
1790,3490
1790,3843
1790,4901
1791,1866
1791,2207
1791,2372
1791,3161
1791,3268
1791,3380
1791,3510
1791,4035
1791,4044
1791,4142
1791,4174
1792,2091
1792,2351
1792,2455
1792,2633
1792,2663
1792,3103
1792,3566
1792,4305
1792,4631
1792,4939
1793,2103
1793,2810
1793,2830
1793,3424
1793,4027
1793,4496
1794,1854
1794,2220
1794,2885
1794,3097
1794,3120
1794,3471
1794,4293
1794,4905
1795,1858
1795,2046
1795,2383
1795,2773
1795,3157
1795,3566
1796,1989
1796,2115
1796,2316
1796,2373
1796,2438
1796,2572
1796,2745
1796,2829
1796,2870
1796,2889
1796,3448
1796,3522
1796,3886
1796,4106
1796,4427
1796,4562
1796,4799
1796,4872
1797,2915
1797,4575
1797,4772
1798,1850
1798,2226
1798,2471
1798,2533
1798,3004
1798,3021
1798,3197
1798,3435
1798,3672
1798,4340
1798,4397
1798,4541
1798,4654
1799,2740
1799,2958
1799,3058
1799,3904
1799,4477
1800,1837
1800,2271
1800,2293
1800,2770
1800,2959
1800,3133
1800,3170
1800,3308
1800,3321
1800,3813
1800,4609
1800,4771
1801,2093
1801,2197
1801,2309
1801,2635
1801,3100
1801,3127
1801,3678
1801,3759
1801,3771
1801,4544
1801,4620
1801,4648
1802,2094
1802,2553
1802,3385
1802,4278
1803,1862
1803,1909
1803,2899
1803,4017
1803,4167
1804,2649
1804,2756
1804,3038
1804,3233
1804,3500
1804,3524
1804,3549
1804,3627
1805,2122
1805,2138
1805,2142
1805,2317
1805,2619
1805,2922
1805,3210
1806,2089
1806,2379
1806,2906
1806,3235
1806,3755
1806,4327
1807,1808
1807,1971
1807,2349
1807,2840
1807,2896
1807,2912
1807,2945
1807,3245
1807,3255
1807,3845
1807,3922
1807,4527
1807,4537
1808,2375
1808,3899
1808,4117
1809,2594
1809,3114
1809,4322
1809,4361
1809,4370
1809,4923
1810,2775
1810,3458
1810,3592
1810,4719
1810,4843
1811,2039
1811,2098
1811,3824
1811,4369
1811,4559
1811,4905
1811,4937
1812,2080
1812,2115
1812,3315
1812,4970
1813,3665
1813,3875
1813,4054
1813,4682
1814,3168
1814,3208
1814,3714
1814,4408
1814,4437
1814,4446
1815,2709
1815,2951
1815,3339
1815,4026
1816,1991
1816,2069
1816,2260
1816,2315
1816,2764
1816,2933
1816,3187
1816,4149
1816,4246
1816,4627
1817,1935
1817,2013
1817,2181
1817,2265
1817,2591
1817,2941
1817,3313
1817,3404
1817,3699
1817,3912
1817,4058
1818,2655
1818,3324
1818,3791
1818,4183
1819,2268
1819,2516
1819,3071
1819,3605
1819,3948
1819,3993
1819,4825
1820,1913
1820,1919
1820,2276
1820,2659
1820,3393
1820,3609
1820,4394
1820,4497
1820,4678
1820,4890
1821,1842
1821,1870
1821,2127
1821,2403
1821,2442
1821,2504
1821,2667
1821,3983
1822,2265
1822,2424
1822,3065
1822,3158
1822,3184
1822,3844
1822,4082
1822,4093
1823,1954
1823,2017
1823,2139
1823,2201
1823,2777
1823,3494
1823,3646
1823,3731
1823,4229
1823,4287
1823,4339
1823,4502
1824,3814
1824,4048
1825,1866
1825,1876
1825,1900
1825,1919
1825,1942
1825,1966
1825,2195
1825,2625
1825,3362
1825,3885
1825,4316
1825,4340
1825,4723
1826,2037
1826,2745
1826,3786
1826,4008
1826,4994
1827,1878
1827,1983
1827,2238
1827,3254
1827,4345
1827,4542
1828,1934
1828,2264
1828,2369
1828,2395
1828,2739
1828,2777
1828,3360
1828,4472
1828,4693
1829,2158
1829,2276
1829,2394
1829,2402
1829,2661
1829,2720
1829,2732
1829,3310
1830,2703
1830,3114
1830,4061
1830,4229
1831,2446
1831,2866
1831,3643
1831,4513
1832,2030
1832,2612
1832,2742
1832,3194
1832,4532
1833,2064
1833,2165
1833,2311
1833,2591
1833,3030
1833,3178
1833,3335
1833,3344
1833,3835
1833,3940
1833,4445
1833,4575
1833,4642
1834,3343
1834,3585
1834,4262
1834,4428
1835,1842
1835,2085
1835,2133
1835,2366
1835,2950
1835,2974
1836,1846
1836,2423
1836,2550
1836,2708
1836,2718
1836,3011
1836,3229
1836,3261
1836,3609
1836,3621
1836,3651
1836,3657
1836,3695
1836,3731
1836,3948
1836,3952
1836,4147
1836,4163
1836,4285
1836,4320
1837,2144
1837,2607
1837,2777
1837,3807
1838,3046
1838,3087
1838,3167
1838,3517
1838,3916
1839,2244
1839,2337
1839,3322
1839,3410
1839,3679
1839,4371
1839,4622
1840,2008
1840,2028
1840,2409
1840,3769
1840,4126
1840,4339
1840,4787
1840,4955
1841,3685
1841,4106
1841,4254
1841,4483
1841,4485
1842,2184
1842,2213
1842,2448
1842,2688
1842,2740
1842,3293
1842,3776
1843,2102
1843,2327
1843,4208
1843,4604
1844,1926
1844,2477
1844,2713
1844,2879
1844,3283
1844,3320
1844,4826
1845,1942
1845,1985
1845,2781
1845,2971
1845,4463
1846,4143
1846,4234
1846,4658
1847,2342
1847,2639
1847,4576
1848,2440
1848,2441
1848,2466
1848,2594
1848,3063
1848,3516
1848,4046
1848,4189
1849,2413
1849,3161
1849,3249
1849,3462
1849,4496
1850,2650
1850,2736
1850,2867
1850,3122
1850,3186
1850,3222
1850,3258
1850,3854
1850,4463
1851,1956
1851,2137
1851,2245
1851,2444
1851,2766
1851,3410
1851,4020
1851,4638
1851,4687
1852,2635
1852,2668
1852,3406
1852,3659
1852,3663
1852,4625
1853,1889
1853,1938
1853,2051
1853,2660
1853,2865
1853,2872
1853,3112
1853,3947
1853,4014
1854,2664
1854,3022
1854,3135
1854,4930
1855,2465
1855,2582
1855,3016
1855,3390
1855,3677
1855,4747
1856,2137
1856,2237
1856,2593
1856,3171
1856,3852
1856,4098
1856,4433
1856,4523
1856,4650
1857,2083
1857,2466
1857,2479
1857,4141
1857,4159
1858,2461
1858,2532
1858,2881
1858,2913
1858,3023
1858,3030
1858,3071
1858,3166
1858,3981
1858,4493
1858,4797
1858,4845
1859,1955
1859,2127
1859,2271
1859,2983
1860,1921
1860,2283
1860,2854
1860,3231
1860,3515
1860,3742
1860,4450
1860,4566
1860,4940
1861,2258
1861,2422
1861,3427
1861,3607
1861,3841
1861,4160
1861,4847
1862,2125
1862,2528
1862,3101
1862,3192
1862,3240
1862,3797
1862,4067
1862,4656
1862,4822
1863,2718
1863,3332
1863,4477
1864,1922
1864,1999
1864,2095
1864,2721
1864,3110
1864,3456
1864,3753
1864,4067
1864,4336
1866,2493
1866,2769
1866,3037
1866,3612
1866,3779
1866,4062
1866,4998
1867,1880
1867,2009
1867,2123
1867,3761
1867,4558
1867,4714
1867,4893
1868,2218
1868,2915
1868,4061
1869,2330
1869,2425
1869,3334
1869,3513
1869,3594
1869,3874
1869,4036
1869,4066
1870,3131
1870,3390
1870,4110
1870,4344
1871,2159
1871,2185
1871,2253
1871,2312
1871,2539
1871,2725
1871,2916
1871,3321
1871,3759
1871,4875
1871,4969
1872,2057
1872,2839
1872,3200
1872,3476
1872,3538
1872,4319
1872,4461
1872,4788
1873,2225
1873,2330
1873,3101
1873,3279
1873,4558
1873,4618
1873,4667
1874,3093
1874,3855
1874,3970
1874,4540
1874,4546
1874,4694
1875,2552
1875,4353
1875,4517
1876,2109
1876,2345
1876,3099
1876,3191
1876,3522
1876,4217
1876,4489
1877,2086
1877,2808
1877,3262
1877,4293
1878,2058
1878,2603
1878,2605
1878,3222
1878,3425
1878,4179
1878,4916
1879,1916
1879,1932
1879,2093
1879,2378
1879,2628
1879,3088
1879,3654
1879,3890
1879,4357
1881,1895
1881,1963
1881,2378
1881,2591
1881,2838
1881,2888
1881,3380
1881,3932
1881,4638
1881,4816
1882,2065
1882,2127
1882,2248
1882,2304
1882,2452
1882,3162
1882,3214
1882,3310
1882,3576
1882,3901
1882,4084
1882,4485
1883,2027
1883,3023
1883,4302
1884,1970
1884,2681
1884,2882
1884,4138
1885,2380
1885,3725
1885,3923
1885,4135
1885,4798
1886,2079
1886,2515
1886,3285
1886,3309
1886,4500
1887,1899
1887,4848
1888,2128
1888,2311
1888,3079
1888,3142
1888,3510
1888,3555
1888,3979
1888,4023
1888,4360
1888,4512
1888,4547
1889,2037
1889,2227
1889,2705
1889,3497
1889,4092
1889,4864
1890,2055
1890,3380
1890,3883
1890,4170
1890,4396
1890,4810
1890,4827
1891,1926
1891,2141
1891,4400
1892,2811
1892,3856
1892,4158
1893,2998
1894,2011
1894,2291
1894,2477
1894,4010
1895,3940
1895,4044
1895,4838
1896,3909
1896,4028
1896,4886
1897,2096
1897,2172
1897,3366
1897,3709
1898,4050
1898,4070
1898,4153
1899,2985
1899,3071
1899,3082
1899,3296
1899,3775
1899,3926
1899,4544
1900,2231
1900,2995
1900,3069
1900,3801
1900,4145
1900,4306
1900,4755
1900,4758
1900,4937
1901,2231
1901,2921
1901,3974
1901,4169
1901,4217
1902,2432
1902,2437
1902,2775
1902,3376
1902,3577
1902,4996
1903,2274
1903,2414
1903,2676
1903,2687
1903,2729
1903,2904
1903,2948
1903,3314
1903,3617
1903,3971
1904,2188
1904,2288
1904,2556
1904,2708
1904,2712
1904,3633
1904,3837
1904,4202
1904,4480
1904,4596
1904,4663
1904,4679
1904,4747
1905,2153
1905,2470
1905,2502
1905,2964
1905,3145
1905,3293
1905,3563
1905,4181
1905,4876
1906,1913
1906,2177
1906,2210
1906,2362
1906,2401
1906,3375
1906,3406
1907,2515
1907,2745
1907,2768
1907,3025
1908,1936
1908,2060
1908,2274
1908,2403
1908,2565
1908,2813
1908,2991
1908,3189
1908,4526
1908,4752
1909,2013
1909,2242
1909,2392
1909,2715
1909,2724
1909,2926
1909,3118
1909,3614
1909,3924
1909,4126
1909,4270
1910,1951
1910,2558
1910,3670
1910,3764
1910,4022
1910,4187
1910,4417
1910,4539
1910,4782
1911,2100
1911,3367
1911,3499
1911,4057
1911,4207
1911,4964
1912,1934
1912,1955
1912,2031
1912,3354
1912,3863
1912,3882
1912,4173
1912,4815
1912,4996
1913,2295
1913,2387
1913,2559
1913,3280
1913,3600
1913,4528
1913,4577
1913,4837
1914,1946
1914,2250
1914,2295
1914,2630
1914,3198
1915,2106
1915,2877
1915,3814
1915,4724
1915,4947
1916,2049
1916,2521
1916,2544
1916,4305
1916,4445
1916,4858
1917,3085
1917,3199
1917,3449
1917,4562
1917,4661
1918,2686
1918,3033
1919,2057
1919,2179
1919,3352
1919,3448
1919,3845
1919,3993
1920,2448
1920,3098
1920,3172
1920,3625
1920,4002
1920,4511
1921,2033
1921,2887
1921,2962
1921,3323
1921,3355
1921,3580
1921,3643
1921,3830
1921,4684
1921,4825
1922,1930
1922,2273
1922,2309
1922,2793
1922,3076
1922,3837
1922,3919
1922,4101
1922,4329
1922,4651
1923,1972
1923,2091
1923,2897
1923,4134
1923,4607
1924,1984
1924,2121
1924,2126
1924,3121
1924,3884
1924,4369
1924,4447
1925,2769
1925,2824
1925,3202
1925,3931
1925,4096
1925,4162
1925,4400
1925,4771
1926,2526
1926,3025
1926,4732
1926,4805
1926,4906
1927,1934
1927,2577
1927,3663
1928,2156
1928,2648
1928,2904
1928,3017
1928,3069
1928,3092
1928,4431
1929,2217
1929,2949
1929,3119
1929,3620
1929,4006
1929,4207
1929,4736
1930,2227
1930,2356
1930,2358
1930,2449
1930,2525
1930,2860
1930,3182
1931,2266
1931,2421
1931,3194
1931,3365
1931,3502
1931,3660
1931,4099
1931,4576
1932,2247
1932,2902
1932,3155
1932,3835
1932,3865
1932,3991
1933,2116
1933,2748
1933,2813
1933,2867
1933,2995
1933,3572
1933,3703
1933,3844
1933,4351
1933,4710
1934,2127
1934,2440
1934,3660
1934,3764
1934,4536
1934,4759
1935,1951
1935,2155
1935,2360
1935,3131
1935,3260
1935,4726
1936,2546
1936,2734
1936,2824
1936,3857
1936,4146
1936,4531
1937,3411
1937,4104
1937,4575
1938,1997
1938,2138
1938,2463
1938,2544
1938,2934
1938,3070
1938,3621
1938,4720
1938,4772
1938,4794
1938,4950
1939,2243
1939,2278
1939,2300
1939,2616
1939,3128
1940,2685
1940,2892
1940,3185
1940,3887
1940,4577
1941,2435
1941,2502
1941,2740
1941,2896
1941,3605
1941,3741
1941,4088
1941,4193
1941,4235
1941,4418
1941,4605
1941,4717
1941,4896
1941,4965
1942,2238
1942,2659
1942,2662
1942,3133
1942,3623
1942,3817
1942,4402
1943,2154
1943,2232
1943,2895
1943,3206
1943,3445
1943,3627
1943,4231
1943,4494
1943,4609
1943,4831
1943,4992
1944,3111
1944,3518
1944,3627
1944,4613
1945,2023
1945,2196
1945,2375
1945,2794
1945,2799
1946,2297
1946,2551
1946,2922
1946,3081
1946,3782
1947,3272
1947,3901
1947,4591
1948,3621
1948,3898
1948,4374
1949,2114
1949,2502
1949,3093
1949,3284
1950,2077
1950,2640
1950,2748
1950,3126
1950,3415
1950,4225
1952,2476
1952,2715
1952,3130
1952,3155
1952,3310
1953,1967
1953,2728
1953,2810
1953,3145
1953,3201
1953,3473
1953,3977
1953,4366
1953,4467
1953,4602
1954,2024
1954,2078
1954,2345
1954,2756
1954,2894
1954,3181
1954,3450
1954,3516
1954,4753
1955,2680
1955,2701
1955,4526
1956,3368
1956,3529
1956,3671
1956,3886
1956,3955
1956,3994
1956,4109
1956,4285
1956,4389
1957,2000
1957,3003
1957,4453
1957,4674
1957,4844
1958,2636
1958,3262
1958,4370
1958,4655
1958,4763
1959,2053
1960,2581
1960,3018
1960,3135
1960,3509
1960,4289
1960,4861
1960,4990
1961,2403
1961,2940
1961,3860
1962,2535
1962,2545
1962,4385
1962,4786
1963,2041
1963,2293
1963,2971
1963,3298
1963,3407
1963,3433
1963,3857
1963,4456
1963,4469
1963,4501
1963,4791
1964,3861
1964,4350
1964,4616
1964,4816
1965,2104
1965,2179
1965,2442
1965,2514
1965,2522
1965,2942
1965,3111
1965,3121
1965,3318
1965,3506
1965,4167
1965,4990
1966,3354
1966,3662
1966,4708
1967,2596
1967,2931
1967,2981
1967,3419
1967,4341
1968,2509
1968,2617
1968,3129
1968,3782
1968,4347
1968,4647
1968,4857
1969,3811
1969,4049
1970,2202
1970,2573
1970,4927
1971,2226
1971,2387
1971,2690
1971,3005
1971,4424
1971,4520
1971,4552
1971,4679
1972,3113
1972,3360
1972,3784
1972,4215
1972,4469
1972,4605
1972,4634
1972,4709
1972,4962
1973,3010
1973,3256
1973,3812
1973,4661
1973,4814
1973,4931
1974,2747
1974,2973
1975,2170
1975,2339
1975,2508
1975,2613
1975,3146
1975,4141
1975,4238
1976,2257
1976,2471
1976,2608
1976,2798
1976,3326
1976,4315
1977,2834
1977,3159
1977,3274
1977,3451
1977,3454
1977,4489
1977,4666
1978,2141
1978,3756
1978,3830
1978,3874
1978,4434
1978,4922
1979,2853
1979,2935
1979,4031
1979,4270
1979,4429
1979,4461
1979,4738
1979,4861
1980,2172
1980,2224
1980,2603
1980,2617
1980,3436
1980,3781
1980,4186
1980,4927
1981,3046
1981,3432
1981,3600
1981,3640
1981,4134
1981,4407
1982,2621
1982,3741
1983,2079
1983,2931
1983,3147
1984,2068
1984,3316
1984,4039
1984,4195
1984,4249
1984,4337
1984,4889
1984,4952
1984,4985
1985,2246
1985,2389
1985,2417
1985,3246
1985,3646
1986,2032
1986,2051
1986,2846
1986,3009
1986,3412
1986,3541
1986,3827
1986,3938
1987,2118
1987,2292
1987,2495
1987,3675
1987,4418
1987,4433
1987,4548
1988,2390
1988,4512
1989,3172
1989,3198
1989,3835
1990,2015
1990,2062
1990,2268
1990,2489
1990,2688
1990,2757
1990,2786
1990,2792
1990,3443
1990,4070
1991,2844
1991,3351
1991,3582
1991,3916
1992,3583
1992,3903
1992,3985
1992,4858
1992,4878
1993,2477
1993,2754
1993,3219
1993,3814
1994,2049
1994,2072
1994,2122
1994,2290
1994,2905
1994,3004
1994,3011
1994,3241
1994,3373
1994,3742
1994,4357
1994,4774
1995,2274
1995,2284
1995,2378
1995,2507
1995,2696
1995,2871
1995,3145
1995,3173
1995,3460
1995,3552
1995,3667
1995,4610
1995,4743
1996,2253
1996,3165
1996,3878
1996,4137
1996,4391
1996,4511
1997,1999
1997,3977
1997,4046
1998,3976
1999,2036
1999,2608
1999,3093
1999,3128
1999,3371
1999,3551
1999,3604
1999,3705
1999,4504
1999,4839
2000,2185
2000,2634
2000,2671
2000,2932
2000,3204
2000,3251
2000,3686
2000,4192
2000,4332
2000,4646
2001,2634
2001,2947
2001,3675
2001,4268
2001,4740
2002,3139
2002,3726
2002,4148
2002,4426
2003,2238
2003,2438
2003,2564
2003,2766
2003,2948
2003,3080
2003,3810
2003,3903
2003,4804
2004,2381
2004,2470
2004,2497
2004,2506
2004,3089
2004,3400
2004,3401
2004,4064
2004,4624
2005,2007
2005,2999
2005,3506
2005,4420
2006,2025
2006,2949
2006,3612
2006,4484
2006,4487
2006,4707
2007,2483
2007,3057
2007,3068
2007,3082
2007,4341
2008,2133
2008,2768
2008,3571
2008,3875
2010,2034
2010,2092
2010,2339
2010,2822
2010,3601
2010,3651
2010,4275
2011,2094
2012,2139
2012,3777
2012,4237
2013,2086
2013,2099
2013,2224
2013,2302
2013,2622
2013,4224
2013,4774
2014,2980
2014,3651
2014,4455
2015,2460
2015,3062
2015,3912
2015,4705
2016,2135
2016,2369
2016,3626
2016,3923
2016,4138
2017,2079
2017,2305
2017,3099
2017,3115
2017,3266
2017,3315
2017,3755
2017,4505
2018,2066
2018,2163
2018,3330
2018,3628
2018,3882
2018,4008
2018,4288
2018,4523
2019,2197
2019,2857
2019,3339
2019,3893
2020,2605
2020,2662
2020,2746
2020,3274
2020,3432
2020,3888
2020,4840
2021,2054
2021,2181
2021,2622
2021,2845
2021,2979
2021,3001
2021,3630
2021,3936
2021,4616
2022,2312
2022,2458
2022,4148
2022,4813
2023,2393
2023,2493
2023,2501
2023,2690
2023,2896
2023,2972
2023,3151
2023,3779
2023,4119
2023,4171
2023,4483
2024,2889
2024,3143
2024,3384
2025,2278
2025,2361
2025,2636
2025,2712
2025,2855
2025,2996
2026,2117
2026,2240
2026,2922
2026,3934
2027,2465
2027,2517
2027,3693
2027,3771
2027,3972
2027,4154
2027,4979
2028,3033
2028,3651
2028,3960
2028,4717
2029,2566
2029,3038
2029,4353
2030,2172
2030,2504
2030,2522
2030,2908
2031,3178
2031,3365
2031,3556
2031,4391
2032,2607
2032,3963
2032,4171
2032,4721
2033,2544
2033,3759
2033,3916
2033,4359
2034,2526
2034,3038
2034,3842
2034,4479
2035,2086
2035,2135
2035,3106
2035,3778
2035,4909
2035,4943
2036,2249
2036,3794
2036,4389
2036,4456
2036,4760
2037,2193
2037,3333
2037,4182
2038,2429
2038,4547
2039,2115
2039,2157
2039,2161
2039,2202
2039,2213
2039,2477
2039,2969
2039,3561
2039,3754
2039,4036
2039,4070
2039,4265
2039,4715
2040,2239
2040,2367
2040,2375
2040,2584
2040,2759
2040,2858
2040,2887
2040,3004
2040,3047
2040,3316
2040,3325
2040,3584
2040,3636
2040,3723
2040,4055
2040,4237
2040,4411
2040,4677
2041,4641
2042,2886
2042,2959
2042,3447
2042,3514
2042,3622
2042,3656
2042,3821
2043,2530
2043,2771
2043,3184
2043,3576
2043,3673
2044,2686
2044,4326
2044,4559
2045,2071
2045,2617
2045,3353
2045,3380
2045,4371
2045,4425
2046,2100
2046,2815
2046,2907
2046,3268
2046,4070
2047,2360
2047,2723
2047,2972
2047,3580
2047,3615
2047,4324
2047,4434
2048,2754
2048,3051
2048,3140
2048,4268
2049,2478
2049,2583
2049,3728
2049,3880
2049,4001
2049,4427
2050,2147
2050,2195
2050,2713
2050,2787
2050,2964
2050,3376
2050,3556
2051,2151
2051,2723
2051,3165
2051,3179
2051,3420
2051,3700
2051,4421
2052,2113
2052,2237
2052,2275
2052,2300
2052,3358
2052,3752
2052,3789
2052,4537
2052,4667
2052,4717
2053,2661
2053,3518
2053,3855
2053,4227
2054,2611
2054,3430
2055,2300
2055,3036
2055,3347
2056,2417
2056,2602
2056,3289
2056,3772
2056,4163
2056,4272
2056,4635
2056,4736
2056,4862
2057,2398
2057,2892
2057,2912
2057,3025
2057,3589
2058,2288
2058,2567
2058,3349
2058,3765
2058,4135
2058,4452
2059,2229
2059,2600
2059,3248
2059,3535
2060,2479
2060,3192
2060,3338
2060,3405
2060,3632
2060,4492
2061,2391
2061,2778
2061,3336
2061,3624
2062,2543
2062,3424
2062,4230
2062,4492
2062,4709
2063,2138
2063,2307
2063,3450
2063,3668
2063,3881
2063,4053
2063,4735
2064,3390
2065,2568
2065,2678
2065,2752
2065,3121
2065,3162
2065,3573
2065,3640
2065,3739
2066,2516
2066,2532
2066,2536
2066,2790
2066,4296
2066,4877
2067,3816
2067,4369
2068,2100
2068,2123
2068,2207
2068,2515
2068,2617
2068,2706
2068,2824
2068,2889
2068,3194
2068,4378
2068,4692
2069,2247
2069,4132
2070,2238
2070,2422
2070,2434
2070,2773
2070,2821
2070,3017
2070,3472
2071,2343
2071,2527
2071,2602
2071,2652
2071,3075
2071,3893
2071,4113
2071,4947
2072,2132
2072,2562
2072,2616
2072,2829
2072,3939
2072,3959
2072,4654
2073,3258
2073,3456
2073,4185
2073,4646
2074,2108
2074,2175
2074,2855
2074,2890
2074,3841
2074,4387
2075,2301
2075,2850
2075,4644
2076,2285
2076,3315
2076,4145
2077,2545
2077,2727
2077,3234
2077,4531
2078,2159
2078,2549
2078,3190
2078,3317
2078,4821
2079,2259
2079,2384
2079,2910
2079,4288
2079,4339
2079,4476
2080,4351
2080,4668
2080,4708
2081,2162
2081,2268
2081,2894
2081,2978
2081,3231
2081,3266
2081,3268
2081,3434
2081,4231
2082,2123
2082,2243
2082,2478
2082,2674
2082,2694
2082,2974
2082,3024
2082,3032
2082,3039
2082,3245
2082,4958
2083,3568
2083,3724
2083,4721
2083,4831
2084,2852
2084,3770
2084,4921
2084,4936
2085,2662
2085,2860
2085,4048
2085,4142
2085,4733
2086,2226
2086,3819
2087,2474
2087,2514
2087,2655
2087,2717
2087,3210
2087,3633
2087,3905
2087,4485
2087,4897
2088,2113
2088,2497
2088,3674
2088,3808
2089,2117
2089,2253
2089,2320
2089,2579
2089,2642
2089,2839
2089,3499
2089,3606
2089,3700
2089,4001
2089,4596
2089,4657
2090,2128
2090,2210
2090,2527
2090,4598
2090,4945
2091,2120
2091,2132
2091,2223
2091,2652
2091,2990
2091,3205
2091,3554
2091,4264
2091,4378
2092,2229
2092,2436
2092,2475
2092,2502
2092,3654
2092,3726
2092,4367
2092,4475
2092,4516
2092,4662
2092,4904
2093,2449
2093,3611
2093,3911
2093,4213
2094,2260
2094,2462
2094,2746
2094,3082
2094,3364
2094,3466
2094,3693
2094,3700
2094,4009
2094,4200
2094,4538
2095,2344
2095,4080
2096,2809
2096,3077
2096,3492
2097,3294
2097,4120
2098,3203
2098,3390
2098,4599
2098,4692
2098,4729
2098,4991
2099,2695
2099,2866
2099,3077
2099,3647
2099,4041
2099,4532
2099,4953
2100,2369
2100,3877
2100,4395
2101,2407
2101,2568
2101,3227
2101,3985
2101,4557
2101,4622
2102,2465
2102,2537
2102,3097
2102,3326
2102,4222
2102,4961
2103,2159
2103,4057
2103,4872
2103,4924
2104,2144
2104,2250
2104,2339
2104,2460
2104,2731
2104,2816
2104,3326
2104,3601
2104,3623
2104,3840
2104,4006
2104,4104
2104,4929
2105,2165
2105,2322
2105,2832
2105,3092
2105,3211
2105,3410
2105,3942
2105,3982
2105,4146
2105,4238
2105,4909
2105,4968
2106,2572
2106,3180
2106,3259
2106,4124
2106,4355
2107,2597
2107,2738
2108,2387
2108,2450
2108,2621
2108,3393
2108,3523
2108,3896
2108,4820
2109,3612
2109,3673
2109,3926
2109,4175
2109,4230
2109,4513
2109,4620
2110,2171
2110,2254
2110,2464
2110,2493
2110,3127
2110,3208
2110,4713
2111,2261
2111,2318
2111,2349
2111,2835
2111,4430
2111,4538
2111,4640
2112,2201
2112,2886
2112,3436
2112,3923
2112,4000
2112,4296
2112,4722
2112,4737
2113,2967
2113,3607
2113,3834
2114,2759
2115,2319
2115,2899
2115,2943
2115,3041
2115,3171
2115,4257
2115,4653
2116,2936
2116,3051
2116,3070
2116,4381
2116,4717
2116,4810
2117,2377
2117,2701
2117,2978
2117,3235
2117,3287
2117,4648
2118,2400
2118,2993
2118,3286
2119,2716
2120,4314
2120,4733
2120,4795
2121,2474
2121,2820
2121,3740
2121,4891
2121,4923
2122,2158
2122,2281
2122,2333
2122,2813
2122,3109
2122,4360
2123,2138
2123,2141
2123,2878
2123,3444
2123,3644
2123,3654
2123,4101
2123,4470
2123,4667
2124,4337
2124,4653
2125,2525
2125,2658
2125,3849
2126,2998
2127,2213
2127,2430
2127,2719
2127,3577
2127,3939
2128,2776
2128,4762
2129,3855
2129,4930
2130,3401
2130,3756
2130,4301
2130,4612
2131,2452
2131,2549
2131,3297
2131,3311
2133,2914
2134,2293
2134,2304
2134,2765
2134,2770
2134,3084
2134,3684
2134,4168
2134,4835
2135,2707
2135,2784
2135,3562
2135,3616
2135,4608
2136,2296
2136,2461
2136,3158
2136,3903
2136,4089
2137,4196
2138,2287
2138,3297
2138,4457
2139,2920
2139,3181
2139,3291
2139,3565
2139,3984
2139,4298
2140,2159
2140,2169
2140,2815
2140,3267
2140,3489
2140,3597
2140,4254
2140,4700
2140,4816
2141,2457
2141,2664
2141,2758
2141,3098
2141,3273
2141,3995
2141,4425
2141,4596
2143,2146
2143,2297
2144,3622
2144,3890
2144,4967
2145,2687
2145,3301
2145,3337
2145,4063
2145,4268
2145,4369
2145,4614
2145,4675
2146,2900
2146,3476
2146,3858
2146,4141
2146,4527
2146,4609
2147,2291
2147,2428
2147,2458
2147,3009
2147,3818
2147,4573
2147,4995
2148,2503
2148,2548
2148,3019
2148,4031
2148,4312
2148,4818
2149,2593
2149,2826
2149,2894
2149,3075
2149,3173
2149,3239
2149,4099
2149,4131
2149,4361
2149,4574
2149,4860
2150,2682
2150,2911
2150,3679
2150,4311
2150,4403
2150,4587
2150,4736
2151,2222
2151,2545
2151,4349
2152,2469
2152,2555
2152,3740
2153,2888
2153,4508
2154,2844
2154,2884
2154,3414
2154,3490
2154,3978
2154,4588
2155,2612
2155,2793
2155,3044
2155,3438
2155,3860
2155,4287
2155,4657
2156,2256
2156,3439
2157,2252
2157,3048
2157,3366
2157,3405
2157,3847
2157,4116
2158,3122
2158,3642
2158,3751
2159,2549
2159,2720
2159,2735
2159,2979
2159,3021
2159,3323
2159,3347
2159,3904
2159,4203
2160,3046
2160,3439
2160,3981
2160,4781
2160,4811
2161,2395
2161,2497
2161,2948
2161,3160
2161,3295
2161,3589
2161,4127
2161,4218
2161,4852
2162,4088
2162,4910
2163,2509
2163,3634
2163,4009
2163,4518
2164,2717
2164,2771
2164,3639
2164,3686
2164,3846
2164,4106
2164,4622
2164,4758
2164,4901
2164,4974
2165,2255
2165,2384
2165,2676
2165,3443
2165,3985
2166,3476
2166,3492
2166,3545
2166,3553
2166,3807
2166,4039
2166,4423
2166,4574
2167,2262
2167,2802
2167,3011
2167,3418
2167,3505
2167,3914
2167,4211
2167,4928
2168,2332
2168,2355
2168,2694
2168,3565
2168,3812
2168,4287
2168,4346
2168,4845
2168,4964
2169,3108
2169,3553
2169,3933
2169,3942
2169,4499
2169,4615
2169,4959
2170,2284
2170,2611
2170,3000
2170,3597
2170,3762
2171,2213
2171,2528
2172,2238
2172,2255
2172,2402
2172,3264
2173,2753
2173,2802
2173,2867
2173,3329
2173,3732
2173,4312
2173,4645
2173,4809
2174,2211
2174,2767
2174,3377
2174,3750
2174,4025
2175,3020
2175,4540
2176,3980
2176,4197
2176,4526
2177,2484
2177,3855
2178,2370
2178,3167
2178,3176
2179,2559
2179,2713
2179,4024
2179,4045
2180,2463
2180,2589
2180,2977
2180,3620
2180,3726
2180,4048
2180,4552
2181,3377
2181,3774
2181,4704
2181,4782
2181,4878
2182,2261
2182,3004
2182,3247
2182,4159
2182,4981
2183,2620
2183,2717
2183,2821
2183,4197
2183,4264
2184,3156
2184,3195
2185,3528
2185,3861
2185,3914
2185,4070
2186,2195
2186,2226
2186,3342
2187,2251
2187,2349
2187,2633
2187,2698
2187,3010
2187,3299
2187,3304
2187,3722
2187,3754
2187,3941
2187,4464
2187,4481
2187,4898
2187,4907
2188,2251
2188,2565
2188,2788
2188,2854
2188,3494
2188,3700
2188,4201
2188,4535
2189,3353
2189,3670
2189,3727
2189,3793
2189,4311
2189,4598
2189,4778
2190,2437
2190,3178
2191,2763
2191,2897
2191,3029
2191,3662
2192,2309
2192,4424
2193,2746
2193,2772
2193,3513
2193,3532
2193,4474
2193,4510
2193,4598
2194,2392
2194,2690
2194,3100
2194,3933
2194,4201
2195,2380
2195,2609
2195,2616
2195,3341
2195,3661
2195,3916
2195,4868
2196,2407
2196,2789
2196,3934
2196,4089
2196,4476
2196,4823
2197,2294
2197,4753
2198,2206
2198,2969
2198,3102
2198,3378
2198,3689
2198,4487
2198,4651
2198,4677
2199,2557
2199,2592
2199,2668
2199,4301
2199,4324
2199,4422
2199,4843
2200,2652
2201,2742
2201,3056
2201,4065
2202,2487
2202,2716
2202,2945
2202,3251
2202,3596
2202,4111
2203,2490
2203,2618
2204,2891
2204,3364
2204,4681
2205,2630
2206,2968
2206,3590
2206,4042
2207,2765
2207,4938
2208,2767
2208,3396
2208,3397
2208,3481
2208,3934
2208,4009
2208,4017
2209,2589
2209,3378
2209,3616
2209,3733
2209,4332
2210,2365
2210,2776
2210,3007
2210,3317
2210,3415
2210,3666
2210,4410
2210,4589
2211,2336
2211,2794
2211,2827
2211,3106
2211,3139
2211,3194
2211,3291
2211,3703
2211,3803
2211,4687
2211,4809
2212,2278
2212,2428
2212,3846
2212,4144
2212,4507
2213,2246
2213,2369
2213,4124
2213,4779
2214,4206
2215,2257
2215,3731
2215,4318
2216,2247
2216,2666
2216,3322
2216,3376
2216,3814
2216,4422
2216,4608
2216,4697
2217,2327
2217,3137
2217,3505
2217,3772
2217,3781
2217,4008
2217,4498
2217,4596
2218,2686
2218,3060
2218,3147
2218,3808
2218,4286
2218,4866
2219,2682
2219,3693
2219,3760
2219,4872
2220,2676
2220,4764
2221,2299
2221,2453
2221,3576
2221,3652
2221,4226
2221,4685
2222,2342
2222,2425
2222,2880
2222,2884
2222,3305
2222,3990
2223,3218
2223,3666
2223,3761
2223,3913
2223,4100
2223,4599
2224,2862
2224,3072
2224,3426
2224,3435
2224,4354
2224,4915
2225,4437
2225,4568
2226,3809
2226,4458
2226,4963
2227,2584
2227,2765
2227,2782
2227,2999
2227,3332
2227,3394
2227,3777
2227,3864
2227,4458
2227,4516
2227,4865
2227,4969
2228,3253
2228,3729
2228,3823
2228,4086
2228,4170
2228,4414
2229,2498
2229,2678
2229,2727
2229,2736
2229,3362
2229,3464
2229,3634
2229,3799
2229,4156
2229,4910
2230,2258
2230,3163
2230,3769
2230,3774
2230,3817
2230,3906
2230,4035
2230,4662
2230,4708
2230,4946
2231,2866
2231,2958
2231,4413
2232,2383
2232,4013
2232,4759
2232,4819
2233,2912
2233,3581
2233,4132
2233,4225
2233,4659
2233,4908
2234,3259
2234,3953
2235,2238
2235,2514
2235,2856
2235,3302
2235,3473
2235,3773
2235,3938
2235,4539
2235,4889
2236,2691
2236,3267
2236,3365
2236,4619
2237,2280
2237,2848
2237,2975
2237,3407
2237,3706
2237,4007
2237,4194
2238,2275
2238,2455
2238,3139
2238,3586
2238,3601
2238,3685
2238,3760
2238,3976
2238,4153
2238,4195
2238,4391
2238,4404
2238,4797
2239,2315
2239,2560
2239,2718
2239,2834
2239,3043
2239,3528
2239,3748
2239,3895
2239,4394
2239,4417
2239,4536
2240,2325
2240,3243
2240,3442
2240,3539
2240,4007
2240,4586
2241,3931
2241,4149
2241,4265
2241,4906
2242,2848
2242,3247
2242,3879
2242,4217
2242,4289
2243,2486
2243,3487
2244,2497
2244,2843
2244,3261
2244,4485
2245,2569
2245,3396
2245,3532
2245,3659
2245,3804
2245,3980
2245,4187
2245,4345
2246,2350
2246,2730
2246,3172
2247,2359
2247,2426
2247,3135
2247,3182
2247,4251
2247,4336
2248,2346
2248,2680
2248,3501
2248,3560
2248,3755
2248,3919
2248,4202
2249,3292
2249,3447
2249,3540
2249,4456
2249,4837
2250,2541
2250,2587
2250,2732
2250,2847
2250,2939
2250,2943
2250,3516
2250,3640
2250,4005
2250,4021
2250,4074
2250,4230
2252,2324
2252,2459
2252,2918
2252,4908
2253,2352
2253,2418
2253,2805
2253,3034
2253,3230
2253,4006
2254,3919
2255,2974
2255,3242
2255,3295
2255,3905
2256,2332
2256,3745
2256,3774
2256,3997
2256,4189
2256,4382
2257,2500
2257,2776
2257,3117
2258,2381
2258,2443
2258,2986
2258,3328
2258,3921
2259,2670
2259,3258
2259,4708
2260,2784
2261,2435
2261,2579
2261,3724
2262,2357
2262,2460
2262,2519
2263,2699
2263,2958
2263,3872
2263,4276
2264,2421
2264,3246
2265,2920
2265,3055
2265,4052
2265,4213
2266,2358
2266,2537
2266,3437
2266,3971
2267,2312
2267,2825
2267,2939
2267,3040
2267,3616
2267,3695
2267,4248
2267,4422
2268,3205
2269,2564
2269,4295
2269,4565
2270,3121
2270,3478
2271,2405
2271,2615
2271,2743
2271,2990
2271,3172
2271,3354
2272,2422
2272,2524
2272,2588
2272,2863
2272,3071
2272,3703
2272,3915
2272,4140
2272,4322
2272,4788
2273,2486
2273,2812
2273,3813
2273,4997
2274,3146
2274,3708
2274,4135
2275,2386
2275,2882
2275,3459
2275,4974
2276,2414
2276,2734
2276,3420
2276,4046
2276,4311
2276,4431
2277,3038
2277,3295
2277,4493
2277,4566
2278,2472
2278,2680
2278,2995
2278,3118
2278,3182
2278,3358
2278,3414
2278,3465
2278,4223
2278,4327
2278,4389
2279,2737
2279,2948
2279,3040
2279,3686
2279,3789
2279,4018
2280,3116
2280,3370
2280,3563
2280,3905
2280,3922
2281,3146
2281,3300
2281,3592
2281,4937
2282,2419
2282,2738
2283,2806
2283,3782
2283,3935
2283,4552
2283,4788
2284,3154
2284,4623
2284,4910
2285,2595
2285,3259
2285,3963
2285,4428
2285,4518
2285,4635
2286,2418
2286,2867
2286,3815
2287,2471
2287,2896
2287,3018
2287,3102
2287,3491
2287,3550
2287,3665
2287,3852
2287,4517
2288,2770
2288,3220
2288,4874
2289,2367
2289,2396
2289,3349
2289,4554
2291,2613
2291,2760
2291,3076
2291,4417
2292,2379
2292,3207
2293,3186
2293,3381
2293,4081
2293,4105
2293,4392
2293,4825
2293,4989
2294,2993
2294,3148
2294,3236
2294,3241
2294,4454
2294,4769
2295,2528
2295,2767
2295,3446
2295,3887
2295,4802
2296,2495
2296,4877
2297,2826
2298,2501
2298,2757
2298,3403
2298,3939
2298,4344
2298,4601
2299,2338
2299,3412
2299,4180
2299,4737
2300,2741
2300,2981
2300,3603
2301,2474
2301,4424
2302,3017
2302,3052
2303,2444
2303,2873
2303,3324
2304,2947
2304,3132
2304,3134
2305,2719
2306,2385
2306,2451
2306,2569
2306,2669
2306,2765
2306,2803
2306,2980
2306,3170
2306,3421
2306,4159
2306,4763
2308,3450
2308,3505
2308,3658
2308,4362
2309,2410
2309,2518
2309,2542
2309,2567
2309,3132
2309,3384
2309,3488
2309,4189
2309,4259
2309,4434
2310,2583
2310,2628
2310,3230
2310,3467
2310,3819
2311,2415
2311,3656
2311,3763
2311,3792
2311,3876
2311,4070
2311,4570
2312,2776
2312,2831
2313,2561
2313,2697
2313,3051
2313,3421
2313,4198
2313,4540
2313,4542
2314,4432
2314,4762
2314,4812
2314,4903
2315,2475
2315,2540
2315,3242
2316,3144
2318,2522
2318,2881
2318,3311
2318,4033
2318,4382
2319,2788
2319,2995
2319,3164
2319,3631
2320,2997
2320,3283
2320,4044
2320,4611
2321,3281
2321,3628
2321,4749
2322,2977
2322,4043
2322,4067
2323,2459
2323,2565
2323,2803
2323,3640
2323,4545
2323,4823
2324,3907
2324,4013
2324,4995
2325,2382
2325,3169
2325,3297
2325,4102
2325,4737
2325,4987
2326,2623
2326,3110
2326,3328
2326,3726
2326,4312
2327,3108
2327,4158
2327,4312
2328,2764
2328,2892
2328,4009
2328,4079
2328,4653
2328,4750
2328,4828
2329,2481
2329,2653
2329,2709
2329,2792
2329,3852
2329,4998
2330,3498
2330,3798
2330,3884
2330,3991
2330,4442
2331,2828
2331,4038
2331,4106
2331,4859
2332,2469
2332,2735
2333,2434
2333,3625
2333,3773
2333,3851
2333,4841
2334,2426
2334,2819
2334,3440
2335,2368
2336,2437
2336,3039
2336,3730
2336,4399
2337,3119
2337,3386
2338,2890
2338,2984
2338,3318
2338,3925
2338,4394
2339,2368
2339,2850
2339,3431
2339,3985
2339,4030
2339,4056
2340,2568
2340,2967
2340,3564
2340,3800
2340,4054
2340,4658
2340,4683
2340,4691
2340,4692
2341,2373
2341,2604
2341,3164
2341,3633
2342,2460
2342,2503
2342,3065
2342,3123
2342,4304
2342,4373
2343,2407
2343,2596
2343,2817
2343,3550
2343,3830
2343,3922
2343,4439
2344,2377
2344,2457
2344,2568
2344,2635
2344,2830
2344,2880
2344,3007
2344,3540
2345,2353
2345,2777
2345,3526
2346,2747
2346,2969
2347,2443
2347,3176
2347,4963
2348,2515
2348,3859
2348,4140
2348,4415
2348,4441
2348,4572
2348,4665
2350,2490
2350,3172
2350,3277
2350,3764
2350,4393
2350,4484
2350,4921
2351,2696
2351,4526
2352,2428
2352,3113
2352,3164
2352,3207
2352,3871
2353,2531
2353,2655
2353,3318
2354,2415
2354,3074
2354,3193
2354,3594
2354,3637
2354,4607
2354,4690
2354,4999
2355,2388
2355,3550
2355,3605
2355,3788
2355,3873
2355,4356
2355,4648
2355,4662
2356,2423
2356,2651
2356,2683
2356,3275
2356,3704
2356,4347
2358,2628
2358,3346
2358,3461
2358,3909
2358,4402
2358,4456
2359,3158
2359,3557
2359,4099
2360,2800
2361,2950
2361,3150
2361,3215
2361,4451
2361,4701
2362,2373
2362,2600
2362,3656
2362,3696
2362,3700
2362,3777
2362,4731
2362,4841
2363,3950
2363,4412
2364,2895
2364,3228
2364,3656
2364,3706
2364,3793
2364,4160
2364,4921
2365,3981
2365,4896
2366,2912
2366,3239
2366,3630
2366,4065
2366,4972
2367,2993
2367,3373
2367,3609
2367,4102
2368,3373
2368,3382
2368,3961
2368,4168
2369,2596
2369,2980
2369,2987
2369,3192
2369,4422
2369,4478
2370,2795
2370,3639
2370,3662
2370,3965
2371,2571
2371,3269
2371,4563
2372,2620
2372,2640
2372,2809
2372,3143
2372,3850
2372,3880
2372,4413
2373,2541
2373,2717
2373,3020
2373,3035
2373,4139
2373,4472
2374,2489
2374,2855
2374,3317
2374,3757
2374,4252
2374,4261
2374,4608
2375,2504
2375,3535
2375,3975
2375,4035
2375,4159
2375,4175
2376,2434
2376,4495
2377,3527
2377,4153
2377,4674
2377,4723
2378,2894
2378,3575
2378,4136
2378,4771
2379,2442
2379,2743
2379,2797
2379,2930
2379,3645
2379,3683
2379,4255
2379,4395
2379,4866
2380,2713
2380,3508
2380,4800
2381,3178
2381,3261
2381,4835
2382,3819
2382,3924
2382,4384
2382,4790
2383,2594
2384,2432
2384,2657
2384,3394
2384,3557
2384,3980
2384,4080
2384,4438
2385,2522
2385,2976
2385,3103
2386,3679
2386,4854
2387,2483
2387,2744
2388,2726
2388,3055
2388,3108
2388,3483
2388,3905
2388,4628
2389,2691
2389,3052
2389,3786
2389,4170
2389,4632
2390,2750
2390,2934
2390,3083
2390,3572
2390,3989
2390,4399
2391,2758
2391,3249
2391,3254
2392,3586
2392,3748
2392,3955
2393,3933
2393,4616
2393,4962
2394,2660
2394,3422
2394,3608
2394,3630
2394,4943
2395,3149
2395,3760
2395,4480
2396,3452
2397,2651
2397,3007
2397,4348
2398,3352
2398,3536
2398,3881
2398,3894
2398,4024
2399,2700
2399,3604
2399,3786
2399,4569
2401,2580
2401,3386
2401,3476
2401,3718
2402,3303
2402,3561
2402,3984
2402,4145
2402,4190
2402,4365
2402,4513
2402,4775
2403,2781
2403,3987
2403,4290
2403,4468
2404,3449
2404,4529
2404,4808
2405,2480
2405,2629
2405,3104
2405,3616
2405,4525
2406,2468
2406,2878
2406,3303
2406,3489
2406,4911
2407,2637
2407,3682
2407,4023
2408,3015
2408,3961
2409,2638
2409,2954
2409,3056
2409,3224
2409,3476
2409,3944
2409,4011
2409,4701
2409,4880
2410,2488
2410,2491
2410,3379
2410,3719
2410,4187
2410,4669
2411,4261
2412,3164
2412,4393
2412,4967
2413,2956
2414,2562
2414,3754
2414,4131
2414,4880
2415,2614
2415,2925
2415,3628
2415,4399
2415,4497
2415,4981
2416,2711
2416,2802
2416,3202
2416,3498
2416,3752
2416,4272
2417,4375
2417,4445
2417,4556
2418,2507
2418,2737
2418,2827
2418,4076
2419,2534
2419,2626
2419,3840
2419,4353
2419,4875
2420,2660
2420,2712
2420,2760
2420,3402
2420,4867
2420,4985
2421,3293
2421,3654
2421,4411
2421,4944
2423,2625
2423,3986
2424,4675
2425,2458
2425,2893
2425,3989
2426,2521
2426,3042
2426,3481
2427,2766
2427,2790
2427,3444
2427,3825
2427,4007
2427,4796
2428,2521
2428,2745
2428,4004
2428,4083
2428,4392
2428,4436
2428,4589
2428,4631
2428,4940
2429,2985
2429,4914
2430,2853
2430,3423
2430,3839
2430,4630
2431,2722
2431,3313
2431,3810
2431,3850
2432,3232
2432,4952
2433,3191
2433,3649
2433,4005
2433,4151
2433,4561
2433,4686
2433,4878
2434,3065
2434,3505
2434,3575
2434,3929
2434,4157
2434,4927
2435,3569
2435,4092
2436,2487
2436,2627
2436,3004
2436,3419
2437,2704
2437,4057
2437,4066
2437,4322
2437,4405
2438,2687
2438,3060
2438,3263
2438,4461
2439,2752
2439,4613
2440,2937
2440,4829
2440,4877
2441,2689
2441,3250
2441,3310
2441,3578
2441,4363
2441,4699
2441,4813
2442,3225
2442,4550
2443,2556
2443,2942
2444,3796
2444,4543
2445,3881
2445,4363
2445,4802
2446,2999
2446,3078
2446,4598
2447,3624
2447,4889
2447,4958
2448,2538
2448,2619
2448,3533
2448,3869
2448,4187
2448,4601
2449,2600
2449,2776
2449,3188
2449,3681
2449,3930
2449,4218
2449,4329
2449,4645
2449,4798
2449,4889
2450,2561
2450,3112
2450,4303
2450,4379
2450,4779
2450,4841
2450,4852
2451,4133
2451,4343
2451,4751
2451,4801
2452,2868
2452,3872
2452,3999
2452,4406
2452,4894
2453,2662
2453,2938
2453,3707
2453,4276
2453,4379
2453,4447
2453,4483
2453,4630
2454,2679
2454,2683
2454,3768
2454,4843
2455,2763
2455,4306
2455,4542
2456,2876
2456,3268
2456,3333
2456,4602
2456,4848
2457,2540
2457,2572
2457,2610
2457,3805
2457,4008
2457,4104
2458,4370
2458,4386
2459,3485
2459,4419
2460,2953
2460,3753
2460,4082
2460,4599
2462,3062
2462,3783
2462,4676
2463,2896
2463,3089
2463,3138
2463,3565
2463,4884
2464,2827
2464,2850
2464,3298
2464,4293
2464,4946
2465,2614
2465,2662
2465,2797
2466,2550
2466,2768
2466,3492
2466,4323
2466,4699
2467,3554
2467,3572
2467,4719
2468,2495
2468,2796
2468,3050
2468,3489
2468,4082
2468,4415
2468,4520
2468,4832
2469,3380
2469,3401
2469,3445
2469,3486
2470,3130
2470,3633
2470,4980
2471,3198
2471,3362
2471,4063
2471,4132
2471,4819
2472,2850
2472,2930
2472,3613
2472,4397
2473,3474
2473,4338
2473,4997
2474,2566
2474,2968
2474,3548
2474,3735
2474,4656
2475,2598
2475,4056
2475,4514
2476,2762
2476,3241
2476,3928
2476,3933
2476,4229
2476,4943
2477,2835
2477,3506
2477,3970
2477,4056
2477,4347
2477,4521
2478,3263
2478,3899
2478,3960
2479,3466
2479,3541
2479,3597
2479,3737
2479,4245
2480,3606
2480,3641
2480,4759
2481,3011
2481,3141
2481,3177
2481,3454
2481,3563
2481,4277
2481,4591
2482,3414
2483,2493
2483,3538
2484,4087
2485,2645
2485,2818
2485,3534
2485,4942
2486,3184
2486,3475
2486,3486
2486,3753
2487,2581
2487,2649
2487,2657
2487,2669
2487,2796
2487,3092
2487,3105
2487,3762
2487,4315
2487,4518
2487,4523
2488,2673
2488,2920
2488,3190
2488,3223
2488,3662
2488,4269
2489,2710
2489,2780
2489,3142
2489,3899
2489,4323
2490,4166
2490,4268
2491,3074
2491,3125
2491,4932
2492,2840
2492,3717
2492,4716
2492,4738
2493,3463
2493,4129
2493,4508
2494,2658
2494,3025
2494,4314
2494,4448
2495,2727
2495,3562
2496,2731
2496,2759
2496,2932
2496,3161
2496,3512
2497,3726
2497,3853
2497,4251
2498,2559
2498,3123
2498,3291
2498,3666
2498,3950
2498,4132
2498,4327
2498,4429
2498,4617
2498,4637
2498,4728
2499,3822
2499,4033
2499,4272
2499,4592
2500,2911
2500,2957
2500,4568
2501,2723
2501,3123
2501,3248
2501,4883
2502,2537
2502,2698
2502,3928
2502,4392
2502,4410
2502,4668
2502,4869
2502,4927
2503,3243
2503,3339
2504,2593
2504,2687
2504,2693
2504,3456
2504,3938
2504,4024
2504,4451
2504,4568
2504,4692
2505,2977
2505,3835
2505,3836
2505,4073
2505,4378
2506,3117
2506,3511
2506,4472
2506,4475
2507,2940
2507,3003
2507,3064
2507,3445
2507,4117
2507,4375
2508,3095
2508,3133
2508,4463
2509,2804
2509,2819
2509,3544
2509,3673
2509,3992
2509,4062
2509,4212
2510,2655
2510,3013
2510,3125
2510,3328
2510,3339
2510,3653
2510,3787
2511,3588
2511,4376
2512,2912
2512,3073
2512,3976
2512,4409
2512,4582
2513,2844
2513,2853
2513,2857
2513,3073
2513,3760
2514,2861
2514,3272
2514,3303
2514,4494
2515,2776
2515,3366
2515,3764
2515,4309
2515,4578
2516,4114
2517,4122
2518,2538
2518,2641
2518,3366
2518,3435
2518,3715
2518,4379
2519,3309
2519,3908
2520,3209
2520,3775
2520,3926
2520,4341
2521,3467
2521,3940
2522,2536
2522,2582
2522,2815
2522,3212
2522,3624
2522,4787
2522,4824
2523,3360
2523,3563
2523,4572
2523,4766
2524,3613
2524,4109
2525,2675
2525,3394
2525,3648
2525,3816
2525,3824
2525,4003
2525,4987
2526,2581
2526,2720
2526,2758
2526,3507
2527,4568
2527,4695
2528,2780
2528,3023
2528,3614
2528,3866
2528,4408
2528,4528
2528,4627
2528,4787
2529,2895
2529,3007
2530,2741
2530,3284
2530,3521
2530,4053
2530,4987
2531,2581
2531,2632
2531,2919
2531,3911
2531,4561
2532,3633
2533,2970
2533,4204
2533,4406
2533,4834
2534,3070
2534,3389
2534,4544
2534,4727
2535,4359
2536,2695
2536,3513
2536,3681
2536,4466
2536,4695
2536,4716
2536,4862
2537,2589
2537,2666
2537,3847
2537,4530
2537,4542
2537,4584
2538,2575
2538,2857
2538,4035
2539,2809
2539,3107
2540,2602
2540,2716
2540,4405
2540,4632
2540,4688
2540,4784
2541,3335
2542,2881
2543,2631
2543,2751
2543,2892
2543,3109
2543,3231
2543,3801
2543,4613
2544,2778
2544,2871
2544,3750
2544,3769
2544,4190
2544,4749
2544,4873
2545,4284
2546,2700
2547,2672
2547,4929
2548,3708
2548,3719
2548,4481
2549,2675
2549,3357
2549,3398
2549,3848
2550,3172
2550,3758
2550,4560
2551,3125
2551,4113
2552,2656
2552,2973
2552,3865
2552,4319
2552,4851
2552,4872
2553,2588
2553,2977
2553,3265
2553,3460
2553,4513
2553,4621
2553,4753
2553,4837
2554,2887
2554,4785
2555,3184
2555,3393
2555,3846
2555,3927
2556,2810
2556,3019
2556,3558
2556,4883
2557,3544
2558,4817
2559,2696
2559,3316
2559,3518
2559,4329
2559,4803
2560,2808
2560,3059
2560,3620
2560,3785
2560,4354
2560,4920
2560,4961
2561,2765
2561,3268
2561,3423
2562,2980
2562,3608
2562,3701
2562,4521
2562,4555
2562,4993
2563,3026
2563,3396
2563,3806
2563,4799
2564,2756
2564,3360
2564,3703
2565,2902
2565,3641
2566,2569
2566,2603
2566,2969
2566,2977
2566,3316
2566,3836
2566,4470
2566,4957
2567,4145
2568,4028
2568,4110
2568,4728
2569,3058
2569,3117
2569,3282
2569,3682
2569,4121
2569,4910
2571,2694
2571,2756
2572,2898
2572,3560
2572,4150
2572,4208
2572,4399
2572,4694
2573,3169
2573,3552
2573,4003
2573,4280
2574,2746
2575,3052
2575,3159
2575,3701
2575,4344
2575,4704
2576,2645
2576,3129
2576,4362
2577,4453
2577,4726
2578,2585
2578,2604
2578,2631
2578,2864
2578,2972
2578,3416
2578,3474
2578,3679
2578,3984
2578,4672
2578,4896
2579,2862
2579,2909
2579,2975
2579,3018
2579,3715
2579,3717
2579,3956
2579,4901
2580,2584
2580,2595
2580,3357
2580,4280
2581,4123
2582,2658
2582,3121
2582,3259
2582,3959
2582,4005
2583,3154
2584,3193
2584,4214
2584,4678
2586,2589
2586,3627
2586,3658
2586,3926
2586,3962
2586,4271
2586,4535
2588,3473
2589,2823
2589,4806
2590,3511
2590,3526
2591,3282
2591,3775
2592,3890
2592,4300
2592,4584
2592,4590
2593,2851
2593,2950
2593,3295
2593,3421
2593,3827
2594,2651
2594,2675
2595,3126
2595,3372
2595,4102
2595,4125
2596,2679
2596,2689
2596,2990
2596,3347
2596,3780
2597,2990
2597,3426
2597,4568
2597,4916
2598,3011
2598,3284
2598,3564
2598,3844
2599,2629
2599,3083
2599,3698
2599,3887
2599,4044
2599,4650
2600,2762
2600,2825
2600,2936
2600,4696
2601,2634
2601,2887
2601,3564
2601,3577
2602,2875
2602,3042
2602,3779
2602,4256
2602,4427
2602,4702
2602,4747
2603,3863
2603,4486
2603,4710
2604,2754
2604,2828
2604,4060
2604,4152
2604,4376
2604,4768
2605,4457
2605,4535
2606,3027
2606,3252
2606,3916
2606,3991
2606,4531
2607,3023
2607,3439
2607,4020
2609,2899
2609,3005
2609,3475
2609,3857
2609,4747
2610,2632
2610,2641
2610,3285
2610,3407
2610,4661
2611,2729
2611,2970
2611,3854
2611,3999
2611,4342
2612,3730
2613,3542
2613,3557
2613,4228
2614,2898
2615,3489
2616,3359
2616,3431
2616,3531
2617,3157
2617,3359
2617,3502
2617,3596
2617,4342
2617,4477
2617,4709
2618,2950
2618,3611
2618,4660
2618,4776
2619,2639
2619,2806
2619,3155
2619,3627
2619,4407
2619,4979
2620,3033
2620,3086
2620,3391
2620,4152
2620,4308
2620,4671
2620,4788
2620,4820
2620,4888
2620,4976
2621,2730
2621,3179
2621,3282
2621,4841
2622,2829
2622,3186
2623,2774
2623,4931
2624,4852
2625,3856
2625,3979
2625,4151
2625,4425
2625,4444
2626,2757
2626,4275
2626,4369
2627,3324
2627,3596
2627,3974
2628,2985
2628,4173
2629,2909
2629,3219
2629,3733
2629,3802
2629,4103
2629,4477
2629,4498
2630,4934
2631,2650
2632,2839
2632,3132
2632,3296
2632,3481
2632,3760
2632,4431
2632,4619
2632,4844
2633,3596
2633,4816
2633,4868
2633,4957
2634,3955
2634,4553
2635,3078
2635,3371
2635,3576
2635,4550
2635,4592
2635,4806
2636,2965
2636,4060
2636,4601
2637,2658
2637,3754
2637,3974
2637,4186
2637,4766
2637,4819
2638,3599
2638,3634
2638,3940
2638,4772
2639,3503
2639,3509
2639,4296
2639,4332
2639,4373
2639,4696
2639,4854
2640,4410
2640,4420
2641,3265
2641,3866
2641,3954
2641,4232
2641,4504
2641,4827
2642,2791
2642,3225
2642,3549
2642,4703
2643,3904
2644,3444
2644,3529
2644,3756
2645,3878
2646,2661
2646,2861
2646,3024
2646,3215
2646,4318
2647,3245
2647,3248
2647,3512
2647,4171
2647,4694
2647,4964
2648,3978
2649,2706
2649,3053
2649,4429
2650,2694
2650,2767
2650,2798
2650,3086
2650,3245
2650,3360
2650,3390
2650,3509
2650,3705
2650,4361
2650,4649
2651,2842
2651,3096
2651,3393
2651,3418
2651,4773
2651,4938
2653,2838
2653,3005
2653,4281
2654,3217
2654,3968
2654,4181
2654,4803
2654,4819
2654,4912
2654,4985
2655,4057
2655,4715
2655,4817
2656,3468
2656,4600
2656,4710
2658,2906
2658,4326
2658,4468
2658,4475
2658,4591
2658,4854
2658,4855
2659,2856
2659,3084
2659,3135
2659,4449
2659,4976
2660,3021
2660,3309
2660,4094
2660,4854
2661,4259
2662,2885
2662,3793
2662,4325
2662,4578
2663,2759
2663,3312
2663,3621
2663,4288
2663,4295
2663,4433
2664,3192
2664,3836
2664,4049
2664,4415
2664,4633
2664,4720
2665,3441
2665,4161
2666,2691
2666,2868
2666,2940
2666,3601
2666,3722
2666,3831
2666,4887
2667,2708
2667,2764
2667,2881
2667,3079
2667,4023
2667,4054
2667,4347
2667,4764
2668,2729
2668,2889
2669,2808
2669,2946
2669,3291
2669,4310
2669,4458
2670,2735
2670,3229
2670,3248
2670,3819
2670,3867
2671,3751
2671,4864
2672,3221
2672,3983
2672,4492
2672,4786
2673,3238
2673,3422
2673,3452
2673,3592
2674,3176
2674,3645
2674,4272
2674,4278
2674,4569
2675,3526
2675,4921
2676,2873
2676,2902
2676,3038
2676,3090
2676,3209
2677,2983
2677,3097
2677,3254
2677,3449
2677,4470
2677,4504
2677,4681
2677,4821
2678,3740
2678,4422
2678,4913
2678,4930
2679,2960
2679,3950
2679,4395
2680,2896
2680,3024
2680,3455
2680,3506
2680,3818
2680,4037
2680,4794
2680,4925
2681,2985
2681,3614
2682,3062
2682,3984
2683,3253
2683,3496
2684,3402
2684,3787
2684,4276
2684,4555
2684,4867
2685,2827
2685,3227
2685,3446
2685,4241
2685,4260
2686,2825
2686,4371
2687,2891
2687,3224
2687,4428
2687,4880
2688,2728
2688,3331
2688,4044
2688,4156
2688,4451
2689,3076
2689,3944
2689,3945
2689,4062
2689,4723
2689,4901
2691,2821
2691,3056
2691,3261
2691,3810
2691,3912
2691,4182
2691,4245
2691,4280
2691,4747
2692,3889
2693,2842
2693,2893
2693,3098
2693,3181
2693,3436
2693,3612
2693,3615
2693,3883
2693,4286
2693,4400
2693,4521
2693,4748
2693,4785
2693,4873
2694,3385
2694,4699
2695,3064
2695,3359
2696,3335
2696,4690
2697,2711
2697,3118
2697,3371
2697,4087
2697,4751
2698,2936
2698,3642
2698,4481
2699,3555
2699,3655
2699,3722
2699,4409
2700,2910
2700,2933
2700,2979
2700,3729
2700,4751
2701,3008
2701,3374
2701,3482
2701,4017
2702,3904
2703,3060
2703,3121
2703,4097
2704,4086
2704,4142
2705,2863
2705,3863
2705,4520
2705,4962
2706,3277
2706,3349
2706,4624
2707,2929
2707,3051
2707,3557
2707,4090
2707,4624
2708,2916
2708,3845
2708,3885
2708,4422
2709,2713
2709,3260
2709,3307
2709,3579
2709,4346
2709,4812
2712,2996
2712,4141
2712,4330
2713,3131
2713,3654
2713,3915
2714,3205
2714,3525
2714,3780
2714,4407
2715,3631
2715,4731
2716,3145
2716,4482
2716,4487
2717,2759
2717,4919
2718,3902
2718,4163
2719,3539
2719,4453
2720,3337
2720,4137
2720,4922
2721,4471
2721,4705
2722,2846
2722,2991
2722,3446
2722,4285
2722,4881
2723,2942
2723,4970
2724,3211
2724,3244
2724,3279
2724,3437
2724,4767
2724,4965
2725,2920
2725,3297
2725,3367
2725,3622
2725,3701
2725,4485
2727,4254
2727,4587
2728,3309
2728,3553
2728,4248
2728,4582
2729,3045
2729,3690
2729,4389
2730,2944
2730,4471
2730,4866
2731,2808
2731,3313
2731,4914
2732,3127
2732,3204
2732,3288
2732,3346
2732,3486
2732,4312
2733,2769
2733,3189
2733,3413
2733,3669
2734,3541
2734,4880
2734,4998
2735,2892
2735,4011
2735,4017
2735,4232
2735,4999
2736,3714
2736,4349
2736,4603
2736,4798
2737,4327
2737,4521
2738,2930
2738,3011
2738,3986
2738,4220
2739,3124
2739,3227
2740,3319
2740,3539
2740,3631
2741,2771
2741,3313
2741,3932
2741,4051
2741,4320
2742,4105
2743,4040
2743,4308
2744,2780
2744,3800
2744,3984
2744,4001
2744,4266
2744,4688
2745,4780
2746,2827
2746,3216
2746,4674
2747,3166
2747,3606
2747,3734
2747,4363
2747,4497
2747,4537
2747,4656
2748,2870
2749,3211
2749,4672
2749,4737
2749,4739
2750,3278
2750,3972
2751,3189
2751,3608
2751,4045
2751,4727
2752,4114
2753,2850
2753,3152
2753,3306
2753,3749
2753,3909
2753,3924
2754,3465
2754,3947
2754,3956
2754,4295
2754,4829
2755,3043
2755,4086
2756,2878
2756,3144
2756,3153
2756,3980
2756,4274
2756,4903
2758,2805
2758,2849
2758,2948
2758,3357
2758,3636
2758,3716
2758,4697
2759,3100
2759,3492
2759,4373
2760,4093
2760,4792
2760,4994
2761,3050
2761,3269
2761,4331
2761,4488
2761,4709
2762,3808
2762,4067
2763,3724
2764,3695
2764,4110
2764,4832
2765,3013
2765,3916
2765,4461
2765,4796
2765,4834
2766,2910
2766,2940
2766,4007
2766,4653
2766,4846
2767,2890
2767,3505
2767,3740
2767,3998
2768,2984
2768,3061
2768,4020
2768,4389
2768,4642
2768,4761
2768,4795
2769,3104
2769,3282
2769,3566
2769,3986
2769,4660
2770,4903
2771,3528
2771,4032
2771,4612
2771,4677
2772,3219
2772,3612
2773,3093
2773,3180
2773,3409
2773,3654
2773,4433
2774,3166
2775,2958
2775,3141
2775,3321
2775,3468
2775,3553
2775,4447
2776,3245
2776,3521
2776,3993
2776,4942
2777,3708
2777,4370
2778,2859
2778,2888
2778,3381
2778,4463
2778,4949
2779,3375
2779,3522
2779,4141
2779,4889
2780,3342
2781,2926
2781,3013
2781,3018
2781,3328
2781,3454
2781,3546
2781,3717
2781,3799
2781,3844
2781,4120
2781,4323
2782,3234
2782,3285
2782,4056
2783,2872
2783,3085
2783,3500
2783,3561
2784,3202
2784,3626
2784,3734
2784,4147
2784,4224
2785,2923
2785,3179
2785,3348
2785,3645
2785,3692
2785,4238
2786,2944
2786,3953
2786,3973
2787,3061
2787,4063
2788,4252
2788,4623
2789,4178
2789,4291
2789,4858
2789,4869
2790,4121
2790,4507
2791,2928
2792,2809
2792,4335
2793,3425
2793,4662
2793,4969
2794,4819
2795,4071
2795,4122
2796,3006
2796,3738
2796,4648
2797,3476
2797,4626
2797,4722
2798,2975
2798,3137
2798,3722
2798,4614
2799,3146
2799,3156
2799,4018
2800,3530
2800,3881
2800,4749
2802,3230
2802,3451
2802,3525
2802,3732
2802,4328
2803,3458
2804,4020
2804,4439
2805,2988
2805,3450
2805,3757
2805,4317
2806,3305
2806,4079
2806,4298
2806,4373
2806,4914
2807,2904
2807,3098
2807,4637
2807,4916
2808,2811
2808,4021
2808,4122
2808,4839
2810,4623
2811,2825
2811,3449
2811,3569
2811,4296
2812,3352
2812,3986
2812,4627
2812,4628
2813,3113
2813,3132
2813,3196
2813,3659
2813,3661
2814,2935
2814,3636
2814,4366
2815,3173
2815,3200
2815,3337
2815,3633
2815,3912
2815,4130
2815,4668
2815,4793
2816,2929
2816,3027
2816,3759
2818,4796
2819,3650
2819,4264
2819,4361
2820,2945
2821,4382
2821,4950
2823,2914
2823,3585
2824,3995
2824,4773
2825,2849
2825,3205
2825,3269
2826,3006
2827,3106
2827,3468
2827,3742
2829,3092
2829,3569
2829,3747
2829,4119
2830,2882
2830,2958
2830,3547
2830,4386
2830,4423
2830,4573
2830,4676
2830,4809
2831,4611
2832,2974
2832,4313
2832,4639
2833,2901
2833,2997
2833,4886
2834,2884
2834,3000
2834,3049
2834,3073
2834,3499
2834,3542
2834,3914
2834,4072
2834,4528
2835,3223
2835,3556
2835,3819
2836,2942
2836,3729
2836,4115
2836,4898
2838,3109
2838,3312
2839,3669
2840,2911
2840,4530
2840,4631
2840,4920
2841,3042
2841,3284
2841,3478
2842,3276
2842,4941
2842,4952
2843,4218
2844,3053
2844,3808
2844,4602
2844,4884
2845,3129
2845,3168
2845,3737
2845,4231
2845,4238
2845,4816
2846,3671
2848,3120
2848,3474
2848,3657
2848,4448
2848,4996
2849,2871
2849,3013
2849,3155
2849,4199
2850,3512
2850,3531
2850,4453
2851,3208
2851,3799
2851,3851
2853,2861
2854,4317
2855,4946
2856,3015
2856,3245
2857,3202
2857,3411
2857,3736
2858,4182
2858,4396
2859,4886
2860,3303
2860,4218
2860,4666
2861,3035
2861,3965
2862,3024
2862,3165
2862,3551
2862,3592
2862,3625
2862,4559
2862,4716
2862,4994
2863,3957
2863,4136
2863,4225
2863,4846
2864,3299
2864,4383
2865,3119
2865,4470
2866,3266
2866,4160
2866,4982
2867,3787
2867,4301
2868,3017
2868,3176
2868,3489
2868,3515
2868,4133
2869,3225
2869,3563
2869,3765
2869,4040
2869,4870
2870,3520
2870,4179
2871,3041
2871,4182
2872,3658
2872,3907
2872,4201
2872,4427
2873,3121
2873,3226
2873,3908
2873,4760
2873,4767
2873,4968
2875,3603
2875,3816
2875,4117
2875,4438
2875,4888
2876,3527
2876,3577
2878,2899
2878,3229
2878,4714
2879,2974
2879,3406
2879,3604
2879,4584
2880,3152
2880,4395
2881,3012
2881,4342
2882,3088
2882,3597
2883,3306
2883,3533
2883,4721
2884,3740
2884,4262
2884,4390
2885,3297
2886,3350
2886,3410
2886,4037
2886,4600
2887,3550
2887,4599
2887,4918
2887,4948
2888,4088
2888,4945
2889,3185
2889,3460
2889,4125
2889,4758
2891,3000
2891,3904
2891,4871
2891,4889
2892,3233
2892,3721
2892,4246
2892,4260
2892,4413
2893,3213
2893,3834
2893,3883
2893,4686
2893,4801
2894,3116
2894,3272
2894,3641
2894,3723
2894,4093
2894,4766
2894,4885
2895,3336
2895,3377
2895,4292
2895,4584
2896,3101
2896,3314
2896,3454
2896,4026
2896,4468
2897,3314
2897,3667
2897,3955
2898,3448
2898,3681
2898,3828
2898,4322
2899,2989
2899,3124
2899,3829
2899,3907
2900,4454
2901,3533
2901,4028
2901,4316
2901,4548
2901,4625
2901,4860
2901,4981
2902,3467
2902,4504
2902,4577
2903,3225
2903,4115
2903,4209
2904,2915
2904,3137
2904,3234
2904,3415
2904,3595
2905,3356
2906,4167
2906,4518
2906,4954
2907,4149
2907,4794
2908,3252
2908,3380
2908,3643
2908,4100
2909,4130
2909,4540
2909,4778
2910,3102
2910,3441
2910,3742
2910,3917
2910,4982
2912,3142
2912,3371
2912,3372
2912,3469
2912,3512
2912,3530
2912,3705
2913,3476
2913,3589
2913,3593
2913,3710
2914,3195
2914,3851
2914,3861
2914,4701
2915,3876
2915,4292
2915,4313
2915,4844
2916,3010
2916,3185
2916,3618
2916,3704
2916,4914
2917,4388
2918,3044
2918,3174
2918,3210
2918,3250
2918,3308
2918,3472
2918,4872
2920,4474
2920,4824
2920,4967
2921,3053
2921,3643
2921,3679
2921,4642
2921,4962
2922,3408
2923,3059
2923,3901
2923,4827
2924,3233
2924,3283
2924,3777
2924,4252
2924,4395
2924,4481
2924,4903
2925,3142
2925,3994
2925,4244
2925,4304
2925,4400
2925,4762
2926,3967
2926,4299
2926,4957
2927,3053
2927,3740
2927,4688
2928,3274
2928,4235
2928,4627
2928,4839
2929,3029
2929,4474
2929,4789
2930,3429
2931,3260
2931,3596
2931,3851
2931,4271
2931,4630
2931,4680
2932,3213
2932,3444
2932,3504
2932,3600
2932,4058
2932,4134
2932,4516
2933,3066
2933,3125
2933,4852
2934,2955
2934,3110
2934,3752
2935,3307
2935,4152
2936,3078
2937,3026
2937,3093
2937,3585
2938,3789
2938,4395
2938,4764
2939,3076
2939,3535
2939,4515
2939,4865
2939,4935
2940,3874
2940,4469
2941,3094
2941,4750
2943,3266
2943,3381
2943,3738
2943,3879
2944,4139
2944,4300
2944,4918
2945,4550
2946,3326
2946,4059
2946,4713
2947,3241
2947,3681
2947,4730
2948,4097
2948,4176
2948,4648
2948,4907
2950,3559
2950,4192
2951,3163
2951,3385
2951,3395
2951,3573
2951,4047
2951,4076
2951,4471
2952,2961
2952,3142
2952,4317
2952,4674
2952,4807
2952,4894
2953,3287
2953,3393
2954,3653
2954,4089
2954,4297
2955,3471
2955,3532
2955,3821
2956,3052
2956,3954
2956,4814
2956,4941
2958,3673
2959,3170
2959,3536
2959,3963
2960,3022
2960,3191
2960,3356
2960,3467
2960,4032
2960,4928
2960,4953
2961,3338
2961,3891
2961,4441
2962,3014
2962,3570
2962,4152
2963,3788
2963,4380
2963,4385
2963,4992
2964,4856
2965,4322
2966,3763
2966,3830
2966,4431
2967,3449
2967,3536
2967,4036
2967,4122
2968,3417
2968,3684
2968,3781
2968,3884
2968,4321
2968,4343
2968,4368
2969,2985
2969,3671
2970,3367
2970,3495
2970,3543
2970,4559
2971,3319
2971,3658
2971,4035
2971,4294
2971,4495
2972,3611
2972,4128
2972,4800
2973,2981
2973,3011
2973,3437
2973,3823
2973,4063
2973,4176
2973,4721
2974,4242
2975,3002
2975,4236
2975,4377
2976,3346
2976,3622
2976,3706
2976,4136
2976,4190
2976,4949
2977,3723
2977,4076
2977,4446
2977,4616
2978,4216
2978,4428
2979,3286
2979,3716
2979,4774
2980,4597
2981,3202
2982,3352
2983,3807
2983,4319
2984,3242
2985,3180
2985,3704
2985,4652
2985,4887
2986,3621
2986,3687
2986,4682
2987,3119
2987,3773
2987,4757
2987,4855
2988,3196
2988,3484
2988,3693
2989,3364
2989,4417
2989,4707
2989,4993
2990,2997
2990,3214
2990,3789
2990,3884
2990,4787
2991,3639
2991,3836
2992,3345
2992,3458
2992,3789
2992,3831
2992,4586
2994,3815
2994,4934
2995,4051
2995,4174
2996,3416
2996,3421
2996,3996
2996,4409
2996,4495
2997,4115
2998,3634
2998,3924
2999,3057
2999,3404
2999,3539
2999,3552
3000,3379
3000,4712
3000,4959
3001,3085
3001,3376
3001,3383
3001,3678
3002,3258
3002,3959
3002,3967
3002,4177
3002,4689
3003,4222
3003,4679
3004,3336
3004,3609
3004,4401
3004,4472
3005,3171
3005,3772
3005,4116
3005,4460
3005,4625
3006,3144
3006,3651
3006,4201
3006,4391
3007,3942
3008,3187
3008,3252
3008,3850
3008,4447
3009,3265
3010,3027
3010,3201
3010,3902
3011,3080
3011,3376
3011,3775
3011,3910
3011,4144
3011,4544
3011,4686
3011,4884
3012,3200
3012,3898
3012,3960
3012,4362
3013,3939
3013,4048
3013,4290
3014,3167
3014,3575
3014,3675
3014,3952
3015,4034
3016,3715
3017,3303
3017,4921
3017,4957
3018,3257
3018,3380
3018,3978
3019,3283
3021,3354
3021,4130
3021,4246
3022,3331
3024,3238
3024,3696
3024,3891
3024,4072
3024,4369
3024,4815
3024,4845
3025,3064
3025,3096
3025,3106
3025,4146
3025,4892
3027,3239
3027,3601
3027,3606
3027,3847
3027,4234
3027,4569
3028,3362
3029,3111
3029,3425
3029,3767
3029,3789
3029,3943
3029,4138
3029,4333
3029,4711
3029,4814
3030,3246
3030,3384
3032,4060
3032,4196
3032,4844
3033,3537
3033,4302
3033,4343
3035,3283
3035,3463
3035,4054
3035,4416
3035,4587
3036,3319
3036,3909
3036,4045
3036,4216
3036,4782
3037,4634
3037,4857
3038,3435
3038,3963
3038,4072
3038,4148
3038,4194
3038,4351
3039,3323
3039,3966
3039,4259
3040,3863
3040,4119
3040,4140
3040,4418
3040,4555
3041,3431
3042,3209
3043,4595
3043,4784
3043,4838
3044,4469
3045,4366
3046,3711
3046,4425
3047,3428
3047,3575
3048,3247
3048,3624
3049,3107
3049,3341
3049,4618
3050,4628
3051,3736
3052,3462
3052,3481
3052,4501
3052,4817
3053,3176
3053,3258
3053,3854
3054,3198
3054,4130
3054,4270
3054,4676
3054,4930
3055,3999
3055,4124
3056,3326
3056,4172
3056,4721
3057,4660
3057,4754
3057,4842
3058,3478
3058,3619
3058,3703
3058,3705
3058,4243
3058,4303
3059,3186
3059,3708
3059,3709
3059,4022
3060,3397
3060,4205
3061,3567
3061,4109
3062,3745
3062,4746
3063,3095
3063,3701
3064,3181
3064,4503
3064,4698
3065,3964
3065,4636
3065,4897
3066,3268
3066,4354
3066,4978
3067,3301
3067,3565
3067,4107
3067,4248
3067,4674
3068,3689
3068,3973
3068,4304
3068,4342
3068,4733
3068,4893
3069,3422
3069,3854
3069,4480
3069,4527
3069,4652
3070,3829
3070,3998
3070,4515
3071,3569
3071,4954
3072,4994
3073,3705
3073,4128
3073,4687
3073,4918
3075,3246
3075,3701
3076,3088
3076,3775
3076,4419
3077,3270
3077,4250
3077,4305
3078,4113
3078,4276
3078,4721
3080,4080
3080,4349
3080,4409
3080,4535
3080,4810
3082,3871
3082,4206
3082,4262
3083,3511
3083,3518
3083,3739
3083,4816
3083,4974
3083,4997
3084,3136
3084,3578
3084,3584
3084,4101
3085,3745
3085,3825
3085,4003
3085,4975
3086,3713
3087,3193
3087,4982
3088,3300
3088,3469
3088,4855
3089,3739
3089,4022
3089,4052
3089,4548
3089,4819
3090,3561
3090,4359
3090,4406
3090,4856
3091,3441
3091,3501
3091,3530
3091,4656
3092,3343
3092,3420
3092,3665
3092,3689
3092,4228
3092,4299
3092,4376
3093,3558
3093,4025
3093,4111
3093,4655
3094,3148
3094,3296
3094,3589
3094,4064
3094,4135
3094,4720
3094,4933
3095,4765
3096,3442
3096,4124
3097,3585
3097,3773
3097,4060
3097,4952
3098,3591
3098,4440
3098,4723
3099,4067
3099,4724
3099,4845
3100,3148
3100,3317
3100,3522
3100,3713
3100,4259
3100,4377
3100,4933
3101,4679
3102,3311
3102,3344
3102,4336
3103,3159
3103,4174
3103,4853
3104,3599
3104,4265
3105,4222
3106,4077
3106,4229
3107,3347
3107,3609
3107,3614
3107,4198
3107,4402
3107,4430
3107,4576
3107,4664
3107,4988
3108,3813
3109,3242
3109,3735
3109,4776
3109,4945
3110,3676
3110,4094
3111,3437
3111,4258
3112,3820
3112,4105
3112,4702
3112,4920
3112,4977
3113,4269
3114,4466
3114,4744
3114,4775
3114,4905
3115,4332
3116,4041
3117,3491
3118,4030
3118,4596
3118,4709
3119,3983
3119,4031
3120,3503
3120,4398
3120,4682
3121,3203
3121,3340
3121,4561
3121,4688
3122,4411
3122,4465
3122,4504
3123,4676
3123,4721
3123,4964
3124,3604
3125,3797
3125,4191
3125,4221
3125,4423
3125,4862
3126,3172
3126,3962
3126,4318
3127,3412
3127,3800
3128,4009
3128,4248
3128,4859
3129,3202
3131,4374
3131,4825
3132,3429
3132,3811
3132,4778
3133,3650
3133,4589
3133,4816
3135,3672
3135,3810
3135,3908
3137,4080
3138,3154
3138,4133
3138,4610
3141,3479
3141,3519
3141,4531
3142,3493
3142,3519
3142,4913
3142,4933
3143,3854
3143,4079
3143,4263
3143,4485
3144,3937
3144,4444
3146,3186
3146,3431
3147,3457
3147,4189
3147,4351
3148,3312
3148,3465
3148,3726
3149,4088
3150,4855
3151,3459
3151,4113
3151,4758
3152,3680
3152,4819
3153,3263
3153,3948
3153,4601
3155,4403
3156,3539
3156,4774
3157,3562
3157,4367
3157,4770
3158,3175
3158,4787
3159,3164
3159,3965
3159,4488
3159,4578
3160,4336
3163,3258
3164,4770
3165,3201
3165,3598
3165,4180
3165,4579
3166,3350
3166,3493
3166,3674
3166,3998
3166,4316
3166,4981
3167,4943
3168,3743
3168,4100
3168,4663
3169,3847
3169,3880
3169,4068
3169,4963
3169,4983
3170,4651
3171,3380
3171,3846
3171,4948
3172,3278
3172,4301
3172,4379
3173,4313
3174,3404
3174,3736
3175,3256
3176,4601
3177,3230
3177,4337
3177,4697
3177,4986
3179,3664
3179,3992
3179,4242
3179,4253
3180,3474
3180,4390
3181,4731
3183,3832
3183,4453
3184,3536
3184,4560
3187,3674
3187,3954
3188,4352
3189,3298
3189,3355
3189,3427
3189,4471
3190,4311
3191,4568
3191,4641
3192,4126
3192,4606
3192,4823
3193,3960
3193,4236
3194,4507
3194,4993
3195,3427
3195,3496
3196,4326
3197,4814
3198,4325
3198,4558
3199,3368
3199,4788
3200,3559
3200,3893
3200,4204
3200,4535
3201,3613
3201,3809
3203,4490
3204,3455
3204,3801
3205,4055
3206,4628
3206,4692
3206,4746
3207,3471
3207,3925
3207,4165
3207,4317
3208,4124
3208,4639
3208,4735
3209,3847
3209,3876
3210,3938
3210,3973
3210,4761
3210,4800
3211,3317
3211,3769
3211,4230
3211,4823
3212,3768
3213,3371
3213,4037
3213,4042
3213,4180
3214,3916
3215,4185
3217,3439
3217,3828
3217,3949
3217,4752
3218,3372
3218,4410
3219,3536
3219,4372
3219,4778
3219,4853
3220,3399
3220,3840
3220,4168
3220,4239
3220,4256
3220,4563
3221,3510
3222,4110
3222,4461
3222,4614
3223,3330
3223,3523
3223,4090
3223,4263
3224,3328
3224,3821
3224,3901
3224,3913
3225,4898
3226,3509
3226,3869
3227,3392
3227,3955
3227,4365
3228,3427
3228,4067
3228,4242
3228,4503
3228,4705
3228,4935
3229,3598
3229,4038
3229,4463
3230,3254
3231,3457
3231,4289
3232,3521
3232,3795
3233,3807
3233,4639
3234,3702
3234,4834
3235,3279
3235,3401
3235,3536
3235,3563
3235,3666
3235,3702
3235,3811
3235,4115
3236,3315
3236,4199
3238,4114
3238,4417
3239,4816
3241,3963
3241,4734
3242,3534
3242,3911
3242,4357
3242,4830
3242,4831
3242,4913
3243,4469
3243,4993
3244,3929
3245,3745
3246,3886
3247,3484
3247,4037
3248,4739
3249,3315
3249,4865
3250,4808
3251,3464
3252,3574
3252,3942
3252,4273
3252,4443
3253,3319
3253,4172
3253,4947
3254,3932
3256,4182
3256,4262
3256,4381
3257,4604
3258,3312
3258,3490
3258,4062
3259,3348
3259,3872
3259,4966
3260,4176
3260,4448
3261,3296
3261,3568
3261,4788
3262,3776
3262,3919
3262,4673
3262,4722
3262,4954
3263,3781
3263,4017
3263,4265
3263,4977
3264,3309
3264,4187
3265,4522
3265,4676
3265,4716
3265,4828
3265,4876
3266,3383
3266,3763
3266,4992
3267,4428
3267,4614
3268,3808
3268,4655
3268,4842
3269,3614
3269,4090
3270,3274
3270,3518
3271,3356
3271,3603
3271,3945
3271,4358
3273,3781
3275,4140
3275,4158
3275,4516
3276,4497
3277,4377
3278,4077
3278,4097
3278,4573
3279,3827
3279,4174
3280,3401
3280,3608
3280,4677
3281,4717
3282,4316
3282,4580
3283,3403
3283,4094
3284,4037
3285,3440
3285,4011
3285,4476
3285,4871
3286,3395
3286,3473
3286,3503
3286,4971
3287,4848
3289,3292
3289,4472
3289,4539
3289,4974
3290,3982
3290,4549
3290,4985
3291,3766
3291,4956
3293,3655
3293,4767
3294,3710
3294,4267
3294,4362
3294,4977
3295,3354
3295,3479
3296,3378
3296,4059
3296,4097
3296,4255
3296,4570
3297,4118
3297,4684
3297,4697
3297,4887
3298,3694
3298,3751
3298,4851
3299,3638
3299,4981
3300,3870
3301,3855
3301,4917
3303,3894
3303,4521
3304,3794
3305,3580
3305,3722
3305,4121
3305,4395
3305,4429
3305,4679
3305,4750
3307,4459
3308,4190
3308,4796
3309,3412
3309,3468
3309,4263
3309,4378
3310,3476
3310,3941
3310,4933
3312,4202
3313,3434
3313,3792
3313,4479
3315,3872
3316,3438
3316,3581
3317,3578
3317,4981
3318,3540
3318,3615
3318,4351
3318,4536
3318,4777
3318,4987
3319,3493
3319,4333
3319,4350
3319,4424
3319,4968
3320,4284
3321,4714
3322,3888
3322,3894
3322,4175
3322,4373
3322,4400
3322,4519
3322,4671
3323,3647
3324,4193
3324,4326
3325,4205
3325,4564
3326,3720
3326,4096
3328,4168
3328,4322
3328,4583
3330,4081
3331,4290
3331,4693
3332,3520
3332,4668
3332,4792
3332,4969
3333,3753
3333,3803
3333,3970
3333,4092
3334,3373
3334,4306
3336,3666
3336,4419
3337,3520
3337,3530
3337,4436
3337,4741
3338,3493
3338,3681
3338,3717
3338,4080
3338,4088
3338,4453
3338,4490
3339,3588
3339,3688
3339,4243
3339,4386
3339,4504
3340,3419
3340,3594
3340,4117
3340,4664
3340,4814
3341,3398
3341,3477
3341,3831
3341,4832
3342,3412
3342,4643
3342,4832
3343,4138
3344,3922
3344,4222
3344,4267
3345,3351
3345,3966
3345,4065
3345,4160
3345,4426
3345,4943
3346,3427
3346,3480
3347,3711
3347,3854
3347,3892
3347,3911
3347,4228
3349,4830
3350,3402
3351,4209
3351,4322
3351,4430
3352,3525
3352,4235
3352,4597
3354,4032
3354,4048
3354,4600
3355,3571
3355,3881
3355,3950
3355,4045
3355,4262
3355,4704
3355,4821
3357,3964
3358,4716
3358,4991
3359,3860
3359,4382
3359,4432
3359,4957
3360,3623
3360,4567
3361,4644
3361,4680
3362,3693
3362,4056
3363,3895
3363,4226
3363,4307
3364,3658
3366,3410
3366,3562
3366,3644
3367,4400
3367,4890
3368,4666
3368,4738
3370,3767
3370,4188
3370,4353
3370,4648
3370,4802
3371,3830
3371,4650
3372,4017
3372,4231
3372,4266
3372,4662
3373,4243
3373,4551
3373,4906
3374,4298
3375,4088
3375,4899
3376,3417
3376,3540
3376,3886
3376,4204
3377,4170
3377,4652
3378,3973
3379,4434
3379,4471
3380,3806
3380,3933
3380,4155
3381,4436
3383,3715
3385,3821
3385,3895
3386,3811
3386,3968
3386,4037
3386,4076
3386,4392
3387,3799
3387,3960
3387,4001
3387,4845
3388,4804
3389,4663
3390,3432
3390,4551
3390,4842
3391,3604
3392,3711
3392,4174
3392,4270
3393,3731
3393,3816
3393,4595
3394,3492
3395,3453
3396,4009
3396,4034
3396,4414
3397,3764
3397,4000
3398,3453
3398,3689
3398,4431
3398,4727
3399,3574
3401,3402
3401,3442
3402,3680
3402,3870
3402,4995
3403,3556
3403,3853
3403,4440
3404,3558
3404,4684
3404,4862
3406,3837
3406,4438
3407,3689
3407,3803
3407,4506
3408,3648
3408,4151
3408,4230
3408,4346
3409,3905
3409,4237
3410,4142
3410,4606
3411,3836
3411,4606
3411,4778
3412,3436
3412,4393
3412,4528
3413,3424
3413,3917
3413,3999
3413,4636
3414,4723
3415,3741
3415,4069
3416,4297
3416,4579
3416,4958
3417,4246
3417,4595
3417,4790
3417,4852
3418,4753
3419,4214
3420,4169
3421,3683
3421,3692
3421,3931
3421,4402
3421,4490
3421,4497
3422,3483
3422,3595
3422,4071
3422,4849
3423,4121
3423,4155
3423,4199
3423,4937
3424,4385
3424,4487
3424,4695
3425,3674
3425,3913
3426,3648
3426,3738
3426,4001
3427,4306
3428,4201
3428,4299
3428,4681
3428,4920
3429,3561
3430,3505
3430,4288
3432,3783
3432,4476
3434,4042
3434,4466
3435,3951
3436,3794
3436,3904
3436,4703
3437,3640
3439,4727
3440,3452
3441,4200
3441,4633
3442,3488
3442,3776
3442,3880
3442,4836
3443,3642
3443,4360
3444,3512
3444,3593
3444,3767
3445,3625
3445,4553
3446,3536
3448,3649
3449,3725
3449,4655
3450,3652
3450,4301
3451,4207
3453,4730
3454,3683
3454,3898
3454,4177
3454,4649
3456,3664
3456,4938
3457,3461
3457,4175
3457,4444
3457,4496
3457,4727
3459,4398
3459,4747
3460,3822
3460,4223
3461,3702
3462,3619
3463,3470
3463,3540
3463,3558
3463,3891
3463,4661
3464,3519
3464,4577
3465,3799
3465,3970
3465,3985
3465,4093
3465,4334
3465,4743
3465,4964
3466,4184
3467,3914
3467,4026
3467,4454
3468,4142
3469,3696
3469,3938
3470,4087
3470,4480
3470,4606
3471,3544
3471,4256
3471,4636
3471,4823
3471,4902
3472,3504
3472,4145
3472,4204
3473,3648
3473,3713
3474,3945
3474,4185
3475,4794
3476,3939
3476,4278
3476,4931
3477,3535
3477,3800
3477,3953
3477,4213
3477,4417
3478,3730
3478,4278
3478,4305
3478,4691
3479,3975
3479,4818
3480,4922
3481,4448
3482,3514
3482,4274
3482,4659
3484,3586
3484,3982
3485,3772
3485,4510
3487,3688
3487,4173
3487,4241
3487,4259
3487,4493
3487,4638
3487,4803
3488,4057
3489,3932
3489,4190
3489,4266
3490,4837
3491,3777
3491,4157
3491,4235
3491,4492
3491,4593
3492,3837
3492,4280
3492,4340
3493,4225
3494,3946
3494,4264
3494,4913
3495,4111
3496,4230
3496,4534
3496,4875
3497,3855
3497,3878
3497,4770
3498,4603
3499,4891
3502,3993
3502,4408
3502,4824
3502,4956
3502,4998
3503,3994
3503,4950
3504,3538
3504,4892
3506,3634
3507,4889
3508,4174
3508,4452
3509,4020
3510,3762
3510,4193
3510,4279
3511,4493
3511,4586
3511,4730
3511,4920
3512,3637
3512,3877
3512,4177
3512,4373
3512,4428
3512,4482
3512,4632
3513,4107
3513,4218
3513,4242
3513,4604
3516,3531
3516,4120
3516,4260
3516,4686
3517,4494
3518,3943
3518,4081
3518,4271
3519,4271
3521,4630
3522,4632
3523,3701
3523,4003
3523,4425
3524,3752
3525,3744
3525,4575
3526,3727
3526,4613
3528,4159
3529,3769
3529,4791
3530,3983
3530,4221
3530,4989
3531,4610
3531,4754
3532,3822
3532,4237
3533,3785
3533,3926
3533,4069
3533,4509
3534,4475
3535,3545
3537,4284
3538,4560
3538,4580
3539,3850
3539,3948
3540,4965
3541,4515
3543,3954
3544,4322
3545,3585
3545,4491
3546,3813
3546,3940
3546,3955
3547,3841
3547,3895
3547,4069
3548,3842
3548,4061
3548,4885
3549,4724
3550,4211
3550,4568
3550,4732
3550,4733
3550,4942
3551,4110
3551,4386
3552,4606
3553,4269
3554,3577
3554,3657
3554,3817
3554,4635
3555,3664
3556,4388
3556,4665
3557,3975
3557,4635
3557,4667
3557,4678
3558,3947
3558,4459
3559,4107
3559,4812
3560,3692
3561,4166
3562,3842
3562,4726
3563,3728
3563,4236
3563,4833
3564,4358
3564,4478
3565,3691
3565,3858
3565,4622
3566,3721
3566,4258
3566,4672
3566,4711
3566,4882
3566,4923
3567,3883
3567,4390
3569,3915
3570,3735
3570,4323
3570,4470
3570,4866
3571,3692
3571,4366
3571,4896
3572,4210
3574,3960
3574,4083
3574,4120
3574,4350
3575,4163
3575,4333
3575,4514
3576,4013
3576,4928
3577,3804
3577,4463
3577,4725
3577,4845
3577,4899
3578,4177
3578,4306
3578,4861
3579,3770
3579,4162
3580,4321
3581,4100
3581,4512
3584,3771
3584,4249
3585,4822
3587,4270
3587,4312
3587,4949
3588,3649
3588,4433
3589,4839
3589,4877
3590,3627
3590,4452
3590,4828
3590,4976
3591,4349
3593,3714
3593,4597
3596,4198
3597,3671
3598,4382
3599,3640
3599,3966
3600,4233
3600,4789
3601,3823
3601,4725
3602,3695
3602,3798
3602,4283
3603,4412
3603,4427
3604,3781
3605,3690
3605,3744
3605,4284
3605,4575
3605,4676
3605,4759
3606,4381
3606,4667
3606,4768
3607,3670
3607,4813
3608,3718
3608,4022
3608,4495
3609,3708
3609,4130
3609,4354
3610,4247
3612,3846
3613,4164
3614,3671
3614,3890
3614,4693
3614,4705
3617,3793
3619,4057
3619,4378
3619,4748
3621,4828
3622,4328
3622,4595
3623,3911
3623,4279
3624,3931
3624,4753
3625,3937
3625,4065
3625,4808
3625,4877
3626,4208
3627,3663
3630,3992
3630,4240
3630,4637
3633,4685
3634,4122
3634,4496
3635,3920
3635,4173
3635,4455
3636,4000
3636,4433
3636,4868
3637,3889
3637,4001
3637,4781
3639,3710
3639,4769
3640,3659
3640,3958
3640,4409
3641,3816
3641,4157
3643,4937
3644,3700
3644,3920
3644,4225
3644,4962
3645,4176
3645,4663
3645,4676
3646,3683
3646,4457
3646,4469
3647,4203
3649,4205
3651,3657
3651,3883
3651,4141
3652,4871
3652,4894
3655,4273
3657,4913
3659,3869
3659,4761
3660,3994
3660,4210
3660,4965
3661,4076
3661,4722
3661,4861
3662,4581
3663,3829
3663,4413
3663,4691
3663,4804
3665,4343
3666,4297
3667,4546
3668,3676
3668,3740
3668,4196
3668,4378
3668,4564
3670,3864
3671,4556
3672,4388
3673,4908
3674,3989
3674,4782
3675,3862
3675,3901
3675,4043
3675,4328
3675,4692
3676,3695
3676,4313
3676,4455
3676,4947
3677,3715
3678,4215
3678,4435
3678,4962
3679,3817
3680,4567
3681,3798
3681,4884
3682,3839
3682,3883
3682,4543
3682,4828
3683,3830
3683,3843
3683,4069
3683,4783
3685,4237
3688,4519
3688,4766
3689,3713
3689,3972
3689,4328
3690,4225
3691,3862
3691,3935
3691,4143
3694,4524
3695,4207
3695,4344
3695,4828
3695,4986
3696,4198
3696,4432
3696,4718
3697,4067
3698,4639
3700,4213
3701,3944
3701,4113
3702,4103
3704,4053
3705,4469
3706,4179
3706,4511
3707,4092
3707,4406
3708,3735
3708,3793
3708,3999
3708,4406
3709,4122
3709,4332
3709,4750
3710,4103
3710,4249
3711,4317
3711,4341
3711,4810
3712,3815
3712,4798
3714,3981
3714,4154
3714,4674
3714,4924
3715,4985
3716,4179
3717,4195
3717,4446
3717,4521
3717,4945
3718,4066
3719,4226
3720,3729
3720,3883
3721,3843
3721,4012
3721,4273
3721,4512
3722,4442
3722,4560
3722,4695
3723,3865
3724,4185
3725,4253
3725,4305
3725,4578
3726,4454
3727,3978
3728,3822
3728,4823
3729,4464
3729,4964
3730,3746
3730,4013
3731,3767
3731,4788
3732,3873
3732,4742
3734,4791
3735,4352
3735,4655
3736,4061
3736,4245
3736,4454
3737,3795
3737,3847
3737,4143
3738,3799
3739,3784
3739,4267
3739,4774
3740,3865
3740,4161
3740,4316
3740,4719
3743,4056
3744,4424
3746,3759
3746,4724
3746,4885
3746,4980
3747,4242
3747,4703
3750,4178
3750,4848
3752,4772
3752,4937
3753,4082
3753,4203
3753,4572
3755,3854
3755,3917
3755,4833
3756,3848
3756,3977
3756,4075
3759,4241
3759,4316
3761,4119
3762,4252
3763,4731
3763,4732
3765,3864
3766,4092
3767,4203
3768,4345
3770,3888
3770,4027
3771,4549
3771,4692
3772,4008
3772,4552
3772,4707
3774,4034
3774,4194
3774,4761
3776,4550
3777,4533
3777,4685
3778,4660
3778,4805
3783,3927
3783,4130
3783,4481
3783,4544
3783,4694
3783,4751
3783,4865
3784,4046
3784,4388
3785,3880
3785,3987
3785,4062
3788,3870
3788,4507
3789,4797
3790,4123
3790,4432
3793,3892
3793,4261
3794,4890
3794,4916
3797,4125
3797,4445
3798,4033
3798,4409
3799,4177
3799,4260
3799,4368
3799,4698
3800,3802
3800,4033
3800,4949
3801,4078
3801,4847
3802,4125
3803,4212
3803,4461
3803,4643
3804,4761
3804,4770
3805,4211
3805,4783
3808,3854
3808,4091
3809,3897
3809,4041
3809,4251
3810,4119
3810,4886
3810,4919
3812,4580
3812,4829
3813,4060
3813,4895
3813,4896
3814,4180
3814,4247
3815,4449
3816,3909
3816,3990
3816,4030
3816,4266
3816,4340
3816,4835
3816,4973
3817,4226
3819,4161
3821,4431
3822,3912
3822,4348
3823,3908
3824,4030
3824,4043
3824,4617
3825,3980
3826,3976
3826,4257
3826,4942
3827,4241
3829,4391
3829,4473
3830,4243
3830,4554
3830,4618
3830,4882
3832,3900
3832,4599
3833,3882
3833,4707
3834,4379
3835,3958
3836,4154
3836,4706
3836,4802
3836,4969
3837,4001
3837,4515
3837,4591
3837,4911
3838,3968
3838,4343
3840,4710
3841,4518
3842,3860
3842,4053
3843,3957
3844,4994
3845,3896
3846,4333
3847,3964
3848,4098
3850,4223
3851,4108
3852,4238
3852,4625
3853,4590
3855,4003
3855,4808
3857,3858
3857,3886
3861,4922
3862,4062
3862,4615
3862,4759
3863,3869
3863,4663
3864,4372
3866,4399
3866,4929
3867,3903
3867,4512
3870,4249
3870,4480
3871,4249
3871,4309
3872,4760
3872,4961
3873,3999
3873,4551
3874,4413
3875,4333
3877,4071
3878,4101
3878,4534
3878,4817
3879,4175
3879,4936
3880,4701
3881,4171
3881,4713
3882,4037
3882,4085
3882,4129
3883,4632
3883,4842
3884,4972
3885,4797
3887,4200
3888,4023
3888,4571
3889,4345
3891,4349
3891,4646
3892,4403
3894,4649
3895,4752
3895,4883
3897,4637
3899,4440
3899,4793
3900,4835
3903,4105
3905,4271
3905,4769
3907,4371
3907,4556
3909,4199
3911,4280
3911,4487
3911,4490
3911,4602
3912,3983
3912,4511
3912,4634
3913,4281
3913,4675
3914,4002
3917,3946
3918,4100
3921,4151
3921,4458
3921,4741
3923,3965
3926,4166
3927,4979
3930,4120
3930,4287
3930,4338
3930,4910
3931,4285
3932,3981
3934,4235
3935,4058
3936,4215
3936,4776
3939,4647
3939,4791
3940,4220
3941,4107
3944,4010
3946,4557
3948,4138
3949,4193
3950,4247
3950,4275
3950,4851
3951,4402
3951,4561
3952,4649
3953,4338
3953,4514
3954,4118
3956,4044
3957,4179
3958,4875
3959,3982
3959,4143
3959,4318
3959,4561
3959,4994
3961,4414
3963,4245
3963,4605
3964,4221
3965,4862
3966,4326
3966,4744
3967,4212
3968,4407
3968,4935
3969,4670
3969,4736
3971,4786
3971,4886
3972,4271
3972,4893
3973,4477
3974,4452
3975,4673
3976,4050
3976,4762
3983,4491
3984,4159
3987,4335
3988,3998
3988,4855
3989,3999
3991,4643
3992,4455
3993,4303
3995,4239
3996,4398
3996,4643
3996,4649
3997,4839
3998,4034
4001,4125
4001,4191
4001,4909
4002,4345
4004,4286
4004,4916
4007,4650
4009,4118
4010,4061
4010,4567
4013,4609
4014,4251
4014,4895
4016,4834
4017,4233
4017,4769
4018,4107
4018,4564
4018,4653
4019,4718
4020,4084
4022,4398
4024,4769
4027,4783
4027,4894
4030,4157
4031,4389
4033,4673
4034,4407
4035,4449
4036,4422
4037,4119
4039,4564
4040,4139
4040,4214
4040,4459
4041,4621
4042,4474
4042,4588
4043,4952
4044,4419
4050,4228
4052,4082
4052,4301
4052,4524
4054,4267
4054,4326
4056,4124
4056,4503
4059,4218
4059,4416
4060,4744
4062,4135
4063,4138
4064,4787
4064,4920
4065,4438
4065,4906
4066,4329
4068,4628
4070,4990
4072,4755
4074,4401
4075,4279
4076,4131
4077,4653
4077,4924
4079,4631
4079,4869
4082,4364
4082,4438
4084,4843
4085,4611
4085,4658
4086,4329
4087,4120
4087,4285
4087,4333
4090,4118
4090,4549
4092,4196
4092,4252
4092,4281
4092,4446
4092,4572
4095,4579
4096,4519
4097,4381
4098,4807
4099,4941
4100,4459
4100,4574
4101,4205
4102,4876
4103,4279
4104,4156
4104,4867
4104,4975
4106,4214
4106,4477
4106,4502
4107,4599
4107,4796
4107,4849
4108,4420
4109,4280
4109,4668
4110,4122
4111,4504
4111,4689
4114,4370
4119,4768
4120,4296
4121,4283
4121,4627
4122,4850
4123,4605
4124,4621
4126,4152
4127,4339
4127,4807
4129,4134
4129,4524
4130,4277
4130,4566
4131,4149
4131,4211
4131,4279
4133,4353
4133,4619
4135,4396
4135,4712
4136,4506
4139,4214
4139,4515
4142,4294
4142,4557
4143,4169
4143,4520
4144,4248
4144,4702
4148,4255
4148,4323
4148,4673
4148,4881
4148,4940
4153,4972
4154,4501
4154,4759
4154,4780
4155,4390
4155,4850
4157,4550
4158,4228
4158,4318
4161,4336
4161,4563
4161,4639
4162,4689
4164,4387
4164,4593
4164,4642
4164,4803
4165,4863
4166,4918
4167,4392
4167,4502
4168,4898
4170,4498
4170,4859
4171,4188
4171,4661
4171,4696
4172,4680
4172,4868
4174,4533
4176,4212
4176,4534
4178,4671
4179,4802
4179,4939
4181,4300
4181,4383
4181,4847
4181,4900
4182,4680
4183,4840
4184,4826
4185,4333
4189,4801
4189,4804
4191,4633
4192,4482
4194,4841
4195,4284
4195,4362
4197,4510
4197,4948
4198,4499
4199,4889
4200,4923
4200,4984
4201,4294
4202,4531
4202,4604
4202,4633
4206,4780
4207,4248
4207,4260
4209,4980
4210,4720
4211,4858
4213,4538
4213,4800
4214,4621
4219,4640
4220,4529
4227,4256
4228,4302
4229,4236
4233,4512
4235,4746
4238,4309
4238,4323
4239,4813
4240,4548
4240,4971
4243,4307
4247,4493
4249,4368
4249,4625
4251,4398
4251,4415
4251,4924
4252,4378
4253,4694
4253,4817
4253,4907
4254,4803
4256,4621
4257,4737
4257,4741
4260,4500
4260,4508
4263,4409
4263,4581
4263,4955
4265,4538
4265,4728
4265,4811
4267,4302
4268,4827
4269,4547
4270,4274
4271,4641
4271,4702
4275,4462
4275,4632
4275,4701
4276,4694
4276,4707
4278,4495
4279,4567
4281,4496
4281,4934
4282,4996
4284,4435
4284,4443
4284,4586
4287,4310
4289,4574
4292,4328
4293,4519
4294,4841
4295,4684
4297,4557
4297,4891
4297,4931
4298,4397
4298,4812
4299,4591
4299,4592
4302,4436
4305,4603
4308,4566
4310,4708
4312,4449
4314,4684
4317,4359
4317,4830
4318,4634
4320,4502
4321,4435
4321,4466
4321,4644
4322,4865
4322,4944
4326,4347
4328,4665
4331,4531
4331,4862
4333,4706
4333,4912
4338,4615
4341,4975
4343,4417
4345,4537
4345,4776
4346,4744
4347,4365
4348,4740
4349,4657
4349,4808
4350,4457
4350,4720
4351,4689
4354,4355
4357,4438
4358,4384
4362,4911
4362,4983
4364,4471
4366,4404
4366,4977
4367,4784
4368,4929
4369,4732
4370,4846
4371,4454
4372,4651
4373,4570
4374,4746
4375,4786
4378,4736
4382,4525
4383,4919
4385,4833
4386,4493
4386,4712
4387,4675
4387,4704
4388,4442
4389,4544
4395,4463
4395,4814
4397,4956
4398,4464
4398,4641
4398,4654
4399,4667
4399,4867
4400,4505
4402,4566
4403,4779
4403,4972
4404,4503
4404,4935
4406,4638
4406,4944
4409,4728
4409,4889
4409,4911
4413,4560
4416,4610
4421,4593
4421,4913
4422,4731
4430,4738
4431,4792
4431,4859
4433,4676
4437,4525
4437,4889
4440,4548
4441,4935
4444,4462
4444,4807
4445,4613
4448,4586
4448,4702
4448,4826
4450,4966
4451,4519
4451,4722
4452,4781
4452,4956
4458,4605
4459,4504
4459,4737
4460,4545
4460,4718
4461,4677
4462,4521
4462,4614
4465,4514
4466,4939
4467,4588
4468,4734
4469,4909
4473,4965
4474,4510
4474,4641
4475,4499
4477,4669
4477,4972
4478,4558
4478,4752
4480,4551
4481,4863
4483,4527
4484,4502
4484,4510
4485,4965
4490,4728
4490,4908
4499,4949
4500,4773
4500,4880
4502,4991
4508,4991
4513,4671
4518,4707
4521,4552
4522,4590
4522,4872
4523,4851
4528,4901
4532,4539
4532,4960
4535,4656
4536,4880
4536,4896
4537,4715
4538,4967
4539,4624
4539,4710
4539,4915
4540,4830
4540,4842
4548,4570
4552,4779
4555,4665
4559,4923
4561,4945
4564,4652
4565,4755
4565,4986
4568,4603
4568,4851
4573,4764
4574,4738
4575,4684
4575,4825
4575,4924
4575,4981
4576,4695
4577,4996
4581,4956
4583,4695
4584,4895
4584,4991
4586,4899
4589,4706
4590,4617
4591,4807
4594,4760
4595,4749
4598,4673
4601,4861
4605,4839
4605,4935
4606,4691
4606,4925
4606,4950
4607,4785
4609,4833
4614,4970
4614,4986
4616,4640
4617,4932
4621,4718
4623,4822
4624,4936
4627,4717
4628,4713
4629,4775
4633,4652
4634,4803
4636,4978
4637,4997
4638,4817
4639,4734
4639,4971
4640,4811
4641,4880
4642,4938
4643,4960
4651,4662
4656,4901
4659,4998
4662,4936
4663,4746
4664,4778
4665,4992
4668,4992
4669,4824
4671,4783
4674,4983
4676,4938
4680,4877
4681,4705
4681,4879
4681,4966
4683,4987
4686,4721
4687,4856
4692,4948
4696,4785
4701,4918
4705,4884
4706,4711
4712,4792
4715,4982
4717,4919
4719,4840
4723,4789
4726,4850
4739,4867
4743,4907
4746,4817
4747,4806
4752,4981
4755,4925
4756,4950
4766,4965
4773,4866
4776,4874
4776,4902
4778,4890
4779,4908
4781,4831
4782,4848
4794,4846
4796,4941
4803,4872
4803,4977
4808,4882
4814,4860
4816,4900
4817,4868
4821,4899
4825,4892
4830,4962
4831,4914
4832,4922
4836,4844
4838,4966
4841,4950
4853,4869
4856,4997
4860,4917
4866,4961
4876,4983
4922,4988
4923,4971
4932,4935
4935,4943
