src,dst
0,1
0,2
0,3
0,4
0,5
0,6
0,7
0,8
0,9
0,10
0,11
0,12
0,13
0,14
0,15
0,16
0,17
0,18
0,20
0,21
0,22
0,23
0,24
0,25
0,32
0,34
0,35
0,38
0,39
0,41
0,42
0,46
0,47
0,48
0,50
0,51
0,54
0,56
0,59
0,61
0,62
0,71
0,72
0,74
0,80
0,82
0,84
0,88
0,94
0,99
0,103
0,110
0,115
0,125
0,127
0,128
0,130
0,131
0,144
0,156
0,159
0,166
0,171
0,181
0,183
0,204
0,210
0,218
0,225
0,228
0,231
0,235
0,243
0,245
0,247
0,251
0,259
0,260
0,273
0,298
0,316
0,338
0,343
0,389
0,391
0,398
0,400
0,411
0,422
0,426
0,429
0,432
0,436
0,440
0,456
0,470
0,486
0,493
0,517
0,519
0,523
0,537
0,541
0,542
0,562
0,563
0,564
0,568
0,570
0,571
0,581
0,590
0,606
0,613
0,614
0,617
0,623
0,630
0,631
0,636
0,649
0,656
0,660
0,669
0,670
0,681
0,695
0,703
0,711
0,719
0,733
0,738
0,741
0,750
0,773
0,776
0,781
0,793
0,798
0,808
0,812
0,861
0,912
0,928
0,946
0,956
0,958
0,962
0,963
0,966
0,984
0,985
0,996
0,1009
0,1026
0,1029
0,1031
0,1044
0,1050
0,1063
0,1064
0,1075
0,1101
0,1122
0,1132
0,1135
0,1149
0,1157
0,1175
0,1187
0,1206
0,1231
0,1257
0,1263
0,1268
0,1273
0,1284
0,1305
0,1386
0,1399
0,1404
0,1436
0,1456
0,1478
0,1486
0,1487
0,1504
0,1557
0,1572
0,1580
0,1587
0,1593
0,1602
0,1655
0,1689
0,1722
0,1752
0,1767
0,1775
0,1790
0,1792
0,1812
0,1818
0,1833
0,1834
0,1840
0,1920
0,1947
0,1954
0,1958
0,1983
0,1990
0,1995
0,2007
0,2011
0,2021
0,2043
0,2064
0,2089
0,2134
0,2149
0,2185
0,2196
0,2198
0,2242
0,2270
0,2365
0,2378
0,2400
0,2408
0,2423
0,2440
0,2442
0,2454
0,2478
0,2517
0,2530
0,2534
0,2559
0,2560
0,2598
0,2645
0,2647
0,2666
0,2667
0,2691
0,2698
0,2718
0,2725
0,2726
0,2729
0,2754
0,2757
0,2764
0,2784
0,2813
0,2830
0,2844
0,2881
0,2883
0,2892
0,2909
0,2932
0,2987
0,3002
0,3017
0,3037
0,3045
0,3058
0,3066
0,3068
0,3116
0,3138
0,3196
0,3236
0,3280
0,3336
0,3338
0,3364
0,3367
0,3435
0,3459
0,3475
0,3516
0,3523
0,3611
0,3627
0,3649
0,3694
0,3707
0,3719
0,3742
0,3752
0,3774
0,3836
0,3890
0,3893
0,3929
0,3936
0,3946
0,3955
0,3967
0,3972
0,4027
0,4089
0,4152
0,4202
0,4211
0,4220
0,4229
0,4270
0,4317
0,4362
0,4363
0,4397
0,4398
0,4457
0,4478
0,4507
0,4556
0,4613
0,4623
0,4642
0,4648
0,4708
0,4722
0,4739
0,4836
0,4880
0,4897
0,4931
0,4935
0,4941
0,4988
1,11
1,12
1,13
1,14
1,15
1,16
1,18
1,20
1,24
1,26
1,27
1,28
1,32
1,33
1,34
1,35
1,38
1,39
1,43
1,44
1,45
1,48
1,58
1,68
1,71
1,73
1,89
1,97
1,113
1,124
1,126
1,138
1,139
1,142
1,180
1,184
1,187
1,195
1,216
1,232
1,249
1,257
1,270
1,286
1,291
1,299
1,323
1,326
1,327
1,332
1,404
1,406
1,410
1,418
1,419
1,488
1,490
1,509
1,603
1,651
1,655
1,658
1,663
1,672
1,680
1,719
1,759
1,778
1,798
1,824
1,862
1,981
1,993
1,1064
1,1189
1,1193
1,1213
1,1221
1,1243
1,1255
1,1256
1,1262
1,1264
1,1288
1,1359
1,1373
1,1495
1,1513
1,1543
1,1551
1,1561
1,1645
1,1670
1,1714
1,1766
1,1789
1,1825
1,1831
1,1849
1,1861
1,1895
1,1909
1,1942
1,1962
1,1978
1,1993
1,2001
1,2007
1,2117
1,2314
1,2316
1,2326
1,2345
1,2347
1,2402
1,2408
1,2421
1,2512
1,2653
1,2759
1,2782
1,2855
1,2881
1,3045
1,3063
1,3165
1,3184
1,3231
1,3233
1,3266
1,3364
1,3375
1,3387
1,3417
1,3431
1,3541
1,3543
1,3611
1,3682
1,3695
1,3739
1,3745
1,3747
1,3878
1,3913
1,4006
1,4030
1,4125
1,4203
1,4216
1,4257
1,4322
1,4487
1,4542
1,4571
1,4589
1,4710
1,4731
1,4743
1,4847
1,4988
1,4993
2,11
2,12
2,13
2,14
2,15
2,16
2,17
2,18
2,19
2,21
2,23
2,24
2,27
2,29
2,30
2,31
2,32
2,37
2,41
2,43
2,46
2,50
2,53
2,55
2,56
2,60
2,70
2,72
2,75
2,83
2,93
2,96
2,104
2,117
2,122
2,124
2,132
2,133
2,138
2,150
2,161
2,168
2,170
2,182
2,194
2,196
2,205
2,216
2,220
2,221
2,226
2,230
2,254
2,280
2,287
2,290
2,302
2,309
2,314
2,324
2,330
2,334
2,335
2,349
2,395
2,401
2,403
2,406
2,434
2,460
2,474
2,483
2,508
2,509
2,513
2,542
2,558
2,621
2,636
2,637
2,638
2,643
2,678
2,692
2,728
2,740
2,783
2,799
2,817
2,818
2,823
2,851
2,857
2,886
2,913
2,916
2,933
2,936
2,956
2,982
2,989
2,1006
2,1017
2,1019
2,1039
2,1068
2,1090
2,1120
2,1121
2,1157
2,1188
2,1204
2,1209
2,1223
2,1242
2,1253
2,1300
2,1338
2,1342
2,1513
2,1516
2,1523
2,1525
2,1558
2,1587
2,1613
2,1657
2,1676
2,1699
2,1764
2,1801
2,1830
2,1866
2,1899
2,1906
2,1921
2,1961
2,1996
2,2062
2,2065
2,2099
2,2131
2,2141
2,2156
2,2194
2,2222
2,2247
2,2264
2,2273
2,2308
2,2320
2,2350
2,2416
2,2428
2,2485
2,2497
2,2547
2,2570
2,2571
2,2575
2,2579
2,2597
2,2598
2,2610
2,2635
2,2646
2,2656
2,2664
2,2683
2,2728
2,2729
2,2812
2,2817
2,2897
2,2922
2,2938
2,2942
2,2961
2,3018
2,3031
2,3051
2,3092
2,3120
2,3122
2,3124
2,3157
2,3190
2,3192
2,3270
2,3289
2,3351
2,3415
2,3430
2,3447
2,3463
2,3490
2,3506
2,3513
2,3558
2,3571
2,3680
2,3715
2,3720
2,3779
2,3820
2,3831
2,3849
2,3886
2,3916
2,3952
2,4012
2,4039
2,4061
2,4074
2,4089
2,4100
2,4191
2,4217
2,4257
2,4277
2,4303
2,4316
2,4332
2,4368
2,4391
2,4397
2,4409
2,4449
2,4587
2,4601
2,4630
2,4646
2,4668
2,4677
2,4685
2,4736
2,4829
2,4842
2,4908
2,4911
2,4914
2,4917
2,4963
2,4995
3,11
3,12
3,16
3,28
3,35
3,36
3,57
3,119
3,157
3,188
3,236
3,274
3,282
3,291
3,396
3,584
3,652
3,683
3,756
3,781
3,1005
3,1309
3,1642
3,1781
3,1869
3,1871
3,1948
3,2102
3,2455
3,2547
3,2717
3,2759
3,2768
3,3052
3,3144
3,3622
3,3834
3,3885
3,4076
3,4179
3,4352
3,4449
3,4487
3,4799
3,4852
3,4931
4,11
4,12
4,23
4,31
4,33
4,39
4,102
4,110
4,114
4,187
4,288
4,306
4,315
4,335
4,347
4,354
4,365
4,378
4,388
4,413
4,438
4,453
4,564
4,608
4,614
4,658
4,672
4,687
4,688
4,771
4,833
4,890
4,906
4,941
4,999
4,1136
4,1179
4,1198
4,1271
4,1325
4,1327
4,1357
4,1437
4,1474
4,1497
4,1525
4,1595
4,1692
4,1713
4,1820
4,1878
4,1907
4,1916
4,1928
4,2002
4,2013
4,2040
4,2169
4,2361
4,2475
4,2601
4,2663
4,2764
4,2828
4,2994
4,3005
4,3080
4,3112
4,3393
4,3425
4,3469
4,3575
4,3606
4,3609
4,3664
4,3685
4,3768
4,3892
4,3904
4,3992
4,4096
4,4140
4,4206
4,4212
4,4274
4,4345
4,4370
4,4663
4,4684
4,4766
4,4862
4,4950
5,11
5,12
5,13
5,14
5,15
5,17
5,18
5,19
5,20
5,21
5,23
5,24
5,27
5,28
5,30
5,32
5,33
5,35
5,40
5,43
5,47
5,51
5,52
5,58
5,71
5,74
5,88
5,92
5,93
5,104
5,106
5,110
5,121
5,135
5,157
5,166
5,173
5,180
5,185
5,189
5,190
5,208
5,212
5,240
5,245
5,253
5,255
5,279
5,289
5,290
5,294
5,295
5,298
5,309
5,335
5,347
5,374
5,377
5,402
5,409
5,415
5,421
5,440
5,443
5,452
5,465
5,474
5,504
5,520
5,532
5,575
5,584
5,594
5,604
5,616
5,618
5,626
5,629
5,633
5,646
5,705
5,757
5,805
5,809
5,876
5,890
5,896
5,972
5,973
5,975
5,977
5,980
5,986
5,990
5,1017
5,1021
5,1026
5,1147
5,1151
5,1154
5,1194
5,1205
5,1244
5,1256
5,1289
5,1301
5,1321
5,1336
5,1338
5,1445
5,1476
5,1494
5,1499
5,1506
5,1571
5,1573
5,1604
5,1649
5,1686
5,1687
5,1689
5,1747
5,1771
5,1788
5,1790
5,1806
5,1943
5,1952
5,1984
5,1986
5,2009
5,2016
5,2071
5,2076
5,2078
5,2079
5,2114
5,2168
5,2215
5,2226
5,2240
5,2246
5,2273
5,2364
5,2370
5,2494
5,2497
5,2513
5,2527
5,2549
5,2611
5,2632
5,2788
5,2792
5,2813
5,2876
5,3064
5,3109
5,3158
5,3186
5,3242
5,3267
5,3272
5,3369
5,3404
5,3446
5,3468
5,3475
5,3485
5,3508
5,3566
5,3663
5,3664
5,3726
5,3756
5,3759
5,3771
5,3814
5,3830
5,3848
5,3870
5,3948
5,3953
5,3957
5,4010
5,4039
5,4058
5,4087
5,4413
5,4448
5,4466
5,4521
5,4535
5,4712
5,4781
5,4793
5,4865
5,4874
5,4898
5,4937
6,11
6,12
6,13
6,14
6,15
6,16
6,17
6,19
6,20
6,21
6,22
6,23
6,27
6,31
6,36
6,40
6,56
6,59
6,64
6,67
6,69
6,70
6,74
6,76
6,89
6,102
6,104
6,105
6,111
6,122
6,125
6,129
6,131
6,133
6,149
6,157
6,158
6,163
6,177
6,180
6,186
6,216
6,256
6,265
6,284
6,287
6,309
6,311
6,331
6,341
6,349
6,386
6,404
6,414
6,444
6,475
6,484
6,527
6,549
6,615
6,623
6,624
6,632
6,657
6,673
6,699
6,701
6,750
6,755
6,759
6,775
6,776
6,807
6,817
6,870
6,881
6,889
6,890
6,929
6,949
6,955
6,963
6,1055
6,1065
6,1074
6,1111
6,1125
6,1130
6,1163
6,1167
6,1181
6,1235
6,1305
6,1308
6,1311
6,1327
6,1346
6,1375
6,1412
6,1418
6,1444
6,1446
6,1480
6,1589
6,1677
6,1728
6,1758
6,1767
6,1823
6,1824
6,1837
6,1851
6,1911
6,2008
6,2040
6,2044
6,2052
6,2079
6,2174
6,2201
6,2293
6,2317
6,2326
6,2333
6,2369
6,2472
6,2536
6,2561
6,2603
6,2633
6,2643
6,2721
6,2754
6,2872
6,2884
6,2908
6,2953
6,2979
6,3027
6,3044
6,3061
6,3091
6,3098
6,3165
6,3184
6,3194
6,3199
6,3237
6,3374
6,3423
6,3507
6,3526
6,3631
6,3713
6,3791
6,3798
6,3836
6,3918
6,3961
6,4033
6,4042
6,4226
6,4230
6,4392
6,4460
6,4468
6,4512
6,4527
6,4635
6,4719
6,4725
6,4774
6,4775
6,4835
6,4858
6,4882
6,4885
6,4929
6,4936
7,12
7,13
7,16
7,17
7,19
7,23
7,32
7,36
7,38
7,41
7,50
7,67
7,69
7,77
7,101
7,113
7,120
7,136
7,148
7,152
7,153
7,164
7,187
7,192
7,253
7,256
7,314
7,403
7,432
7,482
7,505
7,522
7,651
7,654
7,667
7,682
7,708
7,763
7,768
7,813
7,826
7,835
7,913
7,932
7,998
7,1059
7,1074
7,1094
7,1138
7,1157
7,1244
7,1314
7,1376
7,1478
7,1605
7,1606
7,1811
7,2023
7,2327
7,2372
7,2395
7,2700
7,2836
7,2929
7,2932
7,2986
7,3166
7,3217
7,3280
7,3416
7,3482
7,3503
7,3811
7,3815
7,3839
7,3882
7,3956
7,3978
7,4094
7,4279
7,4284
7,4287
7,4390
7,4403
7,4468
7,4581
7,4620
7,4658
7,4700
7,4848
7,4942
8,11
8,13
8,14
8,15
8,18
8,26
8,27
8,28
8,33
8,35
8,38
8,43
8,47
8,48
8,53
8,55
8,58
8,60
8,61
8,66
8,72
8,74
8,77
8,80
8,89
8,125
8,136
8,138
8,142
8,146
8,150
8,155
8,164
8,168
8,195
8,204
8,206
8,212
8,213
8,214
8,215
8,220
8,225
8,230
8,239
8,244
8,257
8,269
8,296
8,299
8,303
8,304
8,307
8,319
8,332
8,347
8,370
8,386
8,390
8,430
8,435
8,464
8,501
8,533
8,623
8,654
8,678
8,684
8,704
8,734
8,761
8,773
8,798
8,828
8,838
8,885
8,909
8,930
8,967
8,975
8,986
8,992
8,1001
8,1012
8,1060
8,1088
8,1099
8,1141
8,1161
8,1188
8,1269
8,1279
8,1383
8,1489
8,1605
8,1680
8,1792
8,1812
8,1872
8,1878
8,1889
8,1943
8,1946
8,1980
8,2010
8,2038
8,2125
8,2170
8,2224
8,2294
8,2359
8,2362
8,2376
8,2469
8,2621
8,2659
8,2698
8,2793
8,2829
8,2866
8,2868
8,2874
8,2955
8,2971
8,3081
8,3118
8,3133
8,3147
8,3160
8,3165
8,3225
8,3284
8,3299
8,3308
8,3318
8,3326
8,3373
8,3435
8,3452
8,3554
8,3582
8,3643
8,3666
8,3705
8,3737
8,3786
8,3808
8,3849
8,3907
8,4048
8,4168
8,4190
8,4213
8,4280
8,4314
8,4374
8,4479
8,4501
8,4534
8,4621
8,4669
8,4713
8,4768
8,4769
8,4806
8,4873
8,4933
8,4959
8,4961
9,11
9,12
9,13
9,14
9,15
9,18
9,19
9,21
9,25
9,28
9,29
9,30
9,32
9,34
9,37
9,42
9,44
9,53
9,59
9,63
9,66
9,73
9,77
9,79
9,81
9,87
9,111
9,120
9,123
9,129
9,145
9,170
9,171
9,174
9,177
9,184
9,191
9,199
9,210
9,213
9,221
9,230
9,232
9,234
9,236
9,238
9,240
9,261
9,265
9,271
9,283
9,293
9,326
9,331
9,366
9,367
9,392
9,394
9,395
9,396
9,400
9,403
9,414
9,419
9,426
9,436
9,440
9,448
9,456
9,470
9,476
9,482
9,494
9,504
9,516
9,526
9,529
9,546
9,564
9,625
9,627
9,638
9,656
9,658
9,667
9,674
9,679
9,696
9,702
9,708
9,713
9,740
9,757
9,768
9,790
9,817
9,837
9,841
9,855
9,871
9,904
9,912
9,944
9,1023
9,1027
9,1040
9,1043
9,1044
9,1055
9,1058
9,1078
9,1106
9,1107
9,1117
9,1120
9,1139
9,1140
9,1150
9,1163
9,1200
9,1205
9,1221
9,1225
9,1230
9,1240
9,1241
9,1248
9,1270
9,1277
9,1294
9,1303
9,1339
9,1344
9,1345
9,1349
9,1350
9,1371
9,1374
9,1378
9,1393
9,1407
9,1411
9,1424
9,1442
9,1464
9,1497
9,1502
9,1528
9,1560
9,1569
9,1615
9,1618
9,1627
9,1630
9,1637
9,1648
9,1678
9,1735
9,1750
9,1753
9,1801
9,1820
9,1885
9,1891
9,1902
9,1927
9,2002
9,2050
9,2077
9,2084
9,2089
9,2123
9,2140
9,2148
9,2212
9,2234
9,2302
9,2420
9,2434
9,2504
9,2515
9,2527
9,2537
9,2584
9,2593
9,2627
9,2690
9,2706
9,2724
9,2741
9,2792
9,2809
9,2819
9,2824
9,2878
9,2894
9,2911
9,2925
9,2989
9,3050
9,3080
9,3151
9,3152
9,3164
9,3178
9,3227
9,3256
9,3265
9,3276
9,3279
9,3290
9,3291
9,3299
9,3340
9,3347
9,3395
9,3396
9,3417
9,3442
9,3469
9,3480
9,3494
9,3595
9,3645
9,3679
9,3725
9,3741
9,3756
9,3903
9,3923
9,3957
9,4055
9,4065
9,4114
9,4118
9,4159
9,4198
9,4222
9,4248
9,4330
9,4379
9,4416
9,4431
9,4439
9,4446
9,4466
9,4497
9,4560
9,4593
9,4631
9,4743
9,4755
9,4773
9,4806
9,4843
9,4856
9,4899
9,4907
9,4912
9,4913
9,4951
10,11
10,24
10,25
10,61
10,71
10,138
10,191
10,200
10,205
10,233
10,243
10,293
10,299
10,304
10,333
10,378
10,423
10,500
10,547
10,562
10,592
10,703
10,977
10,1069
10,1181
10,1342
10,1557
10,1776
10,1975
10,2077
10,2367
10,2430
10,2546
10,2827
10,2833
10,2876
10,2907
10,3099
10,3314
10,3393
10,3620
10,3685
10,4140
10,4858
11,12
11,13
11,14
11,15
11,16
11,17
11,18
11,20
11,21
11,22
11,23
11,24
11,25
11,28
11,29
11,31
11,34
11,35
11,38
11,39
11,42
11,44
11,47
11,50
11,51
11,52
11,55
11,58
11,60
11,73
11,75
11,76
11,78
11,81
11,86
11,87
11,92
11,98
11,99
11,109
11,111
11,112
11,119
11,129
11,134
11,136
11,140
11,144
11,145
11,147
11,150
11,153
11,155
11,158
11,174
11,176
11,179
11,181
11,184
11,188
11,192
11,194
11,198
11,202
11,203
11,204
11,206
11,218
11,225
11,248
11,253
11,254
11,258
11,261
11,263
11,268
11,278
11,284
11,285
11,288
11,290
11,291
11,300
11,309
11,322
11,335
11,340
11,348
11,352
11,362
11,365
11,369
11,384
11,429
11,437
11,439
11,473
11,474
11,479
11,488
11,500
11,503
11,505
11,529
11,533
11,540
11,546
11,548
11,550
11,559
11,562
11,571
11,577
11,604
11,606
11,610
11,616
11,625
11,646
11,660
11,679
11,707
11,722
11,724
11,732
11,733
11,734
11,743
11,747
11,749
11,771
11,779
11,783
11,817
11,825
11,851
11,897
11,905
11,949
11,950
11,969
11,971
11,986
11,989
11,999
11,1029
11,1032
11,1034
11,1053
11,1066
11,1074
11,1100
11,1154
11,1155
11,1164
11,1177
11,1185
11,1192
11,1195
11,1206
11,1281
11,1290
11,1311
11,1371
11,1391
11,1416
11,1420
11,1441
11,1444
11,1462
11,1464
11,1473
11,1527
11,1574
11,1604
11,1608
11,1664
11,1668
11,1682
11,1718
11,1720
11,1749
11,1752
11,1794
11,1802
11,1824
11,1853
11,1866
11,1886
11,1920
11,1924
11,1995
11,1998
11,1999
11,2000
11,2028
11,2035
11,2072
11,2106
11,2122
11,2147
11,2151
11,2154
11,2155
11,2158
11,2206
11,2229
11,2342
11,2350
11,2355
11,2358
11,2368
11,2373
11,2382
11,2424
11,2460
11,2518
11,2526
11,2541
11,2555
11,2629
11,2654
11,2658
11,2678
11,2680
11,2681
11,2689
11,2697
11,2701
11,2749
11,2755
11,2792
11,2800
11,2807
11,2808
11,2821
11,2828
11,2850
11,2914
11,2924
11,2926
11,2934
11,2939
11,2959
11,2960
11,2986
11,3011
11,3024
11,3039
11,3065
11,3093
11,3102
11,3110
11,3137
11,3141
11,3168
11,3192
11,3215
11,3231
11,3234
11,3248
11,3355
11,3356
11,3371
11,3372
11,3394
11,3415
11,3418
11,3432
11,3434
11,3458
11,3523
11,3525
11,3536
11,3547
11,3586
11,3600
11,3680
11,3684
11,3725
11,3728
11,3733
11,3773
11,3778
11,3780
11,3803
11,3846
11,3871
11,3895
11,3912
11,3922
11,3944
11,3980
11,3981
11,4020
11,4077
11,4095
11,4141
11,4191
11,4216
11,4329
11,4404
11,4406
11,4423
11,4477
11,4488
11,4499
11,4515
11,4561
11,4588
11,4595
11,4609
11,4638
11,4655
11,4659
11,4691
11,4697
11,4704
11,4729
11,4830
11,4856
11,4883
11,4902
11,4917
11,4937
11,4987
12,13
12,14
12,15
12,17
12,18
12,22
12,24
12,25
12,26
12,27
12,29
12,31
12,33
12,34
12,38
12,39
12,41
12,42
12,45
12,47
12,53
12,57
12,65
12,66
12,67
12,71
12,74
12,75
12,79
12,80
12,83
12,89
12,90
12,91
12,92
12,93
12,95
12,96
12,101
12,107
12,108
12,109
12,111
12,117
12,119
12,123
12,127
12,152
12,154
12,168
12,169
12,173
12,202
12,212
12,224
12,232
12,239
12,253
12,255
12,261
12,284
12,290
12,292
12,303
12,339
12,341
12,342
12,348
12,350
12,362
12,364
12,368
12,374
12,378
12,381
12,394
12,409
12,440
12,460
12,463
12,467
12,485
12,497
12,499
12,500
12,525
12,561
12,616
12,625
12,630
12,665
12,683
12,685
12,697
12,706
12,713
12,744
12,751
12,772
12,784
12,793
12,810
12,846
12,852
12,862
12,871
12,900
12,924
12,926
12,933
12,940
12,980
12,988
12,997
12,998
12,1006
12,1022
12,1024
12,1035
12,1044
12,1049
12,1061
12,1112
12,1140
12,1189
12,1196
12,1202
12,1219
12,1266
12,1292
12,1317
12,1329
12,1359
12,1384
12,1417
12,1418
12,1433
12,1447
12,1516
12,1550
12,1559
12,1639
12,1649
12,1669
12,1670
12,1723
12,1731
12,1771
12,1807
12,1824
12,1870
12,1875
12,1979
12,2009
12,2013
12,2018
12,2030
12,2086
12,2089
12,2183
12,2188
12,2222
12,2239
12,2248
12,2264
12,2278
12,2321
12,2335
12,2368
12,2403
12,2407
12,2426
12,2432
12,2449
12,2457
12,2462
12,2466
12,2545
12,2553
12,2628
12,2667
12,2733
12,2772
12,2774
12,2904
12,2928
12,2931
12,2953
12,2958
12,2975
12,2983
12,3020
12,3063
12,3107
12,3109
12,3160
12,3166
12,3170
12,3214
12,3217
12,3246
12,3264
12,3279
12,3286
12,3293
12,3305
12,3394
12,3405
12,3421
12,3440
12,3446
12,3456
12,3493
12,3575
12,3576
12,3608
12,3621
12,3660
12,3686
12,3698
12,3699
12,3712
12,3739
12,3749
12,3777
12,3815
12,3819
12,3840
12,3850
12,3957
12,3970
12,3972
12,3993
12,4072
12,4078
12,4097
12,4105
12,4115
12,4126
12,4153
12,4156
12,4195
12,4290
12,4336
12,4365
12,4387
12,4435
12,4440
12,4485
12,4523
12,4526
12,4540
12,4542
12,4570
12,4586
12,4604
12,4626
12,4699
12,4752
12,4758
12,4781
12,4791
12,4803
12,4822
12,4842
12,4856
12,4950
12,4980
13,14
13,15
13,16
13,17
13,20
13,21
13,22
13,26
13,28
13,29
13,30
13,32
13,34
13,35
13,38
13,40
13,53
13,62
13,63
13,72
13,77
13,79
13,82
13,86
13,89
13,91
13,97
13,107
13,112
13,124
13,129
13,136
13,141
13,161
13,170
13,178
13,195
13,207
13,225
13,228
13,233
13,234
13,238
13,260
13,265
13,272
13,277
13,281
13,283
13,294
13,324
13,334
13,341
13,355
13,359
13,361
13,365
13,372
13,383
13,402
13,430
13,480
13,489
13,510
13,560
13,607
13,630
13,637
13,641
13,658
13,662
13,665
13,674
13,687
13,706
13,716
13,717
13,723
13,741
13,756
13,757
13,770
13,804
13,808
13,827
13,834
13,836
13,859
13,879
13,880
13,896
13,922
13,925
13,954
13,992
13,994
13,1006
13,1033
13,1051
13,1061
13,1077
13,1113
13,1122
13,1189
13,1204
13,1232
13,1247
13,1250
13,1296
13,1391
13,1395
13,1446
13,1464
13,1467
13,1481
13,1486
13,1510
13,1584
13,1587
13,1605
13,1613
13,1654
13,1660
13,1694
13,1723
13,1773
13,1809
13,1890
13,1912
13,2022
13,2044
13,2066
13,2078
13,2096
13,2098
13,2115
13,2190
13,2192
13,2212
13,2246
13,2290
13,2348
13,2376
13,2388
13,2400
13,2501
13,2557
13,2605
13,2660
13,2738
13,2836
13,2847
13,2929
13,2962
13,2970
13,3104
13,3190
13,3194
13,3213
13,3315
13,3320
13,3451
13,3479
13,3496
13,3502
13,3532
13,3573
13,3584
13,3592
13,3648
13,3668
13,3727
13,3737
13,3827
13,3852
13,3976
13,4046
13,4049
13,4084
13,4108
13,4143
13,4206
13,4261
13,4290
13,4375
13,4381
13,4436
13,4461
13,4471
13,4516
13,4676
13,4700
13,4718
13,4735
13,4746
13,4790
13,4827
13,4890
13,4928
13,4935
13,4962
13,4998
14,16
14,19
14,22
14,24
14,25
14,31
14,34
14,37
14,38
14,39
14,42
14,45
14,46
14,48
14,49
14,53
14,54
14,61
14,67
14,74
14,75
14,78
14,79
14,82
14,83
14,84
14,89
14,99
14,101
14,110
14,123
14,132
14,139
14,143
14,148
14,156
14,167
14,171
14,183
14,191
14,193
14,198
14,199
14,201
14,210
14,211
14,221
14,224
14,225
14,230
14,248
14,264
14,268
14,276
14,277
14,317
14,327
14,334
14,344
14,362
14,379
14,384
14,389
14,402
14,412
14,414
14,418
14,430
14,440
14,450
14,451
14,457
14,470
14,542
14,551
14,573
14,578
14,579
14,602
14,630
14,631
14,636
14,642
14,645
14,651
14,652
14,724
14,799
14,828
14,850
14,866
14,872
14,887
14,891
14,909
14,930
14,934
14,983
14,992
14,1028
14,1048
14,1070
14,1086
14,1101
14,1116
14,1127
14,1129
14,1141
14,1180
14,1211
14,1214
14,1215
14,1234
14,1253
14,1254
14,1256
14,1263
14,1280
14,1283
14,1344
14,1353
14,1379
14,1412
14,1413
14,1414
14,1434
14,1466
14,1508
14,1622
14,1668
14,1690
14,1697
14,1742
14,1767
14,1773
14,1774
14,1798
14,1852
14,1868
14,1869
14,1898
14,1936
14,1954
14,1965
14,1967
14,2018
14,2022
14,2034
14,2044
14,2050
14,2074
14,2084
14,2155
14,2168
14,2171
14,2198
14,2205
14,2216
14,2260
14,2271
14,2322
14,2377
14,2378
14,2429
14,2502
14,2538
14,2632
14,2660
14,2678
14,2683
14,2718
14,2728
14,2764
14,2768
14,2783
14,2798
14,2860
14,2868
14,2968
14,3033
14,3039
14,3089
14,3155
14,3221
14,3276
14,3336
14,3343
14,3382
14,3585
14,3623
14,3633
14,3641
14,3677
14,3681
14,3847
14,3858
14,3868
14,3910
14,3966
14,3974
14,4025
14,4043
14,4088
14,4113
14,4114
14,4142
14,4186
14,4204
14,4229
14,4233
14,4300
14,4407
14,4456
14,4556
14,4629
14,4770
14,4786
14,4787
14,4831
14,4835
14,4850
14,4874
14,4935
14,4945
14,4986
15,16
15,17
15,19
15,20
15,22
15,25
15,26
15,27
15,28
15,30
15,37
15,38
15,41
15,42
15,45
15,46
15,47
15,48
15,49
15,50
15,51
15,52
15,56
15,57
15,58
15,59
15,63
15,66
15,67
15,68
15,72
15,83
15,85
15,87
15,88
15,90
15,92
15,93
15,94
15,95
15,96
15,97
15,100
15,110
15,112
15,117
15,118
15,122
15,126
15,129
15,138
15,139
15,141
15,143
15,147
15,149
15,154
15,162
15,163
15,165
15,166
15,167
15,171
15,173
15,175
15,182
15,183
15,188
15,190
15,201
15,208
15,211
15,213
15,222
15,232
15,240
15,242
15,244
15,257
15,261
15,262
15,270
15,275
15,288
15,297
15,316
15,320
15,321
15,325
15,356
15,362
15,372
15,396
15,399
15,420
15,429
15,433
15,445
15,448
15,452
15,470
15,473
15,487
15,512
15,519
15,523
15,532
15,545
15,570
15,578
15,588
15,613
15,626
15,640
15,652
15,658
15,693
15,697
15,698
15,701
15,713
15,717
15,745
15,754
15,756
15,761
15,764
15,774
15,787
15,799
15,805
15,808
15,823
15,836
15,842
15,844
15,856
15,857
15,871
15,872
15,875
15,879
15,881
15,891
15,893
15,899
15,900
15,917
15,919
15,969
15,972
15,1012
15,1020
15,1028
15,1039
15,1062
15,1091
15,1103
15,1114
15,1119
15,1125
15,1133
15,1138
15,1154
15,1181
15,1191
15,1195
15,1211
15,1212
15,1240
15,1274
15,1307
15,1339
15,1343
15,1346
15,1370
15,1387
15,1405
15,1435
15,1438
15,1461
15,1470
15,1488
15,1489
15,1499
15,1547
15,1548
15,1567
15,1593
15,1612
15,1632
15,1661
15,1667
15,1679
15,1715
15,1735
15,1746
15,1766
15,1833
15,1842
15,1847
15,1867
15,1870
15,1876
15,1882
15,1886
15,1914
15,1934
15,1956
15,2025
15,2067
15,2074
15,2082
15,2095
15,2108
15,2120
15,2145
15,2151
15,2166
15,2171
15,2176
15,2180
15,2187
15,2188
15,2195
15,2196
15,2213
15,2220
15,2251
15,2264
15,2310
15,2322
15,2330
15,2333
15,2347
15,2364
15,2371
15,2377
15,2397
15,2443
15,2471
15,2502
15,2505
15,2529
15,2533
15,2598
15,2625
15,2657
15,2679
15,2685
15,2693
15,2758
15,2797
15,2799
15,2840
15,2912
15,2949
15,2973
15,2992
15,2994
15,3023
15,3050
15,3051
15,3095
15,3125
15,3150
15,3170
15,3201
15,3213
15,3216
15,3221
15,3224
15,3257
15,3273
15,3318
15,3326
15,3332
15,3371
15,3407
15,3430
15,3436
15,3439
15,3494
15,3524
15,3528
15,3529
15,3542
15,3560
15,3574
15,3575
15,3579
15,3587
15,3591
15,3612
15,3614
15,3659
15,3697
15,3707
15,3715
15,3718
15,3733
15,3775
15,3787
15,3830
15,3850
15,3864
15,3916
15,3920
15,3955
15,3971
15,3983
15,3990
15,4020
15,4084
15,4096
15,4140
15,4154
15,4168
15,4171
15,4211
15,4244
15,4245
15,4249
15,4264
15,4274
15,4308
15,4312
15,4322
15,4348
15,4351
15,4357
15,4384
15,4403
15,4415
15,4457
15,4459
15,4461
15,4545
15,4561
15,4589
15,4595
15,4609
15,4610
15,4619
15,4620
15,4626
15,4634
15,4820
15,4829
15,4831
15,4836
15,4863
15,4878
15,4880
15,4890
15,4905
15,4914
15,4951
16,17
16,18
16,19
16,20
16,21
16,22
16,23
16,26
16,29
16,30
16,42
16,47
16,49
16,54
16,63
16,70
16,78
16,79
16,98
16,100
16,101
16,103
16,114
16,115
16,149
16,155
16,157
16,161
16,174
16,179
16,183
16,188
16,189
16,190
16,192
16,197
16,202
16,210
16,229
16,236
16,243
16,260
16,262
16,271
16,274
16,314
16,342
16,346
16,348
16,350
16,361
16,375
16,381
16,386
16,406
16,407
16,409
16,422
16,431
16,462
16,468
16,499
16,506
16,522
16,600
16,604
16,608
16,612
16,617
16,628
16,632
16,637
16,669
16,674
16,675
16,702
16,709
16,734
16,764
16,767
16,795
16,821
16,833
16,834
16,849
16,874
16,891
16,894
16,931
16,938
16,939
16,943
16,964
16,973
16,977
16,1013
16,1031
16,1079
16,1080
16,1085
16,1195
16,1225
16,1234
16,1256
16,1279
16,1362
16,1369
16,1384
16,1395
16,1440
16,1469
16,1496
16,1532
16,1541
16,1562
16,1602
16,1613
16,1641
16,1694
16,1702
16,1710
16,1745
16,1764
16,1782
16,1822
16,1825
16,1827
16,1865
16,1893
16,1896
16,1953
16,1969
16,2032
16,2036
16,2065
16,2088
16,2116
16,2138
16,2153
16,2185
16,2275
16,2297
16,2303
16,2397
16,2409
16,2473
16,2481
16,2506
16,2568
16,2576
16,2579
16,2581
16,2585
16,2595
16,2601
16,2651
16,2675
16,2701
16,2732
16,2792
16,2838
16,2848
16,2881
16,2898
16,2955
16,3016
16,3062
16,3100
16,3113
16,3119
16,3135
16,3163
16,3201
16,3220
16,3225
16,3259
16,3299
16,3312
16,3316
16,3319
16,3339
16,3386
16,3407
16,3456
16,3487
16,3512
16,3531
16,3583
16,3605
16,3607
16,3617
16,3688
16,3693
16,3756
16,3841
16,3920
16,3993
16,4077
16,4097
16,4109
16,4127
16,4133
16,4174
16,4226
16,4247
16,4249
16,4250
16,4252
16,4344
16,4402
16,4416
16,4458
16,4459
16,4498
16,4534
16,4564
16,4586
16,4592
16,4641
16,4664
16,4674
16,4687
16,4740
16,4791
16,4833
16,4841
16,4963
17,18
17,19
17,20
17,25
17,26
17,27
17,28
17,31
17,33
17,36
17,41
17,43
17,44
17,46
17,52
17,54
17,55
17,56
17,73
17,74
17,77
17,80
17,90
17,95
17,97
17,103
17,106
17,118
17,127
17,128
17,132
17,133
17,137
17,143
17,145
17,147
17,152
17,154
17,165
17,174
17,192
17,201
17,207
17,230
17,231
17,237
17,241
17,254
17,256
17,269
17,279
17,280
17,282
17,292
17,304
17,306
17,318
17,319
17,326
17,333
17,342
17,343
17,348
17,351
17,355
17,359
17,382
17,411
17,417
17,429
17,441
17,448
17,458
17,478
17,485
17,497
17,504
17,508
17,518
17,521
17,539
17,547
17,551
17,580
17,597
17,639
17,662
17,694
17,725
17,745
17,779
17,816
17,850
17,866
17,897
17,905
17,918
17,942
17,974
17,987
17,1004
17,1014
17,1025
17,1055
17,1060
17,1071
17,1111
17,1120
17,1123
17,1136
17,1138
17,1167
17,1180
17,1187
17,1196
17,1262
17,1290
17,1295
17,1297
17,1298
17,1307
17,1315
17,1319
17,1341
17,1346
17,1357
17,1358
17,1387
17,1403
17,1407
17,1412
17,1425
17,1449
17,1456
17,1468
17,1491
17,1554
17,1640
17,1703
17,1732
17,1757
17,1766
17,1779
17,1793
17,1841
17,1853
17,1862
17,1930
17,1952
17,1986
17,1994
17,2021
17,2045
17,2054
17,2154
17,2167
17,2210
17,2322
17,2330
17,2382
17,2412
17,2443
17,2502
17,2517
17,2523
17,2533
17,2539
17,2584
17,2587
17,2588
17,2595
17,2626
17,2643
17,2645
17,2671
17,2720
17,2768
17,2847
17,2853
17,2883
17,2900
17,3028
17,3051
17,3069
17,3178
17,3188
17,3292
17,3337
17,3382
17,3480
17,3501
17,3594
17,3608
17,3618
17,3625
17,3634
17,3681
17,3722
17,3905
17,3948
17,4069
17,4072
17,4206
17,4248
17,4292
17,4293
17,4319
17,4333
17,4364
17,4375
17,4420
17,4427
17,4439
17,4441
17,4518
17,4552
17,4577
17,4642
17,4703
17,4725
17,4761
17,4764
17,4775
17,4791
17,4846
17,4903
17,4916
17,4952
17,4985
18,19
18,20
18,21
18,22
18,29
18,36
18,39
18,40
18,43
18,55
18,56
18,110
18,113
18,117
18,120
18,121
18,125
18,130
18,150
18,173
18,177
18,182
18,200
18,206
18,220
18,223
18,231
18,237
18,244
18,251
18,268
18,287
18,290
18,301
18,303
18,351
18,354
18,362
18,367
18,377
18,386
18,412
18,425
18,428
18,434
18,436
18,438
18,439
18,460
18,462
18,468
18,487
18,497
18,520
18,533
18,540
18,546
18,605
18,619
18,642
18,673
18,677
18,689
18,699
18,708
18,709
18,714
18,732
18,739
18,743
18,748
18,812
18,826
18,841
18,842
18,848
18,853
18,859
18,867
18,880
18,940
18,950
18,959
18,960
18,962
18,971
18,982
18,1003
18,1006
18,1010
18,1011
18,1013
18,1018
18,1060
18,1119
18,1131
18,1139
18,1148
18,1155
18,1167
18,1193
18,1207
18,1252
18,1261
18,1274
18,1297
18,1313
18,1315
18,1319
18,1328
18,1338
18,1351
18,1357
18,1379
18,1383
18,1396
18,1414
18,1428
18,1432
18,1450
18,1503
18,1536
18,1547
18,1579
18,1584
18,1594
18,1607
18,1613
18,1646
18,1656
18,1665
18,1679
18,1717
18,1727
18,1729
18,1733
18,1757
18,1758
18,1819
18,1827
18,1837
18,1838
18,1841
18,1875
18,1876
18,1879
18,1887
18,1941
18,1952
18,2021
18,2023
18,2030
18,2058
18,2067
18,2087
18,2092
18,2136
18,2167
18,2168
18,2177
18,2208
18,2226
18,2234
18,2336
18,2339
18,2343
18,2347
18,2358
18,2376
18,2401
18,2436
18,2458
18,2469
18,2504
18,2535
18,2568
18,2577
18,2622
18,2636
18,2696
18,2769
18,2808
18,2880
18,2910
18,2924
18,2986
18,3004
18,3009
18,3019
18,3072
18,3083
18,3133
18,3159
18,3275
18,3304
18,3323
18,3360
18,3446
18,3529
18,3574
18,3585
18,3603
18,3617
18,3622
18,3644
18,3726
18,3741
18,3754
18,3767
18,3797
18,3798
18,3947
18,3951
18,3952
18,3971
18,3972
18,3994
18,4020
18,4066
18,4142
18,4238
18,4268
18,4340
18,4361
18,4368
18,4370
18,4396
18,4403
18,4410
18,4423
18,4424
18,4429
18,4462
18,4465
18,4488
18,4524
18,4539
18,4569
18,4593
18,4603
18,4630
18,4645
18,4658
18,4686
18,4689
18,4697
18,4759
18,4776
18,4848
18,4890
18,4891
18,4980
19,22
19,23
19,25
19,30
19,31
19,34
19,37
19,42
19,44
19,47
19,56
19,64
19,66
19,68
19,70
19,72
19,75
19,84
19,95
19,113
19,126
19,132
19,140
19,169
19,176
19,199
19,220
19,253
19,262
19,279
19,293
19,331
19,338
19,393
19,396
19,397
19,405
19,417
19,422
19,484
19,490
19,499
19,502
19,514
19,534
19,571
19,594
19,640
19,678
19,689
19,711
19,717
19,720
19,778
19,819
19,841
19,860
19,871
19,892
19,951
19,1027
19,1072
19,1103
19,1112
19,1126
19,1161
19,1162
19,1189
19,1194
19,1200
19,1201
19,1249
19,1256
19,1296
19,1321
19,1355
19,1356
19,1475
19,1497
19,1510
19,1543
19,1566
19,1577
19,1591
19,1595
19,1600
19,1608
19,1610
19,1683
19,1690
19,1721
19,1796
19,1805
19,1823
19,1837
19,1898
19,2002
19,2039
19,2123
19,2152
19,2224
19,2446
19,2455
19,2487
19,2518
19,2641
19,2649
19,2665
19,2728
19,2818
19,2874
19,2896
19,2933
19,2979
19,2990
19,3004
19,3010
19,3013
19,3019
19,3038
19,3068
19,3142
19,3145
19,3161
19,3175
19,3222
19,3273
19,3394
19,3607
19,3667
19,3687
19,3714
19,3736
19,3741
19,3754
19,3792
19,3882
19,3894
19,4127
19,4150
19,4165
19,4382
19,4443
19,4506
19,4529
19,4553
19,4715
19,4838
19,4944
20,21
20,23
20,25
20,26
20,29
20,32
20,34
20,35
20,36
20,37
20,41
20,45
20,48
20,49
20,53
20,56
20,57
20,59
20,60
20,65
20,78
20,83
20,86
20,92
20,93
20,95
20,96
20,97
20,102
20,121
20,123
20,127
20,128
20,138
20,142
20,146
20,149
20,153
20,159
20,177
20,191
20,192
20,209
20,217
20,228
20,235
20,238
20,239
20,243
20,246
20,267
20,268
20,341
20,345
20,351
20,358
20,363
20,364
20,366
20,369
20,375
20,383
20,384
20,390
20,396
20,409
20,413
20,432
20,472
20,485
20,488
20,510
20,522
20,525
20,529
20,555
20,582
20,584
20,591
20,592
20,596
20,604
20,606
20,627
20,633
20,641
20,688
20,692
20,710
20,723
20,740
20,742
20,792
20,800
20,811
20,834
20,837
20,858
20,867
20,880
20,884
20,898
20,911
20,963
20,965
20,968
20,980
20,986
20,987
20,999
20,1006
20,1016
20,1036
20,1038
20,1052
20,1062
20,1111
20,1113
20,1164
20,1173
20,1178
20,1205
20,1213
20,1229
20,1230
20,1237
20,1238
20,1254
20,1257
20,1264
20,1302
20,1326
20,1335
20,1350
20,1369
20,1372
20,1398
20,1443
20,1479
20,1482
20,1502
20,1533
20,1535
20,1563
20,1601
20,1620
20,1623
20,1632
20,1671
20,1717
20,1742
20,1753
20,1767
20,1784
20,1805
20,1858
20,1869
20,1879
20,1901
20,1914
20,1918
20,1921
20,1926
20,1937
20,1949
20,1979
20,1989
20,1993
20,2001
20,2020
20,2086
20,2141
20,2148
20,2213
20,2221
20,2259
20,2323
20,2329
20,2350
20,2407
20,2493
20,2643
20,2676
20,2680
20,2699
20,2721
20,2805
20,2826
20,2858
20,2861
20,2887
20,2898
20,2947
20,2962
20,2995
20,3005
20,3032
20,3065
20,3119
20,3127
20,3182
20,3186
20,3187
20,3211
20,3218
20,3232
20,3251
20,3279
20,3295
20,3346
20,3352
20,3376
20,3378
20,3386
20,3446
20,3452
20,3577
20,3623
20,3631
20,3651
20,3662
20,3677
20,3773
20,3839
20,3847
20,4011
20,4025
20,4057
20,4058
20,4080
20,4082
20,4128
20,4144
20,4167
20,4187
20,4241
20,4259
20,4280
20,4374
20,4466
20,4478
20,4494
20,4506
20,4634
20,4640
20,4676
20,4683
20,4719
20,4817
20,4828
20,4860
20,4887
20,4910
20,4916
20,4921
21,27
21,30
21,33
21,35
21,37
21,42
21,44
21,45
21,50
21,52
21,57
21,65
21,68
21,69
21,71
21,74
21,80
21,82
21,84
21,85
21,88
21,98
21,99
21,101
21,103
21,105
21,109
21,115
21,116
21,129
21,131
21,144
21,145
21,149
21,151
21,152
21,156
21,161
21,171
21,176
21,178
21,182
21,197
21,202
21,205
21,209
21,212
21,216
21,217
21,239
21,242
21,247
21,248
21,252
21,268
21,278
21,292
21,297
21,301
21,310
21,319
21,327
21,337
21,344
21,345
21,346
21,350
21,353
21,358
21,366
21,371
21,377
21,378
21,382
21,384
21,394
21,398
21,402
21,414
21,415
21,435
21,443
21,447
21,450
21,455
21,465
21,468
21,469
21,483
21,487
21,516
21,534
21,543
21,544
21,547
21,549
21,550
21,566
21,574
21,581
21,586
21,593
21,595
21,602
21,612
21,622
21,633
21,642
21,653
21,654
21,674
21,677
21,692
21,699
21,709
21,723
21,726
21,734
21,752
21,754
21,757
21,761
21,777
21,778
21,783
21,799
21,804
21,810
21,829
21,836
21,839
21,846
21,867
21,880
21,895
21,910
21,930
21,941
21,957
21,959
21,963
21,991
21,994
21,1007
21,1009
21,1011
21,1013
21,1021
21,1026
21,1036
21,1042
21,1048
21,1052
21,1068
21,1078
21,1126
21,1137
21,1146
21,1152
21,1160
21,1161
21,1192
21,1203
21,1233
21,1262
21,1275
21,1327
21,1336
21,1341
21,1344
21,1365
21,1368
21,1370
21,1379
21,1384
21,1421
21,1423
21,1426
21,1472
21,1485
21,1490
21,1493
21,1501
21,1513
21,1520
21,1568
21,1572
21,1574
21,1588
21,1593
21,1603
21,1634
21,1641
21,1689
21,1695
21,1701
21,1708
21,1741
21,1752
21,1789
21,1810
21,1869
21,1883
21,1887
21,1902
21,1903
21,1909
21,1957
21,1965
21,1972
21,1986
21,2005
21,2025
21,2032
21,2045
21,2066
21,2068
21,2076
21,2077
21,2104
21,2147
21,2164
21,2172
21,2186
21,2189
21,2252
21,2274
21,2278
21,2284
21,2305
21,2357
21,2359
21,2465
21,2482
21,2484
21,2496
21,2527
21,2542
21,2547
21,2566
21,2588
21,2615
21,2645
21,2659
21,2695
21,2704
21,2746
21,2755
21,2761
21,2798
21,2823
21,2826
21,2849
21,2857
21,2872
21,2904
21,2918
21,2923
21,2954
21,3118
21,3119
21,3121
21,3127
21,3151
21,3182
21,3198
21,3200
21,3209
21,3269
21,3319
21,3348
21,3384
21,3431
21,3433
21,3463
21,3482
21,3517
21,3529
21,3535
21,3548
21,3586
21,3592
21,3615
21,3623
21,3625
21,3672
21,3685
21,3721
21,3746
21,3760
21,3773
21,3782
21,3784
21,3887
21,3906
21,3909
21,3953
21,3971
21,4079
21,4123
21,4125
21,4139
21,4165
21,4227
21,4235
21,4278
21,4294
21,4326
21,4345
21,4347
21,4363
21,4400
21,4410
21,4437
21,4441
21,4471
21,4479
21,4515
21,4555
21,4558
21,4559
21,4584
21,4603
21,4657
21,4682
21,4693
21,4715
21,4730
21,4784
21,4895
21,4996
22,24
22,26
22,29
22,31
22,43
22,45
22,57
22,64
22,66
22,68
22,69
22,72
22,82
22,84
22,85
22,90
22,106
22,114
22,127
22,135
22,158
22,172
22,184
22,185
22,188
22,209
22,219
22,234
22,241
22,258
22,265
22,286
22,290
22,300
22,337
22,358
22,377
22,380
22,381
22,382
22,393
22,409
22,425
22,432
22,459
22,461
22,468
22,471
22,481
22,484
22,494
22,512
22,569
22,577
22,586
22,588
22,624
22,625
22,630
22,640
22,676
22,690
22,727
22,735
22,764
22,781
22,831
22,842
22,883
22,909
22,961
22,990
22,1042
22,1124
22,1134
22,1138
22,1183
22,1227
22,1255
22,1282
22,1330
22,1388
22,1398
22,1403
22,1414
22,1430
22,1432
22,1546
22,1559
22,1634
22,1649
22,1651
22,1659
22,1680
22,1728
22,1736
22,1803
22,1826
22,1868
22,1878
22,1892
22,1894
22,1954
22,2025
22,2058
22,2088
22,2219
22,2236
22,2279
22,2282
22,2328
22,2358
22,2371
22,2377
22,2436
22,2490
22,2515
22,2619
22,2699
22,2846
22,2849
22,2881
22,2921
22,2929
22,2965
22,2973
22,2996
22,3136
22,3157
22,3158
22,3192
22,3204
22,3232
22,3281
22,3442
22,3502
22,3503
22,3552
22,3619
22,3623
22,3716
22,3729
22,3794
22,3829
22,3846
22,3849
22,3880
22,3900
22,3912
22,4022
22,4161
22,4281
22,4361
22,4414
22,4417
22,4432
22,4474
22,4507
22,4545
22,4575
22,4578
22,4586
22,4753
22,4790
22,4797
22,4810
22,4829
22,4980
23,24
23,33
23,36
23,37
23,46
23,47
23,57
23,62
23,67
23,77
23,79
23,85
23,87
23,89
23,94
23,98
23,100
23,106
23,107
23,109
23,111
23,117
23,142
23,146
23,160
23,164
23,178
23,182
23,191
23,196
23,210
23,215
23,220
23,230
23,261
23,264
23,307
23,308
23,329
23,352
23,359
23,364
23,374
23,375
23,386
23,406
23,433
23,464
23,467
23,483
23,504
23,527
23,528
23,545
23,554
23,556
23,572
23,576
23,585
23,588
23,595
23,597
23,609
23,682
23,697
23,719
23,729
23,730
23,738
23,740
23,747
23,772
23,774
23,780
23,782
23,791
23,818
23,843
23,844
23,870
23,895
23,929
23,948
23,972
23,985
23,1001
23,1017
23,1026
23,1093
23,1101
23,1128
23,1210
23,1238
23,1248
23,1265
23,1299
23,1316
23,1357
23,1368
23,1383
23,1411
23,1415
23,1419
23,1422
23,1480
23,1484
23,1495
23,1497
23,1504
23,1506
23,1521
23,1600
23,1640
23,1655
23,1824
23,1868
23,1905
23,1907
23,2000
23,2013
23,2023
23,2050
23,2052
23,2108
23,2138
23,2183
23,2218
23,2230
23,2280
23,2294
23,2299
23,2321
23,2403
23,2407
23,2416
23,2550
23,2591
23,2841
23,2935
23,2959
23,2964
23,2969
23,3070
23,3090
23,3103
23,3104
23,3211
23,3224
23,3330
23,3331
23,3400
23,3484
23,3496
23,3579
23,3694
23,3706
23,3744
23,3815
23,3904
23,3923
23,3945
23,3947
23,4018
23,4033
23,4060
23,4106
23,4208
23,4248
23,4280
23,4295
23,4331
23,4370
23,4383
23,4398
23,4436
23,4479
23,4505
23,4691
23,4733
23,4781
23,4872
23,4949
23,4958
24,26
24,28
24,31
24,32
24,34
24,54
24,67
24,87
24,91
24,112
24,115
24,151
24,163
24,167
24,171
24,211
24,251
24,310
24,338
24,352
24,385
24,400
24,403
24,409
24,426
24,461
24,462
24,480
24,494
24,524
24,533
24,558
24,571
24,585
24,611
24,612
24,643
24,649
24,668
24,671
24,695
24,708
24,787
24,806
24,808
24,825
24,885
24,935
24,1010
24,1049
24,1057
24,1097
24,1115
24,1268
24,1271
24,1273
24,1342
24,1445
24,1460
24,1469
24,1475
24,1518
24,1532
24,1548
24,1604
24,1661
24,1683
24,1796
24,1830
24,1833
24,1835
24,1899
24,1976
24,1978
24,2106
24,2143
24,2358
24,2453
24,2485
24,2611
24,2822
24,2918
24,2930
24,2991
24,3107
24,3199
24,3470
24,3515
24,3525
24,3659
24,3732
24,3806
24,3927
24,4080
24,4081
24,4109
24,4152
24,4162
24,4174
24,4177
24,4184
24,4363
24,4571
24,4638
24,4682
24,4744
24,4767
24,4843
24,4870
24,4877
24,4933
24,4993
25,27
25,33
25,35
25,38
25,39
25,48
25,49
25,51
25,57
25,59
25,62
25,86
25,87
25,95
25,97
25,109
25,112
25,117
25,118
25,123
25,124
25,133
25,140
25,145
25,176
25,202
25,206
25,212
25,214
25,218
25,235
25,243
25,246
25,250
25,254
25,300
25,308
25,312
25,322
25,326
25,377
25,394
25,396
25,415
25,449
25,453
25,468
25,479
25,482
25,524
25,592
25,604
25,639
25,647
25,656
25,666
25,670
25,671
25,672
25,736
25,754
25,764
25,780
25,805
25,850
25,864
25,872
25,876
25,965
25,1002
25,1015
25,1041
25,1069
25,1107
25,1131
25,1134
25,1143
25,1156
25,1182
25,1203
25,1208
25,1231
25,1293
25,1303
25,1308
25,1327
25,1347
25,1365
25,1380
25,1400
25,1424
25,1449
25,1467
25,1468
25,1598
25,1602
25,1623
25,1639
25,1653
25,1654
25,1695
25,1703
25,1707
25,1709
25,1755
25,1809
25,1848
25,1852
25,1858
25,1866
25,1870
25,1881
25,1992
25,2062
25,2072
25,2075
25,2079
25,2108
25,2113
25,2125
25,2126
25,2162
25,2173
25,2232
25,2235
25,2319
25,2368
25,2404
25,2406
25,2446
25,2452
25,2458
25,2465
25,2466
25,2517
25,2535
25,2566
25,2577
25,2602
25,2605
25,2607
25,2694
25,2699
25,2712
25,2724
25,2756
25,2769
25,2782
25,2806
25,2822
25,2875
25,2891
25,2915
25,3048
25,3118
25,3163
25,3173
25,3228
25,3300
25,3319
25,3370
25,3450
25,3506
25,3534
25,3562
25,3616
25,3671
25,3677
25,3774
25,3778
25,3791
25,3848
25,3898
25,4027
25,4053
25,4070
25,4245
25,4258
25,4273
25,4400
25,4432
25,4477
25,4527
25,4552
25,4577
25,4715
25,4728
25,4786
25,4819
25,4856
25,4885
25,4893
25,4916
25,4917
25,4987
26,47
26,60
26,76
26,109
26,112
26,129
26,139
26,147
26,207
26,240
26,242
26,259
26,276
26,277
26,288
26,354
26,358
26,403
26,408
26,490
26,511
26,524
26,589
26,595
26,649
26,861
26,872
26,959
26,966
26,1054
26,1098
26,1102
26,1162
26,1209
26,1213
26,1219
26,1245
26,1302
26,1303
26,1351
26,1362
26,1380
26,1424
26,1512
26,1668
26,1751
26,1821
26,1883
26,1896
26,1985
26,1997
26,2038
26,2079
26,2107
26,2215
26,2315
26,2318
26,2320
26,2351
26,2477
26,2486
26,2554
26,2597
26,2608
26,2662
26,2710
26,2771
26,2795
26,2897
26,3020
26,3050
26,3093
26,3164
26,3205
26,3263
26,3427
26,3583
26,3637
26,4065
26,4130
26,4188
26,4227
26,4297
26,4519
26,4535
26,4573
26,4636
26,4898
27,37
27,40
27,44
27,52
27,58
27,71
27,74
27,77
27,95
27,100
27,120
27,134
27,137
27,141
27,143
27,146
27,156
27,159
27,160
27,162
27,178
27,200
27,201
27,204
27,208
27,215
27,232
27,233
27,249
27,274
27,289
27,299
27,307
27,313
27,319
27,320
27,322
27,329
27,359
27,361
27,364
27,369
27,382
27,387
27,390
27,421
27,437
27,458
27,460
27,473
27,492
27,500
27,502
27,520
27,546
27,596
27,638
27,685
27,700
27,720
27,721
27,745
27,854
27,864
27,884
27,904
27,923
27,949
27,971
27,976
27,1033
27,1071
27,1117
27,1155
27,1180
27,1205
27,1259
27,1276
27,1364
27,1417
27,1475
27,1510
27,1511
27,1514
27,1528
27,1579
27,1583
27,1615
27,1650
27,1653
27,1708
27,1716
27,1799
27,1811
27,1832
27,1837
27,1932
27,1954
27,2028
27,2416
27,2512
27,2523
27,2539
27,2681
27,2828
27,2840
27,2890
27,2917
27,2925
27,2988
27,3067
27,3092
27,3114
27,3149
27,3197
27,3231
27,3289
27,3428
27,3460
27,3469
27,3501
27,3600
27,3679
27,3681
27,3688
27,3734
27,3811
27,3828
27,3831
27,3884
27,3896
27,3905
27,3909
27,3912
27,4190
27,4302
27,4416
27,4472
27,4492
27,4542
27,4737
27,4893
28,29
28,30
28,37
28,41
28,44
28,51
28,54
28,55
28,58
28,86
28,91
28,96
28,102
28,107
28,116
28,150
28,161
28,164
28,169
28,184
28,189
28,204
28,210
28,212
28,214
28,231
28,264
28,302
28,304
28,339
28,351
28,354
28,359
28,371
28,374
28,387
28,428
28,441
28,452
28,477
28,486
28,489
28,501
28,503
28,506
28,528
28,535
28,597
28,639
28,655
28,681
28,739
28,770
28,772
28,797
28,845
28,849
28,881
28,888
28,891
28,903
28,955
28,964
28,970
28,974
28,1007
28,1018
28,1090
28,1107
28,1110
28,1112
28,1223
28,1225
28,1260
28,1281
28,1284
28,1287
28,1297
28,1311
28,1336
28,1426
28,1445
28,1455
28,1477
28,1481
28,1534
28,1563
28,1661
28,1677
28,1680
28,1703
28,1734
28,1783
28,1807
28,1808
28,1838
28,1854
28,1856
28,2019
28,2106
28,2119
28,2249
28,2253
28,2277
28,2321
28,2351
28,2361
28,2389
28,2469
28,2502
28,2524
28,2573
28,2606
28,2612
28,2623
28,2628
28,2705
28,2803
28,2807
28,2846
28,2883
28,2886
28,2908
28,2921
28,2931
28,2933
28,2945
28,2998
28,3008
28,3018
28,3069
28,3080
28,3085
28,3106
28,3168
28,3209
28,3254
28,3266
28,3269
28,3296
28,3300
28,3314
28,3352
28,3388
28,3396
28,3426
28,3441
28,3448
28,3453
28,3480
28,3577
28,3645
28,3690
28,3692
28,3732
28,3844
28,3869
28,3905
28,4196
28,4208
28,4227
28,4237
28,4277
28,4353
28,4384
28,4445
28,4487
28,4511
28,4528
28,4612
28,4830
28,4893
28,4899
28,4981
29,30
29,33
29,40
29,63
29,64
29,68
29,72
29,73
29,77
29,86
29,93
29,98
29,101
29,105
29,119
29,123
29,124
29,135
29,140
29,167
29,172
29,176
29,196
29,220
29,223
29,229
29,238
29,245
29,250
29,260
29,263
29,269
29,272
29,278
29,287
29,329
29,370
29,416
29,445
29,447
29,483
29,537
29,539
29,602
29,662
29,670
29,704
29,747
29,776
29,868
29,871
29,874
29,902
29,926
29,988
29,1004
29,1023
29,1048
29,1050
29,1097
29,1105
29,1160
29,1208
29,1209
29,1213
29,1214
29,1219
29,1241
29,1304
29,1306
29,1309
29,1349
29,1392
29,1421
29,1425
29,1431
29,1480
29,1558
29,1565
29,1675
29,1684
29,1728
29,1788
29,1816
29,1847
29,1871
29,1901
29,1953
29,1973
29,1984
29,2048
29,2078
29,2268
29,2279
29,2406
29,2517
29,2542
29,2567
29,2618
29,2625
29,2626
29,2629
29,2641
29,2662
29,2671
29,2752
29,2827
29,2843
29,2859
29,2879
29,2928
29,3088
29,3123
29,3230
29,3254
29,3265
29,3287
29,3291
29,3334
29,3338
29,3341
29,3347
29,3372
29,3427
29,3744
29,3845
29,3854
29,3977
29,4120
29,4157
29,4170
29,4225
29,4228
29,4304
29,4362
29,4456
29,4457
29,4522
29,4532
29,4547
29,4576
29,4637
29,4640
29,4684
29,4718
29,4808
29,4841
29,4943
30,32
30,65
30,87
30,92
30,94
30,98
30,105
30,115
30,128
30,139
30,153
30,155
30,164
30,175
30,178
30,192
30,212
30,228
30,312
30,336
30,370
30,372
30,430
30,436
30,438
30,453
30,513
30,539
30,556
30,599
30,635
30,643
30,650
30,652
30,671
30,679
30,685
30,686
30,702
30,713
30,748
30,754
30,759
30,812
30,832
30,833
30,853
30,894
30,911
30,936
30,943
30,1051
30,1104
30,1172
30,1201
30,1220
30,1233
30,1236
30,1299
30,1338
30,1343
30,1428
30,1453
30,1478
30,1483
30,1517
30,1706
30,1792
30,1866
30,1924
30,1929
30,1940
30,1960
30,1972
30,1985
30,2015
30,2022
30,2040
30,2118
30,2162
30,2200
30,2252
30,2283
30,2325
30,2343
30,2389
30,2395
30,2416
30,2457
30,2467
30,2524
30,2541
30,2568
30,2592
30,2660
30,2820
30,2850
30,2890
30,2928
30,2992
30,2996
30,3019
30,3080
30,3105
30,3136
30,3212
30,3259
30,3676
30,3707
30,3766
30,3769
30,3780
30,3959
30,3975
30,4041
30,4116
30,4118
30,4163
30,4202
30,4330
30,4343
30,4569
30,4770
30,4793
30,4953
31,43
31,48
31,49
31,50
31,59
31,60
31,61
31,70
31,73
31,76
31,78
31,81
31,83
31,89
31,99
31,105
31,115
31,124
31,133
31,141
31,143
31,148
31,150
31,154
31,156
31,169
31,175
31,231
31,247
31,248
31,267
31,294
31,296
31,318
31,341
31,354
31,417
31,420
31,445
31,456
31,474
31,505
31,510
31,554
31,555
31,568
31,586
31,587
31,607
31,617
31,645
31,689
31,709
31,764
31,766
31,783
31,801
31,810
31,828
31,890
31,915
31,945
31,957
31,1090
31,1149
31,1168
31,1180
31,1317
31,1332
31,1369
31,1386
31,1485
31,1495
31,1506
31,1522
31,1586
31,1631
31,1645
31,1703
31,1736
31,1761
31,1787
31,1796
31,1810
31,1813
31,1824
31,1854
31,1878
31,1976
31,2041
31,2075
31,2099
31,2128
31,2207
31,2219
31,2277
31,2291
31,2330
31,2339
31,2365
31,2422
31,2444
31,2455
31,2457
31,2477
31,2590
31,2617
31,2622
31,2727
31,2747
31,2759
31,2932
31,3139
31,3185
31,3268
31,3310
31,3337
31,3346
31,3442
31,3467
31,3510
31,3528
31,3601
31,3603
31,3865
31,3930
31,4107
31,4235
31,4250
31,4301
31,4302
31,4313
31,4338
31,4414
31,4578
31,4706
31,4767
31,4896
32,36
32,40
32,44
32,45
32,50
32,52
32,53
32,54
32,55
32,62
32,65
32,66
32,68
32,73
32,81
32,84
32,103
32,118
32,126
32,130
32,131
32,132
32,134
32,144
32,146
32,157
32,168
32,183
32,185
32,192
32,194
32,198
32,209
32,226
32,242
32,284
32,285
32,305
32,315
32,316
32,319
32,325
32,329
32,343
32,357
32,361
32,371
32,376
32,378
32,402
32,430
32,465
32,475
32,507
32,514
32,516
32,543
32,551
32,567
32,593
32,600
32,601
32,620
32,652
32,654
32,670
32,673
32,700
32,701
32,720
32,738
32,773
32,813
32,833
32,837
32,854
32,900
32,950
32,971
32,1003
32,1023
32,1042
32,1058
32,1082
32,1174
32,1195
32,1233
32,1267
32,1291
32,1308
32,1310
32,1386
32,1393
32,1398
32,1402
32,1500
32,1565
32,1626
32,1650
32,1667
32,1689
32,1701
32,1712
32,1762
32,1771
32,1827
32,1862
32,1864
32,1884
32,1888
32,2022
32,2043
32,2138
32,2196
32,2288
32,2296
32,2349
32,2365
32,2441
32,2520
32,2564
32,2596
32,2660
32,2666
32,2697
32,2714
32,2739
32,2843
32,2910
32,2917
32,2971
32,3015
32,3128
32,3173
32,3193
32,3226
32,3254
32,3258
32,3305
32,3338
32,3436
32,3456
32,3538
32,3565
32,3589
32,3625
32,3730
32,3732
32,3733
32,3882
32,4168
32,4173
32,4243
32,4527
32,4588
32,4853
32,4971
33,36
33,39
33,40
33,46
33,49
33,55
33,61
33,62
33,63
33,67
33,68
33,73
33,92
33,101
33,108
33,112
33,118
33,151
33,155
33,172
33,230
33,245
33,281
33,286
33,344
33,357
33,426
33,435
33,449
33,466
33,487
33,563
33,578
33,612
33,614
33,636
33,649
33,712
33,714
33,732
33,735
33,754
33,787
33,814
33,817
33,858
33,886
33,906
33,977
33,987
33,990
33,1183
33,1210
33,1269
33,1314
33,1319
33,1350
33,1395
33,1462
33,1543
33,1551
33,1569
33,1642
33,1656
33,1735
33,1857
33,1906
33,1923
33,1948
33,2034
33,2179
33,2193
33,2328
33,2420
33,2434
33,2466
33,2480
33,2490
33,2506
33,2507
33,2525
33,2537
33,2539
33,2566
33,2723
33,2806
33,2894
33,2896
33,2909
33,3008
33,3061
33,3145
33,3150
33,3163
33,3176
33,3239
33,3256
33,3631
33,3820
33,3840
33,3881
33,3913
33,3977
33,3995
33,4206
33,4226
33,4246
33,4266
33,4302
33,4378
33,4430
33,4535
33,4705
33,4710
33,4749
33,4751
33,4800
33,4924
33,4981
34,36
34,39
34,45
34,46
34,49
34,51
34,59
34,61
34,69
34,81
34,85
34,86
34,93
34,111
34,126
34,144
34,153
34,187
34,209
34,214
34,236
34,283
34,296
34,310
34,345
34,377
34,416
34,446
34,498
34,534
34,633
34,635
34,692
34,708
34,714
34,915
34,938
34,948
34,1116
34,1137
34,1255
34,1260
34,1290
34,1354
34,1429
34,1662
34,1675
34,1688
34,1778
34,1882
34,1896
34,2076
34,2112
34,2127
34,2213
34,2415
34,2448
34,2531
34,2628
34,2719
34,2813
34,2925
34,3085
34,3087
34,3193
34,3197
34,3283
34,3354
34,3383
34,3630
34,3701
34,3824
34,4027
34,4152
34,4215
34,4229
34,4308
34,4440
34,4548
34,4618
34,4891
34,4939
34,4946
34,4962
35,63
35,71
35,80
35,81
35,108
35,138
35,166
35,227
35,252
35,308
35,311
35,338
35,350
35,381
35,395
35,472
35,515
35,615
35,654
35,676
35,686
35,695
35,912
35,986
35,1013
35,1066
35,1069
35,1076
35,1092
35,1141
35,1160
35,1202
35,1203
35,1330
35,1363
35,1505
35,1519
35,1565
35,1664
35,1668
35,1679
35,1734
35,1939
35,1974
35,2032
35,2070
35,2096
35,2123
35,2134
35,2188
35,2247
35,2322
35,2479
35,2501
35,2540
35,2566
35,2665
35,2803
35,2805
35,2829
35,3101
35,3165
35,3173
35,3198
35,3234
35,3252
35,3275
35,3343
35,3427
35,3591
35,3650
35,3750
35,3789
35,3814
35,4011
35,4332
35,4422
35,4819
35,4946
36,40
36,44
36,46
36,50
36,54
36,55
36,58
36,64
36,65
36,79
36,82
36,93
36,95
36,112
36,116
36,125
36,144
36,169
36,179
36,186
36,190
36,191
36,203
36,204
36,236
36,239
36,250
36,258
36,270
36,271
36,293
36,307
36,312
36,315
36,339
36,346
36,363
36,379
36,388
36,391
36,397
36,399
36,404
36,450
36,494
36,509
36,517
36,548
36,566
36,584
36,645
36,657
36,686
36,699
36,701
36,744
36,751
36,772
36,850
36,860
36,881
36,888
36,893
36,918
36,993
36,1035
36,1048
36,1069
36,1081
36,1178
36,1234
36,1260
36,1265
36,1273
36,1299
36,1378
36,1446
36,1486
36,1504
36,1541
36,1588
36,1619
36,1628
36,1716
36,1723
36,1737
36,1748
36,1809
36,1838
36,1931
36,1964
36,2006
36,2048
36,2073
36,2082
36,2113
36,2216
36,2245
36,2300
36,2301
36,2337
36,2365
36,2412
36,2438
36,2463
36,2491
36,2612
36,2678
36,2687
36,2695
36,2711
36,2720
36,2745
36,2865
36,2879
36,2935
36,2977
36,3002
36,3050
36,3066
36,3117
36,3208
36,3218
36,3299
36,3304
36,3438
36,3517
36,3537
36,3545
36,3599
36,3631
36,3632
36,3655
36,3677
36,3830
36,3847
36,3868
36,3873
36,3997
36,4050
36,4173
36,4205
36,4223
36,4316
36,4331
36,4348
36,4464
36,4477
36,4813
36,4834
36,4837
37,45
37,49
37,64
37,65
37,70
37,88
37,90
37,100
37,102
37,110
37,132
37,136
37,240
37,266
37,289
37,298
37,330
37,345
37,373
37,406
37,416
37,417
37,430
37,443
37,456
37,469
37,474
37,521
37,573
37,770
37,834
37,886
37,939
37,1051
37,1136
37,1261
37,1315
37,1372
37,1584
37,1606
37,1700
37,1722
37,1751
37,1973
37,2027
37,2110
37,2113
37,2141
37,2178
37,2180
37,2219
37,2255
37,2271
37,2288
37,2382
37,2431
37,2492
37,2499
37,2593
37,2604
37,2696
37,2865
37,2901
37,2946
37,2972
37,3317
37,3328
37,3361
37,3400
37,3583
37,3596
37,3625
37,3717
37,3758
37,3774
37,3830
37,3900
37,3901
37,3971
37,4073
37,4117
37,4202
37,4323
37,4424
37,4596
37,4643
37,4716
37,4731
37,4745
37,4783
37,4833
37,4953
38,43
38,48
38,51
38,56
38,69
38,70
38,94
38,106
38,110
38,146
38,164
38,177
38,194
38,211
38,222
38,235
38,240
38,244
38,260
38,263
38,280
38,293
38,299
38,308
38,326
38,368
38,389
38,408
38,430
38,432
38,433
38,449
38,454
38,571
38,573
38,591
38,594
38,610
38,636
38,660
38,678
38,763
38,820
38,864
38,888
38,912
38,1037
38,1150
38,1192
38,1245
38,1252
38,1356
38,1387
38,1404
38,1454
38,1455
38,1465
38,1510
38,1578
38,1605
38,1614
38,1679
38,1880
38,1944
38,2014
38,2071
38,2155
38,2158
38,2213
38,2214
38,2271
38,2276
38,2277
38,2313
38,2390
38,2437
38,2469
38,2496
38,2538
38,2549
38,2653
38,2654
38,2662
38,2713
38,2797
38,2952
38,3023
38,3158
38,3210
38,3288
38,3323
38,3348
38,3413
38,3477
38,3504
38,3667
38,3697
38,3772
38,3801
38,3805
38,3874
38,3919
38,3929
38,3949
38,3958
38,3970
38,3982
38,4273
38,4411
38,4563
38,4678
38,4707
38,4715
38,4742
38,4948
39,40
39,41
39,49
39,59
39,61
39,63
39,71
39,78
39,83
39,94
39,113
39,117
39,118
39,162
39,166
39,187
39,190
39,203
39,241
39,253
39,263
39,284
39,293
39,300
39,301
39,375
39,387
39,425
39,446
39,454
39,461
39,466
39,473
39,505
39,508
39,512
39,520
39,603
39,630
39,670
39,710
39,723
39,739
39,800
39,812
39,883
39,904
39,914
39,938
39,941
39,957
39,977
39,1059
39,1129
39,1173
39,1178
39,1186
39,1191
39,1221
39,1250
39,1251
39,1289
39,1308
39,1346
39,1367
39,1415
39,1661
39,1744
39,1852
39,1869
39,1882
39,2076
39,2137
39,2171
39,2195
39,2238
39,2272
39,2289
39,2357
39,2375
39,2455
39,2457
39,2595
39,2665
39,2710
39,2797
39,2991
39,3003
39,3137
39,3141
39,3166
39,3172
39,3193
39,3444
39,3549
39,3552
39,3629
39,3637
39,3749
39,3751
39,3797
39,3838
39,3914
39,3973
39,3979
39,4086
39,4194
39,4416
39,4554
39,4632
39,4679
39,4740
39,4772
39,4832
39,4846
39,4946
40,41
40,51
40,62
40,68
40,79
40,96
40,102
40,106
40,107
40,113
40,131
40,134
40,156
40,184
40,193
40,196
40,215
40,224
40,230
40,243
40,248
40,325
40,368
40,380
40,388
40,397
40,417
40,429
40,438
40,506
40,516
40,557
40,565
40,750
40,758
40,799
40,817
40,845
40,856
40,881
40,953
40,969
40,970
40,1019
40,1046
40,1058
40,1067
40,1103
40,1144
40,1196
40,1379
40,1396
40,1430
40,1460
40,1463
40,1477
40,1522
40,1549
40,1598
40,1623
40,1727
40,1764
40,1783
40,1844
40,1888
40,1890
40,1981
40,2043
40,2108
40,2186
40,2188
40,2224
40,2253
40,2260
40,2323
40,2328
40,2484
40,2540
40,2572
40,2705
40,2739
40,3060
40,3079
40,3150
40,3162
40,3204
40,3263
40,3448
40,3600
40,3611
40,3691
40,4215
40,4351
40,4353
40,4489
40,4665
40,4719
40,4799
41,42
41,43
41,51
41,52
41,56
41,57
41,60
41,64
41,72
41,89
41,102
41,103
41,108
41,117
41,126
41,137
41,141
41,147
41,154
41,169
41,175
41,180
41,182
41,184
41,186
41,195
41,207
41,209
41,210
41,215
41,223
41,232
41,246
41,251
41,269
41,281
41,293
41,321
41,357
41,369
41,388
41,390
41,405
41,434
41,466
41,482
41,495
41,498
41,503
41,529
41,545
41,551
41,567
41,579
41,624
41,626
41,674
41,697
41,705
41,732
41,743
41,751
41,772
41,814
41,829
41,834
41,846
41,882
41,896
41,904
41,914
41,931
41,942
41,955
41,1062
41,1079
41,1081
41,1088
41,1098
41,1127
41,1152
41,1173
41,1177
41,1181
41,1186
41,1202
41,1203
41,1204
41,1258
41,1317
41,1336
41,1349
41,1351
41,1353
41,1357
41,1392
41,1419
41,1440
41,1442
41,1461
41,1486
41,1522
41,1568
41,1597
41,1627
41,1647
41,1738
41,1793
41,1838
41,1870
41,1919
41,1928
41,1965
41,1987
41,2002
41,2037
41,2083
41,2094
41,2097
41,2110
41,2119
41,2127
41,2183
41,2244
41,2247
41,2321
41,2332
41,2364
41,2372
41,2384
41,2393
41,2413
41,2420
41,2486
41,2510
41,2545
41,2578
41,2591
41,2609
41,2788
41,2798
41,2887
41,2944
41,2992
41,3003
41,3166
41,3181
41,3219
41,3335
41,3347
41,3362
41,3434
41,3514
41,3524
41,3606
41,3621
41,3720
41,3801
41,3805
41,3827
41,3831
41,3836
41,3885
41,3921
41,3976
41,3994
41,4126
41,4131
41,4166
41,4197
41,4225
41,4262
41,4285
41,4287
41,4307
41,4314
41,4358
41,4359
41,4371
41,4437
41,4458
41,4574
41,4591
41,4600
41,4667
41,4750
41,4834
41,4835
41,4881
41,4975
41,4978
42,57
42,66
42,76
42,77
42,88
42,92
42,96
42,100
42,102
42,104
42,137
42,139
42,143
42,145
42,148
42,151
42,160
42,165
42,170
42,187
42,189
42,203
42,250
42,271
42,280
42,292
42,295
42,296
42,331
42,360
42,361
42,426
42,431
42,433
42,488
42,502
42,517
42,528
42,562
42,563
42,631
42,647
42,652
42,666
42,669
42,674
42,693
42,708
42,713
42,748
42,756
42,761
42,771
42,786
42,879
42,894
42,895
42,911
42,939
42,1011
42,1013
42,1070
42,1096
42,1114
42,1159
42,1182
42,1243
42,1334
42,1361
42,1398
42,1416
42,1420
42,1451
42,1463
42,1481
42,1485
42,1500
42,1626
42,1711
42,1754
42,1815
42,1857
42,1972
42,1996
42,2093
42,2119
42,2309
42,2325
42,2339
42,2531
42,2538
42,2596
42,2609
42,2610
42,2663
42,2695
42,2735
42,2789
42,2818
42,2843
42,2916
42,3056
42,3075
42,3082
42,3130
42,3178
42,3224
42,3226
42,3253
42,3296
42,3338
42,3419
42,3483
42,3545
42,3643
42,3651
42,3759
42,3812
42,3831
42,3876
42,3933
42,3989
42,4006
42,4085
42,4094
42,4380
42,4413
42,4422
42,4566
42,4647
42,4719
42,4751
42,4813
42,4836
42,4994
43,65
43,67
43,82
43,94
43,125
43,131
43,133
43,141
43,147
43,149
43,155
43,158
43,164
43,171
43,206
43,207
43,214
43,215
43,232
43,261
43,262
43,265
43,285
43,286
43,311
43,373
43,381
43,392
43,399
43,413
43,432
43,435
43,452
43,475
43,498
43,501
43,508
43,527
43,530
43,617
43,663
43,680
43,726
43,733
43,760
43,774
43,791
43,813
43,844
43,848
43,850
43,854
43,858
43,864
43,865
43,869
43,899
43,952
43,967
43,998
43,1028
43,1036
43,1057
43,1077
43,1085
43,1118
43,1121
43,1136
43,1154
43,1166
43,1189
43,1218
43,1255
43,1259
43,1272
43,1278
43,1327
43,1346
43,1391
43,1397
43,1424
43,1469
43,1503
43,1526
43,1528
43,1662
43,1665
43,1778
43,1848
43,1873
43,1878
43,1951
43,1968
43,1991
43,2074
43,2084
43,2131
43,2232
43,2274
43,2285
43,2299
43,2302
43,2336
43,2418
43,2426
43,2589
43,2608
43,2745
43,2771
43,2842
43,2944
43,2961
43,3028
43,3030
43,3048
43,3147
43,3309
43,3362
43,3386
43,3409
43,3451
43,3535
43,3664
43,3745
43,3855
43,3871
43,3885
43,3927
43,3944
43,3956
43,4009
43,4152
43,4212
43,4230
43,4287
43,4325
43,4380
43,4388
43,4390
43,4430
43,4460
43,4487
43,4521
43,4522
43,4673
43,4686
43,4755
43,4763
43,4805
43,4894
44,46
44,79
44,90
44,93
44,98
44,111
44,119
44,122
44,127
44,130
44,146
44,177
44,185
44,236
44,273
44,292
44,314
44,320
44,352
44,464
44,467
44,524
44,533
44,548
44,602
44,631
44,640
44,680
44,725
44,742
44,756
44,800
44,801
44,806
44,811
44,835
44,876
44,887
44,916
44,955
44,982
44,1002
44,1014
44,1050
44,1121
44,1126
44,1215
44,1222
44,1223
44,1227
44,1253
44,1278
44,1283
44,1295
44,1316
44,1454
44,1556
44,1562
44,1640
44,1693
44,1749
44,1811
44,1816
44,1970
44,2041
44,2050
44,2253
44,2264
44,2276
44,2294
44,2304
44,2390
44,2444
44,2445
44,2507
44,2525
44,2573
44,2581
44,2591
44,2594
44,2687
44,2754
44,2830
44,2844
44,3068
44,3157
44,3169
44,3176
44,3183
44,3249
44,3258
44,3266
44,3331
44,3459
44,3532
44,3574
44,3590
44,3645
44,3665
44,3769
44,3789
44,3812
44,3836
44,3864
44,3882
44,4037
44,4044
44,4151
44,4237
44,4260
44,4288
44,4322
44,4353
44,4369
44,4561
44,4737
44,4758
44,4825
44,4984
45,52
45,60
45,86
45,91
45,121
45,130
45,132
45,145
45,156
45,230
45,245
45,268
45,280
45,290
45,311
45,316
45,322
45,365
45,407
45,423
45,434
45,459
45,468
45,640
45,648
45,765
45,956
45,994
45,1070
45,1103
45,1132
45,1148
45,1176
45,1188
45,1201
45,1245
45,1274
45,1396
45,1422
45,1443
45,1463
45,1523
45,1631
45,1635
45,1636
45,1738
45,1758
45,1949
45,2095
45,2441
45,2562
45,2612
45,2657
45,2691
45,2716
45,2834
45,2991
45,3012
45,3013
45,3073
45,3212
45,3215
45,3229
45,3499
45,3538
45,3654
45,3998
45,4064
45,4185
45,4287
45,4354
45,4369
45,4400
45,4427
45,4529
45,4648
45,4757
46,48
46,52
46,55
46,60
46,61
46,62
46,76
46,78
46,84
46,85
46,99
46,106
46,118
46,119
46,125
46,133
46,144
46,163
46,193
46,200
46,224
46,244
46,257
46,281
46,284
46,333
46,365
46,382
46,383
46,386
46,387
46,398
46,405
46,427
46,449
46,464
46,476
46,480
46,512
46,517
46,527
46,531
46,555
46,608
46,614
46,632
46,642
46,652
46,678
46,688
46,727
46,749
46,804
46,841
46,855
46,902
46,977
46,981
46,990
46,1099
46,1150
46,1221
46,1351
46,1367
46,1388
46,1424
46,1471
46,1589
46,1605
46,1607
46,1637
46,1680
46,1683
46,1702
46,1720
46,1723
46,1777
46,1786
46,1791
46,1797
46,1809
46,1840
46,1844
46,1875
46,1888
46,1917
46,1993
46,2136
46,2162
46,2226
46,2417
46,2423
46,2456
46,2505
46,2513
46,2523
46,2553
46,2669
46,2769
46,2892
46,2978
46,2991
46,3067
46,3092
46,3325
46,3425
46,3499
46,3580
46,3819
46,3866
46,4137
46,4238
46,4276
46,4342
46,4375
46,4414
46,4448
46,4486
46,4642
46,4770
46,4824
46,4914
47,65
47,66
47,82
47,96
47,104
47,116
47,137
47,154
47,179
47,183
47,206
47,228
47,243
47,246
47,252
47,261
47,263
47,269
47,272
47,276
47,289
47,340
47,357
47,360
47,366
47,378
47,395
47,428
47,443
47,483
47,505
47,542
47,549
47,620
47,662
47,802
47,823
47,840
47,854
47,980
47,983
47,1009
47,1095
47,1172
47,1216
47,1288
47,1298
47,1316
47,1355
47,1372
47,1416
47,1422
47,1536
47,1542
47,1553
47,1629
47,1720
47,1883
47,1886
47,2034
47,2131
47,2153
47,2167
47,2202
47,2258
47,2302
47,2340
47,2356
47,2361
47,2376
47,2394
47,2426
47,2471
47,2550
47,2624
47,2656
47,2677
47,2775
47,2786
47,2801
47,2804
47,2809
47,3032
47,3042
47,3075
47,3077
47,3207
47,3242
47,3304
47,3319
47,3336
47,3341
47,3543
47,3572
47,3703
47,3736
47,3959
47,3965
47,3975
47,4136
47,4202
47,4214
47,4259
47,4384
47,4413
47,4467
47,4526
47,4684
47,4687
47,4706
47,4772
47,4810
47,4854
47,4878
47,4956
47,4960
47,4995
48,50
48,54
48,85
48,130
48,161
48,180
48,183
48,191
48,217
48,229
48,258
48,259
48,260
48,311
48,318
48,334
48,356
48,410
48,415
48,445
48,456
48,475
48,495
48,540
48,543
48,582
48,592
48,598
48,656
48,698
48,713
48,722
48,765
48,795
48,807
48,853
48,991
48,1027
48,1030
48,1076
48,1106
48,1156
48,1210
48,1250
48,1286
48,1317
48,1332
48,1335
48,1347
48,1390
48,1574
48,1579
48,1700
48,1786
48,1843
48,1911
48,1942
48,2049
48,2054
48,2071
48,2080
48,2157
48,2235
48,2506
48,2581
48,2697
48,2854
48,2946
48,2972
48,2981
48,3084
48,3095
48,3193
48,3243
48,3325
48,3421
48,3490
48,3570
48,3613
48,3792
48,3839
48,3851
48,3916
48,3987
48,4122
48,4136
48,4180
48,4217
48,4222
48,4230
48,4234
48,4241
48,4443
48,4454
48,4475
48,4641
48,4713
48,4733
48,4774
48,4807
48,4808
48,4816
48,4818
48,4863
48,4872
48,4994
49,53
49,67
49,69
49,85
49,95
49,103
49,114
49,120
49,121
49,138
49,156
49,168
49,192
49,206
49,215
49,218
49,223
49,224
49,235
49,252
49,254
49,255
49,284
49,297
49,316
49,319
49,328
49,331
49,340
49,346
49,363
49,385
49,390
49,406
49,438
49,439
49,440
49,463
49,478
49,515
49,518
49,530
49,575
49,578
49,594
49,605
49,607
49,612
49,616
49,627
49,628
49,644
49,653
49,673
49,698
49,734
49,749
49,787
49,811
49,826
49,840
49,862
49,867
49,906
49,921
49,945
49,993
49,1025
49,1085
49,1124
49,1132
49,1150
49,1198
49,1204
49,1217
49,1219
49,1222
49,1258
49,1260
49,1281
49,1320
49,1438
49,1486
49,1510
49,1544
49,1570
49,1609
49,1617
49,1685
49,1698
49,1711
49,1734
49,1752
49,1779
49,1834
49,1897
49,1918
49,1934
49,1936
49,1948
49,1967
49,1987
49,2004
49,2212
49,2279
49,2284
49,2286
49,2394
49,2415
49,2434
49,2446
49,2480
49,2499
49,2545
49,2568
49,2585
49,2592
49,2617
49,2618
49,2661
49,2676
49,2707
49,2884
49,2913
49,2974
49,2980
49,3028
49,3029
49,3125
49,3163
49,3260
49,3276
49,3293
49,3382
49,3498
49,3596
49,3651
49,3675
49,3694
49,3836
49,3900
49,3907
49,3927
49,3961
49,3968
49,4173
49,4181
49,4227
49,4312
49,4382
49,4434
49,4438
49,4585
49,4597
49,4664
49,4777
49,4808
49,4821
49,4893
49,4898
50,68
50,69
50,71
50,72
50,78
50,82
50,94
50,95
50,100
50,118
50,140
50,148
50,153
50,154
50,156
50,173
50,176
50,183
50,233
50,247
50,258
50,262
50,269
50,272
50,276
50,305
50,340
50,365
50,399
50,442
50,459
50,495
50,517
50,519
50,550
50,564
50,632
50,661
50,676
50,710
50,717
50,751
50,838
50,840
50,880
50,910
50,1004
50,1095
50,1105
50,1184
50,1227
50,1344
50,1352
50,1365
50,1452
50,1457
50,1620
50,1717
50,1746
50,1770
50,1821
50,1827
50,1885
50,1901
50,1905
50,1928
50,1967
50,2154
50,2253
50,2353
50,2413
50,2420
50,2422
50,2534
50,2541
50,2553
50,2619
50,2637
50,2655
50,2774
50,3038
50,3044
50,3129
50,3161
50,3174
50,3214
50,3231
50,3250
50,3279
50,3352
50,3512
50,3711
50,3810
50,3926
50,3964
50,4014
50,4029
50,4040
50,4049
50,4064
50,4079
50,4080
50,4081
50,4216
50,4223
50,4253
50,4274
50,4295
50,4448
50,4487
50,4505
50,4579
50,4599
50,4791
50,4930
50,4970
51,54
51,61
51,62
51,76
51,88
51,149
51,158
51,172
51,195
51,213
51,307
51,323
51,361
51,393
51,409
51,416
51,424
51,450
51,454
51,484
51,506
51,514
51,519
51,538
51,553
51,580
51,586
51,617
51,634
51,653
51,677
51,863
51,888
51,914
51,920
51,932
51,946
51,992
51,1007
51,1016
51,1129
51,1211
51,1386
51,1417
51,1420
51,1425
51,1515
51,1590
51,1600
51,1700
51,1916
51,1988
51,2014
51,2032
51,2125
51,2130
51,2203
51,2298
51,2418
51,2544
51,2590
51,2823
51,2834
51,3002
51,3012
51,3202
51,3261
51,3442
51,3643
51,4014
51,4056
51,4156
51,4381
51,4418
51,4564
51,4616
51,4665
51,4703
51,4838
51,4898
51,4963
51,4973
51,4975
51,4982
52,53
52,152
52,161
52,172
52,174
52,222
52,234
52,259
52,422
52,477
52,480
52,497
52,615
52,864
52,1037
52,1045
52,1228
52,1238
52,1301
52,1317
52,1416
52,1423
52,1672
52,1950
52,1982
52,2058
52,2316
52,2361
52,2364
52,2417
52,2451
52,2468
52,2552
52,2585
52,2700
52,2746
52,2749
52,2873
52,2906
52,3213
52,3427
52,3526
52,3532
52,3631
52,3637
52,3685
52,3894
52,3895
52,4086
52,4102
52,4180
52,4233
52,4580
52,4762
52,4817
52,4831
52,4944
53,58
53,81
53,83
53,91
53,104
53,106
53,134
53,148
53,157
53,173
53,186
53,205
53,235
53,259
53,301
53,304
53,353
53,356
53,360
53,368
53,369
53,374
53,386
53,417
53,443
53,464
53,469
53,482
53,493
53,584
53,609
53,656
53,662
53,665
53,688
53,715
53,784
53,788
53,794
53,809
53,848
53,861
53,918
53,1007
53,1011
53,1048
53,1110
53,1112
53,1128
53,1138
53,1216
53,1245
53,1246
53,1287
53,1348
53,1360
53,1423
53,1433
53,1504
53,1529
53,1538
53,1547
53,1555
53,1620
53,1632
53,1649
53,1744
53,1790
53,1798
53,1831
53,1839
53,1867
53,1906
53,1962
53,1979
53,1987
53,2103
53,2116
53,2197
53,2359
53,2399
53,2491
53,2644
53,2673
53,2680
53,2721
53,2792
53,2866
53,2895
53,2938
53,3194
53,3203
53,3308
53,3368
53,3398
53,3417
53,3556
53,3678
53,3810
53,3834
53,3889
53,3904
53,3979
53,3990
53,4057
53,4104
53,4151
53,4182
53,4266
53,4396
53,4497
53,4517
53,4564
53,4678
53,4723
53,4827
53,4864
53,4868
53,4925
54,59
54,64
54,70
54,74
54,75
54,81
54,85
54,91
54,93
54,102
54,111
54,116
54,125
54,127
54,140
54,158
54,163
54,172
54,205
54,225
54,226
54,236
54,244
54,256
54,283
54,295
54,311
54,380
54,385
54,523
54,548
54,620
54,625
54,697
54,707
54,730
54,754
54,764
54,818
54,934
54,958
54,1003
54,1017
54,1063
54,1108
54,1167
54,1215
54,1362
54,1423
54,1533
54,1593
54,1599
54,1617
54,1718
54,1734
54,1894
54,1918
54,1984
54,2013
54,2026
54,2060
54,2135
54,2157
54,2268
54,2297
54,2327
54,2366
54,2426
54,2456
54,2558
54,2591
54,2593
54,2627
54,2642
54,2662
54,2722
54,2778
54,2783
54,2817
54,2834
54,2866
54,2930
54,2974
54,2975
54,2982
54,2983
54,3051
54,3078
54,3160
54,3215
54,3252
54,3297
54,3492
54,3547
54,3593
54,3594
54,3626
54,3707
54,3719
54,3890
54,3894
54,3910
54,3941
54,3949
54,4017
54,4019
54,4067
54,4166
54,4195
54,4196
54,4232
54,4297
54,4395
54,4399
54,4491
54,4500
54,4502
54,4959
55,66
55,84
55,89
55,90
55,103
55,114
55,116
55,120
55,140
55,142
55,146
55,160
55,172
55,187
55,202
55,236
55,241
55,296
55,311
55,353
55,368
55,371
55,438
55,553
55,648
55,659
55,688
55,694
55,708
55,720
55,725
55,735
55,763
55,819
55,869
55,921
55,967
55,1026
55,1061
55,1065
55,1080
55,1089
55,1108
55,1184
55,1226
55,1289
55,1358
55,1505
55,1526
55,1704
55,1733
55,1757
55,1929
55,2055
55,2080
55,2105
55,2166
55,2271
55,2316
55,2346
55,2352
55,2408
55,2418
55,2500
55,2509
55,2581
55,2624
55,2627
55,2631
55,2649
55,2681
55,2786
55,2823
55,2853
55,2998
55,3042
55,3330
55,3419
55,3439
55,3505
55,3524
55,3571
55,3684
55,3963
55,4018
55,4061
55,4078
55,4099
55,4123
55,4176
55,4183
55,4332
55,4451
55,4564
55,4655
55,4739
55,4766
55,4778
55,4811
56,58
56,75
56,84
56,99
56,120
56,135
56,141
56,180
56,206
56,231
56,234
56,264
56,283
56,285
56,300
56,317
56,349
56,352
56,356
56,366
56,392
56,402
56,418
56,422
56,557
56,620
56,632
56,646
56,656
56,659
56,686
56,724
56,737
56,832
56,835
56,883
56,907
56,911
56,925
56,953
56,982
56,989
56,1000
56,1090
56,1181
56,1199
56,1296
56,1364
56,1440
56,1478
56,1595
56,1687
56,1773
56,1794
56,1854
56,1884
56,1901
56,1912
56,1942
56,2012
56,2073
56,2158
56,2290
56,2334
56,2362
56,2417
56,2460
56,2474
56,2564
56,2584
56,2586
56,2588
56,2617
56,2658
56,2698
56,2802
56,2876
56,2879
56,2909
56,2913
56,2955
56,3014
56,3177
56,3266
56,3306
56,3315
56,3403
56,3438
56,3453
56,3463
56,3529
56,3589
56,3616
56,3640
56,3749
56,3751
56,3755
56,3817
56,3921
56,4041
56,4085
56,4168
56,4186
56,4252
56,4295
56,4340
56,4369
56,4565
56,4712
56,4727
56,4806
56,4821
56,4877
56,4894
56,4940
57,60
57,63
57,69
57,70
57,73
57,75
57,86
57,87
57,117
57,119
57,123
57,130
57,140
57,153
57,154
57,168
57,189
57,190
57,197
57,216
57,233
57,238
57,260
57,277
57,298
57,336
57,344
57,345
57,346
57,354
57,392
57,403
57,408
57,425
57,426
57,427
57,434
57,490
57,526
57,532
57,552
57,563
57,586
57,601
57,623
57,649
57,663
57,666
57,689
57,729
57,731
57,770
57,778
57,779
57,798
57,804
57,825
57,900
57,1038
57,1064
57,1143
57,1162
57,1196
57,1283
57,1314
57,1363
57,1385
57,1401
57,1425
57,1471
57,1615
57,1655
57,1670
57,1724
57,1815
57,1821
57,1829
57,1950
57,1960
57,1973
57,2007
57,2008
57,2130
57,2181
57,2210
57,2313
57,2317
57,2410
57,2429
57,2469
57,2481
57,2565
57,2611
57,2675
57,2694
57,2696
57,2788
57,2806
57,2811
57,2907
57,2913
57,2992
57,3010
57,3018
57,3039
57,3197
57,3228
57,3239
57,3246
57,3368
57,3408
57,3446
57,3454
57,3469
57,3488
57,3544
57,3546
57,3666
57,3699
57,3753
57,3853
57,3871
57,3884
57,3896
57,3973
57,3984
57,4024
57,4091
57,4094
57,4147
57,4196
57,4215
57,4230
57,4267
57,4333
57,4337
57,4341
57,4499
57,4570
57,4574
57,4702
57,4737
57,4739
57,4890
57,4900
57,4979
58,65
58,98
58,127
58,181
58,214
58,222
58,251
58,285
58,324
58,326
58,374
58,382
58,450
58,492
58,509
58,547
58,800
58,812
58,818
58,863
58,866
58,871
58,888
58,926
58,932
58,1052
58,1133
58,1159
58,1183
58,1372
58,1483
58,1491
58,1531
58,1550
58,1613
58,1655
58,1695
58,1777
58,1807
58,1869
58,1876
58,1898
58,1943
58,1999
58,2297
58,2404
58,2415
58,2537
58,2615
58,2633
58,2664
58,2670
58,2705
58,2707
58,2762
58,2807
58,2824
58,2896
58,2993
58,3198
58,3345
58,3354
58,3481
58,3514
58,3532
58,3595
58,3736
58,3876
58,3898
58,4003
58,4335
58,4573
58,4677
59,62
59,63
59,79
59,86
59,100
59,110
59,115
59,147
59,229
59,276
59,352
59,395
59,406
59,414
59,419
59,479
59,484
59,532
59,612
59,641
59,738
59,835
59,932
59,944
59,963
59,1018
59,1045
59,1089
59,1154
59,1169
59,1206
59,1207
59,1215
59,1264
59,1354
59,1434
59,1482
59,1531
59,1552
59,1590
59,1759
59,1779
59,1842
59,1871
59,1955
59,2129
59,2198
59,2250
59,2436
59,2535
59,2701
59,2757
59,2900
59,2903
59,2925
59,3019
59,3100
59,3152
59,3173
59,3321
59,3388
59,3526
59,3955
59,3968
59,3974
59,4020
59,4051
59,4056
59,4062
59,4095
59,4172
59,4239
59,4378
59,4498
59,4504
59,4639
59,4641
59,4655
59,4899
59,4936
59,4944
60,80
60,81
60,82
60,99
60,101
60,125
60,138
60,148
60,151
60,161
60,167
60,197
60,234
60,239
60,253
60,260
60,264
60,324
60,363
60,400
60,417
60,427
60,490
60,491
60,539
60,646
60,682
60,718
60,735
60,763
60,773
60,805
60,824
60,841
60,847
60,878
60,883
60,892
60,901
60,907
60,913
60,915
60,985
60,1007
60,1144
60,1218
60,1266
60,1273
60,1455
60,1457
60,1482
60,1503
60,1529
60,1573
60,1603
60,1677
60,1691
60,1724
60,1756
60,1783
60,1788
60,1801
60,1822
60,2066
60,2349
60,2351
60,2385
60,2386
60,2493
60,2494
60,2530
60,2682
60,2841
60,2965
60,3062
60,3154
60,3169
60,3221
60,3319
60,3377
60,3401
60,3556
60,3561
60,3746
60,3835
60,3931
60,3986
60,4113
60,4196
60,4252
60,4318
60,4355
60,4401
60,4486
60,4513
60,4607
60,4698
60,4715
60,4740
60,4812
60,4846
60,4876
61,105
61,108
61,113
61,114
61,119
61,166
61,181
61,190
61,199
61,251
61,282
61,289
61,321
61,370
61,433
61,445
61,562
61,618
61,619
61,642
61,668
61,710
61,734
61,758
61,782
61,791
61,792
61,900
61,953
61,967
61,1019
61,1073
61,1125
61,1132
61,1190
61,1214
61,1320
61,1325
61,1365
61,1383
61,1443
61,1456
61,1544
61,1583
61,1650
61,1704
61,1705
61,1719
61,1724
61,1736
61,1828
61,1885
61,1985
61,2005
61,2042
61,2057
61,2202
61,2459
61,2545
61,2647
61,2667
61,2798
61,2808
61,2897
61,3107
61,3250
61,3268
61,3381
61,3426
61,3431
61,3492
61,3537
61,3555
61,3606
61,3635
61,3704
61,3713
61,3924
61,4020
61,4023
61,4052
61,4170
61,4361
61,4455
61,4608
61,4691
61,4695
61,4927
62,64
62,76
62,85
62,91
62,107
62,116
62,130
62,137
62,161
62,169
62,189
62,239
62,340
62,348
62,373
62,384
62,391
62,413
62,419
62,424
62,428
62,433
62,437
62,443
62,486
62,510
62,515
62,568
62,595
62,612
62,644
62,661
62,692
62,736
62,746
62,832
62,836
62,857
62,879
62,884
62,955
62,960
62,979
62,1001
62,1034
62,1072
62,1089
62,1099
62,1114
62,1159
62,1298
62,1326
62,1335
62,1338
62,1339
62,1362
62,1364
62,1428
62,1608
62,1628
62,1662
62,1699
62,1716
62,1723
62,1728
62,1778
62,1780
62,1793
62,2025
62,2064
62,2069
62,2085
62,2159
62,2167
62,2202
62,2204
62,2355
62,2405
62,2490
62,2494
62,2539
62,2551
62,2570
62,2575
62,2636
62,2654
62,2767
62,2878
62,2891
62,2933
62,2937
62,3014
62,3072
62,3122
62,3127
62,3205
62,3252
62,3255
62,3290
62,3298
62,3307
62,3313
62,3354
62,3383
62,3794
62,3970
62,4050
62,4085
62,4111
62,4115
62,4152
62,4221
62,4282
62,4358
62,4488
62,4496
62,4550
62,4869
62,4878
62,4886
62,4919
62,4983
63,64
63,73
63,97
63,105
63,106
63,108
63,126
63,128
63,135
63,139
63,148
63,152
63,158
63,169
63,180
63,193
63,211
63,221
63,238
63,246
63,270
63,273
63,277
63,278
63,313
63,332
63,337
63,350
63,356
63,371
63,389
63,409
63,429
63,432
63,452
63,453
63,479
63,508
63,542
63,595
63,647
63,766
63,796
63,814
63,859
63,887
63,901
63,961
63,965
63,972
63,1011
63,1034
63,1073
63,1125
63,1245
63,1249
63,1327
63,1375
63,1530
63,1543
63,1619
63,1748
63,1801
63,1834
63,1874
63,1895
63,1901
63,1977
63,1995
63,2227
63,2239
63,2290
63,2299
63,2316
63,2512
63,2524
63,2525
63,2538
63,2597
63,2630
63,2698
63,2704
63,3034
63,3056
63,3058
63,3154
63,3209
63,3298
63,3325
63,3376
63,3418
63,3530
63,3598
63,3681
63,3686
63,3744
63,3831
63,3904
63,3984
63,4063
63,4066
63,4077
63,4087
63,4135
63,4153
63,4203
63,4323
63,4345
63,4482
63,4496
63,4803
63,4950
63,4975
64,133
64,142
64,155
64,194
64,197
64,218
64,244
64,262
64,285
64,318
64,323
64,391
64,394
64,427
64,601
64,645
64,762
64,821
64,855
64,909
64,938
64,1003
64,1127
64,1182
64,1203
64,1227
64,1231
64,1259
64,1282
64,1295
64,1416
64,1429
64,1529
64,1730
64,1797
64,1870
64,1892
64,1933
64,1951
64,2029
64,2128
64,2225
64,2229
64,2267
64,2436
64,2452
64,2492
64,2599
64,2622
64,2644
64,2678
64,2732
64,2744
64,2745
64,2780
64,2832
64,2986
64,3180
64,3333
64,3683
64,3698
64,3714
64,3838
64,4012
64,4077
64,4126
64,4137
64,4340
64,4359
64,4385
64,4583
64,4607
64,4810
64,4915
64,4931
65,69
65,76
65,88
65,135
65,147
65,154
65,193
65,199
65,220
65,221
65,227
65,275
65,291
65,302
65,314
65,319
65,351
65,357
65,362
65,416
65,418
65,465
65,488
65,502
65,534
65,557
65,608
65,651
65,659
65,678
65,691
65,763
65,808
65,847
65,882
65,923
65,935
65,1127
65,1166
65,1174
65,1201
65,1285
65,1352
65,1383
65,1403
65,1440
65,1450
65,1472
65,1477
65,1512
65,1568
65,1575
65,1587
65,1689
65,1716
65,1724
65,1743
65,1760
65,1801
65,1840
65,1848
65,1855
65,1861
65,1895
65,1904
65,1915
65,1970
65,1980
65,2098
65,2102
65,2122
65,2195
65,2220
65,2314
65,2331
65,2440
65,2531
65,2548
65,2610
65,2629
65,2905
65,2941
65,3009
65,3066
65,3085
65,3115
65,3256
65,3385
65,3602
65,3652
65,3727
65,3748
65,3842
65,3879
65,3922
65,4128
65,4138
65,4316
65,4367
65,4368
65,4462
65,4484
65,4513
65,4552
65,4564
65,4617
65,4662
65,4702
65,4742
65,4757
65,4928
66,75
66,78
66,90
66,105
66,132
66,137
66,177
66,186
66,198
66,208
66,225
66,242
66,243
66,246
66,248
66,249
66,253
66,275
66,297
66,308
66,312
66,316
66,375
66,390
66,415
66,452
66,500
66,502
66,540
66,548
66,581
66,584
66,687
66,718
66,726
66,777
66,784
66,787
66,819
66,836
66,849
66,922
66,925
66,939
66,993
66,1033
66,1151
66,1180
66,1210
66,1235
66,1239
66,1286
66,1331
66,1404
66,1425
66,1489
66,1507
66,1515
66,1606
66,1690
66,1706
66,1729
66,1731
66,1764
66,1778
66,1814
66,1830
66,1923
66,2045
66,2141
66,2173
66,2209
66,2216
66,2306
66,2307
66,2366
66,2392
66,2432
66,2657
66,2660
66,2668
66,2771
66,2855
66,2903
66,3028
66,3140
66,3242
66,3271
66,3309
66,3322
66,3384
66,3388
66,3409
66,3514
66,3566
66,3670
66,3707
66,3763
66,3797
66,3884
66,3905
66,3940
66,4104
66,4109
66,4255
66,4289
66,4356
66,4437
66,4440
66,4498
66,4616
66,4636
66,4852
66,4904
67,70
67,76
67,111
67,122
67,127
67,128
67,151
67,203
67,233
67,237
67,278
67,313
67,394
67,457
67,460
67,503
67,794
67,893
67,901
67,911
67,997
67,1198
67,1216
67,1266
67,1285
67,1360
67,1507
67,1770
67,1789
67,1849
67,2030
67,2294
67,2333
67,2345
67,2628
67,2631
67,2704
67,2980
67,3196
67,3393
67,3492
67,3632
67,3674
67,3714
67,3914
67,4114
67,4124
67,4148
67,4218
67,4269
67,4577
67,4599
67,4779
67,4850
67,4891
68,96
68,107
68,136
68,202
68,252
68,266
68,280
68,297
68,299
68,382
68,457
68,507
68,513
68,544
68,570
68,583
68,585
68,596
68,686
68,732
68,737
68,743
68,779
68,840
68,846
68,851
68,960
68,965
68,1049
68,1082
68,1153
68,1475
68,1501
68,1547
68,1549
68,1582
68,1607
68,1641
68,1654
68,1855
68,2282
68,2285
68,2372
68,2415
68,2478
68,2501
68,2705
68,2917
68,2920
68,2930
68,2931
68,2951
68,2988
68,3033
68,3061
68,3066
68,3074
68,3161
68,3249
68,3276
68,3359
68,3387
68,3816
68,3883
68,3892
68,4076
68,4535
68,4567
68,4674
68,4861
68,4869
68,4933
69,88
69,105
69,114
69,115
69,139
69,142
69,155
69,162
69,167
69,181
69,194
69,219
69,267
69,306
69,317
69,320
69,360
69,374
69,399
69,403
69,408
69,434
69,530
69,591
69,770
69,801
69,860
69,867
69,868
69,891
69,898
69,930
69,950
69,963
69,1070
69,1099
69,1137
69,1144
69,1185
69,1189
69,1197
69,1313
69,1386
69,1621
69,1629
69,1647
69,1776
69,1880
69,1917
69,1966
69,1968
69,2031
69,2128
69,2225
69,2376
69,2393
69,2423
69,2439
69,2463
69,2514
69,2565
69,2624
69,2770
69,2772
69,2791
69,2812
69,2921
69,3046
69,3051
69,3148
69,3381
69,3423
69,3444
69,3708
69,3750
69,4031
69,4132
69,4135
69,4172
69,4233
69,4445
69,4561
69,4664
69,4666
69,4874
69,4913
70,75
70,98
70,108
70,109
70,114
70,128
70,134
70,147
70,153
70,162
70,186
70,200
70,270
70,273
70,278
70,322
70,332
70,380
70,391
70,404
70,416
70,427
70,436
70,510
70,540
70,555
70,618
70,644
70,717
70,721
70,725
70,759
70,765
70,816
70,822
70,837
70,924
70,975
70,1106
70,1116
70,1205
70,1218
70,1235
70,1237
70,1281
70,1383
70,1404
70,1436
70,1496
70,1528
70,1599
70,1618
70,1677
70,1759
70,1866
70,1917
70,2104
70,2115
70,2182
70,2186
70,2246
70,2569
70,2621
70,2742
70,2900
70,3013
70,3151
70,3187
70,3259
70,3261
70,3277
70,3290
70,3297
70,3346
70,3370
70,3411
70,3442
70,3568
70,3712
70,3717
70,3843
70,3946
70,4068
70,4140
70,4187
70,4563
70,4569
70,4570
70,4702
70,4999
71,84
71,94
71,100
71,101
71,129
71,133
71,136
71,167
71,196
71,234
71,257
71,271
71,304
71,306
71,315
71,319
71,327
71,336
71,359
71,373
71,405
71,407
71,418
71,458
71,515
71,606
71,628
71,652
71,718
71,735
71,884
71,924
71,951
71,973
71,984
71,1054
71,1072
71,1142
71,1169
71,1244
71,1378
71,1413
71,1421
71,1559
71,1742
71,1782
71,1848
71,1981
71,2098
71,2118
71,2294
71,2307
71,2336
71,2353
71,2380
71,2385
71,2393
71,2421
71,2514
71,2535
71,2605
71,2620
71,2627
71,2734
71,2740
71,2761
71,2855
71,2949
71,2980
71,3024
71,3135
71,3181
71,3183
71,3207
71,3509
71,3516
71,3931
71,4127
71,4141
71,4170
71,4190
71,4404
71,4498
71,4564
71,4578
71,4621
71,4816
71,4824
71,4872
71,4883
71,4898
72,77
72,104
72,105
72,121
72,126
72,149
72,162
72,171
72,182
72,229
72,256
72,294
72,314
72,321
72,352
72,359
72,378
72,381
72,394
72,397
72,412
72,432
72,443
72,543
72,713
72,715
72,724
72,737
72,778
72,836
72,922
72,933
72,1054
72,1059
72,1088
72,1153
72,1154
72,1190
72,1244
72,1260
72,1361
72,1467
72,1490
72,1624
72,1652
72,1725
72,1894
72,2028
72,2074
72,2110
72,2179
72,2206
72,2664
72,2888
72,3088
72,3099
72,3282
72,3318
72,3392
72,3535
72,3551
72,3721
72,3737
72,3742
72,3769
72,3848
72,3995
72,4286
72,4509
72,4589
73,99
73,117
73,121
73,143
73,181
73,191
73,232
73,265
73,334
73,337
73,368
73,446
73,459
73,461
73,504
73,509
73,613
73,660
73,710
73,769
73,831
73,875
73,895
73,979
73,1000
73,1041
73,1056
73,1231
73,1237
73,1370
73,1464
73,1489
73,1632
73,1649
73,1675
73,1891
73,2052
73,2077
73,2241
73,2324
73,2678
73,2772
73,3026
73,3031
73,3058
73,3127
73,3189
73,3217
73,3484
73,3653
73,3669
73,3877
73,4080
73,4309
73,4346
73,4448
73,4457
73,4726
73,4868
73,4878
73,4897
73,4957
74,91
74,104
74,121
74,144
74,165
74,190
74,200
74,219
74,227
74,244
74,355
74,365
74,385
74,442
74,476
74,559
74,563
74,781
74,835
74,943
74,974
74,980
74,1002
74,1064
74,1085
74,1108
74,1168
74,1250
74,1376
74,1393
74,1450
74,1681
74,1765
74,1769
74,1914
74,1990
74,1994
74,2039
74,2303
74,2345
74,2433
74,2510
74,2521
74,2562
74,2627
74,2752
74,2777
74,2873
74,3009
74,3276
74,3455
74,3554
74,3616
74,3641
74,3682
74,3722
74,3740
74,3914
74,4073
74,4262
74,4615
74,4626
74,4863
75,78
75,88
75,104
75,108
75,124
75,143
75,178
75,179
75,182
75,203
75,204
75,211
75,213
75,233
75,255
75,267
75,279
75,280
75,289
75,301
75,328
75,355
75,380
75,393
75,395
75,400
75,414
75,438
75,456
75,461
75,471
75,485
75,491
75,552
75,568
75,572
75,581
75,584
75,623
75,683
75,702
75,738
75,771
75,852
75,894
75,961
75,1038
75,1040
75,1046
75,1104
75,1129
75,1168
75,1192
75,1204
75,1288
75,1318
75,1409
75,1492
75,1499
75,1530
75,1560
75,1618
75,1657
75,1828
75,1917
75,1945
75,1959
75,2035
75,2128
75,2163
75,2230
75,2283
75,2291
75,2352
75,2427
75,2429
75,2462
75,2522
75,2651
75,2659
75,2692
75,2758
75,2768
75,2783
75,2830
75,2838
75,2880
75,2932
75,2994
75,3007
75,3207
75,3216
75,3217
75,3254
75,3271
75,3275
75,3307
75,3352
75,3398
75,3504
75,3683
75,3718
75,3759
75,3958
75,4114
75,4324
75,4372
75,4413
75,4496
75,4550
75,4607
75,4649
75,4719
75,4884
75,4908
75,4938
76,80
76,81
76,108
76,116
76,121
76,131
76,135
76,142
76,144
76,157
76,173
76,195
76,208
76,226
76,242
76,243
76,246
76,271
76,279
76,283
76,306
76,313
76,314
76,323
76,326
76,352
76,354
76,357
76,367
76,444
76,453
76,461
76,463
76,478
76,513
76,515
76,559
76,618
76,621
76,635
76,671
76,689
76,729
76,734
76,736
76,801
76,832
76,838
76,953
76,1005
76,1035
76,1163
76,1176
76,1191
76,1303
76,1309
76,1361
76,1374
76,1438
76,1504
76,1543
76,1572
76,1612
76,1804
76,1816
76,1824
76,1844
76,1914
76,1915
76,1926
76,1929
76,2054
76,2094
76,2107
76,2151
76,2376
76,2392
76,2439
76,2507
76,2540
76,2553
76,2626
76,2630
76,2766
76,2768
76,2788
76,2795
76,2892
76,2975
76,3001
76,3060
76,3061
76,3345
76,3399
76,3462
76,3551
76,3661
76,3667
76,3671
76,3828
76,3845
76,3922
76,4020
76,4129
76,4145
76,4181
76,4199
76,4215
76,4265
76,4337
76,4365
76,4394
76,4400
76,4402
76,4476
76,4568
76,4748
76,4842
76,4864
77,80
77,83
77,92
77,97
77,122
77,126
77,134
77,137
77,199
77,207
77,228
77,247
77,272
77,287
77,344
77,461
77,484
77,517
77,524
77,582
77,637
77,647
77,674
77,719
77,904
77,1093
77,1126
77,1145
77,1225
77,1266
77,1274
77,1319
77,1337
77,1375
77,1430
77,1527
77,1696
77,1698
77,1785
77,1858
77,1875
77,1886
77,2075
77,2165
77,2181
77,2188
77,2193
77,2269
77,2308
77,2354
77,2387
77,2481
77,2523
77,2524
77,2842
77,3093
77,3279
77,3288
77,3402
77,3522
77,3677
77,3981
77,4033
77,4043
77,4206
77,4645
77,4649
77,4809
77,4918
78,80
78,87
78,98
78,111
78,126
78,170
78,179
78,193
78,227
78,249
78,273
78,278
78,290
78,312
78,315
78,410
78,431
78,496
78,545
78,552
78,566
78,580
78,594
78,595
78,610
78,676
78,677
78,683
78,703
78,707
78,740
78,774
78,791
78,828
78,835
78,877
78,878
78,888
78,890
78,926
78,1008
78,1042
78,1169
78,1212
78,1232
78,1321
78,1322
78,1352
78,1405
78,1431
78,1489
78,1578
78,1594
78,1611
78,1631
78,1755
78,1793
78,1907
78,1921
78,1980
78,2027
78,2035
78,2086
78,2103
78,2127
78,2150
78,2159
78,2175
78,2211
78,2252
78,2272
78,2273
78,2340
78,2435
78,2445
78,2470
78,2549
78,2559
78,2715
78,2721
78,2771
78,2785
78,2805
78,2812
78,2885
78,2913
78,2987
78,3021
78,3120
78,3157
78,3214
78,3266
78,3279
78,3301
78,3311
78,3389
78,3479
78,3489
78,3548
78,3633
78,3672
78,3688
78,3751
78,3767
78,3803
78,3857
78,3921
78,3933
78,3979
78,4217
78,4312
78,4313
78,4571
78,4713
78,4765
78,4792
78,4831
78,4940
78,4959
79,134
79,183
79,218
79,220
79,237
79,270
79,331
79,398
79,421
79,467
79,542
79,598
79,797
79,802
79,803
79,856
79,953
79,1138
79,1143
79,1155
79,1205
79,1279
79,1283
79,1295
79,1436
79,1467
79,1632
79,1707
79,1741
79,1774
79,1889
79,1901
79,1943
79,1998
79,2034
79,2123
79,2212
79,2255
79,2278
79,2363
79,2529
79,2714
79,2736
79,2750
79,2840
79,2909
79,2982
79,3477
79,3525
79,3526
79,3530
79,3749
79,3775
79,3784
79,3799
79,3890
79,4094
79,4266
79,4571
80,159
80,160
80,169
80,220
80,226
80,233
80,258
80,456
80,464
80,659
80,726
80,750
80,915
80,929
80,960
80,1038
80,1127
80,1175
80,1298
80,1304
80,1346
80,1393
80,1401
80,1453
80,1467
80,1549
80,1609
80,1614
80,1725
80,1763
80,1858
80,1912
80,2123
80,2208
80,2555
80,2730
80,2891
80,3276
80,3491
80,3801
80,3855
80,3882
80,3888
80,4148
80,4219
80,4329
80,4473
80,4711
80,4716
80,4735
80,4736
81,96
81,135
81,168
81,268
81,285
81,313
81,338
81,397
81,437
81,474
81,536
81,553
81,596
81,678
81,916
81,1020
81,1297
81,1298
81,1448
81,1479
81,1487
81,1511
81,1532
81,1593
81,1672
81,1957
81,1967
81,1973
81,1980
81,2000
81,2029
81,2049
81,2059
81,2123
81,2307
81,2358
81,2518
81,2529
81,2614
81,2628
81,2673
81,2728
81,2750
81,2831
81,2970
81,3049
81,3564
81,3665
81,3714
81,4087
81,4645
81,4646
81,4692
81,4768
81,4875
81,4911
81,4990
82,83
82,103
82,113
82,124
82,142
82,159
82,196
82,269
82,282
82,325
82,328
82,339
82,376
82,444
82,453
82,470
82,472
82,489
82,544
82,551
82,578
82,641
82,691
82,717
82,783
82,1425
82,1623
82,1643
82,1729
82,1821
82,1841
82,1853
82,2080
82,2252
82,2427
82,2480
82,2599
82,2876
82,2931
82,3216
82,3442
82,3653
82,3780
82,4144
82,4211
82,4307
82,4379
83,87
83,124
83,125
83,135
83,150
83,152
83,155
83,159
83,162
83,175
83,185
83,190
83,257
83,262
83,341
83,359
83,370
83,388
83,439
83,456
83,484
83,491
83,518
83,544
83,552
83,572
83,593
83,596
83,599
83,606
83,647
83,683
83,696
83,709
83,731
83,733
83,749
83,768
83,785
83,823
83,843
83,852
83,889
83,899
83,930
83,931
83,939
83,969
83,975
83,986
83,1086
83,1092
83,1130
83,1168
83,1205
83,1221
83,1227
83,1282
83,1285
83,1297
83,1306
83,1312
83,1315
83,1327
83,1484
83,1561
83,1600
83,1613
83,1639
83,1669
83,1705
83,1773
83,1798
83,1874
83,1892
83,1959
83,2005
83,2030
83,2140
83,2147
83,2255
83,2348
83,2365
83,2391
83,2404
83,2476
83,2487
83,2494
83,2498
83,2577
83,2647
83,2703
83,2779
83,2905
83,2924
83,3022
83,3050
83,3105
83,3186
83,3216
83,3233
83,3320
83,3341
83,3358
83,3371
83,3417
83,3514
83,3554
83,3582
83,3604
83,3674
83,3794
83,3803
83,3806
83,3832
83,3856
83,3918
83,3942
83,3998
83,4025
83,4028
83,4066
83,4084
83,4106
83,4119
83,4136
83,4147
83,4156
83,4160
83,4220
83,4242
83,4317
83,4386
83,4404
83,4446
83,4580
83,4600
83,4678
83,4699
83,4780
83,4914
83,4955
84,90
84,104
84,152
84,157
84,167
84,282
84,284
84,333
84,482
84,502
84,503
84,507
84,521
84,525
84,580
84,596
84,610
84,642
84,651
84,678
84,686
84,840
84,953
84,982
84,1015
84,1016
84,1049
84,1063
84,1115
84,1139
84,1151
84,1222
84,1484
84,1488
84,1539
84,1565
84,1739
84,1820
84,1964
84,1988
84,2085
84,2172
84,2182
84,2481
84,2574
84,2590
84,2633
84,2735
84,2779
84,2863
84,2882
84,2901
84,2993
84,3037
84,3057
84,3102
84,3137
84,3241
84,3297
84,3357
84,3379
84,3483
84,3531
84,3626
84,3701
84,3722
84,3726
84,3915
84,4164
84,4602
84,4713
84,4795
84,4934
84,4967
85,90
85,92
85,107
85,109
85,120
85,144
85,146
85,170
85,178
85,179
85,188
85,213
85,244
85,253
85,273
85,281
85,325
85,336
85,339
85,340
85,342
85,405
85,429
85,442
85,464
85,466
85,472
85,489
85,491
85,566
85,624
85,636
85,663
85,665
85,686
85,701
85,705
85,706
85,793
85,828
85,940
85,950
85,1017
85,1026
85,1049
85,1122
85,1167
85,1456
85,1479
85,1529
85,1555
85,1561
85,1573
85,1624
85,1632
85,1720
85,1801
85,1833
85,1834
85,1885
85,1894
85,1900
85,1918
85,1955
85,2231
85,2259
85,2308
85,2339
85,2375
85,2427
85,2453
85,2494
85,2508
85,2553
85,2586
85,2623
85,2636
85,2677
85,2754
85,2764
85,2834
85,3040
85,3068
85,3088
85,3137
85,3146
85,3147
85,3244
85,3287
85,3331
85,3477
85,3612
85,3683
85,3776
85,3798
85,3871
85,3893
85,3941
85,4004
85,4075
85,4280
85,4338
85,4346
85,4363
85,4367
85,4453
85,4517
85,4556
85,4706
85,4818
85,4862
85,4923
86,91
86,107
86,108
86,109
86,131
86,139
86,165
86,179
86,205
86,215
86,304
86,349
86,364
86,390
86,425
86,436
86,459
86,487
86,511
86,519
86,523
86,536
86,545
86,618
86,728
86,819
86,1065
86,1104
86,1106
86,1142
86,1196
86,1338
86,1410
86,1461
86,1572
86,1724
86,1735
86,1957
86,2042
86,2077
86,2498
86,2657
86,2907
86,3092
86,3151
86,3304
86,3349
86,3412
86,3478
86,3578
86,3726
86,3750
86,3763
86,3877
86,4013
86,4103
86,4199
86,4336
86,4592
86,4798
86,4847
86,4978
87,118
87,165
87,171
87,177
87,181
87,188
87,219
87,223
87,238
87,254
87,266
87,280
87,281
87,282
87,284
87,286
87,357
87,362
87,376
87,394
87,423
87,426
87,473
87,508
87,535
87,554
87,593
87,682
87,793
87,803
87,845
87,849
87,905
87,1051
87,1060
87,1067
87,1079
87,1085
87,1117
87,1143
87,1155
87,1258
87,1384
87,1472
87,1500
87,1539
87,1552
87,1605
87,1637
87,1654
87,1870
87,1884
87,1999
87,2022
87,2145
87,2193
87,2455
87,2531
87,2532
87,2545
87,2649
87,2656
87,2657
87,2785
87,2815
87,3032
87,3175
87,3357
87,3533
87,3639
87,3670
87,3690
87,3727
87,3842
87,4036
87,4243
87,4403
87,4433
87,4519
87,4534
87,4765
87,4789
87,4891
87,4892
87,4925
87,4988
88,97
88,102
88,129
88,134
88,151
88,180
88,203
88,241
88,242
88,289
88,349
88,353
88,421
88,458
88,598
88,635
88,787
88,845
88,882
88,924
88,940
88,1062
88,1149
88,1171
88,1247
88,1275
88,1304
88,1355
88,1401
88,1447
88,1518
88,1566
88,1622
88,1625
88,1800
88,1802
88,1882
88,1931
88,1936
88,1990
88,2152
88,2341
88,2416
88,2445
88,2459
88,2462
88,2552
88,2687
88,2791
88,2977
88,2991
88,2998
88,3004
88,3044
88,3548
88,3553
88,3604
88,3633
88,3700
88,3779
88,3880
88,4064
88,4330
88,4375
88,4512
88,4562
88,4673
88,4718
88,4800
89,94
89,100
89,106
89,122
89,175
89,209
89,252
89,266
89,300
89,323
89,367
89,413
89,460
89,511
89,535
89,540
89,568
89,704
89,715
89,737
89,748
89,899
89,998
89,1080
89,1149
89,1165
89,1177
89,1314
89,1651
89,1757
89,1782
89,1829
89,2013
89,2018
89,2052
89,2111
89,2113
89,2169
89,2179
89,2190
89,2207
89,2218
89,2353
89,2413
89,2468
89,2535
89,2752
89,2791
89,2868
89,2990
89,3048
89,3391
89,3435
89,3450
89,3888
89,3919
89,4085
89,4274
89,4779
89,4907
90,116
90,181
90,196
90,197
90,209
90,212
90,285
90,291
90,316
90,337
90,340
90,359
90,380
90,422
90,471
90,560
90,562
90,586
90,625
90,643
90,726
90,780
90,804
90,846
90,928
90,939
90,944
90,974
90,975
90,991
90,994
90,1013
90,1027
90,1035
90,1059
90,1070
90,1210
90,1228
90,1232
90,1339
90,1466
90,1487
90,1489
90,1508
90,1549
90,1742
90,1777
90,1819
90,1848
90,1877
90,1894
90,2007
90,2082
90,2103
90,2286
90,2390
90,2484
90,2576
90,2631
90,2733
90,2765
90,2789
90,2913
90,2915
90,2941
90,3025
90,3064
90,3197
90,3206
90,3239
90,3249
90,3551
90,3566
90,3780
90,3864
90,3917
90,3919
90,4067
90,4104
90,4134
90,4137
90,4305
90,4447
90,4525
90,4790
90,4874
91,99
91,103
91,129
91,228
91,251
91,301
91,585
91,610
91,615
91,698
91,704
91,712
91,719
91,743
91,786
91,992
91,1066
91,1096
91,1165
91,1218
91,1235
91,1273
91,1371
91,1518
91,1697
91,1813
91,1831
91,1947
91,1956
91,2015
91,2084
91,2173
91,2255
91,2264
91,2315
91,2362
91,2425
91,2569
91,2863
91,2881
91,2887
91,2916
91,2970
91,2981
91,3021
91,3063
91,3113
91,3131
91,3266
91,3323
91,3379
91,3478
91,3715
91,3984
91,4148
91,4151
91,4192
91,4210
91,4259
91,4336
91,4370
91,4453
91,4550
91,4594
91,4599
91,4619
91,4712
92,118
92,122
92,124
92,145
92,158
92,160
92,221
92,227
92,240
92,245
92,294
92,320
92,333
92,360
92,372
92,427
92,463
92,476
92,579
92,633
92,648
92,663
92,697
92,756
92,800
92,827
92,1118
92,1130
92,1284
92,1468
92,1567
92,1620
92,1660
92,1808
92,1856
92,1857
92,1926
92,1977
92,2023
92,2161
92,2248
92,2254
92,2261
92,2414
92,2484
92,2622
92,2629
92,2656
92,2686
92,2699
92,2766
92,2902
92,2930
92,2941
92,2968
92,3041
92,3057
92,3105
92,3304
92,3391
92,3448
92,3475
92,3552
92,3665
92,3679
92,3788
92,4012
92,4043
92,4064
92,4223
92,4286
92,4365
92,4474
92,4609
92,4730
92,4801
92,4926
92,4935
93,123
93,163
93,256
93,362
93,394
93,416
93,417
93,433
93,462
93,550
93,581
93,605
93,700
93,712
93,764
93,795
93,804
93,861
93,917
93,1008
93,1010
93,1239
93,1338
93,1365
93,1413
93,1498
93,1586
93,1626
93,1649
93,1695
93,1788
93,1994
93,2024
93,2391
93,2667
93,2731
93,3399
93,3669
93,3686
93,4095
93,4133
93,4265
93,4322
93,4419
93,4613
93,4667
93,4802
93,4832
93,4852
93,4915
94,101
94,109
94,127
94,136
94,138
94,141
94,155
94,222
94,273
94,276
94,330
94,337
94,344
94,358
94,391
94,399
94,472
94,531
94,580
94,591
94,621
94,698
94,712
94,769
94,773
94,823
94,829
94,915
94,970
94,1064
94,1096
94,1112
94,1145
94,1170
94,1177
94,1187
94,1250
94,1343
94,1361
94,1481
94,1524
94,1568
94,1644
94,1663
94,1743
94,1819
94,1900
94,2020
94,2090
94,2124
94,2241
94,2336
94,2607
94,2651
94,2679
94,2683
94,2685
94,2694
94,2736
94,2753
94,2786
94,2796
94,2822
94,3035
94,3226
94,3333
94,3371
94,3560
94,3663
94,3666
94,3837
94,3849
94,3931
94,3934
94,4218
94,4268
94,4348
94,4456
94,4600
94,4770
94,4772
94,4810
94,4833
94,4894
95,97
95,150
95,203
95,229
95,297
95,305
95,308
95,317
95,376
95,393
95,438
95,444
95,451
95,455
95,486
95,634
95,707
95,717
95,862
95,930
95,987
95,1130
95,1174
95,1309
95,1397
95,1427
95,1447
95,1620
95,1781
95,1887
95,2004
95,2545
95,2589
95,2599
95,2702
95,2984
95,3108
95,3182
95,3208
95,3265
95,3323
95,3361
95,3894
95,3931
95,4003
95,4036
95,4115
95,4186
95,4190
95,4210
95,4556
95,4568
95,4594
96,113
96,132
96,145
96,153
96,163
96,279
96,287
96,298
96,337
96,351
96,401
96,434
96,449
96,455
96,461
96,508
96,519
96,559
96,659
96,671
96,673
96,684
96,715
96,720
96,721
96,723
96,735
96,824
96,857
96,865
96,917
96,931
96,979
96,1032
96,1135
96,1213
96,1234
96,1240
96,1333
96,1427
96,1492
96,1539
96,1546
96,1598
96,1975
96,2216
96,2248
96,2258
96,2276
96,2300
96,2379
96,2445
96,2463
96,2532
96,2544
96,2604
96,2617
96,2682
96,2727
96,2753
96,2777
96,2832
96,2886
96,2898
96,3229
96,3291
96,3376
96,3516
96,3826
96,4119
96,4405
96,4527
96,4552
96,4741
96,4966
96,4996
97,163
97,187
97,192
97,402
97,791
97,1227
97,1264
97,1712
97,1773
97,1778
97,1783
97,1958
97,2176
97,2284
97,3049
97,4391
98,120
98,122
98,128
98,195
98,207
98,274
98,286
98,288
98,294
98,306
98,324
98,334
98,376
98,380
98,411
98,467
98,490
98,525
98,529
98,572
98,619
98,621
98,627
98,667
98,1069
98,1400
98,1470
98,1476
98,1567
98,1643
98,1720
98,1945
98,1960
98,2048
98,2115
98,2366
98,2405
98,2484
98,2518
98,2520
98,2644
98,2668
98,2730
98,2876
98,2930
98,3223
98,3259
98,3399
98,3588
98,3594
98,3629
98,3965
98,4004
98,4103
98,4477
98,4654
98,4711
98,4993
99,112
99,114
99,123
99,145
99,163
99,218
99,267
99,268
99,275
99,295
99,299
99,328
99,413
99,512
99,544
99,567
99,638
99,660
99,681
99,722
99,737
99,999
99,1255
99,1350
99,1399
99,1437
99,1439
99,1566
99,1675
99,1691
99,1767
99,1819
99,1927
99,2051
99,2092
99,2175
99,2314
99,2357
99,2431
99,2560
99,2785
99,2787
99,2944
99,3160
99,3218
99,3262
99,3351
99,3664
99,4285
99,4386
99,4435
99,4505
99,4566
99,4636
99,4849
100,115
100,119
100,131
100,143
100,162
100,175
100,198
100,224
100,234
100,237
100,256
100,301
100,313
100,324
100,339
100,344
100,365
100,370
100,408
100,427
100,473
100,541
100,547
100,553
100,594
100,613
100,768
100,850
100,936
100,1000
100,1053
100,1083
100,1154
100,1155
100,1165
100,1214
100,1252
100,1316
100,1318
100,1328
100,1542
100,1552
100,1563
100,1658
100,1729
100,1804
100,1903
100,2034
100,2247
100,2268
100,2464
100,2469
100,2488
100,2574
100,2583
100,2606
100,2654
100,2701
100,2768
100,2838
100,3089
100,3098
100,3229
100,3246
100,3273
100,3297
100,3439
100,3447
100,3553
100,3625
100,3649
100,3674
100,3772
100,3856
100,3898
100,4092
100,4169
100,4177
100,4237
100,4528
100,4645
100,4656
100,4722
100,4912
100,4948
101,122
101,186
101,306
101,365
101,431
101,447
101,518
101,622
101,650
101,681
101,700
101,717
101,856
101,873
101,1125
101,1454
101,1497
101,1580
101,1622
101,1624
101,1761
101,1944
101,1987
101,2039
101,2043
101,2114
101,2123
101,2126
101,2163
101,2550
101,2616
101,2719
101,2906
101,2940
101,3176
101,3225
101,3242
101,3277
101,3707
101,3854
101,3958
101,4044
101,4651
101,4724
101,4738
101,4953
102,107
102,110
102,114
102,123
102,130
102,141
102,148
102,153
102,164
102,166
102,173
102,174
102,176
102,189
102,197
102,199
102,202
102,217
102,218
102,227
102,242
102,252
102,257
102,301
102,303
102,327
102,369
102,408
102,446
102,458
102,507
102,517
102,553
102,568
102,571
102,581
102,585
102,611
102,661
102,671
102,742
102,767
102,806
102,846
102,901
102,937
102,1015
102,1046
102,1133
102,1137
102,1157
102,1162
102,1280
102,1295
102,1451
102,1458
102,1518
102,1569
102,1574
102,1645
102,1646
102,1696
102,1697
102,1716
102,1764
102,1862
102,1911
102,1914
102,1964
102,1970
102,1977
102,1982
102,1983
102,2148
102,2194
102,2299
102,2558
102,2562
102,2612
102,2640
102,2678
102,2805
102,2831
102,2962
102,2975
102,3015
102,3087
102,3310
102,3360
102,3422
102,3464
102,3531
102,3557
102,3597
102,3604
102,3757
102,3791
102,3808
102,3837
102,3850
102,3910
102,3919
102,3924
102,4077
102,4257
102,4326
102,4403
102,4460
102,4463
102,4524
102,4583
102,4752
102,4778
102,4798
102,4887
102,4973
103,151
103,160
103,178
103,328
103,353
103,396
103,498
103,656
103,672
103,785
103,909
103,918
103,1032
103,1083
103,1110
103,1156
103,1187
103,1295
103,1302
103,1496
103,1603
103,1660
103,1681
103,1757
103,1856
103,1874
103,2207
103,2234
103,2296
103,2335
103,2346
103,2353
103,2398
103,2612
103,2769
103,2889
103,3007
103,3147
103,3508
103,3920
103,4145
103,4288
103,4479
103,4577
103,4598
103,4736
103,4773
103,4962
104,115
104,152
104,217
104,250
104,348
104,352
104,485
104,487
104,501
104,536
104,646
104,677
104,754
104,757
104,869
104,935
104,937
104,1033
104,1325
104,1380
104,1453
104,1571
104,1843
104,1962
104,2016
104,2136
104,2444
104,2454
104,2522
104,2806
104,2856
104,2915
104,3339
104,3538
104,3734
104,4748
104,4940
105,121
105,168
105,250
105,263
105,298
105,314
105,347
105,375
105,394
105,444
105,448
105,460
105,491
105,541
105,557
105,597
105,600
105,653
105,664
105,724
105,784
105,881
105,1057
105,1126
105,1180
105,1225
105,1275
105,1314
105,1331
105,1453
105,1585
105,1597
105,1615
105,1626
105,1654
105,1656
105,1694
105,1707
105,1756
105,1787
105,1799
105,1849
105,1953
105,1958
105,2039
105,2131
105,2153
105,2182
105,2280
105,2388
105,2597
105,2647
105,2665
105,2919
105,2940
105,2965
105,3228
105,3247
105,3267
105,3344
105,3375
105,3392
105,3489
105,3662
105,3698
105,3821
105,4196
105,4327
105,4401
105,4409
105,4543
105,4797
106,193
106,219
106,266
106,267
106,274
106,302
106,317
106,327
106,376
106,465
106,476
106,526
106,532
106,587
106,628
106,671
106,685
106,715
106,729
106,765
106,804
106,818
106,1045
106,1066
106,1132
106,1144
106,1258
106,1321
106,1355
106,1381
106,1499
106,1623
106,1723
106,1774
106,1937
106,2176
106,2268
106,2411
106,2481
106,2500
106,2816
106,2896
106,2899
106,2919
106,3204
106,3222
106,3276
106,3477
106,3619
106,3639
106,3816
106,3875
106,4323
106,4367
106,4568
106,4616
106,4633
106,4818
106,4952
107,112
107,131
107,215
107,263
107,283
107,344
107,397
107,413
107,424
107,511
107,534
107,679
107,783
107,815
107,906
107,925
107,945
107,949
107,961
107,964
107,1356
107,1362
107,1677
107,1725
107,1768
107,1780
107,1784
107,1878
107,1957
107,1982
107,2191
107,2218
107,2532
107,2579
107,2671
107,2714
107,2827
107,2865
107,2949
107,2958
107,3019
107,3209
107,3380
107,3395
107,3579
107,3724
107,3787
107,3907
107,4272
107,4402
107,4548
107,4762
108,113
108,166
108,257
108,271
108,296
108,302
108,304
108,320
108,330
108,353
108,355
108,364
108,384
108,487
108,519
108,545
108,546
108,603
108,660
108,714
108,745
108,749
108,753
108,763
108,766
108,794
108,838
108,881
108,925
108,1120
108,1146
108,1189
108,1251
108,1316
108,1319
108,1470
108,1538
108,1576
108,1586
108,1627
108,1655
108,1951
108,1957
108,2511
108,2527
108,2555
108,2774
108,3017
108,3032
108,3255
108,3424
108,3428
108,3859
108,3985
108,3989
108,4084
108,4226
108,4356
108,4420
108,4918
109,165
109,189
109,195
109,234
109,258
109,261
109,338
109,390
109,430
109,450
109,466
109,683
109,820
109,842
109,871
109,903
109,1022
109,1132
109,1322
109,1392
109,1410
109,1709
109,1794
109,1843
109,1857
109,1913
109,1919
109,1961
109,1991
109,2074
109,2176
109,2394
109,2424
109,2453
109,2600
109,2936
109,2938
109,3008
109,3206
109,3295
109,3324
109,3513
109,3538
109,3547
109,3669
109,3929
109,4059
109,4144
109,4290
109,4554
109,4640
109,4674
109,4880
109,4914
109,4969
109,4998
110,158
110,217
110,288
110,319
110,321
110,323
110,367
110,454
110,561
110,621
110,704
110,739
110,744
110,752
110,784
110,823
110,891
110,995
110,1035
110,1224
110,1248
110,1279
110,1297
110,1356
110,1432
110,1502
110,1547
110,1554
110,1570
110,1708
110,1719
110,1875
110,1910
110,1990
110,2057
110,2114
110,2127
110,2373
110,2410
110,2456
110,2499
110,2526
110,2579
110,2580
110,2590
110,2654
110,2833
110,2853
110,2872
110,2943
110,3024
110,3114
110,3236
110,3270
110,3284
110,3285
110,3292
110,3327
110,3351
110,3360
110,3470
110,3557
110,3572
110,3633
110,3746
110,3826
110,4064
110,4175
110,4184
110,4256
110,4439
110,4593
110,4705
111,116
111,161
111,212
111,254
111,308
111,332
111,372
111,377
111,495
111,540
111,749
111,902
111,918
111,1134
111,1275
111,1390
111,1719
111,1721
111,1753
111,1785
111,1978
111,2066
111,2224
111,2316
111,2440
111,2521
111,2689
111,2940
111,3179
111,3213
111,3227
111,3819
111,3860
111,3951
111,4006
111,4023
111,4679
111,4810
111,4874
112,170
112,195
112,639
112,1012
112,1050
112,1074
112,1406
112,1411
112,1466
112,1586
112,1611
112,1782
112,1786
112,1922
112,2121
112,2983
112,3013
112,3171
112,3241
112,3250
112,3314
112,3540
112,3633
112,3784
112,3829
112,4126
112,4134
112,4518
112,4656
113,119
113,173
113,177
113,201
113,223
113,256
113,259
113,263
113,291
113,305
113,309
113,335
113,357
113,372
113,421
113,459
113,462
113,471
113,479
113,568
113,695
113,738
113,762
113,772
113,778
113,924
113,1011
113,1039
113,1167
113,1179
113,1289
113,1316
113,1349
113,1415
113,1442
113,1460
113,1509
113,1542
113,1659
113,1714
113,1854
113,1856
113,2003
113,2040
113,2191
113,2350
113,2386
113,2545
113,2555
113,2556
113,2595
113,2621
113,2728
113,2865
113,3188
113,3387
113,3473
113,3476
113,3692
113,4090
113,4167
113,4519
113,4715
113,4744
113,4924
114,187
114,189
114,221
114,306
114,312
114,444
114,488
114,548
114,802
114,826
114,840
114,988
114,1520
114,1547
114,1919
114,2036
114,2109
114,2360
114,2591
114,2727
114,3020
114,3098
114,3512
114,3680
114,3725
114,3828
114,4379
115,157
115,185
115,193
115,205
115,209
115,275
115,393
115,424
115,463
115,511
115,536
115,573
115,609
115,610
115,619
115,664
115,699
115,842
115,873
115,876
115,967
115,1055
115,1144
115,1251
115,1326
115,1388
115,1584
115,1601
115,1667
115,1694
115,1796
115,1802
115,1955
115,2063
115,2422
115,2470
115,2915
115,2945
115,2948
115,3237
115,3414
115,3453
115,3849
115,4080
115,4498
115,4654
115,4793
116,120
116,162
116,165
116,203
116,214
116,295
116,325
116,334
116,408
116,422
116,673
116,839
116,1149
116,1169
116,1185
116,1233
116,1248
116,1431
116,1647
116,1685
116,1697
116,1739
116,1771
116,1774
116,1949
116,1951
116,2193
116,2302
116,2381
116,2470
116,2532
116,2686
116,2783
116,2825
116,3683
116,3846
116,4235
116,4303
116,4447
116,4544
116,4559
116,4588
116,4612
116,4871
116,4888
116,4909
116,4932
117,130
117,226
117,377
117,576
117,694
117,776
117,915
117,935
117,945
117,973
117,1042
117,1115
117,1362
117,1415
117,1430
117,1451
117,1582
117,1607
117,1673
117,1685
117,1748
117,1806
117,1866
117,1877
117,2153
117,2227
117,2328
117,2338
117,2379
117,2383
117,2871
117,2874
117,2920
117,3397
117,3455
117,3740
117,4282
117,4512
117,4546
117,4712
118,188
118,223
118,273
118,378
118,429
118,557
118,566
118,648
118,746
118,751
118,757
118,767
118,782
118,785
118,1012
118,1129
118,1215
118,1226
118,1285
118,1320
118,1331
118,1585
118,1654
118,1820
118,1963
118,2337
118,2414
118,2468
118,2502
118,2577
118,2807
118,3354
118,3755
118,4172
118,4441
118,4728
119,193
119,249
119,259
119,286
119,379
119,389
119,403
119,473
119,524
119,537
119,651
119,698
119,823
119,951
119,963
119,993
119,1031
119,1074
119,1088
119,1394
119,1507
119,1723
119,1798
119,1834
119,1941
119,2002
119,2027
119,2094
119,2272
119,2392
119,2394
119,2549
119,2596
119,2619
119,2672
119,2808
119,2818
119,2834
119,3124
119,3270
119,3502
119,3519
119,3702
119,3897
119,3938
119,4051
119,4130
119,4295
119,4503
119,4694
119,4761
119,4777
119,4779
120,151
120,165
120,210
120,236
120,268
120,274
120,415
120,738
120,794
120,932
120,934
120,958
120,970
120,1115
120,1193
120,1274
120,1303
120,1377
120,1477
120,1656
120,1783
120,1821
120,1884
120,2037
120,2066
120,2374
120,2428
120,2496
120,2575
120,2800
120,2909
120,2927
120,3121
120,3286
120,3642
120,3853
120,4161
120,4194
120,4326
120,4384
120,4508
120,4558
120,4604
120,4978
121,132
121,173
121,186
121,250
121,275
121,327
121,329
121,354
121,448
121,453
121,457
121,490
121,502
121,518
121,541
121,550
121,584
121,626
121,641
121,855
121,860
121,1025
121,1118
121,1188
121,1226
121,1263
121,1274
121,1361
121,1372
121,1482
121,1496
121,1627
121,1680
121,1806
121,1818
121,1953
121,2083
121,2196
121,2240
121,2305
121,2623
121,2633
121,2675
121,2794
121,2826
121,2871
121,2932
121,3257
121,3450
121,3463
121,3542
121,3613
121,3743
121,3798
121,4421
121,4481
121,4552
121,4725
121,4791
121,4900
121,4958
122,166
122,202
122,211
122,223
122,245
122,247
122,333
122,336
122,380
122,386
122,387
122,424
122,470
122,477
122,478
122,481
122,555
122,570
122,592
122,624
122,683
122,768
122,824
122,905
122,910
122,955
122,967
122,993
122,1078
122,1122
122,1174
122,1318
122,1335
122,1373
122,1492
122,1533
122,1540
122,1646
122,1723
122,1788
122,1813
122,1902
122,1951
122,2005
122,2050
122,2090
122,2190
122,2245
122,2279
122,2562
122,2613
122,2641
122,2685
122,2798
122,2818
122,2885
122,3144
122,3304
122,3367
122,3511
122,3734
122,3829
122,3900
122,3942
122,4057
122,4063
122,4191
122,4210
122,4474
122,4516
122,4555
122,4651
122,4992
123,128
123,137
123,141
123,159
123,194
123,334
123,339
123,343
123,362
123,381
123,386
123,479
123,602
123,640
123,670
123,685
123,689
123,853
123,903
123,915
123,920
123,951
123,1383
123,1485
123,1556
123,1598
123,1711
123,1802
123,1814
123,1816
123,1886
123,1899
123,2080
123,2340
123,2424
123,2718
123,2723
123,2957
123,3205
123,3435
123,3463
123,3552
123,3632
123,3668
123,3903
123,3931
123,4358
123,4408
123,4606
123,4708
123,4741
123,4799
123,4984
124,147
124,411
124,412
124,531
124,770
124,788
124,870
124,883
124,934
124,940
124,1037
124,1086
124,1095
124,1575
124,1595
124,1704
124,1787
124,1802
124,2011
124,2032
124,2060
124,2133
124,2243
124,2258
124,2387
124,2475
124,2594
124,2655
124,2661
124,2739
124,3111
124,3248
124,3284
124,3290
124,3303
124,3313
124,3384
124,3584
124,3744
124,4017
124,4249
124,4251
124,4259
124,4474
124,4562
124,4657
124,4869
125,191
125,199
125,262
125,267
125,592
125,669
125,691
125,776
125,799
125,808
125,892
125,942
125,945
125,1122
125,1191
125,1446
125,1521
125,1547
125,1702
125,1825
125,2025
125,2770
125,3125
125,3155
125,3440
125,3601
125,3753
125,4210
125,4499
125,4681
125,4821
126,134
126,159
126,214
126,225
126,245
126,279
126,281
126,288
126,308
126,402
126,431
126,472
126,538
126,552
126,558
126,577
126,582
126,595
126,632
126,696
126,707
126,752
126,803
126,839
126,852
126,899
126,907
126,943
126,1081
126,1214
126,1229
126,1284
126,1310
126,1311
126,1392
126,1438
126,1592
126,1676
126,1794
126,1811
126,1825
126,1884
126,1918
126,1988
126,2028
126,2137
126,2192
126,2297
126,2350
126,2441
126,2459
126,2592
126,2594
126,2692
126,2696
126,2779
126,2784
126,2810
126,2917
126,2946
126,3005
126,3062
126,3074
126,3086
126,3153
126,3215
126,3365
126,3484
126,3516
126,3601
126,3647
126,4032
126,4160
126,4180
126,4266
126,4391
126,4461
126,4560
126,4652
126,4986
127,128
127,133
127,140
127,163
127,184
127,305
127,335
127,382
127,427
127,486
127,510
127,536
127,550
127,561
127,578
127,706
127,759
127,847
127,865
127,919
127,951
127,1232
127,1342
127,1715
127,1743
127,1817
127,1936
127,2142
127,2173
127,2243
127,2407
127,2435
127,2461
127,2475
127,2847
127,2937
127,2939
127,2981
127,3010
127,3054
127,3056
127,3174
127,3240
127,3275
127,3305
127,3348
127,3719
127,3746
127,3989
127,4147
127,4344
127,4408
127,4520
127,4834
128,149
128,160
128,198
128,205
128,221
128,241
128,249
128,270
128,299
128,327
128,366
128,374
128,391
128,412
128,413
128,451
128,534
128,601
128,603
128,643
128,697
128,851
128,898
128,908
128,983
128,988
128,1006
128,1053
128,1147
128,1171
128,1173
128,1244
128,1325
128,1375
128,1591
128,1626
128,1636
128,1651
128,1680
128,1795
128,1890
128,1897
128,2018
128,2431
128,2671
128,2811
128,2871
128,2951
128,2971
128,3117
128,3618
128,3657
128,3793
128,3849
128,3878
128,4123
128,4216
128,4756
128,4911
128,4934
128,4972
129,140
129,177
129,190
129,204
129,206
129,209
129,214
129,227
129,308
129,329
129,349
129,361
129,392
129,441
129,458
129,535
129,541
129,671
129,722
129,733
129,759
129,793
129,816
129,927
129,932
129,943
129,946
129,952
129,1174
129,1176
129,1186
129,1268
129,1273
129,1343
129,1524
129,1576
129,1626
129,1638
129,1913
129,1976
129,2036
129,2100
129,2138
129,2147
129,2200
129,2334
129,2430
129,2477
129,2506
129,2616
129,2622
129,2865
129,2884
129,2887
129,2907
129,2935
129,2984
129,3265
129,3413
129,3595
129,3600
129,3616
129,3700
129,3710
129,3778
129,3807
129,3859
129,4023
129,4099
129,4203
129,4254
129,4264
129,4274
129,4438
129,4448
129,4509
129,4755
129,4823
129,4962
130,135
130,136
130,146
130,148
130,154
130,158
130,182
130,198
130,208
130,219
130,237
130,256
130,321
130,332
130,355
130,385
130,439
130,472
130,476
130,525
130,536
130,538
130,561
130,569
130,573
130,594
130,606
130,655
130,762
130,821
130,942
130,981
130,1043
130,1066
130,1071
130,1233
130,1292
130,1405
130,1417
130,1446
130,1467
130,1586
130,1606
130,1609
130,1634
130,1642
130,1845
130,1865
130,1952
130,2228
130,2524
130,2570
130,2704
130,2815
130,2888
130,2906
130,3180
130,3265
130,3305
130,3332
130,3387
130,3463
130,3561
130,3912
130,3926
130,3932
130,3952
130,4120
130,4342
130,4514
130,4609
130,4709
130,4765
130,4863
130,4896
131,170
131,184
131,196
131,219
131,250
131,310
131,332
131,409
131,457
131,467
131,492
131,522
131,562
131,643
131,674
131,679
131,722
131,725
131,769
131,959
131,981
131,1019
131,1071
131,1105
131,1197
131,1305
131,1554
131,1769
131,2085
131,2109
131,2196
131,2228
131,2590
131,2705
131,2766
131,3046
131,3132
131,3177
131,3181
131,3211
131,3234
131,3240
131,3581
131,3803
131,3974
131,3990
131,4001
131,4170
131,4452
131,4465
131,4694
131,4834
131,4844
132,139
132,151
132,159
132,168
132,202
132,268
132,278
132,311
132,371
132,476
132,495
132,718
132,739
132,743
132,750
132,753
132,783
132,857
132,870
132,989
132,1021
132,1024
132,1041
132,1259
132,1292
132,1310
132,1434
132,1538
132,1711
132,1856
132,1868
132,2062
132,2077
132,2096
132,2417
132,2623
132,2889
132,3062
132,3201
132,3538
132,3549
132,3776
132,3811
132,3831
132,3833
132,4273
132,4300
132,4436
132,4438
132,4768
132,4853
133,136
133,137
133,174
133,191
133,197
133,259
133,264
133,317
133,398
133,405
133,437
133,527
133,632
133,694
133,745
133,791
133,927
133,990
133,1140
133,1382
133,1488
133,1527
133,1718
133,1848
133,2039
133,2156
133,2411
133,2927
133,3019
133,3410
133,3502
133,3510
133,3748
133,3779
133,3818
133,4025
133,4118
133,4555
133,4560
134,142
134,184
134,194
134,279
134,290
134,329
134,376
134,388
134,528
134,533
134,552
134,615
134,617
134,626
134,672
134,758
134,794
134,816
134,886
134,904
134,932
134,1064
134,1244
134,1303
134,1312
134,1325
134,1429
134,1440
134,1527
134,1598
134,1630
134,1722
134,1772
134,1908
134,2129
134,2262
134,2327
134,2463
134,2478
134,2485
134,2662
134,2723
134,2822
134,2914
134,2953
134,3101
134,3125
134,3210
134,3312
134,3318
134,3390
134,3912
134,3959
134,3978
134,4027
134,4298
134,4384
134,4394
134,4421
134,4758
134,4889
134,4958
135,284
135,344
135,349
135,398
135,440
135,512
135,519
135,601
135,604
135,684
135,722
135,786
135,827
135,829
135,925
135,955
135,1195
135,1493
135,1810
135,2056
135,2213
135,2310
135,2321
135,2385
135,2412
135,2629
135,2690
135,2706
135,2843
135,2844
135,2950
135,2973
135,3153
135,3366
135,3378
135,3409
135,3485
135,3833
135,4181
135,4426
135,4455
136,159
136,164
136,176
136,218
136,363
136,532
136,536
136,573
136,663
136,791
136,925
136,933
136,954
136,1028
136,1104
136,1224
136,1510
136,1515
136,1620
136,1777
136,1991
136,2055
136,2081
136,2108
136,2374
136,2441
136,2644
136,2668
136,2674
136,2936
136,3121
136,3272
136,3390
136,3488
136,3507
136,3522
136,3861
136,4056
136,4074
136,4899
137,286
137,313
137,318
137,335
137,367
137,376
137,381
137,431
137,448
137,579
137,897
137,919
137,1031
137,1117
137,1151
137,1197
137,1363
137,1475
137,1583
137,1660
137,1835
137,1873
137,2019
137,2095
137,2118
137,2282
137,2600
137,2625
137,2650
137,2764
137,2863
137,2899
137,2937
137,3283
137,3708
137,3908
137,3997
137,4553
137,4691
137,4926
138,198
138,226
138,364
138,428
138,461
138,589
138,621
138,1413
138,1520
138,1898
138,1902
138,1940
138,2000
138,2157
138,2359
138,3112
138,3209
138,3289
138,3741
138,3854
138,3901
138,4573
138,4583
138,4705
139,180
139,183
139,239
139,241
139,282
139,325
139,336
139,554
139,790
139,871
139,1050
139,1103
139,1123
139,1170
139,1184
139,1480
139,1625
139,1717
139,1751
139,1787
139,2001
139,2053
139,2412
139,2659
139,3017
139,3143
139,3386
139,3459
139,3746
139,4065
139,4082
139,4085
139,4312
139,4590
139,4643
139,4922
140,143
140,160
140,253
140,674
140,680
140,710
140,728
140,752
140,759
140,771
140,846
140,1086
140,1098
140,1130
140,1672
140,1995
140,2257
140,2292
140,2463
140,2708
140,3036
140,3338
140,3655
140,3907
140,4131
140,4510
140,4603
140,4829
140,4977
141,152
141,271
141,321
141,370
141,399
141,449
141,466
141,483
141,491
141,630
141,711
141,725
141,760
141,824
141,843
141,883
141,1002
141,1030
141,1031
141,1115
141,1190
141,1556
141,1642
141,1644
141,1679
141,1741
141,1743
141,1904
141,1917
141,1971
141,2053
141,2266
141,2357
141,2417
141,2559
141,2611
141,2634
141,2870
141,3009
141,3351
141,3710
141,3982
141,4071
141,4476
141,4760
141,4855
141,4919
141,4953
141,4979
142,162
142,200
142,236
142,279
142,292
142,302
142,328
142,329
142,340
142,342
142,347
142,378
142,405
142,451
142,483
142,507
142,516
142,533
142,556
142,626
142,637
142,703
142,704
142,742
142,765
142,782
142,786
142,809
142,810
142,823
142,863
142,953
142,974
142,1030
142,1099
142,1110
142,1153
142,1296
142,1492
142,1539
142,1591
142,1622
142,1686
142,1688
142,1877
142,1887
142,1929
142,1931
142,1990
142,2183
142,2211
142,2319
142,2329
142,2378
142,2439
142,2467
142,2557
142,2561
142,2589
142,2591
142,2597
142,2658
142,2669
142,2674
142,2731
142,3252
142,3454
142,3546
142,3712
142,3851
142,3909
142,3921
142,4254
142,4339
142,4415
142,4476
142,4525
142,4619
142,4832
142,4845
142,4880
142,4995
143,170
143,176
143,193
143,266
143,337
143,345
143,348
143,437
143,478
143,650
143,766
143,922
143,983
143,1001
143,1039
143,1197
143,1280
143,1370
143,1601
143,1653
143,1707
143,1736
143,1799
143,1887
143,1960
143,2087
143,2117
143,2414
143,2561
143,2636
143,2706
143,3123
143,3390
143,3569
143,3641
143,3663
143,3733
143,4090
143,4157
143,4163
143,4329
143,4467
143,4771
143,4802
143,4950
143,4981
144,226
144,258
144,276
144,327
144,341
144,437
144,526
144,561
144,754
144,827
144,831
144,838
144,855
144,882
144,986
144,1267
144,1452
144,1536
144,1669
144,1958
144,2088
144,2147
144,2258
144,2417
144,2595
144,3059
144,3140
144,3367
144,3597
144,4066
144,4188
144,4323
144,4378
145,150
145,201
145,207
145,210
145,281
145,310
145,334
145,350
145,451
145,483
145,548
145,634
145,776
145,866
145,892
145,968
145,1169
145,1241
145,1290
145,1405
145,1583
145,1711
145,1738
145,1783
145,1918
145,1930
145,1937
145,2029
145,2083
145,2123
145,2459
145,2567
145,2735
145,2997
145,3078
145,3081
145,3258
145,3445
145,3582
145,3585
145,3615
145,3882
145,3963
145,4334
145,4410
145,4729
145,4909
145,4939
146,149
146,167
146,180
146,216
146,231
146,232
146,274
146,282
146,296
146,307
146,335
146,383
146,437
146,441
146,481
146,547
146,616
146,643
146,725
146,801
146,940
146,950
146,974
146,995
146,996
146,1072
146,1097
146,1168
146,1182
146,1268
146,1285
146,1329
146,1366
146,1403
146,1494
146,1534
146,1616
146,1776
146,1946
146,1956
146,1991
146,2000
146,2218
146,2291
146,2298
146,2405
146,2573
146,2594
146,2759
146,2825
146,2894
146,2933
146,3082
146,3182
146,3838
146,3890
146,4037
146,4069
146,4282
146,4319
146,4437
146,4547
146,4652
146,4754
146,4796
146,4967
147,164
147,199
147,219
147,239
147,267
147,274
147,309
147,310
147,372
147,379
147,438
147,447
147,454
147,462
147,503
147,551
147,794
147,807
147,830
147,845
147,956
147,1048
147,1053
147,1075
147,1087
147,1214
147,1217
147,1278
147,1299
147,1339
147,1376
147,1385
147,1401
147,1414
147,1531
147,1614
147,1815
147,1855
147,1874
147,1991
147,2075
147,2102
147,2144
147,2244
147,2259
147,2413
147,2422
147,2548
147,2592
147,2739
147,2926
147,2936
147,2985
147,3033
147,3246
147,3255
147,3273
147,3385
147,3416
147,3501
147,3518
147,3627
147,3776
147,3826
147,4018
147,4444
147,4553
147,4672
147,4678
147,4820
147,4907
148,150
148,181
148,200
148,233
148,249
148,264
148,278
148,336
148,345
148,360
148,407
148,415
148,441
148,529
148,536
148,567
148,635
148,646
148,803
148,844
148,881
148,917
148,964
148,981
148,984
148,1045
148,1061
148,1097
148,1210
148,1249
148,1292
148,1353
148,1370
148,1371
148,1449
148,1477
148,1487
148,1518
148,1539
148,1632
148,1654
148,1686
148,1715
148,1836
148,1921
148,1962
148,2041
148,2068
148,2132
148,2134
148,2150
148,2409
148,2458
148,2528
148,2566
148,2657
148,2771
148,2819
148,2867
148,2869
148,2921
148,2933
148,2950
148,3005
148,3198
148,3203
148,3247
148,3407
148,3491
148,3514
148,3713
148,3739
148,3765
148,3872
148,3966
148,4214
148,4249
148,4270
148,4275
148,4330
148,4475
148,4520
148,4549
148,4621
148,4754
148,4828
149,167
149,201
149,217
149,277
149,309
149,411
149,414
149,487
149,504
149,514
149,519
149,580
149,593
149,644
149,688
149,763
149,839
149,893
149,895
149,977
149,1153
149,1196
149,1222
149,1369
149,1386
149,1390
149,1577
149,1593
149,1712
149,1719
149,1886
149,1977
149,2059
149,2331
149,2475
149,2637
149,3261
149,3350
149,3403
149,3460
149,3470
149,3580
149,3594
149,3630
149,3683
149,3742
149,3975
149,4008
149,4100
149,4175
149,4301
149,4309
149,4628
149,4713
149,4774
150,228
150,255
150,324
150,330
150,572
150,651
150,843
150,902
150,908
150,998
150,1105
150,1489
150,1520
150,1546
150,1790
150,1935
150,1998
150,2037
150,2222
150,2229
150,2656
150,2836
150,2846
150,3074
150,3417
150,3931
150,4324
150,4588
150,4933
151,157
151,182
151,204
151,227
151,252
151,276
151,307
151,451
151,480
151,491
151,505
151,547
151,558
151,576
151,633
151,688
151,699
151,760
151,777
151,845
151,853
151,1141
151,1161
151,1208
151,1429
151,1514
151,1816
151,1822
151,1892
151,1909
151,1912
151,1927
151,2026
151,2252
151,2398
151,2409
151,2455
151,2492
151,2804
151,2841
151,2895
151,2951
151,2997
151,3184
151,3199
151,3285
151,3350
151,3438
151,3630
151,3774
151,3961
151,4036
151,4225
151,4743
151,4822
151,4964
152,185
152,237
152,249
152,301
152,337
152,353
152,363
152,364
152,549
152,580
152,595
152,684
152,715
152,724
152,738
152,769
152,793
152,830
152,965
152,974
152,1009
152,1343
152,1355
152,1394
152,1405
152,1579
152,1722
152,1728
152,1969
152,2090
152,2159
152,2181
152,2208
152,2283
152,2335
152,2348
152,2370
152,2435
152,2534
152,2692
152,2732
152,2755
152,3323
152,3606
152,3807
152,4127
152,4128
152,4183
152,4358
152,4551
152,4992
153,192
153,213
153,275
153,277
153,281
153,367
153,369
153,379
153,457
153,464
153,499
153,528
153,602
153,700
153,706
153,789
153,906
153,1098
153,1119
153,1330
153,1578
153,1591
153,1678
153,1939
153,1947
153,1952
153,1972
153,1999
153,2008
153,2032
153,2361
153,2410
153,2540
153,2561
153,2698
153,2748
153,3181
153,3225
153,3299
153,3376
153,3446
153,3492
153,3688
153,3952
153,4030
153,4431
153,4601
153,4771
153,4840
154,165
154,174
154,175
154,189
154,198
154,251
154,273
154,342
154,388
154,462
154,465
154,494
154,496
154,500
154,513
154,537
154,593
154,618
154,756
154,764
154,770
154,781
154,812
154,847
154,914
154,979
154,1019
154,1184
154,1208
154,1252
154,1271
154,1360
154,1389
154,1432
154,1545
154,1593
154,1614
154,1623
154,1681
154,1683
154,1792
154,1818
154,1840
154,1870
154,2017
154,2176
154,2209
154,2251
154,2274
154,2284
154,2326
154,2359
154,2391
154,2398
154,2432
154,2463
154,2508
154,2574
154,2578
154,2600
154,2662
154,2744
154,2854
154,2870
154,3148
154,3236
154,3281
154,3334
154,3412
154,3450
154,3505
154,3978
154,4145
154,4151
154,4322
154,4359
154,4709
154,4959
155,156
155,160
155,175
155,188
155,216
155,329
155,353
155,410
155,479
155,514
155,634
155,728
155,730
155,745
155,777
155,887
155,919
155,934
155,985
155,1030
155,1087
155,1245
155,1246
155,1319
155,1334
155,1434
155,1476
155,1492
155,1497
155,1505
155,1594
155,1615
155,1849
155,1966
155,2015
155,2157
155,2232
155,2277
155,2286
155,2342
155,2572
155,2672
155,2787
155,2823
155,3166
155,3224
155,3381
155,3517
155,3705
155,3773
155,3810
155,3951
155,4049
155,4095
155,4139
155,4141
155,4158
155,4195
155,4388
155,4408
155,4440
155,4481
155,4566
155,4658
155,4826
155,4903
156,169
156,181
156,208
156,211
156,313
156,356
156,383
156,742
156,965
156,968
156,1073
156,1151
156,1222
156,1229
156,1299
156,1318
156,1349
156,1450
156,1509
156,1519
156,1521
156,1694
156,2245
156,2359
156,3010
156,3300
156,3464
156,3740
156,4432
156,4695
156,4851
156,4892
157,166
157,168
157,198
157,201
157,204
157,241
157,249
157,436
157,496
157,501
157,504
157,590
157,619
157,621
157,633
157,658
157,726
157,809
157,822
157,833
157,860
157,954
157,1293
157,1454
157,1464
157,1643
157,1686
157,1697
157,1719
157,1757
157,1913
157,2095
157,2174
157,2225
157,2329
157,2360
157,2431
157,2454
157,2544
157,2602
157,2606
157,2851
157,2870
157,2926
157,2931
157,3032
157,3183
157,3395
157,3686
157,3699
157,3808
157,4109
157,4175
157,4285
157,4515
157,4534
157,4662
157,4845
158,231
158,303
158,321
158,323
158,358
158,364
158,368
158,401
158,420
158,507
158,615
158,650
158,660
158,678
158,706
158,723
158,747
158,767
158,848
158,897
158,965
158,1086
158,1307
158,1326
158,1441
158,1448
158,1506
158,1729
158,1737
158,1780
158,1797
158,2008
158,2033
158,2133
158,2257
158,2405
158,2411
158,2563
158,2571
158,2619
158,2633
158,2661
158,2705
158,2740
158,2751
158,2799
158,2813
158,2825
158,2842
158,2960
158,3052
158,3086
158,3160
158,3372
158,3411
158,3668
158,3977
158,4040
158,4044
158,4728
158,4970
159,185
159,195
159,208
159,229
159,309
159,421
159,440
159,605
159,607
159,721
159,867
159,869
159,935
159,1279
159,1339
159,1519
159,1550
159,1726
159,1754
159,1764
159,1768
159,1779
159,2010
159,2128
159,2230
159,2336
159,2816
159,3093
159,3447
159,3552
159,3774
159,3930
159,3956
159,4235
159,4390
159,4689
160,185
160,254
160,257
160,295
160,335
160,342
160,391
160,392
160,411
160,420
160,456
160,513
160,576
160,587
160,592
160,632
160,694
160,708
160,775
160,781
160,806
160,855
160,964
160,969
160,980
160,982
160,1063
160,1425
160,1474
160,1603
160,1605
160,1633
160,1646
160,1691
160,1813
160,1841
160,1935
160,1964
160,2103
160,2170
160,2199
160,2366
160,2372
160,2453
160,2494
160,2645
160,2709
160,2795
160,3054
160,3084
160,3287
160,3349
160,3489
160,3789
160,3814
160,3914
160,3942
160,3989
160,4075
160,4198
160,4271
160,4316
160,4382
160,4515
160,4619
160,4747
160,4801
160,4895
160,4951
161,211
161,345
161,396
161,428
161,446
161,454
161,463
161,474
161,495
161,607
161,638
161,814
161,906
161,921
161,981
161,1462
161,1534
161,1816
161,1930
161,2356
161,2546
161,2856
161,2904
161,3094
161,3344
161,4862
161,4946
162,172
162,179
162,207
162,213
162,225
162,310
162,314
162,336
162,375
162,400
162,418
162,476
162,496
162,498
162,506
162,599
162,803
162,968
162,973
162,990
162,1020
162,1101
162,1153
162,1313
162,1323
162,1337
162,1368
162,1396
162,1398
162,1399
162,1502
162,1553
162,1729
162,1756
162,1765
162,1922
162,1996
162,2135
162,2167
162,2209
162,2238
162,2366
162,2395
162,2438
162,2510
162,2540
162,2650
162,2774
162,3502
162,3635
162,3886
162,3972
162,4101
162,4575
162,4722
162,4857
163,171
163,172
163,186
163,211
163,212
163,223
163,234
163,255
163,302
163,310
163,318
163,363
163,383
163,385
163,491
163,493
163,552
163,560
163,566
163,582
163,675
163,746
163,777
163,827
163,958
163,1011
163,1119
163,1179
163,1280
163,1290
163,1294
163,1315
163,1336
163,1358
163,1392
163,1578
163,1606
163,1711
163,2107
163,2206
163,2246
163,2333
163,2408
163,2462
163,2482
163,2488
163,2515
163,2619
163,2654
163,2737
163,2872
163,3013
163,3090
163,3146
163,3678
163,3721
163,3794
163,3873
163,3912
163,4097
163,4234
163,4322
163,4365
163,4393
163,4499
164,206
164,217
164,222
164,303
164,321
164,385
164,489
164,546
164,555
164,583
164,608
164,684
164,746
164,755
164,814
164,834
164,875
164,1177
164,1308
164,1593
164,1756
164,1766
164,2184
164,2251
164,2256
164,2311
164,2323
164,2329
164,2430
164,2694
164,2757
164,2922
164,2925
164,3024
164,3127
164,3143
164,3224
164,3226
164,3283
164,3369
164,3545
164,3557
164,3561
164,3676
164,3814
164,4132
164,4187
164,4226
164,4242
164,4448
164,4992
165,170
165,218
165,244
165,300
165,522
165,529
165,646
165,668
165,745
165,775
165,871
165,922
165,944
165,1007
165,1060
165,1360
165,1535
165,1536
165,1588
165,1629
165,1946
165,2002
165,2005
165,2174
165,2220
165,2257
165,2272
165,2283
165,2433
165,2441
165,2636
165,2780
165,2859
165,2962
165,2966
165,2995
165,3104
165,3128
165,3381
165,3518
165,3524
165,3690
165,3827
165,3954
165,4038
165,4169
165,4188
166,194
166,314
166,349
166,702
166,767
166,856
166,857
166,859
166,889
166,941
166,966
166,1033
166,1081
166,1301
166,1530
166,1791
166,1846
166,1985
166,2548
166,2973
166,2998
166,3073
166,3078
166,3216
166,3275
166,3569
166,4004
166,4190
166,4218
166,4300
166,4413
166,4491
166,4708
166,4747
166,4841
167,175
167,176
167,207
167,231
167,245
167,269
167,347
167,469
167,482
167,719
167,737
167,886
167,978
167,1008
167,1039
167,1044
167,1230
167,1371
167,1427
167,1554
167,1587
167,1746
167,1781
167,2009
167,2223
167,2306
167,2334
167,2786
167,3014
167,3214
167,3258
167,3318
167,3381
167,3529
167,3755
167,3761
167,3806
167,3875
167,3957
167,4160
167,4498
167,4511
167,4530
167,4648
167,4783
167,4917
168,172
168,258
168,277
168,300
168,395
168,405
168,455
168,480
168,514
168,576
168,624
168,629
168,765
168,805
168,844
168,969
168,1005
168,1023
168,1042
168,1075
168,1091
168,1263
168,1345
168,1366
168,1371
168,1553
168,1783
168,1830
168,1897
168,1902
168,1924
168,1997
168,2278
168,2304
168,2402
168,2555
168,2569
168,2677
168,2907
168,3017
168,3034
168,3097
168,3139
168,3350
168,3383
168,3592
168,3714
168,3747
168,3963
168,3980
168,4087
168,4122
168,4222
168,4243
168,4264
168,4532
168,4683
168,4764
169,174
169,251
169,297
169,325
169,402
169,463
169,509
169,565
169,571
169,884
169,899
169,902
169,1024
169,1076
169,1097
169,1102
169,1325
169,1574
169,1754
169,1759
169,2497
169,2550
169,2567
169,2626
169,2644
169,2660
169,2972
169,3153
169,3423
169,3522
169,3643
169,3947
169,4478
169,4735
170,197
170,221
170,453
170,561
170,588
170,629
170,837
170,924
170,1143
170,1166
170,1185
170,1341
170,1381
170,1523
170,1524
170,1542
170,1775
170,1990
170,2031
170,2068
170,2232
170,2286
170,2366
170,2521
170,3035
170,3120
170,3159
170,3355
170,3366
170,3791
170,4218
170,4248
170,4289
170,4575
170,4788
170,4819
171,178
171,179
171,185
171,214
171,227
171,242
171,276
171,304
171,306
171,332
171,346
171,355
171,371
171,389
171,437
171,467
171,518
171,560
171,605
171,625
171,662
171,715
171,734
171,790
171,870
171,964
171,1008
171,1025
171,1176
171,1293
171,1359
171,1515
171,1574
171,1584
171,1647
171,1648
171,1720
171,1755
171,1845
171,2086
171,2142
171,2200
171,2225
171,2264
171,2301
171,2306
171,2322
171,2378
171,2379
171,2381
171,2534
171,2621
171,2754
171,2918
171,3172
171,3187
171,3454
171,3729
171,3782
171,3822
171,3846
171,3969
171,3988
171,4000
171,4023
171,4052
171,4199
171,4729
172,186
172,199
172,213
172,222
172,224
172,302
172,305
172,404
172,448
172,471
172,508
172,559
172,577
172,664
172,668
172,694
172,767
172,789
172,802
172,813
172,822
172,833
172,842
172,909
172,926
172,935
172,1021
172,1023
172,1031
172,1183
172,1192
172,1193
172,1325
172,1367
172,1399
172,1611
172,1614
172,1643
172,1792
172,1860
172,1903
172,1969
172,1972
172,2075
172,2160
172,2251
172,2372
172,2485
172,2497
172,2874
172,2882
172,3005
172,3287
172,3363
172,3388
172,3452
172,3520
172,3769
172,3789
172,4002
172,4173
172,4175
172,4208
172,4299
172,4485
172,4511
172,4620
172,4838
172,4876
173,174
173,194
173,215
173,219
173,243
173,262
173,298
173,443
173,508
173,523
173,525
173,542
173,554
173,565
173,593
173,604
173,636
173,644
173,651
173,719
173,727
173,880
173,908
173,1010
173,1054
173,1077
173,1102
173,1107
173,1141
173,1357
173,1394
173,1396
173,1513
173,1637
173,1683
173,1775
173,1834
173,1984
173,2012
173,2049
173,2079
173,2235
173,2343
173,2350
173,2374
173,2473
173,2479
173,2508
173,2520
173,2687
173,2734
173,2739
173,2806
173,2816
173,2834
173,2842
173,2946
173,2968
173,3033
173,3040
173,3103
173,3229
173,3277
173,3317
173,3692
173,3768
173,3936
173,3959
173,4281
173,4296
173,4368
173,4477
173,4535
173,4642
173,4745
173,4800
174,178
174,319
174,505
174,569
174,623
174,642
174,853
174,864
174,1013
174,1042
174,1122
174,1146
174,1267
174,1409
174,1411
174,1620
174,1660
174,1842
174,1865
174,1918
174,2121
174,2588
174,2797
174,2881
174,3083
174,3106
174,3182
174,3209
174,3281
174,3441
174,3443
174,3557
174,3695
174,3874
174,3881
174,3913
174,3995
174,4238
174,4573
174,4843
175,196
175,205
175,208
175,226
175,265
175,326
175,349
175,391
175,426
175,471
175,512
175,596
175,672
175,698
175,711
175,749
175,753
175,847
175,943
175,1076
175,1104
175,1172
175,1173
175,1237
175,1429
175,1487
175,1525
175,1769
175,1923
175,1930
175,2000
175,2033
175,2100
175,2145
175,2245
175,2441
175,2495
175,2673
175,2767
175,3305
175,3395
175,3703
175,3875
175,3896
175,4122
175,4147
175,4166
175,4507
175,4552
175,4676
175,4781
175,4865
175,4969
176,196
176,216
176,260
176,303
176,330
176,387
176,404
176,530
176,540
176,588
176,633
176,752
176,761
176,880
176,942
176,962
176,1064
176,1089
176,1136
176,1186
176,1346
176,1609
176,1611
176,1703
176,1724
176,1730
176,1818
176,1836
176,1846
176,2027
176,2054
176,2204
176,2282
176,2338
176,2534
176,2553
176,2724
176,2774
176,2893
176,3192
176,3426
176,3469
176,3471
176,3563
176,3735
176,3756
176,4129
176,4131
176,4351
176,4394
176,4670
177,325
177,446
177,765
177,1236
177,1251
177,1515
177,2068
177,2163
177,2180
177,2505
177,2663
177,3319
177,3593
177,3638
178,239
178,330
178,426
178,436
178,500
178,532
178,573
178,587
178,698
178,837
178,1062
178,1097
178,1252
178,1311
178,1480
178,1851
178,1916
178,2048
178,2152
178,2239
178,2255
178,2452
178,2702
178,2750
178,2879
178,3011
178,3159
178,3198
178,3404
178,3589
178,3658
178,3700
178,3976
178,4177
178,4303
179,287
179,328
179,468
179,606
179,620
179,655
179,847
179,861
179,890
179,961
179,980
179,999
179,1010
179,1067
179,1157
179,1187
179,1513
179,1530
179,1592
179,1619
179,2254
179,2353
179,2840
179,3020
179,3061
179,3196
179,3418
179,3568
179,3861
179,4077
179,4270
180,187
180,200
180,220
180,351
180,413
180,440
180,455
180,497
180,597
180,629
180,675
180,697
180,701
180,720
180,758
180,761
180,810
180,829
180,880
180,945
180,1022
180,1033
180,1041
180,1067
180,1106
180,1109
180,1188
180,1239
180,1388
180,1435
180,2027
180,2519
180,2533
180,2738
180,2827
180,2993
180,3165
180,3382
180,3612
180,3617
180,3771
180,3883
180,4027
180,4430
180,4466
180,4600
180,4615
180,4627
180,4722
180,4745
180,4756
180,4805
181,217
181,246
181,269
181,274
181,371
181,379
181,466
181,474
181,475
181,567
181,758
181,888
181,954
181,960
181,1041
181,1148
181,1160
181,1216
181,1228
181,1241
181,1254
181,1277
181,1293
181,1459
181,1470
181,1553
181,1639
181,1761
181,1969
181,2093
181,2285
181,2374
181,2412
181,2540
181,2758
181,2777
181,2907
181,2958
181,2996
181,3056
181,3688
181,3751
181,4026
181,4436
181,4893
182,225
182,255
182,350
182,408
182,456
182,460
182,478
182,507
182,539
182,575
182,595
182,615
182,627
182,648
182,649
182,668
182,675
182,737
182,747
182,806
182,923
182,1001
182,1039
182,1040
182,1047
182,1051
182,1089
182,1102
182,1135
182,1148
182,1240
182,1331
182,1346
182,1382
182,1399
182,1501
182,1511
182,1515
182,1671
182,1891
182,1974
182,2019
182,2201
182,2376
182,2802
182,2817
182,2924
182,2967
182,3036
182,3088
182,3206
182,3463
182,3550
182,3553
182,3621
182,3888
182,3987
182,4174
182,4239
182,4462
182,4660
182,4691
182,4721
182,4815
182,4949
182,4987
183,188
183,205
183,240
183,257
183,330
183,406
183,583
183,620
183,643
183,802
183,811
183,843
183,936
183,946
183,1184
183,1194
183,1272
183,1294
183,1310
183,1313
183,1581
183,1753
183,1770
183,1790
183,1846
183,1979
183,1984
183,2008
183,2051
183,2135
183,2148
183,2187
183,2256
183,2389
183,2447
183,2596
183,2624
183,2685
183,2704
183,2761
183,2789
183,2869
183,2906
183,3008
183,3067
183,3209
183,3361
183,3452
183,3460
183,3526
183,3743
183,3808
183,3888
183,3897
183,4014
183,4057
183,4137
183,4254
183,4293
183,4333
183,4511
183,4563
183,4763
183,4995
184,223
184,232
184,411
184,553
184,905
184,1008
184,1062
184,1212
184,1240
184,1275
184,1502
184,1621
184,1716
184,1916
184,1980
184,2215
184,2289
184,3306
184,3383
184,3404
184,3832
184,4725
185,213
185,224
185,228
185,267
185,270
185,289
185,311
185,338
185,448
185,558
185,707
185,723
185,797
185,819
185,838
185,875
185,914
185,951
185,1025
185,1251
185,1331
185,1575
185,1674
185,1727
185,1784
185,1884
185,2023
185,2067
185,2152
185,2332
185,2421
185,2468
185,2469
185,2519
185,2612
185,2669
185,2672
185,2686
185,2808
185,2948
185,3235
185,3516
185,3926
185,4062
185,4301
185,4679
185,4873
186,201
186,224
186,259
186,363
186,470
186,510
186,548
186,592
186,703
186,872
186,882
186,1048
186,1082
186,1229
186,1320
186,1350
186,1363
186,1370
186,1414
186,1518
186,1555
186,1982
186,1986
186,2448
186,2867
186,3178
186,3672
186,4003
186,4099
186,4486
186,4530
186,4677
186,4813
187,254
187,497
187,531
187,534
187,548
187,655
187,669
187,889
187,974
187,1070
187,1086
187,1120
187,1193
187,1208
187,1532
187,1881
187,2133
187,2506
187,2891
187,3075
187,3113
187,3141
187,3355
187,3698
187,3874
187,4443
187,4628
188,227
188,229
188,282
188,375
188,466
188,589
188,815
188,875
188,1112
188,1129
188,1393
188,1518
188,1561
188,1585
188,1800
188,2223
188,2242
188,2269
188,2298
188,2650
188,2707
188,2771
188,2966
188,2986
188,3040
188,3107
188,3330
188,3493
188,3543
188,3577
188,3706
188,3772
188,4672
188,4697
189,208
189,235
189,333
189,354
189,389
189,397
189,402
189,426
189,445
189,462
189,464
189,518
189,521
189,600
189,627
189,634
189,707
189,814
189,877
189,937
189,984
189,1060
189,1067
189,1121
189,1223
189,1293
189,1340
189,1358
189,1498
189,1661
189,1931
189,1971
189,2240
189,2267
189,2558
189,2585
189,2620
189,2667
189,2692
189,2715
189,2744
189,2862
189,2882
189,3123
189,3183
189,3196
189,3214
189,3223
189,3308
189,3309
189,3677
189,3930
189,4035
189,4218
189,4242
189,4267
189,4343
189,4357
189,4618
190,216
190,307
190,320
190,441
190,442
190,492
190,495
190,497
190,527
190,577
190,620
190,645
190,732
190,751
190,760
190,807
190,867
190,914
190,945
190,985
190,1044
190,1060
190,1304
190,1343
190,1426
190,1476
190,1524
190,1800
190,1872
190,1880
190,2120
190,2233
190,2262
190,2391
190,2563
190,2704
190,2839
190,3402
190,3484
190,3489
190,3508
190,3704
190,3821
190,3940
190,4158
190,4229
190,4456
190,4516
190,4569
190,4572
190,4653
190,4792
190,4953
191,303
191,310
191,420
191,428
191,564
191,565
191,582
191,659
191,670
191,739
191,793
191,836
191,840
191,1004
191,1078
191,1228
191,1396
191,1498
191,1505
191,1509
191,1610
191,2035
191,2090
191,2462
191,2587
191,2778
191,2781
191,3037
191,3232
191,3450
191,3493
191,3932
191,4132
191,4172
191,4483
191,4627
191,4844
192,240
192,254
192,256
192,308
192,442
192,481
192,531
192,579
192,585
192,622
192,693
192,695
192,704
192,861
192,913
192,1053
192,1160
192,1166
192,1212
192,1289
192,1646
192,1698
192,2022
192,2100
192,2331
192,2332
192,2388
192,2401
192,2478
192,2690
192,2696
192,3253
192,3317
192,3358
192,3430
192,3458
192,3653
192,3689
192,3869
192,3902
192,3937
192,4174
192,4219
192,4221
192,4488
192,4626
192,4790
192,4966
192,4994
193,233
193,263
193,322
193,957
193,1009
193,1158
193,1284
193,1448
193,2867
193,3002
193,3044
193,3607
193,3763
193,4021
193,4566
194,291
194,370
194,423
194,435
194,553
194,582
194,611
194,768
194,887
194,1002
194,1209
194,1331
194,1556
194,1568
194,1695
194,1995
194,2004
194,2028
194,2092
194,2306
194,2308
194,2666
194,3341
194,3350
194,3479
194,3786
194,3818
194,3881
194,4246
194,4614
194,4628
195,201
195,217
195,229
195,237
195,262
195,282
195,294
195,307
195,357
195,425
195,533
195,539
195,546
195,573
195,578
195,663
195,761
195,779
195,837
195,852
195,857
195,927
195,962
195,986
195,999
195,1073
195,1113
195,1138
195,1183
195,1206
195,1418
195,1441
195,1475
195,1516
195,1597
195,1808
195,1943
195,2012
195,2033
195,2296
195,2406
195,2429
195,2430
195,2455
195,2463
195,2501
195,2743
195,2773
195,2926
195,3026
195,3120
195,3130
195,3357
195,3596
195,3749
195,3841
195,3875
195,4180
195,4243
195,4524
195,4596
195,4635
195,4709
195,4975
195,4983
195,4990
196,197
196,224
196,245
196,248
196,266
196,267
196,305
196,323
196,342
196,363
196,369
196,379
196,393
196,420
196,660
196,832
196,849
196,855
196,1027
196,1075
196,1091
196,1118
196,1209
196,1277
196,1366
196,1488
196,1573
196,1617
196,1650
196,1700
196,1704
196,1825
196,1850
196,1873
196,1906
196,1913
196,1930
196,1975
196,1999
196,2146
196,2292
196,2334
196,2724
196,2854
196,2893
196,3054
196,3101
196,3142
196,3161
196,3277
196,3376
196,3459
196,3466
196,3692
196,3728
196,3739
196,3797
196,3925
196,4064
196,4358
196,4757
196,4786
196,4826
196,4892
197,226
197,269
197,270
197,362
197,384
197,442
197,476
197,479
197,504
197,664
197,801
197,819
197,873
197,885
197,1024
197,1034
197,1167
197,1204
197,1361
197,1556
197,1629
197,1892
197,2115
197,2124
197,2213
197,2744
197,2835
197,3075
197,3315
197,3579
197,3585
197,3892
197,4167
197,4623
197,4726
198,200
198,203
198,277
198,375
198,454
198,545
198,568
198,721
198,787
198,816
198,1083
198,1158
198,1363
198,1365
198,1446
198,1447
198,1478
198,1600
198,1688
198,1818
198,1843
198,2070
198,2096
198,2506
198,2592
198,2680
198,2793
198,2847
198,2996
198,3084
198,3128
198,3354
198,3473
198,3588
198,3644
198,3752
198,3941
198,3992
198,4021
198,4072
198,4116
198,4164
198,4216
198,4542
198,4548
198,4787
198,4795
198,4827
198,4857
198,4972
199,210
199,238
199,289
199,294
199,356
199,398
199,481
199,531
199,535
199,555
199,569
199,583
199,601
199,608
199,725
199,735
199,826
199,831
199,912
199,995
199,1026
199,1032
199,1107
199,1153
199,1259
199,1306
199,1359
199,1365
199,1394
199,1449
199,1472
199,1483
199,1508
199,1642
199,1661
199,1676
199,1769
199,1910
199,1933
199,1971
199,1974
199,2070
199,2089
199,2275
199,2459
199,2484
199,2804
199,2841
199,2866
199,3178
199,3267
199,3278
199,3308
199,3477
199,3582
199,3709
199,3845
199,3995
199,4174
199,4435
199,4510
199,4568
200,235
200,313
200,792
200,879
200,886
200,1170
200,1193
200,1293
200,1456
200,1710
200,1975
200,2191
200,2373
200,2530
200,2556
200,2558
200,2582
200,2605
200,2770
200,2895
200,2937
200,3195
200,3354
200,3426
200,3597
200,3725
200,4276
200,4999
201,222
201,275
201,298
201,299
201,348
201,351
201,363
201,365
201,424
201,454
201,487
201,497
201,566
201,730
201,744
201,755
201,757
201,815
201,824
201,924
201,970
201,974
201,1175
201,1184
201,1246
201,1271
201,1534
201,1666
201,1699
201,1701
201,1702
201,1713
201,1743
201,1761
201,1762
201,1808
201,2007
201,2052
201,2056
201,2162
201,2443
201,2493
201,2584
201,2596
201,2676
201,2694
201,2720
201,2829
201,2922
201,3029
201,3234
201,3417
201,3575
201,3697
201,3714
201,3877
201,3959
201,4155
201,4169
201,4496
201,4540
201,4576
201,4611
201,4639
201,4697
201,4760
201,4835
201,4885
202,231
202,237
202,240
202,288
202,298
202,541
202,690
202,739
202,740
202,762
202,785
202,875
202,1246
202,1368
202,1850
202,1897
202,1948
202,1961
202,2028
202,2208
202,2388
202,2671
202,2781
202,3137
202,3734
202,3793
202,3816
202,3921
202,4035
202,4225
202,4343
202,4450
202,4625
202,4883
203,219
203,252
203,275
203,278
203,280
203,345
203,353
203,368
203,399
203,448
203,482
203,542
203,560
203,666
203,681
203,694
203,718
203,791
203,816
203,873
203,907
203,927
203,1005
203,1011
203,1140
203,1806
203,1933
203,1965
203,2029
203,2036
203,2109
203,2143
203,2166
203,2325
203,2449
203,2571
203,2769
203,3006
203,3218
203,3270
203,3395
203,3646
203,3653
203,3975
203,4144
203,4529
203,4932
204,216
204,241
204,305
204,315
204,344
204,352
204,389
204,393
204,395
204,401
204,450
204,478
204,494
204,511
204,538
204,577
204,591
204,626
204,741
204,825
204,934
204,1038
204,1163
204,1224
204,1238
204,1243
204,1403
204,1457
204,1622
204,1662
204,1680
204,1726
204,1808
204,1846
204,1903
204,2024
204,2069
204,2118
204,2170
204,2185
204,2196
204,2216
204,2238
204,2242
204,2254
204,2261
204,2317
204,2431
204,2486
204,2534
204,2701
204,2927
204,3100
204,3251
204,3321
204,3363
204,3391
204,3464
204,3498
204,3522
204,3579
204,3936
204,4088
204,4139
204,4332
204,4376
204,4485
204,4495
204,4743
204,4825
204,4838
204,4927
205,230
205,235
205,238
205,247
205,255
205,296
205,318
205,424
205,425
205,442
205,485
205,511
205,540
205,541
205,563
205,568
205,589
205,627
205,756
205,801
205,812
205,972
205,1029
205,1148
205,1229
205,1248
205,1268
205,1360
205,1426
205,1638
205,1699
205,1813
205,2036
205,2055
205,2121
205,2143
205,2145
205,2263
205,2366
205,2450
205,2537
205,2712
205,2781
205,2793
205,2816
205,2820
205,2988
205,3268
205,3326
205,3583
205,3807
205,3809
205,4167
205,4201
205,4205
205,4248
205,4255
205,4414
205,4596
205,4630
205,4695
205,4919
206,263
206,290
206,470
206,475
206,748
206,1171
206,1303
206,1374
206,1461
206,1578
206,1670
206,1784
206,1992
206,2609
206,2661
206,2755
206,2958
206,3003
206,3441
206,3548
206,3599
206,4176
206,4322
206,4584
207,222
207,248
207,291
207,297
207,570
207,583
207,586
207,943
207,1051
207,1109
207,1146
207,1286
207,1413
207,1470
207,1504
207,1649
207,1661
207,1772
207,1808
207,2044
207,2112
207,2139
207,2176
207,2328
207,2372
207,2384
207,2424
207,2551
207,2695
207,2751
207,3236
207,3389
207,3414
207,3523
207,3575
207,3954
207,4329
207,4391
207,4694
208,241
208,247
208,310
208,390
208,470
208,475
208,574
208,578
208,603
208,861
208,872
208,891
208,902
208,1009
208,1032
208,1079
208,1402
208,1431
208,1496
208,1507
208,1601
208,1824
208,1902
208,2191
208,2204
208,2330
208,2379
208,2381
208,2678
208,2741
208,2921
208,2962
208,2999
208,3365
208,3650
208,3970
208,3974
208,4156
208,4195
208,4197
208,4217
208,4442
208,4681
208,4820
208,4844
209,273
209,339
209,576
209,590
209,624
209,680
209,706
209,740
209,1020
209,1043
209,1072
209,1088
209,1131
209,1215
209,1399
209,1537
209,1577
209,1655
209,1765
209,1843
209,1846
209,1882
209,1889
209,1981
209,2261
209,2286
209,2418
209,2552
209,2628
209,2638
209,2957
209,3107
209,3128
209,3178
209,3523
209,3794
209,3811
209,4095
209,4117
209,4145
209,4157
209,4263
209,4294
209,4391
209,4439
209,4507
209,4514
209,4557
209,4631
209,4666
209,4758
209,4806
209,4891
210,316
210,435
210,485
210,501
210,509
210,793
210,818
210,820
210,975
210,1032
210,1173
210,1351
210,1408
210,1414
210,1460
210,1471
210,1613
210,1845
210,1857
210,1859
210,1905
210,2120
210,2132
210,2384
210,2695
210,2727
210,2742
210,2788
210,2881
210,2950
210,3063
210,3116
210,3172
210,3374
210,3428
210,3542
210,3561
210,3911
210,4058
210,4166
210,4189
210,4250
210,4267
210,4555
210,4702
210,4773
211,260
211,287
211,293
211,296
211,322
211,333
211,338
211,397
211,425
211,596
211,830
211,836
211,879
211,902
211,923
211,946
211,1000
211,1038
211,1045
211,1136
211,1171
211,1198
211,1512
211,1571
211,1598
211,1725
211,1732
211,1739
211,1821
211,1836
211,1837
211,2093
211,2156
211,2261
211,2275
211,2533
211,2648
211,2668
211,2807
211,3055
211,3444
211,3460
211,3617
211,3621
211,4007
211,4226
211,4250
211,4500
211,4724
211,4804
211,4934
212,222
212,246
212,316
212,371
212,936
212,944
212,1091
212,1092
212,1120
212,1201
212,1215
212,1296
212,1346
212,1552
212,1564
212,1781
212,2029
212,2102
212,2253
212,2259
212,2590
212,2726
212,2893
212,3329
212,3365
212,3559
212,3645
212,3717
212,3961
212,4368
212,4510
212,4536
212,4625
212,4676
212,4765
213,247
213,272
213,275
213,335
213,401
213,646
213,681
213,982
213,1033
213,1348
213,1440
213,1483
213,1492
213,1521
213,1759
213,1789
213,1808
213,2084
213,2158
213,2409
213,2489
213,2490
213,2817
213,2837
213,2896
213,2926
213,2932
213,3134
213,3369
213,3498
213,3690
213,4001
213,4021
213,4101
213,4548
213,4595
213,4764
213,4780
213,4861
214,328
214,355
214,377
214,465
214,468
214,497
214,554
214,556
214,565
214,609
214,667
214,678
214,679
214,741
214,778
214,820
214,907
214,933
214,947
214,1131
214,1141
214,1202
214,1255
214,1294
214,1376
214,1478
214,1570
214,1603
214,1702
214,1710
214,1827
214,1847
214,1871
214,2095
214,2111
214,2195
214,2279
214,2405
214,2679
214,2925
214,3086
214,3145
214,3146
214,3168
214,3211
214,3592
214,3720
214,3819
214,3894
214,4077
214,4088
214,4138
214,4141
214,4150
214,4396
214,4495
214,4541
214,4936
215,292
215,293
215,431
215,457
215,656
215,765
215,823
215,1235
215,1448
215,1499
215,1569
215,1617
215,2456
215,2537
215,2984
215,3076
215,3453
215,3580
215,3596
215,3821
215,4796
215,4843
215,4859
216,306
216,331
216,601
216,863
216,1029
216,1113
216,1354
216,1377
216,1700
216,2147
216,2880
216,2894
216,3489
216,3804
216,4124
216,4125
216,4153
216,4330
216,4361
216,4418
216,4423
217,261
217,328
217,334
217,338
217,346
217,378
217,480
217,486
217,510
217,607
217,719
217,802
217,1037
217,1047
217,1209
217,1230
217,1507
217,1528
217,1624
217,1695
217,1846
217,1875
217,1910
217,2082
217,2401
217,2530
217,2872
217,2891
217,3595
217,3716
217,4038
217,4408
217,4422
217,4953
218,272
218,330
218,356
218,452
218,498
218,544
218,586
218,743
218,755
218,1060
218,1385
218,1559
218,1622
218,1670
218,1887
218,2023
218,2393
218,2917
218,3064
218,3096
218,3114
218,3173
218,3183
218,3424
218,3434
218,3593
218,4368
218,4464
218,4544
219,221
219,264
219,303
219,339
219,367
219,389
219,398
219,399
219,475
219,516
219,557
219,668
219,694
219,710
219,862
219,873
219,1075
219,1215
219,1220
219,1374
219,1410
219,1763
219,2113
219,2458
219,2543
219,2545
219,2582
219,2628
219,2639
219,2703
219,2763
219,2891
219,3012
219,3173
219,3277
219,3396
219,3660
219,3696
219,4052
219,4142
219,4186
219,4245
219,4251
219,4343
219,4727
220,228
220,264
220,330
220,415
220,502
220,565
220,609
220,701
220,815
220,1179
220,1226
220,1328
220,1347
220,1591
220,1798
220,2165
220,2212
220,2250
220,2371
220,2379
220,3037
220,3550
220,3568
220,4145
220,4239
220,4359
220,4480
220,4508
220,4878
221,237
221,248
221,251
221,288
221,320
221,325
221,333
221,374
221,420
221,506
221,550
221,556
221,596
221,599
221,640
221,654
221,758
221,916
221,927
221,994
221,1098
221,1318
221,1428
221,1635
221,1773
221,1804
221,1821
221,1969
221,2101
221,2184
221,2215
221,2222
221,2239
221,2358
221,2580
221,2743
221,2775
221,2877
221,3168
221,3207
221,3426
221,3513
221,3519
221,3557
221,3811
221,3857
221,3882
221,3912
221,3932
221,4015
221,4067
221,4163
221,4185
221,4342
222,266
222,302
222,318
222,348
222,384
222,412
222,453
222,471
222,516
222,728
222,1027
222,1048
222,1159
222,1171
222,1183
222,1288
222,1345
222,1417
222,1585
222,1778
222,1845
222,1953
222,2304
222,2409
222,2830
222,2840
222,2901
222,3203
222,3303
222,3470
222,3502
222,3576
222,3717
222,3888
222,4088
222,4171
222,4193
222,4217
222,4638
222,4853
222,4923
223,433
223,514
223,521
223,529
223,733
223,749
223,784
223,859
223,1017
223,1158
223,1308
223,1581
223,1623
223,1640
223,2003
223,2399
223,3309
223,3352
223,3359
223,3558
223,3679
223,3733
223,3742
223,4060
223,4063
223,4222
223,4445
223,4458
223,4522
223,4984
224,373
224,411
224,468
224,532
224,785
224,909
224,920
224,1007
224,1242
224,1314
224,1332
224,1408
224,1546
224,1708
224,1765
224,1907
224,1973
224,1997
224,2058
224,2219
224,2311
224,2372
224,2468
224,2509
224,2610
224,2901
224,2911
224,2976
224,3066
224,3298
224,3606
224,3753
224,4470
224,4493
224,4521
224,4603
224,4716
224,4851
225,248
225,1014
225,1038
225,1156
225,1157
225,1892
225,1905
225,2090
225,2098
225,2153
225,2648
225,2776
225,2874
225,3701
225,3785
225,4354
225,4567
225,4581
225,4775
225,4934
226,255
226,261
226,264
226,265
226,283
226,318
226,410
226,423
226,537
226,673
226,698
226,727
226,818
226,853
226,984
226,1409
226,1482
226,1528
226,1718
226,1775
226,1840
226,1933
226,2108
226,2130
226,2449
226,2467
226,2569
226,2762
226,3014
226,3367
226,3399
226,3410
226,3471
226,3480
226,3618
226,3848
226,3991
226,4198
226,4443
226,4473
226,4771
227,235
227,289
227,305
227,317
227,331
227,366
227,392
227,417
227,451
227,461
227,526
227,570
227,574
227,622
227,646
227,669
227,696
227,721
227,736
227,921
227,985
227,1121
227,1123
227,1148
227,1154
227,1181
227,1392
227,1413
227,1438
227,1480
227,1571
227,1616
227,1688
227,1697
227,1730
227,1805
227,1826
227,1836
227,1857
227,1885
227,2161
227,2185
227,2247
227,2248
227,2536
227,2574
227,2657
227,2832
227,3054
227,3168
227,3439
227,3526
227,3534
227,3694
227,3723
227,3759
227,3908
227,4054
227,4585
227,4732
227,4925
228,229
228,301
228,397
228,416
228,420
228,469
228,496
228,598
228,688
228,1018
228,1354
228,1473
228,1521
228,1682
228,1746
228,1817
228,2155
228,2185
228,2270
228,2536
228,2977
228,3427
228,3461
228,3584
228,3842
228,4332
228,4766
228,4900
229,560
229,565
229,673
229,794
229,896
229,1003
229,1044
229,1549
229,1655
229,1910
229,2089
229,2169
229,2328
229,2353
229,2460
229,2574
229,2653
229,2878
229,2995
229,3781
229,4224
229,4663
229,4967
230,272
230,286
230,294
230,377
230,406
230,555
230,631
230,722
230,797
230,1108
230,1236
230,1430
230,1492
230,1538
230,1688
230,1838
230,2124
230,2296
230,2449
230,2491
230,2841
230,3013
230,3167
230,3310
230,4143
230,4351
230,4393
230,4517
230,4538
230,4648
230,4781
230,4834
230,4853
230,4937
231,238
231,285
231,383
231,423
231,486
231,659
231,709
231,1087
231,1110
231,1895
231,1900
231,1903
231,1920
231,1942
231,1960
231,2154
231,2303
231,2472
231,3172
231,3215
231,3409
231,3815
231,4001
231,4152
231,4161
231,4425
231,4712
231,4991
232,247
232,265
232,327
232,373
232,379
232,511
232,522
232,581
232,722
232,840
232,866
232,892
232,911
232,917
232,1276
232,1391
232,1457
232,1487
232,1490
232,1568
232,1569
232,1707
232,1732
232,1748
232,1851
232,1859
232,1873
232,2224
232,2314
232,2337
232,2737
232,3155
232,3174
232,3275
232,3341
232,3454
232,3458
232,3675
232,3870
232,3982
232,4168
232,4251
232,4799
232,4826
233,315
233,323
233,396
233,432
233,447
233,493
233,516
233,660
233,705
233,904
233,947
233,962
233,1055
233,1155
233,1204
233,1294
233,1302
233,1319
233,1735
233,1826
233,1859
233,2373
233,2468
233,2790
233,2810
233,2893
233,3712
233,3978
233,4019
233,4600
233,4690
233,4753
233,4890
234,295
234,309
234,414
234,561
234,633
234,642
234,762
234,788
234,887
234,979
234,1016
234,1049
234,1094
234,1385
234,1415
234,1494
234,1617
234,2039
234,2278
234,2852
234,2900
234,2964
234,3165
234,3203
234,3234
234,3262
234,3832
234,4027
234,4159
234,4288
234,4292
234,4619
234,4739
234,4941
234,4958
235,259
235,285
235,342
235,416
235,463
235,494
235,518
235,978
235,1022
235,1204
235,1251
235,1292
235,1505
235,1538
235,1548
235,1668
235,1789
235,2192
235,2284
235,2471
235,3288
235,3433
235,3711
235,4600
236,252
236,255
236,392
236,420
236,433
236,522
236,525
236,577
236,601
236,610
236,810
236,882
236,896
236,946
236,959
236,992
236,1076
236,1188
236,1243
236,1508
236,1523
236,1622
236,1703
236,1734
236,1789
236,1888
236,1907
236,1932
236,1950
236,2033
236,2124
236,2184
236,2240
236,2249
236,2257
236,2283
236,2446
236,2554
236,2635
236,2910
236,3137
236,3341
236,3404
236,3679
236,3916
236,4055
236,4067
236,4174
236,4318
236,4430
236,4480
236,4637
236,4674
236,4690
237,317
237,332
237,338
237,421
237,446
237,486
237,507
237,556
237,587
237,593
237,650
237,651
237,732
237,885
237,994
237,1162
237,1199
237,1247
237,1479
237,1504
237,1610
237,1637
237,1652
237,1683
237,1736
237,1861
237,1940
237,1964
237,1977
237,2525
237,2751
237,2919
237,3000
237,3076
237,3233
237,3257
237,3351
237,3379
237,3507
237,4154
237,4320
237,4327
237,4354
237,4383
237,4486
237,4722
237,4733
237,4744
237,4818
237,4884
238,266
238,272
238,279
238,312
238,409
238,471
238,509
238,567
238,616
238,681
238,693
238,903
238,964
238,1047
238,1149
238,1240
238,1433
238,1482
238,1616
238,1709
238,1737
238,1756
238,1777
238,1823
238,1921
238,1953
238,1987
238,1998
238,2019
238,2053
238,2112
238,2122
238,2124
238,2129
238,2137
238,2289
238,2474
238,2599
238,2738
238,2759
238,2821
238,2826
238,2893
238,2994
238,3223
238,3255
238,3627
238,3796
238,3878
238,4005
238,4096
238,4201
238,4323
238,4373
238,4917
238,4961
239,281
239,375
239,408
239,489
239,567
239,570
239,655
239,663
239,700
239,767
239,833
239,836
239,869
239,897
239,1022
239,1123
239,1385
239,1488
239,1562
239,1693
239,1877
239,1891
239,1925
239,2312
239,2355
239,2402
239,2516
239,2621
239,2661
239,3244
239,3321
239,3356
239,3515
239,3638
239,3918
239,4004
239,4036
239,4105
239,4110
240,493
240,499
240,623
240,653
240,1066
240,1097
240,1139
240,1193
240,1424
240,2038
240,2206
240,2217
240,2317
240,2366
240,2615
240,2673
240,2886
240,2947
240,3147
240,3176
240,3611
240,3748
240,4267
240,4403
240,4753
240,4796
240,4946
241,242
241,277
241,292
241,336
241,337
241,361
241,407
241,484
241,551
241,557
241,755
241,795
241,796
241,1270
241,1305
241,1323
241,1334
241,1378
241,1475
241,1535
241,1580
241,1608
241,1711
241,1840
241,1863
241,1870
241,2009
241,2129
241,2371
241,2648
241,2719
241,2912
241,2978
241,3250
241,3546
241,3915
241,4048
241,4428
242,246
242,318
242,484
242,497
242,535
242,609
242,1231
242,1312
242,1614
242,1681
242,1772
242,1972
242,2640
242,3051
242,3260
242,3911
242,4118
242,4266
242,4647
242,4727
243,320
243,350
243,726
243,944
243,1080
243,1276
243,1651
243,1777
243,1872
243,2314
243,2655
243,2925
243,3412
243,3790
243,3867
243,4221
243,4502
243,4644
243,4760
243,4789
244,258
244,288
244,322
244,324
244,419
244,457
244,515
244,627
244,664
244,754
244,1041
244,1301
244,1339
244,1344
244,1461
244,1617
244,1677
244,1682
244,1725
244,1760
244,1780
244,2071
244,2436
244,2856
244,2933
244,3099
244,3405
244,3543
244,3859
244,3918
244,4341
244,4520
244,4543
244,4547
245,249
245,449
245,475
245,479
245,488
245,508
245,539
245,628
245,653
245,856
245,1014
245,1140
245,1370
245,1379
245,1400
245,1608
245,1611
245,1666
245,1678
245,1968
245,2071
245,2151
245,2296
245,2341
245,2565
245,2793
245,2861
245,3036
245,3072
245,3261
245,3271
245,3288
245,3327
245,3348
245,3581
245,3668
245,3702
245,3934
245,4101
245,4243
245,4396
245,4511
245,4821
246,250
246,303
246,331
246,400
246,445
246,634
246,650
246,689
246,766
246,774
246,782
246,809
246,834
246,928
246,1143
246,1234
246,1237
246,1250
246,1404
246,1440
246,1526
246,1625
246,1804
246,2010
246,2028
246,2149
246,2171
246,2352
246,2526
246,2874
246,3129
246,3204
246,3205
246,3712
246,3717
246,3843
246,4059
246,4098
246,4211
246,4295
246,4350
246,4754
246,4775
247,274
247,326
247,360
247,418
247,563
247,590
247,641
247,665
247,696
247,731
247,769
247,921
247,931
247,948
247,1228
247,1409
247,1629
247,1657
247,1839
247,1992
247,2217
247,2275
247,2411
247,2556
247,2843
247,2854
247,3013
247,3058
247,3208
247,3399
247,3400
247,3586
247,3855
247,3856
247,4005
247,4150
247,4156
247,4311
247,4337
247,4999
248,286
248,350
248,410
248,439
248,458
248,534
248,645
248,867
248,1169
248,1316
248,1607
248,1806
248,1899
248,2243
248,2244
248,2552
248,2570
248,2622
248,2697
248,2742
248,2755
248,2807
248,3349
248,3402
248,3797
248,4589
248,4613
248,4675
248,4904
249,250
249,291
249,300
249,387
249,427
249,443
249,567
249,715
249,744
249,800
249,957
249,964
249,990
249,1068
249,1282
249,1363
249,1414
249,1418
249,1581
249,1635
249,1666
249,1671
249,1912
249,2056
249,2305
249,4357
249,4740
250,295
250,403
250,449
250,493
250,559
250,644
250,677
250,684
250,729
250,772
250,785
250,806
250,829
250,848
250,921
250,953
250,1150
250,1452
250,1530
250,1589
250,1723
250,2124
250,2163
250,2444
250,2474
250,2629
250,2741
250,2828
250,2984
250,3003
250,3116
250,3228
250,3254
250,3464
250,3465
250,3753
250,4155
250,4409
250,4732
250,4757
250,4925
250,4976
251,360
251,442
251,672
251,1133
251,1452
251,1468
251,1565
251,1616
251,1796
251,1983
251,2065
251,2666
251,3616
251,3856
251,4997
252,265
252,271
252,332
252,381
252,477
252,526
252,614
252,894
252,901
252,1117
252,1258
252,1306
252,1562
252,1579
252,1887
252,1911
252,1939
252,2148
252,2149
252,2238
252,2242
252,2341
252,2562
252,2650
252,3087
252,3175
252,3658
252,3823
252,4292
252,4300
252,4628
252,4655
252,4799
252,4912
253,293
253,401
253,579
253,736
253,788
253,848
253,1109
253,1235
253,1349
253,1444
253,1505
253,1975
253,2209
253,2325
253,2424
253,2567
253,2841
253,3211
253,3272
253,3392
253,4311
253,4769
254,272
254,323
254,360
254,628
254,912
254,944
254,1120
254,1145
254,1156
254,1179
254,1283
254,1415
254,1437
254,1584
254,1679
254,1766
254,1835
254,1860
254,2044
254,2045
254,2231
254,2386
254,2574
254,2631
254,2831
254,2944
254,3065
254,3582
254,3716
254,4011
254,4044
254,4108
254,4253
254,4366
254,4610
254,4720
254,4915
255,401
255,404
255,423
255,428
255,441
255,582
255,658
255,685
255,716
255,730
255,861
255,993
255,1080
255,1143
255,1200
255,1354
255,1625
255,1835
255,1928
255,2013
255,2047
255,2574
255,2943
255,3001
255,3078
255,3186
255,3341
255,3556
255,3702
255,3724
255,3738
255,3973
256,292
256,385
256,498
256,687
256,814
256,936
256,1451
256,1795
256,2109
256,2502
256,2558
256,2634
256,3079
256,3284
256,3511
256,3637
256,3720
256,3802
256,4443
256,4882
257,361
257,459
257,473
257,525
257,1067
257,1103
257,1124
257,1749
257,1760
257,1911
257,1956
257,1961
257,2159
257,2262
257,2390
257,2438
257,2498
257,2542
257,2571
257,2686
257,2971
257,3887
257,4550
257,4597
257,4701
257,4825
258,305
258,307
258,326
258,347
258,383
258,467
258,489
258,621
258,788
258,927
258,942
258,968
258,1119
258,1163
258,1194
258,1348
258,1357
258,1508
258,1542
258,1570
258,1617
258,1727
258,1733
258,1808
258,1908
258,1927
258,2099
258,2111
258,2186
258,2293
258,2312
258,2346
258,2361
258,2526
258,2721
258,2829
258,2923
258,3017
258,3387
258,3403
258,3490
258,3523
258,3650
258,3765
258,3868
258,3904
258,3945
258,3946
258,4168
258,4221
258,4291
258,4305
258,4361
258,4468
258,4472
258,4474
258,4653
258,4689
258,4838
259,266
259,297
259,333
259,356
259,471
259,480
259,503
259,574
259,609
259,675
259,717
259,859
259,1047
259,1102
259,1401
259,1656
259,1726
259,2164
259,2344
259,2652
259,3214
259,3420
259,3760
259,4211
259,4342
259,4704
259,4943
260,348
260,373
260,511
260,605
260,650
260,711
260,946
260,983
260,1094
260,1174
260,1302
260,1637
260,2181
260,2317
260,3018
260,3126
260,3146
260,3153
260,3469
260,3555
260,3643
260,4182
260,4839
260,4862
260,4990
261,270
261,271
261,276
261,376
261,558
261,619
261,1000
261,1043
261,1109
261,1127
261,1159
261,1332
261,1687
261,1727
261,1765
261,1820
261,1924
261,2009
261,2018
261,2348
261,2374
261,2598
261,2622
261,2744
261,2960
261,2975
261,3169
261,3390
261,3701
261,4023
261,4102
261,4641
262,296
262,360
262,405
262,503
262,509
262,796
262,939
262,1210
262,1353
262,1405
262,1641
262,1776
262,1864
262,2139
262,2140
262,2313
262,2505
262,2560
262,2894
262,2969
262,3340
262,3636
262,3767
262,3805
262,4017
262,4051
262,4079
262,4327
262,4461
262,4483
262,4667
262,4745
262,4792
262,4804
263,295
263,309
263,350
263,404
263,446
263,462
263,492
263,617
263,639
263,744
263,753
263,773
263,786
263,874
263,896
263,913
263,1092
263,1114
263,1175
263,1547
263,1602
263,1719
263,2125
263,2128
263,2209
263,2343
263,2357
263,2758
263,2801
263,2824
263,2850
263,2862
263,2907
263,3005
263,3287
263,3293
263,3394
263,3465
263,3812
263,3833
263,4130
263,4885
263,4929
264,407
264,650
264,718
264,973
264,981
264,1272
264,1642
264,1952
264,2043
264,2075
264,2419
264,2738
264,3102
264,3429
264,3726
264,3757
264,3855
264,3975
264,4044
264,4068
264,4228
264,4255
264,4821
264,4832
265,302
265,415
265,473
265,528
265,878
265,898
265,948
265,1283
265,1318
265,1737
265,2390
265,2491
265,2496
265,2547
265,2554
265,2761
265,2767
265,3210
265,3257
265,3267
265,3344
265,3425
265,4012
265,4038
265,4507
266,450
266,701
266,1037
266,2124
266,2231
266,2260
266,2496
266,2605
266,2738
266,2800
266,2857
266,2882
266,3194
266,3245
266,3541
266,3619
266,3934
266,4101
266,4913
267,315
267,358
267,380
267,583
267,608
267,619
267,730
267,775
267,787
267,829
267,941
267,969
267,983
267,1002
267,1077
267,1101
267,1270
267,1280
267,1334
267,1373
267,1376
267,1536
267,1548
267,1711
267,1736
267,1794
267,1797
267,1800
267,1802
267,1863
267,1956
267,2689
267,3053
267,3097
267,3322
267,3380
267,3628
267,4083
267,4176
267,4196
267,4237
267,4302
267,4518
267,4708
267,4784
268,287
268,343
268,355
268,410
268,411
268,422
268,838
268,859
268,1113
268,1559
268,1737
268,1871
268,1872
268,2717
268,2805
268,2907
268,3274
268,3279
268,3297
268,3337
268,3462
268,3474
268,3657
268,4928
269,417
269,459
269,591
269,804
269,847
269,874
269,893
269,896
269,966
269,1071
269,1098
269,1185
269,1271
269,1393
269,1418
269,1466
269,1625
269,1799
269,1840
269,1861
269,2067
269,2088
269,2300
269,2342
269,2639
269,2995
269,3488
269,3593
269,3793
269,4415
269,4431
269,4574
269,4589
269,4704
270,297
270,317
270,367
270,372
270,393
270,408
270,448
270,493
270,615
270,640
270,791
270,856
270,918
270,933
270,948
270,968
270,1306
270,1324
270,1340
270,1341
270,1367
270,1426
270,1529
270,1581
270,1590
270,1637
270,1719
270,1936
270,2128
270,2387
270,2487
270,2508
270,2716
270,2934
270,2966
270,3053
270,3054
270,3187
270,3195
270,3207
270,3284
270,3575
270,3585
270,3661
270,3757
270,3769
270,3935
270,3976
270,4023
270,4396
270,4610
270,4613
270,4627
270,4977
270,4994
271,345
271,464
271,477
271,501
271,538
271,542
271,569
271,748
271,760
271,1028
271,1052
271,1111
271,1133
271,1336
271,1572
271,1602
271,1743
271,2000
271,2154
271,2385
271,2389
271,2443
271,2489
271,2520
271,2529
271,2621
271,2627
271,2824
271,2888
271,2931
271,3023
271,3038
271,3111
271,3310
271,3335
271,3757
271,4308
271,4349
271,4424
271,4947
272,299
272,663
272,666
272,849
272,866
272,899
272,1159
272,1267
272,1357
272,1440
272,1466
272,1484
272,1678
272,2223
272,2297
272,3116
272,3716
272,3738
272,3890
272,3904
272,4083
272,4271
272,4479
273,400
273,500
273,593
273,854
273,952
273,1109
273,1280
273,1370
273,1503
273,2352
273,2564
273,2684
273,3127
273,3245
273,3278
273,3982
273,4134
273,4271
273,4406
273,4407
273,4815
274,312
274,387
274,493
274,625
274,638
274,683
274,690
274,781
274,790
274,817
274,844
274,900
274,928
274,979
274,1036
274,1084
274,1139
274,1281
274,1334
274,1344
274,1406
274,1418
274,1440
274,1455
274,1465
274,1535
274,1538
274,1607
274,1680
274,1767
274,2167
274,2297
274,2323
274,2501
274,2635
274,2781
274,3092
274,3179
274,3528
274,3578
274,3707
274,3735
274,3792
274,3800
274,3885
274,4053
274,4096
274,4571
274,4633
275,315
275,347
275,358
275,458
275,521
275,525
275,596
275,631
275,668
275,757
275,950
275,987
275,1065
275,1178
275,1212
275,1271
275,1273
275,1350
275,1533
275,1564
275,1645
275,1671
275,1775
275,1784
275,1809
275,1939
275,2100
275,2113
275,2182
275,2283
275,2434
275,2736
275,2829
275,2968
275,3532
275,3624
275,3731
275,3784
275,3884
275,3968
275,4299
275,4356
275,4429
275,4597
275,4655
275,4685
275,4926
276,453
276,589
276,630
276,690
276,753
276,782
276,786
276,796
276,832
276,843
276,1037
276,1220
276,1551
276,1580
276,1712
276,1785
276,1789
276,1851
276,2034
276,2061
276,2124
276,2132
276,2238
276,2325
276,2432
276,2575
276,2711
276,2719
276,2845
276,2859
276,2980
276,3270
276,3520
276,3617
276,3696
276,3905
276,4158
276,4260
276,4365
276,4386
276,4459
276,4812
276,4884
276,4887
276,4960
277,324
277,343
277,380
277,471
277,485
277,520
277,537
277,579
277,822
277,858
277,923
277,948
277,971
277,1010
277,1046
277,1077
277,1125
277,1137
277,1233
277,1264
277,1390
277,1410
277,1431
277,1545
277,1726
277,1830
277,1934
277,1956
277,1979
277,2236
277,2395
277,2492
277,2512
277,2573
277,2748
277,2760
277,2831
277,2946
277,3027
277,3059
277,3067
277,3212
277,3263
277,3312
277,3323
277,3412
277,3424
277,3841
277,3854
277,4092
277,4534
277,4647
277,4914
277,4975
278,280
278,292
278,368
278,673
278,710
278,737
278,792
278,973
278,1256
278,1420
278,1643
278,1860
278,2171
278,2539
278,2949
278,2969
278,3644
278,3710
278,4032
278,4296
278,4370
278,4931
279,436
279,563
279,598
279,768
279,775
279,778
279,915
279,1072
279,1298
279,1418
279,1633
279,1668
279,1713
279,2003
279,2066
279,2320
279,2339
279,3183
279,3292
279,3566
279,3738
279,3951
279,4088
279,4228
279,4862
279,4877
280,283
280,294
280,343
280,444
280,908
280,1084
280,1575
280,2026
280,2065
280,2074
280,2273
280,2426
280,2472
280,3415
280,3553
280,3899
280,4327
280,4548
280,4852
281,287
281,381
281,385
281,389
281,416
281,531
281,585
281,589
281,618
281,628
281,731
281,736
281,764
281,872
281,948
281,953
281,1005
281,1026
281,1040
281,1082
281,1084
281,1091
281,1096
281,1098
281,1196
281,1204
281,1289
281,1297
281,1304
281,1309
281,1311
281,1390
281,1543
281,1628
281,1661
281,1778
281,1797
281,1917
281,1944
281,2060
281,2138
281,2266
281,2362
281,2453
281,2475
281,2565
281,2709
281,2776
281,2840
281,2843
281,2852
281,2906
281,2945
281,2959
281,3111
281,3236
281,3247
281,3379
281,3450
281,3556
281,3689
281,3770
281,3944
281,4022
281,4158
281,4491
281,4508
281,4575
281,4639
281,4685
281,4813
281,4855
281,4913
281,4929
281,4969
281,4985
282,283
282,313
282,370
282,435
282,469
282,472
282,477
282,556
282,628
282,636
282,657
282,658
282,819
282,1367
282,1835
282,1933
282,2076
282,2177
282,2544
282,2663
282,2704
282,2790
282,2938
282,2954
282,3164
282,3214
282,3966
282,4253
282,4543
282,4613
282,4644
283,291
283,328
283,423
283,457
283,499
283,559
283,716
283,803
283,808
283,866
283,893
283,898
283,914
283,1071
283,1323
283,1404
283,1462
283,1669
283,1802
283,1861
283,1953
283,2061
283,2403
283,2762
283,2815
283,3052
283,3385
283,3733
283,3826
283,3909
283,4081
283,4356
283,4434
283,4539
283,4629
283,4794
283,4843
284,295
284,304
284,339
284,340
284,374
284,498
284,526
284,531
284,744
284,868
284,1065
284,1515
284,2782
284,4057
284,4650
284,4664
285,317
285,419
285,501
285,537
285,778
285,865
285,927
285,1377
285,1477
285,1513
285,2105
285,2203
285,2419
285,2608
285,2972
285,3332
285,3508
285,4463
286,354
286,422
286,530
286,564
286,570
286,731
286,857
286,1081
286,1189
286,1217
286,1523
286,1590
286,1672
286,1904
286,2241
286,2397
286,2839
286,3221
286,3308
286,3378
286,3440
286,3513
286,3625
286,3752
286,3979
286,4000
286,4115
286,4445
286,4936
287,579
287,590
287,738
287,771
287,789
287,866
287,923
287,978
287,1058
287,1380
287,2375
287,2433
287,2484
287,3132
287,3222
287,3303
287,3363
287,3474
287,3495
287,3519
287,3559
287,3802
287,3922
287,4025
287,4135
287,4247
287,4790
288,316
288,331
288,353
288,418
288,515
288,559
288,599
288,636
288,709
288,736
288,771
288,812
288,823
288,938
288,1007
288,1028
288,1061
288,1074
288,1106
288,1194
288,1314
288,1367
288,1405
288,1470
288,1476
288,1555
288,1767
288,1814
288,1934
288,1967
288,1977
288,2042
288,2287
288,2799
288,2993
288,3086
288,3368
288,3691
288,3761
288,3876
288,3959
288,4234
288,4765
288,4787
288,4848
288,4956
289,343
289,438
289,454
289,705
289,1040
289,1135
289,1142
289,1657
289,1694
289,2122
289,2728
289,4067
289,4171
289,4529
290,298
290,312
290,359
290,364
290,395
290,552
290,567
290,774
290,829
290,834
290,870
290,878
290,980
290,993
290,996
290,1108
290,1165
290,1219
290,1332
290,1401
290,1423
290,1840
290,1939
290,1992
290,1995
290,2084
290,2087
290,2236
290,2281
290,2422
290,2867
290,2978
290,3172
290,3290
290,3578
290,3633
290,3714
290,3817
290,3925
290,4097
290,4100
290,4335
290,4558
290,4808
290,4872
290,4901
290,4925
291,321
291,373
291,481
291,514
291,595
291,672
291,691
291,766
291,774
291,775
291,1092
291,1202
291,1211
291,1269
291,1317
291,1548
291,1562
291,1689
291,1701
291,1766
291,1883
291,2135
291,2172
291,2193
291,2210
291,2227
291,2499
291,2699
291,2708
291,2984
291,3412
291,3593
291,3775
291,3805
291,4073
291,4371
292,343
292,355
292,395
292,465
292,481
292,527
292,558
292,583
292,609
292,639
292,650
292,653
292,696
292,705
292,731
292,972
292,1037
292,1070
292,1115
292,1160
292,1333
292,1381
292,1411
292,1615
292,1705
292,1841
292,2100
292,2404
292,2409
292,2420
292,2460
292,2519
292,2790
292,2960
292,3042
292,3274
292,3364
292,3434
292,3479
292,3613
292,3662
292,3693
292,4156
292,4271
292,4563
292,4737
292,4843
292,4924
293,300
293,312
293,322
293,346
293,357
293,384
293,459
293,541
293,666
293,760
293,782
293,825
293,862
293,897
293,941
293,952
293,975
293,978
293,1192
293,1226
293,1270
293,1334
293,1453
293,1532
293,1536
293,1690
293,1722
293,1896
293,1938
293,1967
293,1982
293,2219
293,2430
293,2921
293,2986
293,3409
293,3629
293,3932
293,4052
293,4299
293,4558
293,4739
294,311
294,531
294,639
294,934
294,947
294,960
294,1234
294,1292
294,1299
294,1304
294,1463
294,1464
294,1489
294,1687
294,1742
294,1880
294,1888
294,1994
294,2079
294,2178
294,2457
294,2607
294,2751
294,3232
294,3640
294,3982
294,3997
294,4412
294,4433
294,4475
294,4531
295,414
295,447
295,455
295,490
295,590
295,640
295,821
295,864
295,916
295,955
295,974
295,1065
295,1081
295,1128
295,1159
295,1228
295,1273
295,1310
295,1363
295,1374
295,1445
295,1599
295,1636
295,1681
295,1797
295,2106
295,2294
295,2319
295,2503
295,2537
295,2651
295,2670
295,3124
295,3436
295,3457
295,3618
295,3682
295,3807
295,3834
295,4055
295,4177
295,4202
295,4538
296,340
296,570
296,626
296,655
296,669
296,851
296,865
296,1004
296,1164
296,1237
296,1429
296,1581
296,1648
296,1699
296,1744
296,2139
296,2206
296,2885
296,3008
296,3069
296,3077
296,3324
296,3391
296,3662
296,3878
296,3947
296,4067
296,4244
296,4250
296,4537
296,4689
297,315
297,405
297,455
297,469
297,482
297,572
297,581
297,607
297,617
297,807
297,820
297,905
297,1005
297,1083
297,1170
297,1307
297,1358
297,1576
297,1726
297,1781
297,1831
297,1908
297,1912
297,2006
297,2021
297,2180
297,2187
297,2237
297,2256
297,2268
297,2525
297,2564
297,2580
297,2648
297,2886
297,3189
297,3636
297,3692
297,3758
297,3886
297,3942
297,4070
297,4124
297,4182
297,4283
297,4431
297,4727
297,4949
298,432
298,513
298,516
298,600
298,610
298,645
298,813
298,952
298,1143
298,1149
298,1158
298,1261
298,1307
298,1394
298,1445
298,1459
298,1498
298,1514
298,1544
298,1608
298,1646
298,1753
298,1826
298,2063
298,2088
298,2363
298,2395
298,2421
298,2781
298,2894
298,2902
298,2903
298,2956
298,3373
298,3408
298,3500
298,3585
298,3620
298,3651
298,3735
298,4337
298,4653
298,4816
298,4849
298,4968
299,324
299,446
299,610
299,675
299,681
299,752
299,1095
299,1104
299,1211
299,1332
299,1337
299,1772
299,2236
299,2604
299,2856
299,3445
299,3844
299,3864
299,3889
299,4010
299,4039
300,341
300,423
300,496
300,579
300,694
300,792
300,822
300,1102
300,1123
300,1166
300,1558
300,1596
300,1749
300,1772
300,1877
300,1940
300,2114
300,2141
300,2199
300,2284
300,2910
300,3027
300,3063
300,3172
300,3388
300,3448
300,3675
300,3950
300,3962
300,3979
300,3996
300,4259
300,4496
300,4560
301,320
301,412
301,452
301,455
301,494
301,530
301,550
301,572
301,612
301,752
301,789
301,878
301,929
301,944
301,981
301,1100
301,1635
301,2119
301,2168
301,2227
301,2291
301,2317
301,2351
301,2450
301,2497
301,2673
301,2713
301,4320
301,4376
301,4639
302,336
302,346
302,358
302,524
302,535
302,589
302,659
302,806
302,910
302,931
302,1151
302,1203
302,1237
302,1377
302,1876
302,1883
302,1961
302,2004
302,2258
302,2338
302,2388
302,2415
302,2677
302,2831
302,2990
302,3451
302,3655
302,3836
302,4096
302,4165
302,4362
302,4365
302,4487
303,388
303,436
303,551
303,557
303,639
303,657
303,922
303,926
303,1219
303,1335
303,1764
303,1986
303,2013
303,2053
303,2121
303,2351
303,2461
303,2763
303,2882
303,3335
303,4005
303,4886
304,351
304,442
304,530
304,637
304,675
304,687
304,693
304,731
304,759
304,1200
304,1241
304,1463
304,1541
304,1642
304,1803
304,1883
304,2174
304,2179
304,2329
304,2733
304,3060
304,3144
304,3458
304,3801
304,4045
304,4200
304,4477
304,4851
304,4988
305,356
305,477
305,499
305,503
305,549
305,798
305,815
305,887
305,935
305,936
305,1010
305,1030
305,1068
305,1148
305,1219
305,1229
305,1313
305,1359
305,1511
305,1521
305,1566
305,1627
305,1694
305,1940
305,2130
305,2595
305,2658
305,2773
305,2901
305,2906
305,3016
305,3104
305,3244
305,3570
305,4098
305,4306
305,4357
305,4533
305,4622
306,392
306,412
306,585
306,732
306,997
306,1045
306,1107
306,1226
306,1285
306,1374
306,1628
306,1674
306,1713
306,1720
306,1741
306,1767
306,1899
306,1950
306,2248
306,2332
306,2363
306,2521
306,2599
306,2613
306,2982
306,3083
306,3098
306,3113
306,3125
306,3385
306,4012
306,4594
306,4673
306,4675
306,4939
307,376
307,414
307,418
307,495
307,538
307,574
307,590
307,1741
307,2057
307,2371
307,2526
307,2984
307,3047
307,3389
307,3536
307,3581
307,3829
307,3845
307,3943
307,4015
307,4428
307,4460
307,4602
307,4725
307,4773
307,4841
308,400
308,401
308,406
308,509
308,783
308,814
308,854
308,874
308,1104
308,1503
308,1693
308,1945
308,1999
308,2045
308,2212
308,2454
308,3263
308,3344
308,3620
308,3727
308,3932
308,4345
308,4706
309,361
309,373
309,392
309,401
309,442
309,658
309,689
309,809
309,847
309,874
309,981
309,991
309,1219
309,1376
309,1422
309,1439
309,1540
309,1578
309,1688
309,1763
309,1847
309,1857
309,1898
309,1995
309,2156
309,2391
309,2488
309,2989
309,3034
309,3163
309,3236
309,3292
309,3352
309,3698
309,3773
309,4743
310,373
310,527
310,598
310,635
310,742
310,1100
310,1148
310,1348
310,1510
310,1589
310,1727
310,1789
310,1826
310,1835
310,1913
310,2021
310,2349
310,2506
310,2644
310,2681
310,2847
310,2923
310,3061
310,3064
310,3321
310,3361
310,3431
310,3535
310,3664
310,4284
310,4468
310,4607
310,4650
310,4900
311,548
311,550
311,555
311,843
311,924
311,1090
311,1238
311,1755
311,2813
311,3131
311,3728
311,3882
311,3981
311,4123
311,4181
311,4297
311,4937
312,369
312,383
312,398
312,689
312,803
312,971
312,1430
312,1844
312,1908
312,2172
312,2900
312,3019
312,3070
312,3158
312,4232
312,4283
312,4474
312,4907
313,387
313,559
313,597
313,1006
313,1087
313,1152
313,1223
313,1429
313,1559
313,1616
313,2581
313,2687
313,2844
313,3025
313,3283
313,3696
313,3874
313,4093
313,4188
313,4255
313,4294
313,4404
313,4413
313,4475
314,322
314,341
314,346
314,505
314,702
314,720
314,845
314,860
314,1000
314,1041
314,1101
314,1150
314,1171
314,1362
314,1381
314,1786
314,1911
314,2024
314,2184
314,2185
314,2383
314,2401
314,2576
314,2699
314,2999
314,3007
314,3155
314,3268
314,3413
314,3679
314,3899
314,4097
314,4432
314,4487
315,459
315,647
315,659
315,796
315,960
315,1115
315,1147
315,1207
315,1432
315,1548
315,1738
315,1946
315,1964
315,2016
315,2244
315,2289
315,2360
315,3100
315,3295
315,3439
315,3597
315,3987
315,4247
315,4356
315,4442
315,4577
315,4581
315,4756
316,343
316,385
316,481
316,521
316,555
316,557
316,580
316,589
316,663
316,667
316,951
316,969
316,1012
316,1118
316,1140
316,1183
316,1279
316,1283
316,1522
316,1548
316,1555
316,1921
316,2071
316,2210
316,2668
316,2783
316,2956
316,3028
316,3095
316,3173
316,3346
316,3357
316,3765
316,3779
316,4604
316,4650
316,4766
317,372
317,683
317,822
317,978
317,1015
317,1179
317,1386
317,1445
317,1680
317,1817
317,1917
317,2017
317,2070
317,2447
317,2602
317,2920
317,2957
317,4636
318,451
318,492
318,620
318,671
318,830
318,879
318,971
318,972
318,1525
318,1654
318,1828
318,1904
318,1912
318,2318
318,2384
318,2394
318,2425
318,2554
318,2735
318,2767
318,2953
318,3068
318,3512
318,3570
318,3783
318,4421
318,4696
319,390
319,451
319,458
319,460
319,469
319,544
319,589
319,669
319,670
319,715
319,798
319,820
319,851
319,912
319,925
319,927
319,976
319,1024
319,1096
319,1138
319,1213
319,1220
319,1264
319,1315
319,1522
319,1707
319,1852
319,1920
319,2516
319,2633
319,2785
319,2816
319,2866
319,2951
319,3169
319,3296
319,3358
319,3490
319,3725
319,3758
319,4484
319,4577
319,4809
319,4974
320,434
320,463
320,690
320,758
320,859
320,943
320,1206
320,1230
320,1252
320,1278
320,1345
320,1697
320,2090
320,2380
320,2705
320,2718
320,3014
320,3119
320,3184
320,3269
320,3363
320,3387
320,3402
320,3581
320,3678
320,3785
320,3930
320,4462
320,4549
320,4635
320,4943
321,342
321,371
321,388
321,452
321,499
321,629
321,631
321,704
321,753
321,976
321,1000
321,1065
321,1121
321,1347
321,1507
321,1738
321,1920
321,2232
321,2309
321,2688
321,2862
321,3312
321,3614
321,3656
321,3862
321,4180
321,4354
322,366
322,552
322,588
322,589
322,613
322,692
322,881
322,919
322,958
322,1053
322,1057
322,1232
322,1242
322,1635
322,1669
322,1696
322,1953
322,2432
322,2555
322,2632
322,2663
322,3112
322,3178
322,3206
322,3300
322,4106
322,4215
322,4256
322,4449
322,4553
323,472
323,566
323,859
323,1029
323,1857
323,2144
323,2352
323,2416
323,2538
323,3306
323,3461
323,3880
323,3919
323,4120
323,4250
323,4346
323,4755
323,4884
324,369
324,501
324,928
324,1267
324,1350
324,1365
324,1422
324,1663
324,1671
324,1734
324,1783
324,1829
324,2062
324,2146
324,3142
324,3217
324,3261
324,3382
324,3444
324,3628
324,3814
324,3827
324,3973
325,367
325,421
325,430
325,450
325,486
325,494
325,575
325,838
325,852
325,869
325,918
325,1069
325,1127
325,1143
325,1264
325,1383
325,1455
325,1623
325,1732
325,1749
325,1768
325,1832
325,2112
325,2282
325,2310
325,2451
325,2555
325,2569
325,2733
325,2803
325,2860
325,2879
325,3004
325,3015
325,3488
325,3543
325,3571
325,3738
325,3744
325,3877
325,4022
325,4064
325,4100
325,4376
325,4627
325,4770
325,4947
326,329
326,341
326,351
326,431
326,486
326,529
326,561
326,571
326,575
326,622
326,666
326,728
326,976
326,977
326,1022
326,1042
326,1322
326,1381
326,1442
326,1592
326,1779
326,2069
326,2287
326,2476
326,2672
326,2843
326,2998
326,3113
326,3149
326,3278
326,3481
326,3502
326,4238
326,4306
326,4431
326,4580
326,4628
326,4795
327,430
327,492
327,711
327,743
327,772
327,844
327,882
327,926
327,961
327,1120
327,1248
327,1431
327,1552
327,1583
327,1606
327,1818
327,1926
327,1955
327,2009
327,2073
327,2376
327,2474
327,3010
327,3013
327,3543
327,3576
327,3943
327,4240
328,429
328,447
328,477
328,553
328,666
328,669
328,737
328,920
328,937
328,1086
328,1193
328,1318
328,1444
328,1558
328,1688
328,1823
328,1957
328,1987
328,2078
328,2175
328,2766
328,3505
328,3674
328,3747
328,3770
328,4377
328,4960
329,460
329,472
329,480
329,551
329,721
329,727
329,805
329,1253
329,1275
329,1291
329,1610
329,1668
329,1676
329,1768
329,1880
329,2034
329,2053
329,2140
329,2150
329,2177
329,2269
329,2290
329,2396
329,2549
329,2579
329,2671
329,2973
329,2979
329,3213
329,3296
329,3942
329,4116
329,4289
330,457
330,496
330,520
330,538
330,543
330,585
330,696
330,1051
330,1276
330,1297
330,1533
330,1669
330,1676
330,2209
330,2361
330,2857
330,2953
330,3403
330,3443
330,3596
330,4265
330,4485
330,4553
330,4761
330,4801
331,397
331,483
331,570
331,741
331,835
331,1068
331,1202
331,1356
331,1438
331,1439
331,1575
331,1688
331,1746
331,1785
331,2293
331,2472
331,2730
331,2803
331,2863
331,2926
331,2932
331,3072
331,3329
331,3340
331,3348
331,3366
331,3594
331,3617
331,3901
331,4108
331,4746
332,384
332,500
332,581
332,649
332,738
332,758
332,769
332,793
332,807
332,841
332,868
332,950
332,997
332,1013
332,1086
332,1108
332,1154
332,1281
332,1397
332,1436
332,1556
332,1621
332,1772
332,1959
332,2236
332,2650
332,2969
332,3069
332,3504
332,3533
332,3549
332,3624
332,3777
332,4113
332,4566
332,4602
332,4623
332,4625
332,4635
333,347
333,496
333,600
333,657
333,712
333,755
333,789
333,799
333,913
333,920
333,1247
333,1305
333,1890
333,1968
333,2015
333,2144
333,2284
333,2285
333,2326
333,2357
333,2584
333,2605
333,2668
333,2735
333,3103
333,3117
333,3120
333,3338
333,3361
333,3402
333,3537
333,3689
333,4054
333,4465
333,4612
334,349
334,379
334,420
334,434
334,445
334,657
334,714
334,1021
334,1166
334,1382
334,2056
334,2356
334,2393
334,2445
334,2543
334,2664
334,2726
334,2765
334,2850
334,2948
334,3052
334,3115
334,3311
334,3426
334,4005
334,4071
334,4123
334,4674
334,4746
335,617
335,763
335,874
335,934
335,970
335,1066
335,1102
335,1113
335,1121
335,1230
335,1485
335,1956
335,2240
335,2684
335,2832
335,3053
335,3259
335,3440
335,4082
335,4164
335,4281
335,4658
335,4846
335,4867
335,4961
336,498
336,503
336,536
336,623
336,628
336,742
336,921
336,964
336,1028
336,1029
336,1105
336,1239
336,1261
336,1443
336,1553
336,1749
336,1765
336,1777
336,1793
336,2001
336,2030
336,2087
336,2845
336,2889
336,2895
336,3346
336,3347
336,3642
336,4425
336,4470
336,4675
336,4807
337,382
337,578
337,661
337,787
337,873
337,895
337,919
337,1239
337,1301
337,1337
337,1442
337,1461
337,1906
337,2132
337,2237
337,2243
337,2272
337,2280
337,2370
337,2458
337,2504
337,2516
337,2666
337,2703
337,2915
337,3159
337,4861
337,4957
338,400
338,479
338,560
338,613
338,774
338,793
338,1008
338,1101
338,1258
338,1349
338,1678
338,1784
338,1791
338,1815
338,1860
338,1985
338,1993
338,2309
338,2510
338,2548
338,2645
338,3179
338,3328
338,3672
338,4014
338,4264
338,4311
338,4709
338,4854
339,410
339,419
339,452
339,588
339,634
339,811
339,958
339,1127
339,1210
339,1254
339,1360
339,1463
339,1554
339,1744
339,2378
339,2448
339,2861
339,3002
339,3082
339,3159
339,3473
339,3600
339,4107
339,4356
339,4781
339,4818
340,347
340,383
340,391
340,445
340,480
340,521
340,612
340,812
340,883
340,1126
340,1159
340,1280
340,1356
340,1751
340,1897
340,1937
340,2183
340,2318
340,2333
340,2538
340,2552
340,2843
340,2903
340,3030
340,3264
340,3429
340,3598
340,3635
340,3801
340,3944
340,3998
340,4252
340,4362
340,4595
340,4659
340,4850
340,4892
341,641
341,727
341,748
341,1124
341,1355
341,1407
341,1696
341,1724
341,1853
341,1887
341,2646
341,2735
341,2790
341,3105
341,3806
341,4156
341,4226
341,4237
341,4280
341,4329
341,4511
341,4767
341,4806
342,387
342,401
342,519
342,843
342,972
342,1378
342,1485
342,1800
342,1984
342,2075
342,2406
342,2473
342,2949
342,3430
342,3582
342,3591
342,3666
342,3816
342,4102
342,4399
342,4421
342,4767
343,368
343,396
343,407
343,424
343,554
343,691
343,864
343,1074
343,1577
343,1745
343,2059
343,2234
343,2380
343,2418
343,2506
343,2528
343,2699
343,2742
343,2918
343,3093
343,4236
343,4446
343,4533
343,4788
343,4894
343,4933
344,428
344,862
344,1179
344,1865
344,2017
344,2603
344,3179
344,3327
344,3499
345,366
345,702
345,1025
345,1036
345,1353
345,1771
345,1933
345,2164
345,2167
345,2314
345,3042
345,3082
345,3130
345,3953
345,4057
345,4641
345,4816
346,366
346,470
346,490
346,526
346,611
346,815
346,886
346,975
346,1232
346,1456
346,1753
346,1766
346,2078
346,2488
346,2665
346,2725
346,2950
346,3385
346,3782
346,4017
346,4018
346,4693
347,358
347,544
347,798
347,805
347,822
347,830
347,1260
347,1391
347,1449
347,1812
347,1926
347,2064
347,2164
347,2177
347,2652
347,2835
347,3594
347,3665
347,3847
347,4093
348,606
348,779
348,2465
348,2578
348,2680
348,4490
349,404
349,523
349,707
349,780
349,939
349,1150
349,1463
349,1482
349,1866
349,1956
349,2059
349,2082
349,2221
349,2300
349,2402
349,2611
349,2689
349,2811
349,2881
349,3114
349,3127
349,3239
349,3647
349,3954
349,4337
349,4436
349,4532
349,4560
349,4766
350,407
350,500
350,505
350,506
350,566
350,853
350,1124
350,1250
350,1328
350,1340
350,1342
350,1407
350,1419
350,1480
350,1588
350,1733
350,2069
350,2122
350,2302
350,2334
350,2514
350,2596
350,2602
350,2718
350,2731
350,2745
350,2951
350,2979
350,3044
350,3076
350,3181
350,3254
350,3648
350,4377
350,4620
351,370
351,372
351,447
351,492
351,537
351,644
351,796
351,872
351,944
351,996
351,1060
351,1120
351,1310
351,1407
351,1431
351,1592
351,1670
351,1802
351,1894
351,1942
351,2287
351,2496
351,2796
351,2800
351,3081
351,3166
351,3218
351,3255
351,3303
351,3376
351,3493
351,3627
351,3926
352,410
352,528
352,562
352,769
352,860
352,1272
352,1771
352,1929
352,2387
352,3375
352,3635
352,4292
352,4574
353,386
353,399
353,455
353,769
353,924
353,932
353,1798
353,2375
353,3151
353,3416
353,3860
353,3954
353,4096
353,4482
353,4643
353,4972
354,584
354,886
354,1024
354,1181
354,1257
354,1379
354,1453
354,1494
354,1529
354,1546
354,1618
354,1638
354,1665
354,2107
354,2371
354,2471
354,2868
354,2927
354,2962
354,3485
354,3676
354,3953
354,4120
354,4343
354,4797
355,411
355,439
355,767
355,860
355,921
355,1020
355,1143
355,1164
355,1177
355,1342
355,1597
355,1634
355,1637
355,1648
355,1921
355,2259
355,2618
355,2746
355,2917
355,2933
355,3343
355,3589
355,3783
355,3915
355,4189
355,4229
355,4463
355,4844
355,4934
355,4996
356,382
356,398
356,520
356,536
356,622
356,661
356,664
356,838
356,979
356,988
356,1012
356,1059
356,1073
356,1088
356,1256
356,1258
356,1261
356,1279
356,1509
356,1582
356,1629
356,1666
356,1781
356,2040
356,2301
356,2373
356,2423
356,2474
356,2577
356,2899
356,2927
356,2936
356,4132
356,4193
356,4230
356,4504
356,4604
356,4747
357,433
357,477
357,506
357,517
357,543
357,594
357,601
357,615
357,731
357,826
357,832
357,908
357,1006
357,1063
357,1134
357,1167
357,1282
357,1322
357,1532
357,1696
357,1721
357,1811
357,1938
357,1993
357,2021
357,2094
357,2278
357,2296
357,2327
357,2433
357,2462
357,2466
357,2544
357,2759
357,2806
357,2935
357,3008
357,3080
357,3084
357,3102
357,3144
357,3405
357,3435
357,3454
357,3523
357,3641
357,3654
357,3719
357,4001
357,4024
357,4192
357,4338
357,4503
357,4536
357,4617
357,4640
357,4745
358,522
358,623
358,735
358,925
358,928
358,1001
358,1087
358,1152
358,1190
358,1248
358,1415
358,1714
358,1717
358,1752
358,1789
358,1861
358,2033
358,2062
358,2082
358,2333
358,2511
358,2765
358,3087
358,3786
358,4166
358,4212
358,4740
359,403
359,618
359,630
359,776
359,777
359,882
359,1110
359,1198
359,1227
359,1479
359,1699
359,1847
359,2215
359,3150
359,4642
359,4986
360,407
360,444
360,491
360,511
360,605
360,607
360,614
360,679
360,872
360,952
360,997
360,1046
360,1075
360,1088
360,1146
360,1212
360,1249
360,1408
360,1465
360,1602
360,1867
360,2161
360,2298
360,2748
360,2875
360,2913
360,2930
360,3047
360,3507
360,3550
360,3559
360,3637
360,3643
360,3784
360,4161
360,4735
361,429
361,431
361,572
361,599
361,743
361,789
361,804
361,817
361,913
361,1199
361,1266
361,1429
361,1511
361,1782
361,1835
361,1881
361,2046
361,2073
361,2161
361,2217
361,2227
361,2538
361,2615
361,2659
361,2690
361,3852
361,4470
361,4712
361,4867
362,826
362,882
362,1043
362,1119
362,1310
362,1643
362,1808
362,2050
362,2065
362,2067
362,2203
362,2740
362,2983
362,3273
362,3355
362,4014
362,4209
362,4343
362,4535
362,4731
362,4749
362,4821
363,1061
363,1113
363,1640
363,1674
363,1941
363,2049
363,2633
363,3158
363,3184
363,3422
363,3778
363,4129
363,4473
363,4740
363,4951
364,534
364,549
364,576
364,619
364,711
364,892
364,900
364,1075
364,1273
364,1356
364,1400
364,1631
364,1854
364,2307
364,2679
364,3096
364,3128
364,3360
364,3394
364,3582
364,3699
364,3819
364,3949
364,4206
364,4481
364,4879
364,4980
365,458
365,561
365,638
365,664
365,920
365,956
365,1066
365,1470
365,1530
365,1722
365,1743
365,1774
365,2142
365,2189
365,2229
365,2244
365,2404
365,2709
365,2905
365,2999
365,3223
365,3525
365,3641
365,3769
365,3851
365,3922
365,3936
365,4209
365,4258
365,4285
365,4315
365,4440
365,4629
365,4860
365,4964
366,393
366,407
366,418
366,423
366,439
366,476
366,488
366,587
366,613
366,720
366,746
366,1081
366,1185
366,1207
366,1249
366,1320
366,1345
366,1372
366,1434
366,1467
366,1517
366,1577
366,1710
366,1836
366,1969
366,2027
366,2094
366,2412
366,2449
366,2584
366,2689
366,2885
366,2948
366,3022
366,3094
366,3110
366,3167
366,3189
366,3236
366,3544
366,3642
366,4280
366,4294
366,4488
366,4707
366,4809
366,4904
367,561
367,615
367,645
367,765
367,803
367,898
367,1076
367,1088
367,1100
367,1411
367,1431
367,1542
367,1713
367,2049
367,2071
367,2130
367,2137
367,2265
367,2266
367,2290
367,2407
367,2734
367,2909
367,3103
367,3758
367,3834
367,3835
367,4023
367,4053
367,4056
367,4245
367,4698
367,4714
368,529
368,653
368,826
368,1078
368,1348
368,1516
368,1689
368,2036
368,2099
368,2227
368,2410
368,2776
368,2860
368,2981
368,3006
368,3051
368,3327
368,4031
368,4524
369,592
369,736
369,816
369,824
369,851
369,1102
369,1110
369,1130
369,1266
369,1384
369,1465
369,1829
369,2018
369,2025
369,2393
369,3127
369,3149
369,3467
369,3793
369,4032
369,4087
369,4336
369,4830
370,450
370,554
370,748
370,848
370,854
370,948
370,1041
370,1071
370,1439
370,1475
370,1893
370,1897
370,1921
370,1950
370,2050
370,2077
370,2092
370,2179
370,2407
370,2710
370,2740
370,2905
370,3051
370,3079
370,3423
370,3492
370,3858
370,3867
370,4055
370,4209
370,4469
370,4726
370,4894
371,412
371,478
371,637
371,795
371,847
371,888
371,994
371,1332
371,1603
371,1865
371,1881
371,2020
371,2288
371,2485
371,2875
371,3034
371,3047
371,3618
371,4237
371,4289
371,4378
371,4585
371,4675
371,4791
371,4954
372,439
372,504
372,540
372,657
372,770
372,956
372,957
372,1112
372,1122
372,1134
372,1151
372,1158
372,1307
372,1371
372,1914
372,1960
372,2273
372,2568
372,2719
372,3281
372,3309
372,3320
372,3755
372,4298
372,4307
372,4523
373,657
373,969
373,1046
373,1054
373,1341
373,1543
373,1644
373,2274
373,3246
373,3389
373,3392
373,3812
373,4662
374,379
374,437
374,513
374,514
374,674
374,768
374,777
374,827
374,860
374,873
374,876
374,1104
374,1145
374,1176
374,1267
374,1448
374,1497
374,1519
374,1641
374,1978
374,2336
374,2369
374,2415
374,2572
374,2637
374,2779
374,2996
374,3070
374,3125
374,3553
374,4249
374,4271
374,4288
374,4409
374,4433
374,4652
374,4671
374,4699
374,4795
374,4808
375,435
375,445
375,627
375,647
375,875
375,1070
375,1153
375,1467
375,1628
375,1684
375,1691
375,1810
375,1831
375,2051
375,2146
375,2184
375,2676
375,2880
375,2927
375,3179
375,3357
375,3550
375,3607
375,3914
375,4252
375,4429
376,439
376,473
376,499
376,638
376,705
376,1108
376,1323
376,1701
376,2039
376,2142
376,2393
376,2411
376,2595
376,2635
376,2679
376,2824
376,2939
376,3089
376,3218
376,4078
376,4562
376,4651
377,491
377,702
377,839
377,930
377,938
377,1004
377,1008
377,1029
377,1045
377,1224
377,1272
377,1313
377,1324
377,1358
377,1402
377,1462
377,1484
377,1496
377,1557
377,1730
377,1733
377,1743
377,1762
377,2058
377,2127
377,2227
377,2245
377,2439
377,2471
377,2709
377,2744
377,3006
377,3021
377,3415
377,3849
377,3923
377,4632
377,4839
378,427
378,467
378,554
378,598
378,608
378,677
378,679
378,711
378,741
378,784
378,834
378,884
378,897
378,899
378,939
378,952
378,991
378,1072
378,1083
378,1116
378,1167
378,1286
378,1327
378,1337
378,1352
378,1388
378,1409
378,1475
378,1594
378,1646
378,1734
378,1906
378,2237
378,2301
378,2471
378,2496
378,2549
378,2818
378,3174
378,3378
378,3474
378,3518
378,3645
378,3668
378,3788
378,4460
378,4618
378,4748
379,544
379,811
379,869
379,982
379,988
379,1301
379,1448
379,1455
379,1502
379,1787
379,1925
379,2087
379,2133
379,2191
379,2293
379,2446
379,2542
379,2944
379,3118
379,3152
379,3564
379,4821
380,421
380,441
380,481
380,489
380,501
380,510
380,524
380,564
380,622
380,907
380,949
380,1024
380,1165
380,1234
380,1242
380,1262
380,1896
380,1983
380,2158
380,2183
380,2595
380,3027
380,3165
380,3332
380,3485
380,3979
380,4081
380,4871
381,492
381,562
381,654
381,777
381,859
381,1509
381,1567
381,1673
381,1935
381,2027
381,2181
381,2243
381,2418
381,2515
381,2650
381,2742
381,2804
381,2819
381,2839
381,2936
381,2954
381,3114
381,3343
381,3529
381,3582
381,3804
381,4086
381,4142
381,4218
381,4655
382,388
382,465
382,672
382,699
382,741
382,786
382,830
382,874
382,992
382,1079
382,1107
382,1162
382,1296
382,1596
382,1748
382,2113
382,2290
382,2370
382,2402
382,2675
382,2716
382,2730
382,3332
382,3522
382,3642
382,3649
382,3674
382,3958
382,4162
382,4296
382,4419
382,4612
382,4837
382,4916
382,4921
383,475
383,502
383,517
383,526
383,629
383,631
383,702
383,796
383,824
383,848
383,951
383,985
383,1046
383,1081
383,1085
383,1097
383,1163
383,1228
383,1247
383,1322
383,1493
383,1530
383,1575
383,1668
383,1726
383,1732
383,1750
383,1780
383,1821
383,1886
383,2076
383,2106
383,2139
383,2155
383,2264
383,2336
383,2677
383,2704
383,2818
383,3020
383,3023
383,3028
383,3224
383,3452
383,3535
383,3723
383,3776
383,4006
383,4048
383,4189
383,4305
383,4365
383,4456
383,4586
383,4652
383,4776
384,446
384,635
384,714
384,835
384,960
384,1121
384,1181
384,1601
384,1804
384,1869
384,1927
384,2056
384,2866
384,4906
385,481
385,1036
385,1312
385,1580
385,1838
385,3420
385,4769
386,532
386,611
386,622
386,657
386,667
386,744
386,779
386,1030
386,1293
386,1438
386,1473
386,1957
386,2321
386,2322
386,2339
386,2747
386,3654
386,4041
386,4274
386,4418
386,4890
387,811
387,1067
387,1288
387,1626
387,1731
387,2250
387,2325
387,2581
387,2598
387,2717
387,2826
387,3641
387,4436
388,419
388,449
388,488
388,578
388,632
388,728
388,733
388,749
388,1224
388,1268
388,1423
388,1433
388,1714
388,2045
388,2121
388,2589
388,2691
388,2801
388,3140
388,3935
388,4016
388,4030
388,4537
388,4595
388,4712
388,4945
389,419
389,523
389,546
389,569
389,594
389,599
389,614
389,706
389,713
389,878
389,916
389,985
389,1025
389,1031
389,1048
389,1128
389,1478
389,1701
389,1930
389,1964
389,2205
389,2278
389,2340
389,2422
389,2575
389,2630
389,3102
389,3210
389,3486
389,3543
389,3876
389,3965
389,4318
390,412
390,419
390,443
390,467
390,591
390,903
390,942
390,995
390,1178
390,1281
390,1285
390,1345
390,1352
390,1408
390,1472
390,2094
390,2234
390,2328
390,2451
390,2731
390,2958
390,3123
390,3157
390,3560
390,3971
390,3993
390,4051
390,4593
390,4745
390,4954
391,530
391,821
391,900
391,903
391,1287
391,1300
391,1334
391,1448
391,1535
391,1553
391,1611
391,1958
391,2023
391,2132
391,2313
391,2736
391,4299
391,4591
391,4737
392,830
392,1011
392,1141
392,1211
392,1212
392,1246
392,1373
392,1387
392,1472
392,1493
392,1524
392,1536
392,1567
392,1760
392,1874
392,1945
392,1954
392,1983
392,2226
392,2254
392,2279
392,2416
392,2498
392,2546
392,2697
392,3058
392,3114
392,3440
392,3495
392,3566
392,3735
392,3793
392,4003
392,4016
392,4216
392,4340
392,4625
392,4670
392,4827
392,4963
393,425
393,444
393,487
393,852
393,1071
393,1095
393,1211
393,2506
393,2742
393,2820
393,3031
393,3285
393,3316
393,3400
393,3554
393,3826
393,4293
393,4297
393,4304
393,4821
394,410
394,602
394,690
394,827
394,1015
394,1027
394,1240
394,1397
394,1501
394,1529
394,1684
394,1803
394,1858
394,2685
394,3629
394,4150
394,4274
395,499
395,542
395,556
395,675
395,887
395,970
395,1237
395,1839
395,2011
395,2051
395,2216
395,2263
395,2275
395,2362
395,2391
395,2392
395,2565
395,2966
395,3001
395,3013
395,3288
395,3325
395,3451
395,3519
395,3716
395,3825
395,4977
396,527
396,566
396,618
396,659
396,917
396,956
396,987
396,1300
396,1437
396,1570
396,1614
396,1735
396,1801
396,1813
396,2227
396,2300
396,2825
396,3261
396,3467
396,3647
396,3918
396,4211
396,4441
396,4993
397,434
397,506
397,630
397,653
397,690
397,706
397,755
397,780
397,858
397,892
397,905
397,1056
397,1269
397,1348
397,1410
397,1884
397,1986
397,2125
397,2207
397,2608
397,2617
397,2669
397,2794
397,2826
397,3085
397,3177
397,3237
397,3255
397,3433
397,3634
397,3787
397,3795
397,3972
397,4025
397,4035
397,4247
397,4272
397,4453
397,4573
398,611
398,614
398,643
398,762
398,1088
398,1164
398,1230
398,1284
398,1419
398,2022
398,2248
398,2428
398,2769
398,3052
398,3586
398,3659
398,4939
399,404
399,415
399,424
399,435
399,790
399,1361
399,1394
399,1843
399,1911
399,2073
399,2210
399,2289
399,2395
399,2964
399,3026
399,3060
399,3448
399,3681
399,4066
399,4655
399,4935
399,4969
399,4998
400,478
400,612
400,653
400,686
400,714
400,783
400,821
400,1058
400,1131
400,1291
400,1550
400,1636
400,1775
400,1900
400,2151
400,2226
400,2311
400,2846
400,2862
400,2981
400,3110
400,3402
400,3716
400,3738
400,3838
400,4115
400,4495
400,4662
400,4717
401,447
401,730
401,959
401,1100
401,1450
401,1965
401,2310
401,2349
401,2447
401,2451
401,2887
401,2975
401,3372
401,3407
401,3413
401,3475
401,3655
401,4001
401,4212
401,4544
401,4938
402,441
402,558
402,559
402,609
402,623
402,628
402,647
402,727
402,782
402,831
402,850
402,885
402,1023
402,1031
402,1095
402,1226
402,1615
402,1714
402,1718
402,1834
402,2360
402,2385
402,2566
402,2677
402,2715
402,2730
402,2830
402,2854
402,3159
402,3233
402,3269
402,3302
402,3566
402,3727
402,3797
402,3938
402,4009
402,4155
402,4169
402,4296
402,4495
402,4727
402,4859
402,4899
403,489
403,704
403,731
403,1163
403,1316
403,2008
403,2156
403,2947
403,3095
403,3130
403,3299
403,3540
403,3820
403,4223
404,488
404,590
404,598
404,664
404,685
404,749
404,763
404,884
404,894
404,896
404,919
404,1291
404,1329
404,1385
404,1465
404,1501
404,1518
404,1599
404,1724
404,1983
404,2214
404,2228
404,2249
404,2270
404,2686
404,3021
404,3106
404,3398
404,3721
404,3774
404,3787
404,3909
404,4177
404,4522
404,4599
404,4689
404,4690
404,4692
404,4830
405,462
405,483
405,513
405,549
405,650
405,745
405,1069
405,1085
405,1144
405,1242
405,1361
405,1500
405,1644
405,1659
405,1662
405,2362
405,2542
405,2650
405,2680
405,2963
405,3055
405,3087
405,3361
405,3988
405,4109
405,4124
405,4481
405,4924
406,424
406,441
406,539
406,545
406,580
406,666
406,702
406,827
406,851
406,922
406,941
406,976
406,1079
406,1208
406,1228
406,1268
406,1465
406,1477
406,1553
406,1619
406,1639
406,1675
406,1780
406,1951
406,2029
406,2093
406,2362
406,2652
406,2701
406,3239
406,3243
406,3720
406,3759
406,3913
406,3914
406,3943
406,4051
406,4315
406,4770
406,4934
407,485
407,528
407,629
407,637
407,681
407,750
407,769
407,908
407,912
407,955
407,1274
407,1371
407,1388
407,1395
407,1549
407,2150
407,2537
407,2580
407,2928
407,2986
407,3188
407,3313
407,3322
407,4334
407,4748
407,4840
408,413
408,447
408,515
408,517
408,590
408,703
408,710
408,755
408,806
408,959
408,980
408,1060
408,1092
408,1190
408,1362
408,1407
408,1421
408,1569
408,1574
408,1669
408,1670
408,1812
408,1864
408,2004
408,2021
408,2094
408,2104
408,2250
408,2390
408,2475
408,2505
408,2582
408,2656
408,2801
408,3195
408,3277
408,3531
408,3557
408,3622
408,3682
408,3824
408,3867
408,3981
408,4108
408,4283
408,4285
408,4661
408,4849
408,4897
409,485
409,727
409,797
409,833
409,955
409,1254
409,1276
409,1437
409,1488
409,1573
409,1798
409,2215
409,2301
409,4238
409,4499
409,4657
410,564
410,682
410,866
410,1502
410,1897
410,2513
410,2853
410,3121
410,3178
410,3475
410,3682
410,3799
410,4255
410,4471
410,4528
410,4575
410,4911
411,422
411,535
411,691
411,692
411,818
411,1044
411,1058
411,1214
411,1263
411,1265
411,1308
411,1466
411,1481
411,1487
411,1829
411,1883
411,1904
411,2383
411,2638
411,2729
411,2815
411,2906
411,2945
411,3039
411,3300
411,3316
411,3560
411,3711
411,3967
411,4105
411,4205
411,4319
411,4405
411,4528
411,4564
411,4859
411,4981
412,510
412,1016
412,1107
412,1257
412,1762
412,2144
412,2614
412,2776
412,3438
412,3996
412,4395
412,4468
412,4676
412,4750
413,474
413,600
413,619
413,898
413,932
413,1056
413,1217
413,1252
413,1361
413,1509
413,1575
413,1693
413,1819
413,2061
413,2230
413,2562
413,2770
413,2776
413,2988
413,3432
413,3437
413,4747
414,469
414,537
414,597
414,634
414,720
414,732
414,816
414,841
414,1067
414,1072
414,1099
414,1147
414,1167
414,1358
414,1495
414,1499
414,1730
414,1822
414,2207
414,2601
414,2645
414,2694
414,2941
414,3194
414,3286
414,3318
414,3398
414,3720
414,3823
414,3830
414,3834
414,3910
414,3940
414,3943
414,4057
414,4369
414,4452
414,4850
414,4853
414,4884
415,466
415,547
415,577
415,611
415,710
415,723
415,818
415,843
415,897
415,912
415,1149
415,1342
415,1401
415,1450
415,1493
415,1626
415,2168
415,2844
415,2973
415,2994
415,3214
415,3510
415,3649
415,3879
415,3945
415,3965
416,763
416,785
416,1333
416,1699
416,2329
416,2392
416,2428
416,2757
416,2782
416,3292
416,3600
416,3689
416,3787
416,3969
417,493
417,585
417,727
417,761
417,1259
417,1582
417,1638
417,2397
417,2909
417,3340
417,3369
417,3887
417,4184
417,4236
417,4583
417,4676
417,4928
418,563
418,747
418,811
418,821
418,1018
418,1035
418,1038
418,1070
418,1289
418,1526
418,1963
418,2233
418,2329
418,2635
418,2795
418,2940
419,431
419,435
419,592
419,734
419,788
419,1190
419,1216
419,1412
419,1419
419,1435
419,1497
419,1559
419,1610
419,1898
419,1991
419,2122
419,2158
419,2240
419,2403
419,2459
419,2465
419,2500
419,2659
419,3271
419,3391
419,3584
419,3615
419,3619
419,3813
419,4075
419,4299
419,4314
419,4444
419,4681
419,4687
419,4736
419,4805
420,421
420,586
420,690
420,1122
420,1168
420,1186
420,1341
420,1634
420,1669
420,1936
420,1957
420,2199
420,2388
420,3186
420,3465
420,3672
420,4110
420,4825
421,425
421,428
421,449
421,524
421,753
421,768
421,833
421,870
421,872
421,993
421,1176
421,1249
421,1465
421,1484
421,1487
421,1594
421,1636
421,1741
421,1751
421,1992
421,2097
421,2307
421,2308
421,2497
421,2523
421,2526
421,2536
421,2682
421,2782
421,2884
421,2993
421,3174
421,3206
421,3316
421,3349
421,3842
421,3985
421,4074
421,4135
421,4368
421,4387
422,468
422,474
422,528
422,604
422,606
422,608
422,681
422,716
422,804
422,863
422,972
422,1061
422,1063
422,1182
422,1239
422,1301
422,1344
422,1380
422,1576
422,1581
422,1755
422,1891
422,1943
422,2281
422,2466
422,2567
422,2578
422,2688
422,2745
422,2756
422,2863
422,3158
422,3252
422,3261
422,3296
422,3440
422,3451
422,3566
422,3610
422,3624
422,3629
422,3762
422,3944
422,3958
422,3993
422,3999
422,4210
422,4253
422,4374
422,4444
422,4506
422,4540
422,4726
423,440
423,502
423,538
423,599
423,760
423,911
423,1350
423,1956
423,2063
423,2717
423,2738
423,2823
423,3854
423,4293
423,4435
424,766
424,1052
424,1186
424,1191
424,1483
424,1768
424,2144
424,2726
424,3428
424,4258
424,4381
424,4901
425,466
425,482
425,590
425,680
425,889
425,984
425,1065
425,1156
425,1166
425,1229
425,1340
425,1351
425,1561
425,1673
425,1943
425,1961
425,2014
425,2086
425,2122
425,2255
425,2292
425,2395
425,2457
425,2542
425,2687
425,2897
425,3108
425,3112
425,3573
425,3787
425,3820
425,3908
425,4117
425,4253
425,4257
425,4728
426,633
426,1056
426,1205
426,1828
426,2016
426,3313
426,3629
426,3850
426,4424
426,4443
426,4631
426,4751
427,988
427,1140
427,1298
427,1398
427,1633
427,1660
427,1998
427,2042
427,2105
427,2109
427,2344
427,2349
427,2409
427,2443
427,2518
427,2643
427,2967
427,3124
427,3639
427,4085
427,4154
427,4268
427,4372
427,4492
428,521
428,571
428,815
428,890
428,1221
428,1272
428,1411
428,1539
428,1684
428,1760
428,1817
428,1929
428,1946
428,2138
428,2162
428,2603
428,2710
428,2728
428,3070
428,3236
428,3613
428,4125
428,4272
428,4316
428,4325
428,4498
429,686
429,864
429,938
429,958
429,1097
429,1107
429,1118
429,1133
429,1610
429,1819
429,1873
429,2764
429,2772
429,2780
429,2947
429,3781
429,3788
429,4167
429,4528
429,4672
429,4906
429,4930
430,520
430,532
430,586
430,719
430,724
430,869
430,897
430,998
430,1232
430,1260
430,1555
430,1571
430,1817
430,1860
430,1997
430,2026
430,2110
430,2380
430,2478
430,2658
430,3016
430,3043
430,3589
430,3705
430,3778
430,3894
430,4046
430,4183
430,4358
430,4743
430,4814
431,455
431,539
431,573
431,1119
431,1606
431,1785
431,1799
431,1873
431,2350
431,3202
431,3506
431,3609
431,3666
431,3690
431,3866
431,4020
431,4089
431,4508
431,4778
431,4870
432,465
432,484
432,614
432,700
432,764
432,828
432,870
432,989
432,1055
432,1130
432,1150
432,1177
432,1182
432,1194
432,1267
432,1270
432,1295
432,1405
432,1529
432,1541
432,1545
432,1632
432,1760
432,1767
432,1824
432,1845
432,1889
432,1907
432,1933
432,2002
432,2167
432,2194
432,2217
432,2245
432,2972
432,3023
432,3193
432,3245
432,3277
432,3312
432,3329
432,3342
432,3444
432,3492
432,3742
432,3787
432,4097
432,4235
432,4316
432,4494
432,4507
432,4605
433,534
433,600
433,642
433,685
433,739
433,878
433,1046
433,1068
433,1199
433,1434
433,1543
433,1584
433,1727
433,1728
433,1842
433,2002
433,2412
433,2497
433,2548
433,2753
433,2870
433,2890
433,2961
433,3314
433,3515
433,4115
433,4217
433,4281
433,4484
433,4528
434,641
434,699
434,741
434,766
434,820
434,961
434,1014
434,1054
434,1058
434,1142
434,1408
434,1612
434,1799
434,2006
434,2287
434,3258
434,4133
434,4453
434,4720
435,575
435,582
435,616
435,747
435,992
435,1123
435,1485
435,1633
435,1667
435,1849
435,2057
435,2063
435,2328
435,2374
435,2699
435,2792
435,2811
435,2914
435,3091
435,3149
435,3408
435,3503
435,3590
435,3923
435,4032
435,4301
435,4824
436,496
436,625
436,729
436,752
436,826
436,830
436,916
436,1136
436,1161
436,1188
436,1384
436,1444
436,1455
436,1868
436,2168
436,2515
436,2757
436,3389
436,3949
436,4008
436,4263
436,4642
436,4721
436,4811
437,638
437,940
437,946
437,978
437,1108
437,1842
437,2031
437,2928
437,3974
437,3986
437,4752
438,463
438,505
438,581
438,604
438,637
438,788
438,797
438,827
438,879
438,884
438,902
438,937
438,1073
438,1083
438,1091
438,1222
438,1291
438,1305
438,1345
438,1451
438,1455
438,1471
438,1520
438,1561
438,1695
438,1748
438,1983
438,2101
438,2263
438,2408
438,2515
438,2538
438,2587
438,2912
438,2970
438,3197
438,3243
438,3372
438,3400
438,3596
438,3744
438,3750
438,3844
438,3853
438,3854
438,3938
438,4039
438,4199
438,4213
438,4263
438,4333
438,4411
438,4554
438,4605
438,4780
438,4810
438,4973
439,533
439,800
439,1093
439,1382
439,1849
439,2305
439,2571
439,3065
439,3166
439,3222
439,3457
439,3715
439,3819
439,4808
440,626
440,643
440,662
440,956
440,1015
440,1123
440,1308
440,1996
440,2042
440,2182
440,2240
440,2582
440,2705
440,3434
440,4738
440,4948
441,444
441,451
441,648
441,761
441,1364
441,1572
441,1615
441,1876
441,2030
441,2298
441,2408
441,2551
441,2958
441,3237
441,3278
441,3340
441,3378
441,3468
441,3781
441,3965
441,4394
441,4989
441,4991
442,531
442,587
442,886
442,900
442,906
442,916
442,1037
442,1073
442,1216
442,1302
442,1316
442,1372
442,1434
442,1498
442,1551
442,1585
442,1835
442,2499
442,2636
442,3626
442,4934
443,454
443,573
443,594
443,680
443,784
443,802
443,837
443,954
443,965
443,1390
443,1466
443,1498
443,1578
443,1817
443,1982
443,2017
443,2170
443,2236
443,2332
443,2360
443,2535
443,2570
443,2912
443,3436
443,3450
443,3547
443,3554
443,3623
443,3904
443,4091
443,4967
444,512
444,543
444,610
444,616
444,760
444,761
444,876
444,1039
444,1117
444,1178
444,1308
444,1400
444,1575
444,1682
444,2005
444,2072
444,2120
444,2303
444,2331
444,2419
444,2452
444,2516
444,2674
444,2771
444,2857
444,3032
444,3114
444,3175
444,3419
444,3485
444,3645
444,3762
444,3781
444,3955
444,4233
444,4423
444,4449
444,4543
444,4605
444,4985
445,576
445,624
445,639
445,961
445,1363
445,1546
445,1556
445,1710
445,1822
445,1952
445,2392
445,2539
445,2801
445,2971
445,3496
445,3632
445,3856
445,4023
446,516
446,569
446,693
446,845
446,941
446,954
446,977
446,1003
446,1045
446,1146
446,1147
446,1456
446,1721
446,2037
446,2076
446,2515
446,2522
446,2929
446,2989
446,2993
446,3207
446,3294
446,3314
446,3381
446,3394
446,3619
446,3767
446,3776
446,4013
446,4019
446,4210
446,4457
446,4480
446,4488
446,4493
446,4698
447,477
447,733
447,878
447,957
447,1058
447,1070
447,1123
447,1141
447,1417
447,1541
447,1671
447,1823
447,1949
447,2258
447,2356
447,2520
447,2640
447,2676
447,2760
447,2931
447,3229
447,3249
447,3401
447,3678
447,3786
447,3847
447,4076
447,4393
447,4793
447,4853
448,545
448,580
448,629
448,673
448,784
448,800
448,917
448,1292
448,1338
448,1524
448,1595
448,1620
448,1650
448,1653
448,1839
448,1881
448,1915
448,1963
448,2223
448,2256
448,2568
448,3039
448,3065
448,3389
448,3429
448,3436
448,4498
448,4679
448,4707
448,4720
448,4734
448,4827
449,661
449,785
449,1042
449,1643
449,1846
449,2227
449,2349
449,2796
449,2899
449,3212
449,3298
449,3503
449,3535
449,3702
449,4483
449,4934
450,572
450,618
450,624
450,850
450,942
450,1004
450,1040
450,1052
450,1168
450,1412
450,1503
450,1959
450,2235
450,2236
450,2935
450,3273
450,3491
450,4283
450,4623
450,4889
451,556
451,696
451,714
451,740
451,921
451,1008
451,1082
451,1084
451,1174
451,1211
451,1611
451,1744
451,1834
451,1904
451,1962
451,2040
451,2076
451,2084
451,2102
451,2131
451,2199
451,2267
451,2365
451,2477
451,2880
451,3062
451,3116
451,3280
451,3649
451,3759
451,3790
451,3848
451,3868
451,3876
451,4011
451,4804
452,575
452,676
452,742
452,848
452,977
452,995
452,1061
452,1246
452,1335
452,1560
452,1769
452,1945
452,2047
452,2143
452,2325
452,2442
452,2519
452,2888
452,3520
452,3824
452,3873
452,4028
452,4190
452,4269
452,4544
452,4805
452,4977
453,587
453,598
453,729
453,767
453,792
453,1035
453,1103
453,1222
453,1257
453,1277
453,1491
453,1503
453,1819
453,1931
453,2501
453,2553
453,2635
453,2880
453,3081
453,3155
453,3330
453,3529
453,3776
453,4037
453,4245
453,4613
454,533
454,543
454,565
454,577
454,645
454,685
454,966
454,967
454,1135
454,1136
454,1236
454,1266
454,1302
454,1428
454,1483
454,1632
454,1692
454,1745
454,1925
454,2106
454,2117
454,2121
454,2234
454,2242
454,2353
454,2678
454,3134
454,3351
454,3474
454,3713
454,3922
455,492
455,514
455,525
455,574
455,646
455,648
455,712
455,858
455,1146
455,1241
455,1244
455,1326
455,1647
455,1793
455,2156
455,2279
455,2398
455,3100
455,3149
455,3165
455,3266
455,3286
455,3319
455,3384
455,3458
455,3780
455,4291
455,4298
455,4383
455,4445
455,4469
455,4475
455,4787
455,4852
455,4899
455,4971
456,705
456,825
456,878
456,951
456,1156
456,1698
456,2017
456,2289
456,2507
456,3056
456,3059
456,3276
456,3306
456,3938
456,3947
456,3977
457,493
457,494
457,699
457,798
457,947
457,1174
457,1369
457,1421
457,1433
457,1468
457,1878
457,1930
457,2003
457,2096
457,2154
457,2261
457,2551
457,2962
457,3229
457,3578
457,3700
457,4017
457,4069
457,4284
457,4666
457,4950
457,4964
457,4976
458,603
458,645
458,988
458,1137
458,1288
458,1354
458,1479
458,1600
458,1645
458,2081
458,2385
458,3138
458,3141
458,3185
458,3197
458,3479
458,3580
458,3718
458,3806
458,3945
458,4347
458,4537
459,569
459,754
459,790
459,870
459,887
459,1203
459,1308
459,1348
459,1574
459,1634
459,1981
459,2372
459,2437
459,3187
459,3552
459,4298
459,4306
459,4365
459,4426
459,4516
459,4759
459,4957
460,515
460,771
460,807
460,1250
460,1331
460,1368
460,2017
460,2392
460,2450
460,2707
460,2828
460,2961
460,3177
460,3553
460,3656
460,3752
460,3915
460,4333
460,4525
460,4665
460,4726
460,4799
460,4966
461,567
461,621
461,1091
461,1199
461,1621
461,1806
461,1886
461,1983
461,1986
461,2563
461,2587
461,2911
461,2994
461,3181
461,3185
461,3354
461,3415
461,3475
461,3541
461,3583
461,3903
461,4072
461,4472
461,4887
462,553
462,753
462,947
462,961
462,1014
462,1036
462,1535
462,2020
462,2293
462,2679
462,2916
462,2967
462,3673
462,4109
463,564
463,569
463,572
463,811
463,1068
463,1144
463,1398
463,1421
463,1427
463,1474
463,1491
463,1537
463,1652
463,1677
463,1691
463,1719
463,1908
463,1948
463,1953
463,2180
463,2211
463,2272
463,2448
463,2546
463,2640
463,2706
463,3003
463,3046
463,3093
463,3459
463,3482
463,3574
463,3660
463,3715
463,3764
463,3795
463,4062
463,4118
463,4515
463,4525
463,4601
463,4628
463,4936
463,4962
464,560
464,692
464,1034
464,1156
464,1218
464,1357
464,1367
464,1417
464,1551
464,1563
464,1673
464,2031
464,2047
464,2092
464,2140
464,2192
464,2369
464,2864
464,3380
464,3837
464,4026
464,4207
464,4259
464,4968
465,490
465,716
465,937
465,995
465,1022
465,1207
465,1364
465,1459
465,1500
465,1688
465,1700
465,1927
465,2201
465,2374
465,3336
465,3651
465,3764
465,3868
465,3939
465,4088
465,4920
466,478
466,647
466,975
466,993
466,999
466,1220
466,1221
466,1563
466,1599
466,1607
466,1628
466,1837
466,1872
466,1874
466,1980
466,2470
466,2880
466,2981
466,3059
466,3656
466,3817
466,3902
466,4135
466,4947
466,4984
467,469
467,496
467,547
467,670
467,684
467,685
467,687
467,716
467,724
467,752
467,782
467,1064
467,1128
467,1134
467,1218
467,1296
467,1341
467,1423
467,1612
467,1738
467,1752
467,1754
467,1945
467,2143
467,2193
467,2642
467,2726
467,2778
467,2797
467,3206
467,3473
467,3640
467,3870
467,4058
467,4253
467,4527
467,4653
467,4792
467,4847
467,4868
468,530
468,605
468,614
468,635
468,897
468,923
468,1338
468,1542
468,1975
468,2100
468,2186
468,2251
468,2352
468,2580
468,2608
468,2926
468,3272
468,3530
468,4998
469,495
469,598
469,626
469,691
469,849
469,877
469,907
469,1234
469,1258
469,1439
469,1512
469,1837
469,2043
469,2319
469,2534
469,2726
469,2984
469,3093
469,3255
469,3286
469,3455
469,3993
469,4079
469,4201
469,4237
469,4238
469,4286
469,4567
469,4655
469,4682
469,4721
469,4723
470,558
470,564
470,682
470,707
470,766
470,1068
470,1377
470,1386
470,1765
470,2018
470,2387
470,2426
470,2430
470,2646
470,3140
470,3998
470,4214
470,4277
470,4344
470,4367
470,4376
471,523
471,558
471,582
471,600
471,716
471,759
471,1056
471,1062
471,1077
471,1080
471,1093
471,1163
471,1299
471,1395
471,1473
471,1862
471,2383
471,2396
471,2460
471,2576
471,2674
471,2688
471,2708
471,3387
471,3849
471,3920
471,4020
472,498
472,513
472,518
472,1217
472,1496
472,1592
472,1678
472,1909
472,2070
472,2144
472,2619
472,3189
472,3274
472,3478
472,3491
472,3991
472,4350
473,597
473,602
473,613
473,743
473,747
473,790
473,1347
473,1397
473,1475
473,2140
473,2597
473,2621
473,2798
473,2848
473,3044
473,3064
473,3404
473,3590
473,4657
473,4776
473,4887
474,520
474,538
474,545
474,735
474,750
474,846
474,1471
474,2207
474,2308
474,2396
474,2724
474,2843
474,3861
474,3879
474,4190
474,4288
474,4391
474,4610
474,4951
475,504
475,568
475,668
475,732
475,789
475,1092
475,1262
475,1325
475,1420
475,1439
475,1876
475,1919
475,2006
475,2048
475,2169
475,2440
475,2441
475,2520
475,3108
475,3264
475,4068
475,4490
475,4848
476,520
476,588
476,814
476,1207
476,1288
476,2149
476,2244
476,2537
476,2707
476,2834
476,2930
476,3220
476,3580
476,3625
476,3911
476,4725
477,543
477,726
477,727
477,758
477,868
477,1199
477,1316
477,2135
477,2463
477,2643
477,2794
477,2919
477,2965
477,3131
477,3408
477,3634
477,3966
477,4049
477,4744
477,4782
477,4969
477,4993
478,522
478,576
478,584
478,611
478,656
478,720
478,780
478,860
478,960
478,961
478,1034
478,1248
478,1259
478,1290
478,1389
478,1430
478,1588
478,1631
478,1659
478,1693
478,1790
478,1881
478,1919
478,1939
478,2091
478,2182
478,2197
478,2221
478,2327
478,2332
478,2428
478,2447
478,2560
478,2860
478,3029
478,3487
478,3837
478,3949
478,3998
478,4281
478,4318
478,4412
478,4678
478,4683
478,4842
478,4948
479,613
479,797
479,978
479,1197
479,1276
479,1319
479,1355
479,1459
479,1807
479,2109
479,2339
479,2377
479,2439
479,2780
479,2858
479,2960
479,3201
479,3249
479,3260
479,3605
479,3781
479,4018
479,4141
479,4292
479,4726
480,489
480,507
480,546
480,602
480,734
480,936
480,1013
480,1017
480,1090
480,1146
480,1272
480,1394
480,1460
480,1644
480,1836
480,1871
480,2075
480,2136
480,2233
480,2295
480,2494
480,2740
480,2792
480,3060
480,3082
480,3106
480,3351
480,3539
480,4456
480,4647
480,4733
480,4812
481,996
481,1787
481,1883
481,1994
481,2500
481,2668
481,3059
481,3156
481,3361
481,3414
481,3487
481,3640
481,3657
481,3778
481,4230
482,767
482,801
482,913
482,1128
482,1337
482,1406
482,1533
482,1760
482,2100
482,2348
482,2395
482,2754
482,3060
482,3154
482,3194
482,3387
482,3454
482,3865
482,3881
482,4040
482,4302
482,4485
482,4534
482,4694
482,4944
483,495
483,528
483,617
483,649
483,665
483,709
483,839
483,1032
483,1199
483,1364
483,1446
483,1556
483,1564
483,1936
483,2004
483,2117
483,2773
483,3057
483,3139
483,3202
483,3283
483,3357
483,3563
483,4113
483,4665
483,4717
484,695
484,792
484,1039
484,1302
484,1306
484,1388
484,1572
484,1630
484,1688
484,1812
484,1960
484,2059
484,2631
484,2720
484,3076
484,3136
484,3277
484,3652
484,3661
484,3703
484,4276
484,4744
485,523
485,544
485,569
485,627
485,889
485,903
485,1160
485,1207
485,1270
485,1291
485,1413
485,1923
485,2183
485,2421
485,2539
485,2568
485,2608
485,2638
485,2771
485,2883
485,2961
485,3129
485,3133
485,3221
485,3312
485,3512
485,3838
485,3980
485,4263
485,4269
485,4297
485,4305
485,4352
485,4620
486,512
486,661
486,770
486,930
486,970
486,1247
486,1311
486,2104
486,2189
486,2211
486,2337
486,2774
486,3078
486,3137
486,3732
486,3759
486,3761
486,4012
486,4115
486,4504
486,4703
487,530
487,970
487,1259
487,1352
487,1391
487,1427
487,1513
487,1833
487,2005
487,2095
487,2126
487,2257
487,2291
487,2433
487,2555
487,2923
487,3285
487,3546
487,3811
487,4003
487,4742
487,4937
488,549
488,560
488,796
488,1055
488,1244
488,1729
488,2406
488,3096
488,3433
488,3805
488,4490
489,718
489,769
489,802
489,829
489,899
489,1349
489,1900
489,2169
489,2306
489,2408
489,3442
489,3704
489,4159
490,524
490,553
490,775
490,785
490,1040
490,1114
490,1271
490,1690
490,1740
490,2169
490,2396
490,2936
490,3120
490,3393
490,4547
491,512
491,521
491,597
491,642
491,648
491,863
491,956
491,998
491,1096
491,1154
491,1170
491,1336
491,1595
491,1618
491,1624
491,1633
491,1676
491,1692
491,1765
491,1805
491,1830
491,1896
491,3046
491,3122
491,3193
491,3363
491,4131
491,4212
491,4897
492,575
492,686
492,713
492,1035
492,1206
492,1272
492,1711
492,1766
492,1791
492,1972
492,1989
492,2255
492,2303
492,2345
492,2548
492,2635
492,2831
492,2865
492,3227
492,3423
492,3433
492,3529
492,4093
492,4416
492,4997
493,624
493,805
493,1054
493,1424
493,1577
493,1674
493,1919
493,2074
493,2081
493,2384
493,2583
493,2736
493,2740
493,2787
493,2855
493,3003
493,3125
493,3408
493,3439
494,549
494,986
494,1101
494,1374
494,1491
494,1815
494,2003
494,2186
494,2417
494,2721
494,3080
494,3148
494,3644
494,3728
494,4202
494,4463
494,4696
494,4750
495,640
495,665
495,675
495,751
495,1033
495,1043
495,1050
495,1053
495,1140
495,1250
495,1339
495,1788
495,2103
495,2280
495,2576
495,2663
495,2934
495,3001
495,3118
495,3134
495,3600
495,3922
495,4231
496,603
496,682
496,865
496,978
496,1345
496,1432
496,1527
496,1980
496,2177
496,2214
496,2307
496,2529
496,2547
496,2859
496,3040
496,3109
496,3339
496,3344
496,4265
496,4608
496,4735
496,4855
497,982
497,1031
497,1036
497,1111
497,1609
497,1707
497,2247
497,2485
498,527
498,661
498,746
498,782
498,891
498,928
498,1112
498,1177
498,1189
498,1404
498,1472
498,1754
498,1824
498,2131
498,2229
498,2620
498,2628
498,3119
498,3231
498,3359
498,3411
498,3456
498,3512
498,3769
498,4426
498,4527
498,4568
498,4679
498,4807
499,526
499,556
499,603
499,607
499,647
499,669
499,695
499,815
499,878
499,917
499,952
499,1165
499,1220
499,1291
499,1320
499,1542
499,1545
499,1558
499,1651
499,1736
499,1805
499,1810
499,1966
499,1976
499,2030
499,2151
499,2700
499,2784
499,2899
499,2928
499,2977
499,3435
499,3603
499,3761
499,4070
499,4204
499,4270
499,4500
499,4519
499,4592
499,4949
499,4966
500,547
500,597
500,705
500,1010
500,1196
500,1443
500,1811
500,2229
500,2498
500,2795
500,2964
500,3342
500,3825
500,4003
500,4405
500,4833
500,4989
501,518
501,629
501,680
501,781
501,936
501,1063
501,1100
501,1108
501,1134
501,1427
501,1705
501,2044
501,2099
501,2209
501,2477
501,2525
501,2696
501,3009
501,4006
501,4625
501,4874
502,506
502,537
502,557
502,591
502,603
502,605
502,609
502,841
502,907
502,937
502,954
502,1083
502,1133
502,1227
502,1241
502,1391
502,1603
502,1817
502,1857
502,2019
502,2248
502,2528
502,2573
502,2621
502,3048
502,3234
502,3917
502,4150
502,4414
502,4526
502,4713
502,4803
502,4872
503,795
503,892
503,1125
503,1453
503,1668
503,1746
503,1895
503,1971
503,2249
503,2691
503,2908
503,3891
503,4704
504,611
504,662
504,1015
504,1175
504,1428
504,1582
504,1747
504,1753
504,1898
504,2105
504,2319
504,2778
504,3103
504,3586
504,3616
504,3696
504,3721
504,3841
504,4104
504,4295
504,4515
504,4610
505,507
505,576
505,644
505,652
505,781
505,849
505,1180
505,1473
505,1493
505,1667
505,1839
505,1932
505,1940
505,1951
505,1970
505,2152
505,2219
505,2300
505,2533
505,2683
505,2734
505,2758
505,2766
505,3601
505,4038
505,4184
505,4514
505,4754
506,522
506,554
506,562
506,687
506,688
506,788
506,877
506,1224
506,1572
506,2069
506,2140
506,2217
506,2672
506,3198
506,3243
506,3275
506,3610
506,3775
506,3930
506,4175
506,4179
506,4240
506,4403
506,4690
507,565
507,571
507,644
507,931
507,1181
507,1468
507,2330
507,3605
507,4069
507,4646
507,4654
507,4927
508,877
508,914
508,1434
508,1589
508,1612
508,1727
508,2371
508,2653
508,2884
508,3037
508,3149
508,3597
508,3868
508,4362
508,4455
508,4463
508,4585
508,4648
508,4778
509,661
509,783
509,869
509,1080
509,1092
509,1130
509,1262
509,1263
509,1290
509,1756
509,1801
509,2206
509,2212
509,2476
509,2804
509,2886
509,2929
509,2984
509,3793
509,3979
509,4139
510,539
510,676
510,718
510,729
510,1047
510,1461
510,1911
510,1941
510,2120
510,2205
510,2427
510,2439
510,2656
510,2873
510,2963
510,3180
510,3539
510,3706
510,3746
510,4350
510,4385
510,4453
511,535
511,693
511,697
511,711
511,801
511,889
511,1034
511,1093
511,1141
511,1171
511,1461
511,1624
511,1642
511,1653
511,1659
511,1691
511,1705
511,1720
511,2050
511,2070
511,2165
511,2195
511,2215
511,2252
511,2435
511,2570
511,2640
511,2942
511,3063
511,3454
511,3739
511,4097
511,4922
511,4964
512,665
512,703
512,853
512,992
512,1118
512,1310
512,1506
512,1540
512,1872
512,2148
512,2189
512,2297
512,2478
512,2547
512,2674
512,3373
512,3562
512,3643
512,4183
512,4522
512,4610
512,4767
512,4823
513,515
513,535
513,799
513,1005
513,1329
513,1481
513,1490
513,1537
513,1658
513,1726
513,1814
513,1860
513,2171
513,2367
513,2499
513,2588
513,3246
513,3446
513,3652
513,3736
513,3755
513,4047
513,4101
513,4289
513,4381
514,523
514,1054
514,1077
514,1198
514,1233
514,1272
514,1353
514,1460
514,2007
514,2048
514,2512
514,2702
514,2926
514,2967
514,3450
514,3536
514,3613
514,3679
514,4800
515,587
515,637
515,641
515,667
515,715
515,885
515,923
515,1416
515,1493
515,1514
515,1610
515,1812
515,1827
515,2090
515,2091
515,2097
515,2442
515,3209
515,3443
515,3455
515,3516
515,3606
515,3726
515,3901
515,4383
515,4700
516,813
516,902
516,1288
516,1435
516,2117
516,2182
516,2347
516,2491
516,2582
516,2955
516,3339
516,3790
516,3956
516,4282
516,4590
516,4654
516,4818
517,714
517,963
517,997
517,1084
517,1579
517,1931
517,2134
517,2363
517,2392
517,2490
517,2697
517,2795
517,2895
517,3264
517,3731
517,3917
517,4814
517,4997
518,550
518,552
518,593
518,712
518,748
518,778
518,1147
518,1229
518,1371
518,1409
518,1447
518,1459
518,1515
518,2265
518,2312
518,2448
518,2452
518,2615
518,2698
518,2732
518,2785
518,3079
518,3101
518,3326
518,3495
518,3708
518,3744
518,4037
518,4324
518,4524
518,4547
518,4637
518,4837
518,4875
519,1051
519,1476
519,2193
519,2835
519,2989
519,3162
519,3409
519,3420
519,3699
520,839
520,893
520,1046
520,1495
520,1759
520,1905
520,2793
520,2878
520,4831
521,583
521,587
521,634
521,679
521,691
521,693
521,713
521,721
521,850
521,879
521,1016
521,1021
521,1166
521,1294
521,1360
521,1422
521,1430
521,1486
521,1554
521,1560
521,1634
521,1705
521,1709
521,1776
521,1965
521,2101
521,2325
521,2375
521,2441
521,2625
521,3066
521,3206
521,3563
521,3745
521,3828
521,4015
521,4086
521,4127
521,4266
521,4606
521,4918
521,4962
522,538
522,843
522,844
522,1045
522,1231
522,1311
522,1489
522,1593
522,1793
522,1847
522,1928
522,1942
522,2159
522,2461
522,2510
522,2571
522,2687
522,2766
522,3004
522,3393
522,3678
522,4489
522,4787
523,786
523,822
523,989
523,1263
523,1327
523,1398
523,2106
523,2138
523,2818
523,3576
523,3581
523,3803
523,4099
524,546
524,667
524,746
524,876
524,908
524,1080
524,1090
524,1098
524,1381
524,1449
524,1590
524,1759
524,1804
524,1872
524,1998
524,2003
524,2164
524,2333
524,2485
524,2668
524,3152
524,3270
524,3300
524,3411
524,3589
524,3789
524,4142
524,4169
524,4258
525,677
525,684
525,1224
525,1336
525,1552
525,1655
525,1779
525,1896
525,2509
525,3306
525,3950
525,4786
525,4838
526,632
526,657
526,740
526,1419
526,1503
526,1785
526,1893
526,2020
526,2318
526,2483
526,2808
526,3706
526,3941
526,3996
527,1032
527,1200
527,1203
527,1445
527,1537
527,2458
527,2467
527,2860
527,3319
527,3846
527,4861
528,560
528,648
528,684
528,707
528,708
528,747
528,796
528,809
528,885
528,1106
528,1142
528,1333
528,1600
528,1750
528,1862
528,2172
528,3042
528,3131
528,3144
528,3333
528,3360
528,3484
528,3496
528,3772
528,4057
528,4576
528,4667
528,4795
528,4804
528,4913
528,4996
529,588
529,689
529,731
529,756
529,797
529,809
529,919
529,937
529,1022
529,1117
529,1245
529,1270
529,1597
529,1627
529,1894
529,1916
529,1964
529,2252
529,2272
529,2286
529,2412
529,2564
529,2632
529,2697
529,2748
529,2804
529,2808
529,2867
529,3085
529,3111
529,3202
529,3429
529,3437
529,3548
529,3952
529,4119
529,4157
529,4597
530,602
530,726
530,795
530,984
530,1087
530,1111
530,1604
530,2091
530,2626
530,2918
530,3505
530,4131
530,4525
530,4556
530,4666
530,4979
531,728
531,921
531,1223
531,1698
531,1839
531,2046
531,2427
531,2532
531,2622
531,3080
531,3108
531,4918
532,541
532,543
532,588
532,600
532,606
532,736
532,788
532,905
532,929
532,1000
532,1006
532,1077
532,1232
532,1352
532,1443
532,1634
532,1641
532,1817
532,1865
532,1938
532,2081
532,2191
532,2296
532,2326
532,2335
532,2474
532,2728
532,2803
532,2889
532,2936
532,3011
532,3146
532,3167
532,3327
532,3347
532,3402
532,3732
532,3895
532,4321
532,4478
532,4680
532,4763
533,605
533,654
533,677
533,682
533,784
533,800
533,949
533,1168
533,1334
533,1387
533,1397
533,1415
533,1444
533,1704
533,1885
533,2065
533,2276
533,2324
533,2399
533,2779
533,2844
533,2922
533,2955
533,3279
533,3324
533,3600
533,3847
533,4033
533,4063
533,4096
533,4394
533,4775
534,574
534,638
534,730
534,852
534,938
534,1104
534,1137
534,1328
534,1427
534,1453
534,1539
534,1590
534,1596
534,1675
534,1752
534,1757
534,1990
534,2153
534,2242
534,2599
534,2745
534,2958
534,3693
534,4441
534,4705
534,4930
535,575
535,583
535,607
535,644
535,695
535,735
535,1126
535,1131
535,1170
535,1236
535,1292
535,1458
535,1712
535,1791
535,2104
535,2190
535,2250
535,2293
535,2306
535,2616
535,2850
535,2857
535,2988
535,3167
535,3682
535,3710
535,4022
535,4054
535,4117
535,4426
536,942
536,975
536,1197
536,1340
536,1383
536,1472
536,1512
536,1517
536,1755
536,1957
536,2021
536,2134
536,2309
536,2483
536,2853
536,2995
536,3501
536,4288
536,4385
536,4537
536,4848
537,676
537,806
537,909
537,1094
537,1106
537,1209
537,1670
537,1927
537,2290
537,2330
537,2503
537,2638
537,2848
537,4598
537,4881
537,4951
537,4998
538,541
538,549
538,603
538,747
538,1054
538,1106
538,1265
538,1482
538,1625
538,1666
538,1858
538,2127
538,2265
538,3101
538,3810
538,3873
538,4015
538,4246
538,4480
539,579
539,599
539,684
539,729
539,780
539,828
539,831
539,990
539,1036
539,1322
539,2567
539,3168
539,3238
539,3607
539,4031
539,4077
539,4401
539,4417
539,4531
539,4562
539,4860
540,577
540,622
540,771
540,901
540,971
540,1373
540,1492
540,1588
540,1601
540,1803
540,2052
540,2185
540,2498
540,2709
540,2747
540,3091
540,3221
540,3437
540,3968
540,4215
540,4493
541,676
541,708
541,824
541,842
541,1024
541,1323
541,1469
541,1558
541,1669
541,1825
541,2288
541,2360
541,2541
541,2559
541,2618
541,2829
541,3223
541,3328
541,3459
541,4269
541,4518
541,4716
541,4732
541,4764
542,877
542,1166
542,1572
542,1762
542,1856
542,1891
542,1928
542,2014
542,2419
542,2420
542,2443
542,2528
542,3115
542,3245
542,3356
542,3505
542,3608
542,3771
542,4138
542,4173
542,4736
542,4771
542,4833
543,574
543,591
543,625
543,798
543,816
543,883
543,1277
543,1294
543,1458
543,1566
543,1654
543,1781
543,1842
543,1925
543,1939
543,1955
543,2122
543,2475
543,2479
543,2600
543,2637
543,2723
543,2929
543,3250
543,3328
543,3425
543,3869
543,3893
543,3914
543,3962
543,4047
543,4333
543,4336
543,4339
543,4456
543,4506
543,4703
543,4815
543,4966
543,4968
544,1016
544,1247
544,1294
544,2510
544,2806
544,3425
544,3426
545,551
545,690
545,762
545,928
545,998
545,1188
545,1480
545,1602
545,1667
545,1922
545,2024
545,2110
545,2155
545,2245
545,2330
545,2889
545,3037
545,3082
545,3315
545,3562
545,3585
545,3675
545,3816
545,3909
545,4531
545,4632
545,4736
545,4868
545,4952
546,565
546,574
546,664
546,739
546,807
546,1110
546,1385
546,1468
546,1539
546,1552
546,1567
546,1828
546,2044
546,2387
546,2570
546,2809
546,2816
546,2825
546,3215
546,3219
546,3576
546,3832
546,4470
546,4909
546,4974
547,583
547,620
547,1043
547,1044
547,1083
547,1165
547,1387
547,1526
547,1584
547,2067
547,2377
547,2861
547,2920
547,3229
547,3980
547,4289
547,4659
547,4788
547,4978
548,1075
548,1111
548,1286
548,1667
548,1864
548,2139
548,2457
548,2513
548,2638
548,2660
548,4224
548,4231
548,4309
548,4761
549,574
549,692
549,976
549,985
549,1209
549,1502
549,1674
549,2604
549,3337
549,3464
549,3528
549,3636
549,3906
549,4003
549,4280
549,4296
549,4508
549,4656
550,839
550,962
550,1253
550,1351
550,1364
550,1385
550,1730
550,1823
550,1828
550,2043
550,2103
550,2552
550,2982
550,3274
550,4218
550,4372
550,4659
550,4980
551,611
551,634
551,649
551,750
551,1375
551,1591
551,2238
551,2587
551,3243
551,3437
552,665
552,795
552,904
552,1001
552,1007
552,1590
552,1595
552,1614
552,1645
552,1739
552,1790
552,1862
552,2358
552,2696
552,3027
552,3394
552,3860
553,915
553,1373
553,1582
553,1681
553,1684
553,2449
553,2761
553,2773
553,3041
553,3339
553,3490
553,3559
554,875
554,925
554,1001
554,1117
554,1141
554,1324
554,1332
554,1722
554,1848
554,1973
554,2373
554,2640
554,2805
554,2952
554,3926
554,4058
554,4466
554,4523
554,4990
555,1004
555,1034
555,1039
555,1252
555,2285
555,3433
555,3839
555,3943
555,4431
556,777
556,799
556,890
556,914
556,1213
556,1231
556,1244
556,1750
556,1787
556,2448
556,2940
556,2977
556,3422
556,3452
556,4125
556,4481
557,667
557,682
557,1988
557,2039
557,2657
557,2685
557,2758
557,3421
557,3492
557,3680
557,3929
557,4244
557,4660
557,4888
558,563
558,1519
558,1796
558,1825
558,1991
558,2106
558,2572
558,2754
558,3097
558,3301
558,3823
558,4009
558,4176
558,4180
558,4192
558,4236
558,4413
558,4449
558,4488
558,4611
558,4896
559,760
559,849
559,1185
559,2404
559,2464
559,2937
559,3007
559,3057
559,3195
559,3224
559,3478
559,3729
559,4204
559,4420
559,4423
560,575
560,853
560,926
560,945
560,960
560,1401
560,1454
560,1469
560,1818
560,2192
560,2541
560,2653
560,2801
560,2988
560,3099
560,3634
560,3735
560,3850
560,3911
560,4049
560,4189
560,4618
560,4671
560,4998
561,631
561,668
561,759
561,828
561,1031
561,1421
561,1661
561,2054
561,2063
561,2218
561,2306
561,2345
561,2598
561,2620
561,2656
561,2811
561,3090
561,3158
561,3322
561,3376
561,3575
561,3724
561,4660
561,4682
561,4694
562,604
562,705
562,736
562,1024
562,1078
562,1161
562,1206
562,1598
562,2186
562,2779
562,3227
562,3491
562,3774
562,3901
562,3952
562,3960
562,3984
562,4169
562,4452
562,4632
562,4776
563,856
563,876
563,1026
563,1186
563,1564
563,2060
563,2165
563,2183
563,3262
563,3751
563,4156
563,4313
563,4514
563,4754
563,4968
564,631
564,821
564,1690
564,1742
564,1825
564,2102
564,2217
564,2996
564,3342
564,3724
564,4050
564,4150
564,4484
564,4809
564,4946
565,789
565,987
565,1062
565,1087
565,1283
565,2399
565,2483
565,2712
565,3583
565,3896
565,4131
565,4874
566,599
566,620
566,751
566,792
566,832
566,1269
566,1442
566,1474
566,1726
566,1989
566,2132
566,2377
566,2539
566,2760
566,2928
566,3054
566,3171
566,3240
566,3570
566,3617
566,4272
566,4331
566,4432
567,697
567,1207
567,1473
567,2096
567,2316
567,2488
567,3200
567,3512
567,3771
567,4193
567,4788
568,1293
568,1422
568,1424
568,1480
568,1761
568,1867
568,2138
568,2243
568,2438
568,2524
568,2556
568,2940
568,2969
568,4999
569,825
569,937
569,1006
569,1435
569,1667
569,1745
569,2135
569,2343
569,3219
569,3929
569,3993
569,4824
569,4959
570,719
570,1069
570,2781
570,2793
570,2870
570,4022
570,4402
570,4610
571,619
571,654
571,666
571,1077
571,1200
571,1226
571,1368
571,1420
571,1525
571,1703
571,1704
571,1826
571,1974
571,2373
571,2947
571,3242
571,3424
571,3447
571,3465
571,3478
571,3885
571,4021
571,4580
572,812
572,833
572,1359
572,1548
572,1715
572,2112
572,2212
572,2313
572,2519
572,3709
573,591
573,639
573,752
573,794
573,910
573,932
573,1073
573,1085
573,1148
573,1221
573,1261
573,1347
573,1369
573,1519
573,1676
573,1795
573,1804
573,1921
573,2190
573,2221
573,2333
573,2419
573,2777
573,2837
573,2904
573,3145
573,3216
573,3282
573,3290
573,3414
573,3415
573,3480
573,3637
573,3768
573,4031
573,4293
573,4346
573,4703
573,4803
573,4939
574,789
574,1142
574,1171
574,1810
574,1896
574,2298
574,2717
574,2747
574,3265
574,3552
574,3567
574,3689
574,3813
574,4340
574,4867
575,613
575,651
575,861
575,966
575,1069
575,1137
575,1236
575,2101
575,2275
575,2868
575,2891
575,3418
575,3708
575,3754
575,3939
575,4229
575,4784
576,608
576,641
576,700
576,797
576,855
576,989
576,1290
576,1761
576,1801
576,1915
576,2054
576,2075
576,2094
576,2225
576,2282
576,2364
576,2548
576,2815
576,2832
576,2873
576,3153
576,3219
576,3304
576,3643
576,4203
576,4205
576,4893
576,4902
577,1168
577,1183
577,1321
577,1499
577,1653
577,3985
577,4252
577,4321
577,4708
577,4767
578,652
578,813
578,942
578,1124
578,1501
578,1642
578,2500
578,2649
578,2715
578,3085
578,3133
578,3243
578,3646
578,3746
578,3900
578,4032
578,4121
578,4275
578,4612
579,714
579,1027
579,1028
579,1368
579,1431
579,1811
579,1867
579,2004
579,2035
579,2123
579,2149
579,2232
579,2481
579,2805
579,2908
579,3179
579,4091
579,4798
579,4996
580,701
580,1057
580,1081
580,1337
580,1369
580,1899
580,2722
580,2895
580,3258
580,3600
580,4493
580,4607
581,658
581,690
581,817
581,927
581,1218
581,1359
581,1368
581,2495
581,2752
581,2981
582,655
582,706
582,803
582,882
582,967
582,1018
582,1224
582,1328
582,1347
582,1355
582,1467
582,1722
582,1949
582,2024
582,2302
582,2450
582,2516
582,2866
582,4079
582,4290
582,4418
582,4822
582,4956
583,622
583,648
583,682
583,791
583,871
583,1105
583,1110
583,1128
583,1135
583,1145
583,1324
583,1576
583,1691
583,1857
583,1864
583,2163
583,2190
583,2197
583,2251
583,2257
583,2300
583,2565
583,2666
583,2835
583,3226
583,3633
583,3683
583,3893
583,3959
583,4113
583,4506
583,4669
583,4740
584,616
584,795
584,1105
584,1187
584,1245
584,1264
584,1488
584,1746
584,1755
584,1800
584,1848
584,1868
584,1963
584,1971
584,2157
584,2369
584,2416
584,2480
584,2693
584,2756
584,3239
584,3373
584,3450
584,3672
584,3766
584,3785
584,3831
584,4091
584,4127
584,4589
584,4970
585,676
585,745
585,779
585,798
585,1093
585,1164
585,1457
585,1582
585,1644
585,1685
585,1965
585,2102
585,2392
585,2447
585,2950
585,3272
585,3324
585,3489
585,3524
585,3572
585,3786
585,3878
585,3950
585,4047
585,4357
585,4561
585,4895
585,4907
586,601
586,709
586,733
586,1168
586,1469
586,1500
586,1620
586,1666
586,1913
586,2105
586,2117
586,2268
586,2787
586,2980
586,3461
586,3605
586,3992
586,4208
586,4892
586,4908
587,776
587,835
587,1152
587,1862
587,2043
587,2432
587,4894
588,667
588,808
588,962
588,1613
588,1754
588,2109
588,2175
588,2217
588,2759
588,4310
588,4632
588,4765
589,788
589,1016
589,1278
589,1299
589,1565
589,1652
589,1833
589,1962
589,2213
589,2375
589,2747
589,3083
589,3196
589,3626
589,4194
589,4572
589,4976
590,1084
590,1134
590,1164
590,1377
590,1557
590,1930
590,2377
590,3747
590,4065
591,687
591,741
591,815
591,894
591,966
591,1049
591,1096
591,1416
591,1426
591,1465
591,1599
591,1841
591,1967
591,1977
591,2064
591,2081
591,2111
591,2213
591,2493
591,2593
591,2674
591,3075
591,3267
591,3310
591,3368
591,3482
591,4379
591,4634
592,616
592,661
592,718
592,866
592,933
592,1230
592,1687
592,1690
592,1711
592,2001
592,2012
592,2302
592,3174
592,3660
592,4169
593,695
593,701
593,976
593,1032
593,1117
593,1213
593,1876
593,1968
593,2099
593,2175
593,2289
593,2391
593,2643
593,2789
593,3052
593,3453
593,3472
593,3509
593,3611
593,3925
593,4022
593,4155
593,4303
593,4347
593,4349
593,4420
593,4458
593,4701
593,4859
593,4871
593,4997
594,679
594,862
594,949
594,1149
594,1341
594,1658
594,2408
594,2851
594,2872
594,2961
594,3725
594,3796
594,4016
594,4130
594,4222
594,4918
595,781
595,813
595,1347
595,2024
595,2158
595,2235
595,2521
595,2654
595,2878
595,3413
595,3854
595,4124
595,4562
596,694
596,901
596,904
596,954
596,1221
596,1377
596,1443
596,1516
596,1594
596,1666
596,2031
596,2639
596,2682
596,3505
596,3579
596,3600
596,4438
597,1030
597,1209
597,2384
597,2789
597,3169
597,3544
597,3627
597,4243
597,4496
597,4565
598,931
598,1116
598,1195
598,1462
598,2797
598,2907
598,2974
598,3046
598,3419
598,3748
598,4021
599,1657
599,2091
599,3216
599,3658
600,809
600,1226
600,1243
600,1412
600,1419
600,1458
600,1501
600,1636
600,2137
600,2319
600,2924
600,2999
600,3104
600,3510
600,3620
600,3676
600,3815
600,3921
600,4312
600,4895
601,779
601,786
601,814
601,908
601,995
601,1094
601,1119
601,1202
601,1232
601,1397
601,1552
601,2355
601,2528
601,2607
601,3010
601,3018
601,3103
601,3407
601,3929
601,3957
601,4023
601,4240
601,4443
601,4628
602,691
602,926
602,1010
602,1145
602,1155
602,1372
602,1389
602,1427
602,1466
602,1473
602,1565
602,1653
602,1774
602,1795
602,2063
602,2530
602,2948
602,3060
602,3810
602,4330
602,4359
602,4629
603,722
603,831
603,998
603,1099
603,1200
603,1243
603,1525
603,1677
603,1945
603,2058
603,2583
603,2683
603,2700
603,2825
603,2959
603,3422
603,3835
603,4050
603,4145
603,4342
603,4814
604,744
604,1124
604,1363
604,1540
604,2061
604,2350
604,2489
604,2551
604,2864
604,3775
605,654
605,746
605,824
605,918
605,956
605,1170
605,1433
605,1587
605,1694
605,1847
605,1999
605,2308
605,2488
605,2639
605,2964
605,3001
605,3493
605,3543
605,3651
605,3747
605,4233
605,4242
605,4435
605,4529
606,1014
606,1095
606,1146
606,1197
606,1270
606,1318
606,1398
606,1583
606,1597
606,2110
606,3391
606,3640
606,4279
606,4768
606,4910
606,4940
607,883
607,1149
607,1301
607,1355
607,1424
607,2085
607,2110
607,2301
607,2507
607,3098
607,3457
607,3971
607,3972
607,3990
607,4778
607,4864
608,635
608,722
608,753
608,920
608,1081
608,1145
608,1233
608,1454
608,1581
608,1631
608,1639
608,1814
608,1904
608,2171
608,2243
608,2939
608,3070
608,3386
608,3389
608,3588
608,4336
608,4383
608,4626
608,4929
609,636
609,655
609,817
609,863
609,984
609,997
609,1217
609,1335
609,1535
609,1625
609,1657
609,1845
609,2211
609,2276
609,2581
609,2716
609,3335
609,3656
609,4046
610,656
610,758
610,772
610,775
610,852
610,1047
610,1490
610,1505
610,1565
610,1645
610,1774
610,1924
610,2973
610,3005
610,3052
610,3249
610,3940
610,4610
610,4950
611,664
611,668
611,672
611,704
611,797
611,873
611,1169
611,1344
611,1411
611,1718
611,1925
611,1959
611,2058
611,2354
611,2693
611,2712
611,2784
611,3033
611,3106
611,3179
611,3380
611,3761
611,4677
612,762
612,1249
612,1640
612,1745
612,1784
612,2234
612,2690
612,3915
612,4063
612,4300
612,4521
612,4656
612,4823
612,4946
613,621
613,703
613,737
613,762
613,893
613,931
613,1208
613,1293
613,2163
613,2664
613,2982
613,3146
613,3799
613,4653
614,635
614,773
614,819
614,973
614,1325
614,1554
614,1809
614,1839
614,2070
614,2201
614,2265
614,2411
614,2802
614,2811
614,3199
614,3604
614,3818
614,3907
614,4066
614,4511
614,4522
614,4802
614,4898
615,724
615,730
615,741
615,875
615,1055
615,1278
615,1322
615,1412
615,1441
615,1532
615,1702
615,2144
615,2160
615,2165
615,2233
615,2401
615,2421
615,2438
615,2549
615,2982
615,3005
615,3141
615,3191
615,3227
615,3295
615,3362
615,3659
615,3714
615,3763
615,3855
615,3888
615,4305
615,4383
615,4445
615,4503
615,4525
615,4871
616,1020
616,1065
616,2315
616,2882
616,4134
617,655
617,695
617,831
617,916
617,1037
617,1184
617,1344
617,1757
617,2719
617,3278
617,3422
617,3490
617,3634
617,4240
617,4367
617,4648
617,4662
617,4730
617,4836
618,858
618,1032
618,1202
618,1399
618,1437
618,1447
618,2073
618,2201
618,2653
618,2839
618,3678
618,3804
618,3999
618,4619
618,4884
618,4887
619,670
619,696
619,822
619,826
619,947
619,1011
619,1047
619,1104
619,1153
619,1339
619,1961
619,2169
619,2352
619,2815
619,3038
619,4160
619,4278
619,4312
619,4811
619,4885
620,662
620,724
620,800
620,892
620,991
620,995
620,1726
620,1758
620,1876
620,1932
620,1963
620,2338
620,2594
620,2716
620,2778
620,3284
620,3477
620,3482
620,3609
620,3757
620,3784
620,3828
620,3857
620,4067
621,721
621,894
621,995
621,1056
621,1395
621,1414
621,1553
621,1810
621,1869
621,2445
621,2501
621,2541
621,2944
621,3369
621,3385
621,3536
621,4529
621,4799
621,4801
622,703
622,712
622,751
622,762
622,893
622,976
622,1066
622,1140
622,1182
622,1208
622,1213
622,1235
622,1276
622,1302
622,1480
622,1658
622,1698
622,1747
622,2056
622,2058
622,2275
622,2298
622,2619
622,2672
622,2725
622,2814
622,3116
622,3153
622,3388
622,3657
622,3863
622,3873
622,3874
622,4002
622,4077
622,4359
622,4630
622,4676
622,4805
622,4806
622,4848
622,4864
623,728
623,869
623,885
623,1963
623,1985
623,2181
623,2493
623,2974
623,3763
623,3986
623,4809
624,858
624,898
624,1478
624,2169
624,2793
624,3096
624,4036
624,4288
624,4452
624,4551
624,4914
625,629
625,821
625,1231
625,1252
625,1485
625,1606
625,1740
625,1947
625,2012
625,2073
625,3391
625,3466
625,3998
625,4124
625,4459
625,4686
625,4798
625,4802
626,809
626,837
626,1590
626,1692
626,2226
626,2839
626,3605
626,3644
627,774
627,1025
627,1265
627,1311
627,1340
627,1395
627,1650
627,1744
627,1947
627,2033
627,2051
627,2174
627,2246
627,2492
627,2513
627,2701
627,2911
627,3055
627,3507
627,3684
627,3907
627,3986
627,4092
627,4215
627,4318
627,4926
627,4964
628,1094
628,1162
628,1291
628,1630
628,1663
628,2635
628,3660
628,3702
628,3743
628,4042
628,4500
628,4587
628,4760
628,4996
629,700
629,894
629,1030
629,1242
629,2000
629,2356
629,2550
629,2788
629,3044
629,3087
629,3456
629,3596
629,3820
629,4539
629,4745
629,4814
630,662
630,854
630,2109
630,2189
630,2201
630,2466
630,2991
630,3102
630,3506
630,3704
631,676
631,780
631,808
631,922
631,1101
631,1394
631,1422
631,1541
631,1638
631,1691
631,1859
631,2229
631,2423
631,2606
631,2693
631,3020
631,3393
631,3461
631,3599
631,3887
631,4133
631,4883
632,1002
632,1125
632,1321
632,1721
632,1815
632,3313
632,3462
632,3687
632,4532
632,4814
633,671
633,1001
633,1139
633,1294
633,1367
633,1579
633,1746
633,1816
633,1881
633,1987
633,2144
633,2299
633,2726
633,2926
633,3066
633,3120
633,3251
633,3474
633,3517
633,3611
633,3841
633,4146
633,4442
633,4582
633,4622
633,4734
634,933
634,943
634,1581
634,1659
634,1725
634,1867
634,1928
634,2335
634,2345
634,2455
634,2495
634,2903
634,3192
634,3233
634,3457
634,3638
634,3801
634,4669
634,4886
635,1375
635,1493
635,1698
635,1978
635,2129
635,2450
635,2452
635,2923
635,4609
635,4644
635,4945
636,957
636,1095
636,1100
636,1227
636,1248
636,1297
636,1351
636,1377
636,1885
636,2067
636,2083
636,2289
636,2486
636,2609
636,2859
636,3229
636,3420
636,3430
636,3892
636,3992
636,4029
636,4490
636,4798
637,649
637,688
637,712
637,805
637,1018
637,1095
637,1309
637,1495
637,1551
637,1561
637,1564
637,1586
637,1651
637,1975
637,2205
637,2336
637,2457
637,2789
637,2835
637,3127
637,3235
637,3260
637,3775
637,3844
637,4005
637,4368
637,4502
637,4518
637,4777
638,742
638,1053
638,1058
638,1201
638,1519
638,1534
638,1551
638,1967
638,2012
638,2051
638,2313
638,2367
638,2708
638,2718
638,2826
638,2848
638,2971
638,3392
638,3408
638,3537
638,3841
638,4021
638,4591
638,4607
638,4630
638,4930
639,683
639,881
639,920
639,933
639,1385
639,1714
639,1795
639,1820
639,1823
639,1974
639,2224
639,3427
639,3441
639,3500
639,3532
639,3624
639,3802
639,3979
639,4207
639,4348
640,716
640,742
640,841
640,908
640,997
640,1072
640,1105
640,1218
640,1442
640,1597
640,1770
640,1852
640,2155
640,2484
640,2908
640,2927
640,3023
640,3138
640,3383
640,3470
640,4411
640,4828
640,4911
641,698
641,703
641,825
641,1324
641,1816
641,1919
641,2091
641,2784
641,3017
641,3138
641,3796
641,4017
641,4143
641,4495
641,4572
641,4713
641,4727
641,4746
641,4921
642,907
642,1041
642,1214
642,1216
642,1531
642,1769
642,2121
642,2433
642,2476
642,2798
642,2856
642,3026
642,3289
642,3803
642,4210
642,4483
642,4600
642,4851
642,4964
643,680
643,2293
643,2588
643,3280
643,3831
643,3878
643,4121
643,4820
644,919
644,1255
644,1607
644,1745
644,2098
644,2377
644,2440
644,2468
644,2511
644,2558
644,2599
644,2883
644,2953
644,3157
644,3399
644,4198
644,4829
645,842
645,865
645,891
645,938
645,1056
645,1091
645,1126
645,1484
645,1650
645,1715
645,1805
645,1850
645,1937
645,1947
645,2197
645,2699
645,3076
645,3202
645,3638
645,3660
645,3775
645,3968
645,4537
645,4609
645,4670
646,716
646,831
646,1152
646,1182
646,1183
646,1365
646,1784
646,1855
646,2025
646,2220
646,2254
646,2667
646,2876
646,3009
646,3335
646,3750
646,4789
647,924
647,1190
647,1419
647,1434
647,1852
647,2482
647,2690
647,3421
647,3823
648,716
648,799
648,1499
648,2256
648,2372
648,3462
648,3830
648,4741
649,2775
649,2788
649,3733
649,4782
649,4819
650,1151
650,2320
650,2610
650,3821
650,3900
650,4138
650,4212
651,755
651,856
651,899
651,939
651,1347
651,1648
651,2721
651,3649
651,3960
651,4142
651,4204
651,4572
652,687
652,1818
652,2612
652,3185
652,3248
652,3472
652,4209
653,680
653,1007
653,2316
653,3230
653,3340
653,3428
653,3948
653,4084
653,4407
654,660
654,691
654,693
654,813
654,863
654,890
654,902
654,910
654,963
654,1055
654,1089
654,1108
654,1172
654,1366
654,1731
654,1753
654,1916
654,2142
654,2326
654,2431
654,2670
654,2725
654,2751
654,2870
654,2895
654,3102
654,3449
654,3665
654,3788
654,4007
654,4020
654,4404
654,4551
654,4768
654,4820
654,4828
654,4864
655,665
655,739
655,786
655,885
655,901
655,1210
655,1803
655,2359
655,2717
655,3171
655,3226
655,3372
655,3673
655,3734
655,4244
655,4753
656,746
656,1657
656,1751
656,2004
656,2572
656,2653
656,3110
656,4942
657,677
657,780
657,895
657,910
657,1735
657,1759
657,1994
657,2088
657,2231
657,2330
657,3210
657,3624
657,4153
658,726
658,822
658,1164
658,1201
658,1257
658,2016
658,2612
658,2862
658,3830
658,4694
659,1062
659,1219
659,1274
659,1359
659,1771
659,1868
659,1912
659,1965
659,2220
659,2324
659,2327
659,2342
659,2543
659,2937
659,3085
659,3284
659,3363
659,3995
659,3998
659,4035
659,4379
659,4826
660,775
660,842
660,1012
660,1097
660,1199
660,1366
660,1395
660,1530
660,1582
660,1741
660,2083
660,2114
660,2301
660,2435
660,3101
660,3364
660,3567
660,4182
660,4732
660,4807
660,4865
660,4915
661,1428
661,1477
661,2091
661,2322
661,2331
661,3545
661,3858
662,692
662,699
662,723
662,813
662,968
662,1127
662,1138
662,1280
662,1366
662,1382
662,1651
662,2301
662,2354
662,2383
662,2827
662,2954
662,3074
662,3188
662,3392
662,3394
662,3776
662,3978
662,4219
662,4258
662,4297
663,1318
663,1840
663,2274
663,2346
663,2397
663,3211
663,3345
663,3879
663,3986
663,4307
663,4571
663,4876
664,841
664,1073
664,1763
664,1867
664,1873
664,2048
664,2341
664,2682
664,2955
664,3016
664,3037
664,3533
664,3651
664,3841
664,3904
664,4390
664,4721
664,4765
665,696
665,900
665,1158
665,1193
665,1514
665,2311
665,2497
665,2811
665,2835
665,2940
665,2962
665,3370
665,3767
665,3826
665,4287
665,4373
666,1286
666,1374
666,1398
666,1569
666,1648
666,2031
666,2061
666,2188
666,2322
666,2393
666,2485
666,2740
666,2805
666,2922
666,3597
666,3887
666,3997
666,4904
667,709
667,790
667,815
667,1008
667,1066
667,1173
667,1287
667,1759
667,1795
667,2239
667,2642
667,2946
667,3259
667,3438
667,3513
667,4537
667,4556
668,757
668,821
668,1270
668,1335
668,1557
668,1631
668,1632
668,1665
668,1675
668,1737
668,1825
668,1846
668,1868
668,2057
668,2082
668,3267
668,3618
668,4042
669,792
669,868
669,1979
669,2223
669,2296
669,2309
669,2618
669,2801
669,3260
669,3285
669,4571
669,4794
670,1111
670,1406
670,1447
670,1679
670,2068
670,2218
670,2299
670,2429
670,2720
670,3644
670,4044
670,4071
670,4088
671,807
671,938
671,971
671,1046
671,1142
671,1187
671,1206
671,1231
671,1325
671,1406
671,1409
671,1428
671,1630
671,1660
671,1872
671,1935
671,2012
671,2139
671,2211
671,2488
671,2536
671,2626
671,2629
671,2692
671,2892
671,3049
671,3079
671,3172
671,3461
671,3516
671,3586
671,4009
671,4220
671,4746
671,4750
672,907
672,935
672,1131
672,1155
672,1274
672,1492
672,1989
672,1991
672,2239
672,2243
672,2711
672,2994
672,3437
672,4267
672,4701
672,4720
673,989
673,1214
673,2021
673,2337
673,2541
673,2564
673,2623
673,2976
673,3329
673,3396
673,3491
673,3916
673,4562
674,675
674,967
674,1113
674,1379
674,1382
674,1515
674,1603
674,1748
674,1924
674,2166
674,2735
674,2821
674,2904
674,3981
674,4168
674,4395
674,4909
675,820
675,958
675,1327
675,1409
675,1580
675,1663
675,1934
675,2394
675,3267
675,3451
675,3899
675,4321
676,718
676,756
676,885
676,1690
676,1870
676,2346
676,2802
676,3072
676,3320
676,3541
676,3755
676,3793
676,4621
676,4794
677,780
677,1287
677,1322
677,1494
677,1572
677,1790
677,1815
677,1908
677,2154
677,2192
677,2230
677,2527
677,3103
677,3282
677,3588
677,3791
677,3882
677,4094
677,4160
677,4923
677,4999
678,687
678,744
678,801
678,910
678,987
678,1451
678,3212
678,3324
678,3693
678,4728
678,4738
679,794
679,854
679,994
679,1019
679,1131
679,1188
679,1244
679,1333
679,1470
679,1577
679,1604
679,1720
679,2291
679,2522
679,3022
679,3239
679,3263
679,3440
679,3735
679,4079
679,4244
679,4254
679,4633
679,4837
679,4850
679,4881
679,4936
680,877
680,910
680,929
680,954
680,1093
680,1537
680,1628
680,1927
680,2036
680,2368
680,2543
680,2683
680,2853
680,3454
680,4164
680,4380
680,4521
681,717
681,918
681,1063
681,1087
681,1123
681,1176
681,2136
681,2220
681,2234
681,2235
681,2319
681,2331
681,2425
681,3192
681,3205
681,3309
681,3470
681,4313
681,4436
682,906
682,1490
682,1512
682,2026
682,2795
682,3293
682,3928
682,4420
683,976
683,981
683,1486
683,1488
683,1621
683,1685
683,1758
683,1877
683,1915
683,2711
683,2749
683,2883
683,2969
683,3119
683,4201
683,4505
683,4591
683,4751
684,770
684,1219
684,1641
684,1716
684,1924
684,2342
684,2586
684,2663
684,2672
684,2680
684,4539
684,4579
684,4821
685,723
685,1150
685,1528
685,1540
685,1549
685,2849
685,3275
685,3707
685,3782
685,3879
685,4913
686,725
686,906
686,966
686,968
686,1399
686,1490
686,1524
686,1587
686,1600
686,1664
686,1722
686,1867
686,2079
686,2080
686,2200
686,2902
686,3109
686,3798
686,3975
686,4260
686,4795
686,4818
687,828
687,858
687,876
687,1061
687,1180
687,1296
687,1487
687,1583
687,1625
687,1708
687,1763
687,1854
687,1989
687,2390
687,2824
687,3300
687,3403
687,3502
687,3809
687,3921
687,4278
687,4306
687,4953
688,693
688,711
688,760
688,776
688,855
688,913
688,1013
688,1023
688,1043
688,1058
688,1114
688,1187
688,1192
688,1267
688,1278
688,1333
688,1343
688,1494
688,1550
688,1560
688,1651
688,1822
688,1831
688,1871
688,1907
688,2152
688,2237
688,2356
688,2980
688,3101
688,3268
688,3346
688,3916
688,4094
688,4458
688,4841
689,700
689,712
689,733
689,846
689,1082
689,1122
689,1161
689,1441
689,1591
689,1716
689,2291
689,2439
689,2454
689,3226
689,4014
689,4697
690,805
690,877
690,1050
690,1151
690,1221
690,1331
690,1645
690,1914
690,1920
690,1929
690,2041
690,2084
690,2136
690,2280
690,2399
690,2505
690,2928
690,3134
690,3257
690,3398
690,3472
690,3490
690,3889
690,3892
690,4236
690,4243
690,4703
690,4967
691,810
691,880
691,985
691,1015
691,1022
691,1044
691,1054
691,1062
691,1315
691,1428
691,1558
691,1705
691,1741
691,1867
691,2160
691,2170
691,2500
691,2512
691,3190
691,3244
691,3307
691,3410
691,3499
691,3715
691,3881
691,3897
691,4168
691,4257
691,4295
691,4462
691,4737
692,768
692,884
692,929
692,1222
692,1393
692,2356
692,2419
692,2492
692,2609
692,3370
692,3508
692,3743
692,4236
692,4260
692,4426
692,4568
692,4939
693,1080
693,3291
693,3791
693,4244
693,4514
694,750
694,862
694,1079
694,1116
694,1231
694,1369
694,1389
694,1462
694,1520
694,1563
694,1638
694,1733
694,1888
694,1958
694,2105
694,2170
694,2246
694,2279
694,2290
694,2386
694,2912
694,3029
694,3030
694,3201
694,3456
694,3476
694,3521
694,3534
694,3800
694,3996
694,4164
694,4179
694,4517
694,4550
694,4668
694,4769
694,4875
694,4999
695,1051
695,1056
695,1175
695,1286
695,1411
695,2604
695,2615
695,3182
695,4233
696,830
696,1128
696,1144
696,1243
696,1506
696,1710
696,1864
696,1932
696,2105
696,2425
696,3278
696,3325
696,3473
696,3815
697,837
697,945
697,1065
697,1200
697,1384
697,2128
697,2561
697,2743
697,3071
697,3184
697,3320
697,4443
697,4816
698,748
698,984
698,996
698,1442
698,2450
698,2629
698,2711
698,2749
698,2902
698,3942
698,4260
698,4693
699,766
699,896
699,1132
699,1175
699,1631
699,2590
699,2787
699,3524
699,3864
699,4098
699,4170
699,4322
699,4809
700,753
700,911
700,922
700,947
700,994
700,1172
700,1228
700,1628
700,1848
700,1988
700,2014
700,2702
700,2710
700,2761
700,3010
700,3972
700,3991
700,4068
700,4598
700,4644
701,844
701,958
701,1133
701,1255
701,1309
701,1444
701,2271
701,2482
701,2614
701,2655
701,2955
701,3314
701,3415
701,3603
701,4205
701,4545
701,4583
701,4767
701,4892
701,4990
702,1005
702,1125
702,1138
702,1180
702,1192
702,1599
702,2199
702,2226
702,2462
702,2648
702,2897
702,3777
702,4438
702,4759
703,729
703,755
703,982
703,1161
703,1246
703,1257
703,1333
703,1532
703,1545
703,1851
703,2038
703,2060
703,2083
703,2207
703,2349
703,2365
703,2389
703,2602
703,2780
703,2799
703,2883
703,3118
703,3244
703,3287
703,3790
703,3842
703,3917
703,4007
703,4099
703,4276
703,4497
703,4539
703,4601
703,4937
704,740
704,1206
704,1442
704,1577
704,1655
704,1757
704,1934
704,2429
704,3043
704,3193
704,3432
704,4262
704,4365
704,4708
704,4907
705,1382
705,1882
705,2065
705,2979
705,3376
705,3782
705,4596
706,721
706,745
706,751
706,854
706,1179
706,1556
706,1671
706,1922
706,1949
706,2681
706,3138
706,3152
706,3395
706,4250
706,4568
706,4658
707,994
707,1833
707,1853
707,2092
707,2557
707,2849
707,3737
707,3916
707,4241
707,4405
707,4837
708,868
708,997
708,1295
708,1528
708,1805
708,2085
708,2807
708,3359
708,4427
708,4720
709,825
709,892
709,1140
709,1237
709,1468
709,1486
709,1526
709,1792
709,1863
709,1941
709,1968
709,2060
709,2081
709,2189
709,2432
709,2492
709,2586
709,2751
709,2966
709,3037
709,3082
709,3171
709,3366
709,3922
709,4090
709,4143
709,4173
709,4193
709,4195
709,4399
709,4510
709,4748
710,779
710,1083
710,1233
710,1538
710,1664
710,1811
710,2097
710,2286
710,2379
710,2667
710,2864
710,2954
710,3010
710,3333
710,3456
710,3467
710,3558
710,4022
710,4922
711,909
711,1020
711,1205
711,1618
711,1904
711,2354
711,2956
711,3494
711,3752
711,3762
711,4373
711,4463
712,765
712,808
712,930
712,973
712,1002
712,1114
712,1277
712,2015
712,2038
712,2295
712,2901
712,4247
712,4333
712,4453
712,4968
712,4969
713,903
713,1192
713,1636
713,2131
713,2574
713,2928
713,3266
713,3965
713,4013
713,4436
713,4617
714,777
714,820
714,1146
714,1194
714,1397
714,1445
714,1770
714,1793
714,2146
714,2233
714,2282
714,2303
714,2373
714,2808
714,3328
714,3572
714,4478
714,4993
715,952
715,997
715,1621
715,2368
715,2374
715,2430
715,2608
715,2709
715,3071
715,3100
715,3314
715,3351
715,3431
715,3610
715,3785
715,4789
716,807
716,1849
716,1895
716,1951
716,2628
716,2650
716,3167
716,3894
716,4602
716,4988
717,790
717,962
717,1061
717,1093
717,1300
717,1329
717,1439
717,1481
717,1564
717,1797
717,1975
717,2005
717,2062
717,2263
717,2298
717,2376
717,2723
717,2855
717,2937
717,2997
717,3451
717,3560
717,3628
717,4026
717,4117
717,4119
717,4206
717,4308
718,1458
718,1642
718,2035
718,2498
718,2710
718,3238
718,3793
718,4080
719,728
719,730
719,773
719,828
719,865
719,1183
719,1213
719,1262
719,1455
719,1513
719,2045
719,2142
719,2196
719,2283
719,3269
719,3910
719,4054
719,4140
719,4199
719,4262
719,4313
719,4367
719,4601
720,773
720,1049
720,1133
720,1134
720,1158
720,1295
720,1361
720,1512
720,1585
720,1652
720,1662
720,1684
720,1769
720,2047
720,2233
720,2603
720,2607
720,2810
720,2848
720,3148
720,3358
720,3712
720,3903
720,4143
720,4381
720,4474
720,4624
720,4693
720,4815
720,4932
721,725
721,803
721,838
721,901
721,914
721,941
721,1126
721,1153
721,1229
721,1241
721,1257
721,1341
721,1422
721,1562
721,1700
721,2256
721,2340
721,2470
721,2758
721,2780
721,2909
721,3129
721,3335
721,3528
721,4101
721,4567
721,4915
722,816
722,874
722,972
722,1074
722,1127
722,1130
722,1197
722,1778
722,1923
722,2971
722,3102
722,3636
722,4000
722,4175
722,4712
723,1212
723,1298
723,1570
723,1988
723,2418
723,2554
723,2597
723,2653
723,2776
723,2806
723,2939
723,3107
723,3165
723,3639
723,3762
723,4207
723,4428
723,4542
724,1027
724,1084
724,1194
724,1414
724,1844
724,1943
724,2936
724,2970
724,3100
724,3308
724,3352
724,3707
724,3739
724,4183
724,4188
724,4430
724,4473
725,746
725,962
725,966
725,1420
725,1664
725,1665
725,1780
725,1851
725,1947
725,2504
725,2634
725,2746
725,2833
725,3345
725,4112
725,4373
725,4594
725,4706
726,940
726,1002
726,1794
726,1807
726,2250
726,3011
726,3973
726,4634
727,802
727,1379
727,1679
727,1942
727,3574
727,3718
727,4237
727,4703
727,4858
728,1018
728,1103
728,1189
728,1339
728,1400
728,1489
728,2122
728,2214
728,2223
728,2370
728,2447
728,3273
728,3419
728,3451
728,4834
729,848
729,1223
729,2714
729,3220
730,831
730,1474
730,1609
730,2111
730,2269
730,2634
730,3065
730,3170
730,3299
730,3516
730,4285
730,4777
731,825
731,903
731,1304
731,1449
731,1517
731,2296
731,2386
731,2667
731,3004
731,4188
731,4441
731,4713
732,1111
732,1208
732,1452
732,1602
732,1625
732,1693
732,1838
732,3434
732,3790
732,4145
732,4863
733,886
733,911
733,995
733,1241
733,1249
733,1320
733,1648
733,2233
733,2721
733,2919
733,3042
733,3048
733,3891
733,4451
733,4703
734,795
734,959
734,1286
734,1388
734,1491
734,1500
734,1511
734,1689
734,1946
734,2139
734,2331
734,2382
734,2513
734,2572
734,2855
734,2886
734,3115
734,3208
734,3331
734,3936
734,3956
734,4196
734,4683
734,4836
734,4958
735,818
735,1260
735,1679
735,1949
735,2155
735,2442
735,3203
735,3490
735,4383
735,4796
736,775
736,877
736,1123
736,1479
736,1643
736,1873
736,2104
736,2470
736,2744
736,3073
736,3074
736,3265
736,3391
736,4142
736,4242
736,4864
737,789
737,1132
737,1196
737,1667
737,1730
737,2065
737,2078
737,2112
737,2951
737,3218
737,3301
737,4070
737,4824
738,909
738,1161
738,1284
738,1409
738,1592
738,1976
738,2274
738,3281
738,3425
738,3627
738,4092
738,4415
739,1387
739,1758
739,1928
739,1986
739,2659
739,3431
739,3571
739,4346
739,4522
740,983
740,1153
740,1306
740,1378
740,1420
740,1522
740,1763
740,2017
740,2450
740,2636
740,2799
740,2938
740,3890
740,3960
740,4505
741,750
741,771
741,895
741,928
741,964
741,1195
741,1387
741,1523
741,1775
741,1799
741,1850
741,2111
741,2375
741,2381
741,2390
741,2557
741,2781
741,2917
741,2926
741,3090
741,3128
741,3458
741,3702
741,3795
741,3934
741,4230
741,4337
741,4483
741,4681
741,4839
742,873
742,1315
742,1560
742,2168
742,2584
742,3292
742,3346
742,4479
743,917
743,1410
743,2004
743,2632
743,2874
743,3694
743,4098
743,4882
744,810
744,889
744,913
744,1173
744,1269
744,1441
744,1698
744,1924
744,2018
744,2180
744,2359
744,2450
744,2640
744,3217
744,3396
744,3420
744,3893
744,3955
744,4991
745,757
745,1294
745,1526
745,1646
745,1982
745,2150
745,2277
745,2431
745,3645
745,4290
745,4574
746,773
746,1067
746,1821
746,1991
746,1993
746,3101
746,3825
746,3996
746,4061
747,1036
747,1047
747,1553
747,1615
747,2522
747,2922
747,3000
747,3035
747,3044
747,3180
747,3475
747,3658
747,3673
747,3782
747,4204
747,4207
747,4216
747,4293
747,4317
747,4447
747,4462
747,4668
747,4973
748,948
748,1178
748,2326
748,2720
748,3485
748,4175
749,877
749,1266
749,1512
749,1763
749,2093
749,2504
749,2716
749,3149
749,3436
749,3528
749,4386
749,4870
750,811
750,852
750,1407
750,1985
750,1990
750,1993
750,2117
750,2379
750,2464
750,2489
750,2575
750,2746
750,2830
750,2987
750,3236
750,3410
750,3478
750,4171
750,4253
750,4271
750,4684
750,4851
751,1419
751,1614
751,1683
751,1702
751,1735
751,1878
751,1880
751,2483
751,2588
751,2712
751,2934
751,3081
751,3227
751,3494
751,3554
751,3844
751,3907
751,3977
751,4072
752,1087
752,1513
752,1631
752,1737
752,2711
752,4339
753,787
753,1023
753,1264
753,1777
753,1913
753,2010
753,2092
753,3060
753,3143
753,3454
753,3637
753,3921
753,3948
753,4275
753,4407
753,4742
753,4819
754,947
754,1109
754,1406
754,1970
754,2178
754,2281
754,2338
754,2382
754,2583
754,3145
754,3488
754,3516
754,4007
754,4089
754,4363
754,4574
754,4892
755,1283
755,1565
755,1721
755,2110
755,2768
755,3354
755,3730
755,4212
755,4809
756,898
756,1003
756,1343
756,1384
756,1522
756,1672
756,1963
756,2030
756,2266
756,2654
756,2781
756,2864
756,3323
756,3552
756,3914
757,774
757,916
757,922
757,970
757,1017
757,1094
757,1223
757,1275
757,1328
757,1368
757,1452
757,1472
757,1505
757,1625
757,1738
757,2177
757,2206
757,2369
757,2496
757,2600
757,3342
757,3710
757,3727
757,4108
757,4279
757,4304
757,4335
757,4353
757,4462
757,4613
757,4688
758,1251
758,2375
758,2514
758,3075
758,3153
758,3568
758,3750
758,4810
758,4937
759,844
759,1256
759,1267
759,1314
759,1320
759,1326
759,1376
759,1938
759,2484
759,2761
759,3019
759,3199
759,3211
759,3569
759,3754
759,3784
759,4060
759,4903
760,1323
760,2868
760,3189
760,4561
761,1078
761,1306
761,1438
761,1454
761,1491
761,1544
761,1573
761,1604
761,1617
761,1782
761,2054
761,2369
761,2533
761,3182
761,3445
761,3457
761,3717
761,4010
761,4319
761,4445
761,4649
761,4673
761,4802
761,4872
762,785
762,1100
762,1162
762,1191
762,1287
762,1290
762,1436
762,1871
762,1987
762,3076
762,3494
762,3670
762,3728
762,4324
762,4434
763,1354
763,1533
763,1788
763,1839
763,2202
763,2692
763,2854
763,2878
763,3034
763,3070
763,3202
763,3531
763,3756
763,3827
763,4838
764,792
764,1069
764,1673
764,2218
764,2382
764,2916
764,4885
765,908
765,910
765,940
765,1190
765,1250
765,1858
765,1866
765,1877
765,1890
765,1971
765,2090
765,2397
765,2750
765,2766
765,2790
765,3224
765,3235
765,3488
765,3786
765,3925
765,4066
765,4532
765,4658
765,4777
765,4941
766,772
766,1242
766,1426
766,1436
766,1594
766,1608
766,2128
766,2258
766,2307
766,2410
766,3026
766,3058
766,3097
766,3269
766,3739
766,3812
766,3940
766,4031
766,4172
766,4581
767,1158
767,1271
767,2181
767,2211
767,3020
767,3862
767,4304
767,4461
768,1021
768,1072
768,1331
768,1707
768,2133
768,2136
768,2594
768,2905
768,3188
768,3497
768,3804
768,4141
768,4296
768,4605
768,4680
769,1125
769,1195
769,1223
769,1248
769,1315
769,1345
769,1446
769,1471
769,1570
769,1740
769,1780
769,1789
769,1843
769,2166
769,2320
769,2804
769,3086
769,3175
769,3186
769,3430
769,3498
769,3789
769,4291
769,4374
769,4393
769,4517
769,4533
769,4669
769,4752
769,4951
770,968
770,1019
770,1239
770,1253
770,2652
770,2987
771,810
771,1052
771,1080
771,1105
771,1145
771,1390
771,1514
771,1596
771,2005
771,2053
771,2639
771,2712
771,3397
771,3851
771,3925
771,4326
771,4343
771,4428
771,4860
772,857
772,858
772,903
772,965
772,1226
772,1388
772,1517
772,1842
772,1863
772,1997
772,2063
772,2137
772,2150
772,2358
772,2420
772,2652
772,2668
772,2850
772,3054
772,3302
772,3777
772,4550
772,4659
773,819
773,943
773,948
773,1024
773,2491
773,2736
773,3041
773,3312
773,3332
773,3553
773,3799
773,3873
773,4098
773,4170
773,4246
773,4440
773,4756
773,4776
774,776
774,851
774,957
774,1027
774,1082
774,1287
774,1366
774,1664
774,1978
774,2004
774,2642
774,2869
774,3168
774,3378
774,3728
774,4519
774,4645
775,796
775,1000
775,1318
775,1353
775,1404
775,1537
775,1717
775,2254
775,2516
775,2615
775,2723
775,2737
775,2748
775,3398
775,3626
775,4110
775,4327
776,1342
776,3018
776,3881
776,4606
777,847
777,893
777,894
777,934
777,1190
777,1301
777,1536
777,1739
777,1766
777,1881
777,2573
777,2789
777,2952
777,3024
777,3045
777,3282
777,3760
777,4233
777,4292
777,4796
778,794
778,829
778,1785
778,2478
778,2602
778,2857
778,3484
778,3536
778,3587
778,3705
778,3710
778,3788
778,3962
778,3990
778,4120
778,4582
778,4723
779,790
779,888
779,905
779,935
779,949
779,996
779,1076
779,1181
779,1264
779,1282
779,1338
779,1520
779,1538
779,1682
779,2045
779,2069
779,2833
779,2963
779,3012
779,3046
779,3414
779,3471
779,3564
779,3817
779,3820
779,3939
779,4179
779,4325
780,1354
780,1408
780,1437
780,1463
780,1555
780,1587
780,2262
780,2692
780,2849
780,3210
780,3357
780,3417
780,4105
780,4343
780,4830
780,4923
781,868
781,880
781,931
781,980
781,1134
781,1618
781,1619
781,1835
781,2179
781,2280
781,2335
781,2612
781,3130
781,3390
781,4069
781,4424
781,4590
781,4932
782,802
782,819
782,863
782,1241
782,1441
782,1560
782,1827
782,1893
782,2171
782,2195
782,3148
782,3358
782,3765
782,3917
782,4865
783,1132
783,2203
783,2433
783,2835
783,2986
783,3026
783,3168
783,3289
783,3511
783,3594
783,4178
783,4458
783,4620
784,865
784,1135
784,1165
784,1458
784,1590
784,1747
784,1806
784,1836
784,1905
784,2955
784,3084
784,3185
784,3356
784,3367
784,3486
784,3504
784,4175
784,4977
785,834
785,936
785,967
785,1023
785,1057
785,1175
785,1282
785,1340
785,1657
785,1729
785,1850
785,1855
785,1934
785,1950
785,1970
785,2047
785,2419
785,2547
785,2616
785,2950
785,3106
785,3162
785,3384
785,3495
785,3631
785,3887
785,3891
785,4130
785,4344
785,4405
785,4670
785,4763
785,4890
786,884
786,896
786,941
786,1047
786,1301
786,1324
786,1375
786,1490
786,1930
786,2199
786,2246
786,2298
786,2367
786,2481
786,2613
786,2957
786,3063
786,3510
786,3649
786,4187
786,4269
786,4804
786,4817
786,4904
786,4928
786,4976
787,996
787,1003
787,1051
787,1268
787,1576
787,1714
787,1880
787,2210
787,2339
787,2435
787,2719
787,2941
787,3136
787,3506
787,3666
787,4035
787,4136
787,4449
787,4515
787,4811
788,933
788,1026
788,1045
788,1090
788,1103
788,1151
788,1235
788,1384
788,1388
788,1500
788,1509
788,1697
788,1895
788,2010
788,2085
788,2149
788,2209
788,2399
788,2410
788,2451
788,3363
788,3876
788,4392
788,4559
789,806
789,927
789,1126
789,1239
789,1474
789,1875
789,1938
789,2081
789,2513
789,2789
789,2904
789,3573
789,3610
789,4186
789,4536
790,1285
790,1402
790,1885
790,2514
790,2675
790,3073
790,3986
790,4131
790,4360
790,4754
791,1129
791,1232
791,2228
791,2552
791,3124
791,3198
791,3769
791,4506
791,4557
792,850
792,873
792,875
792,1042
792,1435
792,1925
792,2639
792,3806
792,3962
792,4052
793,946
793,1094
793,1227
793,1641
793,1791
793,2086
793,2315
793,2796
793,2798
793,3260
793,3738
793,3855
793,4016
794,849
794,851
794,888
794,889
794,937
794,1096
794,1272
794,1369
794,1550
794,1781
794,1782
794,1813
794,2266
794,2299
794,2380
794,2430
794,2471
794,2674
794,2785
794,2985
794,2997
794,3000
794,3082
794,3117
794,3547
794,3605
794,3709
794,4525
794,4727
794,4865
794,4972
795,857
795,1076
795,1340
795,1478
795,1592
795,1648
795,1948
795,1987
795,2179
795,2275
795,2378
795,2689
795,2884
795,2900
795,2978
795,3033
795,3090
795,3408
795,3521
795,3574
795,3705
795,3818
795,4380
795,4547
795,4587
795,4945
795,4980
796,971
796,1022
796,1157
796,1215
796,1418
796,1754
796,3283
796,3427
796,4161
796,4943
797,979
797,1019
797,1464
797,1697
797,1854
797,2119
797,2142
797,2161
797,2305
797,2719
797,2877
797,3151
797,3309
797,3560
797,3673
797,3995
797,4008
797,4033
797,4516
797,4559
797,4703
797,4982
797,4988
798,918
798,1114
798,1246
798,1526
798,1678
798,2618
798,3014
798,3168
798,4731
798,4827
799,845
799,957
799,1047
799,1098
799,1116
799,1158
799,1172
799,1230
799,1356
799,1371
799,1879
799,2287
799,2482
799,2558
799,2644
799,2702
799,2802
799,2915
799,3237
799,3278
799,3588
799,3700
799,3831
799,4873
800,840
800,1055
800,1079
800,1106
800,1271
800,1554
800,1568
800,1812
800,2121
800,2578
800,2663
800,2884
800,3044
800,3419
800,3764
800,3853
800,3916
800,3960
800,3968
800,4249
800,4364
801,839
801,842
801,978
801,1147
801,1462
801,1501
801,1591
801,1834
801,2072
801,2265
801,2402
801,2822
801,2937
801,2940
801,2985
801,3382
801,3573
801,4019
801,4070
801,4366
801,4616
801,4660
802,827
802,1139
802,1578
802,1782
802,1988
802,2101
802,3054
802,3851
802,4592
803,1402
803,1739
803,4315
803,4975
804,876
804,950
804,951
804,1048
804,1198
804,1278
804,2107
804,2568
804,2725
804,3091
804,3336
804,3704
804,3995
804,4016
804,4041
804,4118
804,4582
804,4817
805,810
805,962
805,1084
805,1166
805,1222
805,1293
805,1450
805,1772
805,1809
805,2278
805,2307
805,2521
805,2535
805,3482
805,4079
805,4895
806,989
806,1012
806,1035
806,1409
806,1820
806,1891
806,2114
806,2297
806,2316
806,2722
806,4832
807,1479
807,1781
807,1830
807,1902
807,2120
807,2135
807,2826
807,2968
807,2992
807,2998
807,3113
807,4933
808,836
808,861
808,887
808,1057
808,1117
808,1269
808,1456
808,1594
808,1672
808,1903
808,1933
808,2184
808,2263
808,3047
808,3822
808,3846
808,4303
809,832
809,862
809,929
809,1738
809,1759
809,1920
809,1925
809,1941
809,2526
809,2898
809,2954
809,3139
809,3605
809,3801
809,3980
809,4008
810,856
810,898
810,940
810,1033
810,1433
810,1816
810,2006
810,2673
810,2770
810,3403
810,3432
810,3876
810,3885
810,4013
810,4178
811,920
811,1009
811,1208
811,1948
811,2548
811,2698
811,2734
811,2813
811,3384
811,3509
811,4104
811,4188
811,4532
812,832
812,1367
812,1375
812,1463
812,1786
812,1950
812,2057
812,2244
812,2324
812,2410
812,3016
812,3071
812,3195
812,3317
812,3338
812,4381
813,1828
813,1883
813,2344
813,3323
813,3403
813,3762
813,4165
814,835
814,864
814,3035
814,3373
814,3476
814,3945
814,4075
814,4218
814,4817
815,912
815,1025
815,1355
815,1658
815,2450
815,2783
815,2896
815,3188
815,3238
815,3379
815,3705
815,3782
815,4489
815,4711
815,4723
816,845
816,1158
816,1191
816,1389
816,1838
816,1950
816,2036
816,2340
816,2362
816,2404
816,2466
816,2500
816,2615
816,2667
816,2702
816,3014
816,3269
816,3681
816,4093
816,4512
816,4516
816,4530
817,1068
817,1426
817,1974
817,1983
817,2587
817,2995
817,2997
817,3508
817,3749
817,3981
817,4116
817,4180
817,4194
817,4519
818,820
818,915
818,928
818,946
818,1001
818,1079
818,1446
818,1461
818,2516
818,2569
818,2826
818,3487
818,4560
818,4690
818,4869
819,867
819,1750
819,1879
819,2349
819,3024
819,3287
819,4572
819,4684
819,4714
819,4940
820,966
820,1245
820,1277
820,2399
820,2664
820,2700
820,3080
820,3170
820,3447
820,4261
821,935
821,1078
821,1105
821,1519
821,2264
821,3228
821,3598
821,4044
821,4255
821,4531
821,4699
821,4802
822,947
822,990
822,996
822,999
822,1030
822,1176
822,1508
822,1529
822,1692
822,1733
822,2014
822,2387
822,2437
822,2465
822,2466
822,2620
822,2720
822,2791
822,3081
822,3713
822,3764
822,4077
822,4103
822,4686
822,4856
823,840
823,947
823,959
823,1078
823,1091
823,1756
823,2304
823,2610
823,2661
823,2685
823,2830
823,2907
823,3145
823,3166
823,4015
823,4108
824,1075
824,1273
824,2185
824,3099
824,3550
824,3969
824,4025
824,4935
824,4946
825,891
825,923
825,1088
825,1328
825,1482
825,1733
825,1800
825,2131
825,2459
825,2502
825,2642
825,2703
825,2927
825,4049
825,4842
825,4922
826,839
826,1049
826,1496
826,1685
826,1915
826,1927
826,1929
826,2465
826,3160
826,3293
826,3424
826,3571
826,3623
826,3815
826,3937
826,4368
826,4455
826,4865
826,4971
827,830
827,1092
827,1109
827,1110
827,1364
827,1373
827,1432
827,1485
827,1494
827,1551
827,1607
827,1611
827,2039
827,2041
827,3331
827,3339
827,3354
827,3430
827,3601
827,3749
827,3800
827,3868
827,4004
827,4467
827,4510
827,4539
827,4555
827,4587
827,4615
827,4639
827,4756
828,1277
828,1796
828,2398
828,2546
828,3086
828,3411
828,3433
828,3609
828,4970
829,874
829,1139
829,1330
829,1537
829,1674
829,1839
829,1852
829,2208
829,2298
829,2346
829,2527
829,2591
829,2672
829,2975
829,3035
829,3321
829,3404
829,3965
829,4378
829,4692
830,1333
830,1886
830,2060
830,2700
831,1109
831,1115
831,1135
831,1182
831,1253
831,1312
831,1390
831,1851
831,2175
831,2328
831,2413
831,2810
831,2818
831,3220
831,3259
831,3429
831,3486
831,3539
831,3564
831,3655
831,3824
831,4120
831,4161
831,4241
831,4602
831,4968
832,1018
832,1317
832,1329
832,1417
832,1808
832,2232
832,2673
832,2729
832,2888
832,3187
832,3232
832,3648
832,4512
832,4751
832,4962
833,867
833,1044
833,1239
833,1385
833,1496
833,1522
833,1598
833,1605
833,1614
833,2145
833,2320
833,2961
833,4313
833,4553
833,4978
834,988
834,1057
834,1129
834,1242
834,1436
834,1479
834,1546
834,1621
834,1863
834,1931
834,1998
834,2116
834,2406
834,2689
834,3028
834,3039
834,3105
834,3401
834,3923
834,4075
834,4246
834,4681
835,1040
835,1201
835,2041
835,2842
835,3714
835,3970
835,4455
835,4704
835,4739
836,1099
836,1102
836,1539
836,2013
836,2116
836,2199
836,2911
836,2959
836,3361
836,3479
836,3799
836,4009
836,4226
836,4350
836,4474
836,4656
837,1113
837,1175
837,1268
837,1989
837,2946
837,3298
837,3918
837,4248
837,4835
838,1014
838,1310
838,1332
838,1577
838,1754
838,1899
838,2072
838,2139
838,2178
838,2390
838,2576
838,2626
838,2715
838,2783
838,3219
838,3374
838,3657
838,3715
838,4214
839,865
839,879
839,923
839,952
839,979
839,1275
839,1516
839,1584
839,1653
839,1819
839,2030
839,2068
839,2355
839,2597
839,3191
839,3329
839,3355
839,3541
839,3672
839,3760
839,4336
839,4672
839,4698
840,846
840,999
840,1040
840,1093
840,1109
840,1303
840,1349
840,1350
840,1351
840,1429
840,1519
840,1565
840,1703
840,1807
840,2460
840,2493
840,2970
840,3297
840,3800
840,4410
841,1029
841,1089
841,1281
841,1296
841,1531
841,1689
841,2016
841,2117
841,4267
841,4397
842,1049
842,2173
842,2471
842,2483
842,2589
842,2992
842,3040
843,855
843,1002
843,1560
843,1604
843,1937
843,1974
843,1980
843,2194
843,3204
843,3470
843,3683
843,3858
843,4082
843,4245
843,4415
843,4650
843,4664
843,4972
844,906
844,929
844,930
844,968
844,987
844,996
844,1050
844,1067
844,1145
844,1147
844,1432
844,1457
844,1503
844,1601
844,1672
844,1683
844,2047
844,2068
844,2116
844,2123
844,2347
844,2381
844,2603
844,2710
844,2837
844,2858
844,3002
844,3027
844,3404
844,3547
844,3590
844,3671
844,4642
844,4839
844,4843
844,4883
845,868
845,958
845,1112
845,1139
845,1173
845,1307
845,1486
845,1664
845,1692
845,1795
845,1832
845,2116
845,2704
845,3457
845,3746
845,4264
845,4563
845,4646
845,4998
846,1142
846,1558
846,1701
846,1968
846,2144
846,2589
846,2646
846,4013
846,4843
847,1074
847,1330
847,1373
847,1495
847,1623
847,1686
847,1780
847,1798
847,2287
847,2295
847,2399
847,2546
847,2612
847,2617
847,2619
847,2703
847,3263
847,3868
847,4037
847,4390
847,4523
847,4977
848,986
848,1086
848,1235
848,1399
848,1444
848,1799
848,1807
848,1831
848,1833
848,2160
848,2249
848,2446
848,2503
848,2635
848,3694
848,3873
848,3887
848,4354
848,4420
848,4575
849,1659
849,1910
849,2214
849,4749
849,4785
850,1068
850,1135
850,1225
850,1438
850,1506
850,1890
850,2905
850,2950
850,3251
850,3644
850,3658
850,3693
850,4504
850,4609
850,4988
851,905
851,979
851,1083
851,1277
851,1427
851,2042
851,2231
851,2706
851,3124
851,3219
851,3368
851,3611
851,3662
851,3977
851,4262
852,1057
852,1366
852,1376
852,1395
852,1407
852,1439
852,1603
852,1663
852,1970
852,2029
852,2342
852,2391
852,2429
852,2463
852,2476
852,2858
852,2871
852,2943
852,3055
852,3076
852,3406
852,3452
852,3666
852,3812
852,4387
852,4537
853,889
853,1084
853,1202
853,1544
853,1728
853,2148
853,2448
853,2718
853,2786
853,2821
853,3576
853,3854
853,3978
853,4088
853,4141
853,4171
853,4634
854,1303
854,1312
854,1397
854,1790
854,2070
854,2093
854,2185
854,2204
854,2725
854,2757
854,4539
854,4704
854,4783
855,926
855,1023
855,1286
855,1589
855,1681
855,1906
855,2327
855,2437
855,3168
855,4110
855,4184
855,4677
856,1298
856,1520
856,1557
856,1725
856,1788
856,1844
856,1884
856,1966
856,2061
856,2070
856,2354
856,2428
856,2511
856,2746
856,2942
856,3368
856,3383
856,3954
856,4698
857,1116
857,1306
857,1948
857,2578
857,3043
857,3496
857,3532
857,3779
857,4437
857,4813
858,1116
858,1562
858,1762
858,1779
858,2085
858,2145
858,2197
858,2400
858,2415
858,2533
858,2554
858,2869
858,2957
858,3360
858,3369
858,3476
858,4048
858,4403
858,4417
859,1018
859,1785
859,2487
859,2587
859,2852
859,2933
859,4285
860,863
860,1247
860,1268
860,1443
860,1856
860,2031
860,2076
860,2133
860,2198
860,3029
860,3322
860,3753
860,3869
860,4192
860,4584
861,868
861,870
861,890
861,1159
861,1292
861,1356
861,1417
861,1608
861,2114
861,3250
861,3602
862,904
862,965
862,991
862,1074
862,1315
862,1619
862,1640
862,1656
862,1788
862,1962
862,1967
862,2532
862,3659
862,4047
862,4191
862,4345
862,4398
862,4402
862,4945
863,1115
863,1394
863,1452
863,1721
863,1798
863,1895
863,1976
863,2064
863,2174
863,2713
863,2779
863,3111
863,3308
863,3946
863,4100
863,4107
863,4175
863,4473
863,4513
863,4636
863,4670
864,1019
864,1452
864,1733
864,2398
864,3110
865,1059
865,1119
865,1162
865,2115
865,2204
865,2368
865,2511
865,3033
865,3302
865,3329
865,3337
865,3567
865,4059
865,4503
865,4657
866,1020
866,1078
866,1287
866,1560
866,2251
866,2370
866,3316
866,3485
866,3562
866,3727
866,4265
866,4337
866,4709
867,883
867,920
867,1331
867,1516
867,1595
867,1696
867,1947
867,2047
867,2157
867,2288
867,2327
867,2846
867,3182
867,3299
867,4164
867,4614
867,4618
867,4746
868,944
868,1063
868,1164
868,1469
868,1636
868,1651
868,2020
868,2085
868,2350
868,2579
868,2738
868,2770
868,3324
868,3394
868,3779
868,3947
868,3982
868,4573
869,1050
869,3015
869,3723
870,1381
870,1488
870,1523
870,1563
870,1862
870,1901
870,2074
870,2192
870,2444
870,3298
870,3330
870,3571
870,3573
870,3905
870,3983
870,4081
870,4231
870,4483
870,4938
871,1179
871,1330
871,1708
871,1709
871,1810
871,1871
871,2169
871,2360
871,2673
871,2998
871,3807
871,4248
871,4824
871,4854
871,4947
872,1402
872,1430
872,1876
872,2171
872,3047
872,3093
872,3572
872,4169
873,1015
873,1039
873,1299
873,1437
873,1485
873,1620
873,2027
873,2055
873,2305
873,2627
873,4454
874,1280
874,1537
874,1586
874,1831
874,1970
874,2061
874,2353
874,2577
874,2604
874,2652
874,2671
874,3145
874,3155
874,4464
874,4908
875,1169
875,1373
875,1496
875,1617
875,1652
875,1944
875,2861
875,3061
875,3089
875,3152
875,3283
875,4119
875,4319
875,4325
875,4451
875,4480
875,4772
875,4797
876,1252
876,1639
876,1712
876,1937
876,2210
876,2216
876,2304
876,2579
876,3055
876,3419
876,3750
876,3863
876,4419
876,4558
876,4627
877,978
877,1053
877,1136
877,1246
877,1257
877,1326
877,1341
877,1353
877,2348
877,2764
877,3062
877,3089
877,3544
877,3751
877,3786
877,4352
877,4385
877,4742
877,4794
878,984
878,2631
878,2742
878,2940
878,3932
879,949
879,987
879,988
879,1099
879,1281
879,1283
879,1303
879,1497
879,1582
879,1612
879,1681
879,1695
879,1935
879,2396
879,2460
879,2817
879,3664
879,3680
879,3722
879,3810
879,4071
879,4221
879,4854
880,2618
880,2791
880,2869
880,3074
880,3186
880,3238
880,3345
880,3674
880,4926
881,895
881,1020
881,1147
881,1465
881,1474
881,1686
881,1745
881,2101
881,2196
881,2228
881,2554
881,2905
881,3901
881,4262
882,1121
882,1144
882,1612
882,1687
882,2312
882,2364
882,2850
882,3551
882,3624
883,953
883,1656
883,2394
883,2627
883,2638
883,2884
883,2943
883,3137
883,3639
883,3695
883,3763
884,1205
884,1243
884,1246
884,2235
884,4426
884,4928
885,2041
885,2438
885,2461
885,3022
885,3268
885,3363
885,3930
885,4192
885,4230
885,4916
886,959
886,973
886,990
886,1016
886,1178
886,1206
886,1324
886,1571
886,1633
886,1806
886,1829
886,2063
886,2877
886,3108
886,3172
886,3176
886,3194
886,4045
886,4756
886,4758
886,4785
887,1145
887,1234
887,1247
887,1377
887,1545
887,1678
887,1700
887,2050
887,2187
887,2294
887,2585
887,2648
887,2682
887,2732
887,3391
887,3972
887,4506
887,4616
888,983
888,1456
888,1566
888,2574
888,2934
888,3625
888,4707
888,4718
889,917
889,1504
889,1749
889,2146
889,3538
889,3629
889,3828
889,3953
889,4876
890,991
890,1768
890,1943
890,1979
890,2521
890,2637
890,2688
890,3894
890,4796
890,4927
891,1086
891,1171
891,1288
891,2014
891,2132
891,2469
891,2646
891,3491
891,3597
891,4071
892,895
892,1015
892,1157
892,1249
892,1551
892,1569
892,1597
892,2046
892,2305
892,2573
892,3015
892,3359
892,4175
893,1000
893,1129
893,1195
893,1379
893,1410
893,1494
893,1595
893,1752
893,1764
893,1910
893,1945
893,2116
893,2647
893,3092
893,3187
893,3766
893,4104
893,4166
893,4212
893,4441
893,4804
894,1254
894,1523
894,4360
894,4699
895,1019
895,1034
895,1253
895,1300
895,1336
895,1606
895,1674
895,1748
895,1890
895,2965
895,3602
895,3675
895,3987
895,4093
896,929
896,1090
896,1121
896,1408
896,1652
896,1812
896,2533
896,2827
896,2939
896,3320
896,3379
896,3844
896,3948
896,4110
896,4159
896,4192
896,4585
896,4718
897,901
897,1225
897,1576
897,1604
897,1639
897,1659
897,1782
897,2164
897,2223
897,2224
897,2323
897,2770
897,2965
897,3098
897,3385
897,3937
897,4271
897,4622
897,4811
898,1373
898,1403
898,1460
898,2053
898,2102
898,2132
898,2411
898,2929
898,3256
898,3659
898,4246
898,4804
899,911
899,1016
899,1336
899,1484
899,1521
899,1762
899,2018
899,2758
899,3001
899,3540
899,4501
899,4722
900,1155
900,2278
900,2946
900,3111
900,3507
900,3863
900,4588
901,963
901,1052
901,1118
901,1334
901,2033
901,2115
901,2219
901,2311
901,2605
901,2614
901,2684
901,2838
901,2847
901,2896
901,2952
901,3000
901,3572
901,3797
901,4147
901,4637
901,4801
901,4866
901,4990
902,1017
902,1089
902,1307
902,1663
902,1710
902,1713
902,2686
902,2891
902,3020
902,3667
902,3731
902,3745
902,4015
902,4350
902,4841
902,4852
903,1378
903,1401
903,1715
903,2651
903,2845
903,4942
904,1136
904,1471
904,1950
904,2080
904,2090
904,2204
904,3006
904,3089
904,3293
904,3427
904,3512
904,3689
904,4567
904,4663
905,1218
905,1229
905,1304
905,1540
905,3204
906,1021
906,1064
906,1829
906,1889
906,2149
906,2437
906,2501
906,2951
906,3039
906,3069
906,3078
906,3143
906,3156
906,3766
906,4652
907,1253
907,1542
907,2361
907,2504
907,2684
907,2838
907,3379
907,3488
907,3561
907,4010
907,4497
907,4755
908,1135
908,1259
908,1472
908,1530
908,1858
908,1937
908,2019
908,2258
908,2638
908,2873
908,2949
908,3054
908,3119
908,3472
908,4180
908,4467
909,991
909,1063
909,1075
909,1115
909,1258
909,2140
909,2406
909,2647
909,3480
909,3743
909,4084
909,4726
910,998
910,1400
910,1502
910,1518
910,1537
910,2091
910,2096
910,2115
910,2238
910,2307
910,2381
910,2532
910,2708
910,3712
910,3844
911,1647
911,1658
911,2297
911,3134
911,3257
911,3281
912,1240
912,1261
912,1448
912,4544
912,4916
913,1407
913,2245
913,2802
913,2930
913,3003
913,3017
913,3656
913,4118
913,4717
913,4782
913,4950
914,1009
914,1449
914,1826
914,1842
914,1938
914,1984
914,2017
914,2489
914,2876
914,3002
914,3059
914,3867
914,4560
915,1017
915,1098
915,1468
915,2040
915,2165
915,2484
915,2862
915,3024
915,3685
915,3905
915,3962
915,4268
915,4695
916,1400
916,1842
916,2008
916,2142
916,2344
916,2512
916,2591
916,2727
916,2784
916,2968
916,3084
916,3366
917,919
917,1802
917,3217
917,3471
917,4098
917,4814
918,1374
918,2058
918,3228
918,3568
918,3608
918,3648
918,3934
918,4187
918,4752
919,1092
919,1165
919,1442
919,1737
919,1850
919,2310
919,2799
919,2918
919,3981
919,4203
919,4274
920,1195
920,1278
920,1403
920,1501
920,2483
920,2665
920,2713
920,2822
920,3009
920,3330
920,3429
920,3473
920,3607
920,3749
920,3847
921,1004
921,1122
921,1180
921,1276
921,1532
921,2135
921,2201
921,2318
921,2536
921,4099
921,4159
921,4734
921,4849
921,4850
922,934
922,1305
922,4611
922,4989
923,949
923,1225
923,1925
923,2206
923,2777
923,3422
923,3443
923,3455
923,3724
923,3824
923,4401
923,4404
923,4942
924,1034
924,1091
924,1564
924,1787
924,1885
924,1963
924,2270
924,2309
924,2366
924,2381
924,2401
924,2409
924,2426
924,2714
924,3555
924,3688
924,3777
924,4115
925,1010
925,1444
925,1552
925,1592
925,1709
925,2305
925,2796
925,2839
925,3223
925,3282
925,4793
926,1228
926,1769
926,1941
926,2334
926,2600
926,2694
926,2872
926,2895
926,3214
927,1305
927,1417
927,1686
927,1705
927,1882
927,2037
927,2192
927,3487
927,3746
927,3906
927,3916
927,3998
927,4611
927,4871
928,1009
928,1089
928,1902
928,2555
928,2660
928,3043
928,3513
928,3911
928,3936
928,4392
928,4578
929,1119
929,1695
929,2745
929,2869
929,3718
929,4182
929,4285
930,1172
930,1186
930,1217
930,1238
930,1507
930,1544
930,1580
930,1758
930,2266
930,2319
930,2355
930,2551
930,2655
930,2696
930,2760
930,2861
930,2943
930,3122
930,3337
930,3369
930,3581
930,3695
930,3840
930,3963
930,4310
930,4425
930,4509
931,1059
931,1312
931,2421
931,2434
931,3006
931,3190
931,3208
931,3509
931,3556
931,4005
931,4168
931,4251
931,4294
931,4366
932,1005
932,1157
932,1521
932,1879
932,2035
932,2098
932,2213
932,2381
932,4022
933,1321
933,1861
933,2001
933,2093
933,2109
933,2996
933,3653
933,4032
933,4251
934,954
934,1364
934,1389
934,1435
934,1853
934,1854
934,1979
934,2262
934,3763
934,3932
934,4986
935,945
935,2159
935,2241
935,2405
935,2536
935,2846
935,3215
935,3381
935,4396
936,1094
936,1197
936,1391
936,1696
936,1989
936,2751
936,3654
936,4188
936,4272
936,4373
936,4377
936,4822
936,4835
937,1165
937,1169
937,1571
937,2386
937,2446
937,2459
937,2596
937,2703
937,2865
937,4646
937,4671
938,950
938,1003
938,1137
938,1144
938,1174
938,1533
938,2383
938,2436
938,2585
938,2649
938,2760
938,2831
938,3467
938,3519
938,3616
938,3626
938,3852
938,3853
938,4034
938,4091
938,4102
938,4417
938,4673
938,4856
938,4879
938,4938
939,1079
939,1179
939,2277
939,2479
939,3079
939,3872
939,3874
939,3990
939,4008
940,1073
940,1678
940,2087
940,3007
940,3238
940,3421
940,3989
940,4055
940,4147
940,4187
940,4538
940,4639
941,2006
941,2103
941,2270
941,2324
941,2428
941,2486
941,2646
941,2743
941,3143
942,1142
942,1337
942,3955
942,4167
942,4253
943,1517
943,3448
943,3527
943,4942
943,4994
944,1033
944,1317
944,1580
944,1712
944,1893
944,2300
944,2319
944,3416
944,3562
944,3973
944,4245
944,4386
945,1012
945,1780
945,1786
945,2042
945,2418
945,2529
945,2671
945,3640
945,3833
945,3883
945,4054
945,4154
945,4557
946,989
946,1124
946,1300
946,1576
946,1717
946,2448
946,2852
946,3275
946,3418
946,3800
946,4089
946,4473
946,4966
947,999
947,1038
947,1113
947,1118
947,1137
947,1420
947,1682
947,1890
947,1923
947,1988
947,2086
947,2231
947,2284
947,2431
947,2676
947,3008
947,3561
947,3668
947,3943
947,3968
947,4295
947,4401
947,4596
947,4671
948,1216
948,2712
948,2874
948,2941
948,3170
948,3863
948,4239
948,4878
949,1577
949,1644
949,1661
949,1689
949,1819
949,1822
949,2422
949,2481
949,3130
949,3880
949,4134
949,4504
950,983
950,1702
950,2191
950,2689
950,3054
950,3055
950,3695
950,3810
950,3991
950,4369
950,4743
951,983
951,1172
951,1197
951,1550
951,2655
951,3360
951,4730
952,1052
952,1150
952,1307
952,1360
952,1396
952,1641
952,1729
952,2117
952,2263
952,3236
952,3339
952,3650
952,3994
952,4297
952,4454
953,1012
953,1474
953,1759
953,1822
953,2015
953,2068
953,2183
953,2234
953,2913
953,2985
953,3883
953,4160
953,4728
954,1164
954,1247
954,1576
954,1622
954,1742
954,1803
954,1887
954,2003
954,2456
954,2590
954,3771
954,3820
954,4220
954,4847
955,969
955,1174
955,1182
955,1265
955,1686
955,1713
955,1813
955,2838
955,4876
955,4915
956,1059
956,1082
956,1718
956,2051
956,2139
956,2598
956,2920
956,3976
956,4184
956,4307
957,992
957,1791
957,2081
957,2145
957,2423
957,2611
957,2785
957,2808
957,2867
957,3323
957,3401
957,3898
957,3903
957,4603
957,4629
957,4788
957,4912
958,1014
958,1177
958,1204
958,1300
958,2161
958,2187
958,2267
958,2648
958,2702
958,2783
958,3592
958,3595
958,3638
958,4178
958,4784
958,4979
959,1089
959,1292
959,1368
959,1573
959,1596
959,2522
959,2748
959,2790
959,3534
959,3598
959,3637
959,3730
959,4653
959,4672
960,1008
960,1035
960,1196
960,1253
960,1286
960,1345
960,1598
960,2055
960,2363
960,2643
960,2783
960,2804
960,2883
960,3190
960,3665
960,4133
960,4495
960,4699
960,4944
961,1279
961,1393
961,1464
961,1850
961,1898
961,2312
961,2336
961,2680
961,3022
961,3153
961,3204
962,991
962,1406
962,2380
962,2806
962,3371
962,3559
962,3827
962,3985
962,4110
962,4233
962,4845
963,1043
963,1057
963,1212
963,1238
963,1305
963,1534
963,2091
963,2885
963,2939
963,3085
963,3251
963,3417
963,3524
963,3801
963,4566
963,4767
963,4840
964,1052
964,1291
964,1555
964,1627
964,1747
964,1845
964,2136
964,2172
964,2675
964,2724
964,2727
964,3369
964,3988
964,3996
964,4028
965,1389
965,2095
965,3005
965,3150
965,3223
965,4066
965,4126
966,1240
966,1265
966,1366
966,1451
966,1518
966,1923
966,2166
966,2332
966,2578
966,2733
966,2835
966,2875
966,2889
966,3048
966,3177
966,3303
966,3347
966,3466
966,3472
966,3825
966,3840
966,4425
966,4641
966,4788
966,4874
967,1813
967,2108
967,2436
967,2848
967,3147
967,3403
967,4338
967,4406
967,4498
968,1171
968,1530
968,2182
968,2365
968,2757
968,2991
968,3284
968,3549
968,3866
969,976
969,1665
969,1955
969,2520
969,3264
969,3587
969,3669
969,3704
969,3727
969,3941
969,4395
969,4678
970,1009
970,1536
970,2038
970,2646
970,2665
970,2679
970,3241
970,3883
970,4096
970,4138
971,1600
971,1727
971,2151
971,2346
971,2833
971,3469
972,1028
972,1270
972,2472
972,3662
973,1056
973,1175
973,1203
973,1210
973,1285
973,1317
973,1412
973,1460
973,2006
973,2493
973,4086
973,4106
973,4315
973,4366
973,4400
973,4622
973,4823
974,1178
974,1284
974,1387
974,1838
974,1977
974,2509
974,2731
974,2952
974,3413
974,3469
974,3804
974,4509
974,4757
974,4789
975,1100
975,1220
975,1382
975,2019
975,2156
975,2507
975,2839
975,3222
975,3638
975,4183
975,4205
975,4228
975,4357
975,4968
976,1043
976,1806
976,1936
976,2748
976,3135
976,4362
976,4880
977,1087
977,1254
977,1329
977,1432
977,1523
977,1954
977,2100
977,2385
977,2445
977,2560
977,2755
977,2866
977,3107
977,3244
977,3663
977,4349
977,4538
977,4739
978,1030
978,2324
978,2374
978,2453
978,2631
978,2637
978,2852
978,3066
978,3191
978,3210
978,3296
978,4223
978,4906
979,1223
979,1279
979,1348
979,1904
979,2022
979,2230
979,2400
979,2576
979,2684
979,3083
979,3307
979,4040
979,4315
979,4722
979,4949
980,1528
980,1628
980,1912
980,1993
980,2042
980,2503
980,3064
980,3139
980,3318
980,4586
980,4657
981,1163
981,1178
981,1612
981,3122
981,4214
981,4293
981,4363
981,4557
981,4907
982,1107
982,1838
982,2111
982,2127
982,2814
982,2933
982,3816
982,3944
982,4351
982,4701
983,1003
983,1305
983,2063
983,3232
983,3371
983,4158
984,1251
984,1460
984,1507
984,1559
984,1605
984,1650
984,1728
984,2054
984,2153
984,2564
984,2693
984,2710
984,2950
984,3170
984,3340
984,3430
984,3436
984,4083
984,4089
984,4376
984,4598
984,4649
984,4664
984,4683
984,4974
985,1050
985,1605
985,1951
985,2062
985,2961
985,3142
985,3331
985,3970
985,4451
986,1558
986,1687
986,1803
986,2842
986,2903
986,3299
986,3434
986,3467
986,3570
986,3984
986,4083
986,4237
986,4319
987,2641
987,3504
987,3648
987,3884
987,4045
987,4859
987,4997
988,1358
988,1747
988,1906
988,1926
988,2221
988,2522
988,2892
988,3145
988,3474
988,4489
988,4569
988,4959
989,4932
989,4989
990,1037
990,1096
990,1201
990,1216
990,2041
990,2093
990,2288
990,3144
990,3412
990,3762
990,3786
990,3926
990,4452
990,4474
991,1085
991,1160
991,1255
991,1962
991,2066
991,3496
991,3770
991,4429
991,4828
992,1014
992,1284
992,1299
992,1381
992,1391
992,1796
992,2071
992,3110
992,3286
992,4549
992,4635
993,1744
993,1777
993,1936
993,1995
993,2522
993,3176
994,1021
994,1348
994,2651
994,3810
994,4398
994,4544
995,1567
995,1932
995,2145
995,2360
995,2486
995,3302
995,3311
995,3547
995,3792
995,4054
995,4389
995,4488
995,4873
996,1093
996,1732
996,2048
996,2561
996,2693
996,2707
996,3162
996,3633
996,3638
996,4068
996,4308
996,4812
996,4955
997,1004
997,1673
997,1734
997,1758
997,2278
997,2570
997,2967
997,3231
997,3356
997,4760
998,1224
998,1457
998,1644
998,2026
998,2869
998,3350
998,3379
998,4243
999,1230
999,1575
999,1584
999,1672
999,1681
999,1751
999,1968
999,2443
999,2775
999,2965
999,3062
999,3397
999,3897
999,4201
999,4229
999,4759
1000,1096
1000,1152
1000,1282
1000,1289
1000,1653
1000,1942
1000,1952
1000,1996
1000,2033
1000,2083
1000,2178
1000,2202
1000,2324
1000,2332
1000,2950
1000,2963
1000,3320
1000,3328
1000,3777
1000,3846
1000,4056
1001,1375
1001,1564
1001,1622
1001,2556
1001,2640
1001,2641
1001,2980
1001,3767
1001,4182
1001,4711
1002,1005
1002,1380
1002,1479
1002,1829
1002,2007
1002,2043
1002,2796
1002,3162
1002,3221
1002,3723
1002,4050
1002,4544
1002,4592
1002,4673
1002,4708
1003,1082
1003,1176
1003,1225
1003,1456
1003,1542
1003,2009
1003,2154
1003,2830
1003,3251
1003,3356
1003,3462
1003,3952
1003,3984
1003,4095
1004,1112
1004,1139
1004,1410
1004,1498
1004,1636
1004,1683
1004,1978
1004,1994
1004,2750
1004,4029
1004,4114
1004,4184
1004,4355
1005,1437
1005,1754
1005,2059
1005,2531
1005,2886
1005,3227
1005,3759
1005,3861
1005,4770
1006,1235
1006,1256
1006,1304
1006,1395
1006,1396
1006,1405
1006,1439
1006,1694
1006,1843
1006,1907
1006,1992
1006,2047
1006,2160
1006,2277
1006,3016
1006,3443
1006,3877
1006,4177
1006,4992
1007,1700
1007,1791
1007,2221
1007,2341
1007,2491
1007,3689
1007,3731
1007,4309
1007,4386
1007,4646
1008,1020
1008,1029
1008,1040
1008,1157
1008,1262
1008,1278
1008,1378
1008,1624
1008,1708
1008,2176
1008,2418
1008,2490
1008,2849
1008,2901
1008,3028
1008,3132
1008,3520
1008,3593
1008,3612
1008,4148
1008,4602
1008,4680
1009,1477
1009,2243
1009,2976
1009,3161
1009,3512
1009,3674
1009,4500
1010,1084
1010,1236
1010,1363
1010,1421
1010,1740
1010,1941
1010,2129
1010,2477
1010,2605
1010,3030
1010,3451
1010,3535
1010,3780
1010,3799
1010,3951
1010,3976
1010,4258
1010,4469
1010,4548
1011,1021
1011,1333
1011,1741
1011,2107
1011,2114
1011,2284
1011,2342
1011,2618
1011,3979
1011,4069
1012,1025
1012,1028
1012,1200
1012,1704
1012,2409
1012,3031
1012,3053
1013,1376
1013,1761
1013,1822
1013,1890
1013,2205
1013,2244
1013,2319
1013,3514
1013,3563
1013,3639
1013,4075
1013,4334
1013,4987
1014,1131
1014,1378
1014,1917
1015,1237
1015,1403
1015,1465
1015,1478
1015,1670
1015,1769
1015,2400
1015,2479
1015,2508
1015,2569
1015,2821
1015,2886
1015,3072
1015,3545
1015,4979
1016,1029
1016,1071
1016,1116
1016,1185
1016,1224
1016,1265
1016,1583
1016,1893
1016,1905
1016,2018
1016,2292
1016,2471
1016,2768
1016,2857
1016,3070
1016,3108
1016,3302
1016,3476
1017,1142
1017,1326
1017,1924
1017,3400
1017,3692
1017,3732
1017,4003
1017,4157
1017,4504
1017,4945
1018,1133
1018,1172
1018,1274
1018,1289
1018,1648
1018,1706
1018,1843
1018,2280
1018,3109
1018,3200
1018,3493
1018,3851
1018,4007
1018,4383
1018,4717
1019,1094
1019,1129
1019,1222
1019,1441
1019,1894
1019,2292
1019,2502
1019,2727
1019,2978
1019,3425
1019,3616
1019,4171
1019,4505
1019,4545
1020,1266
1020,1313
1020,1458
1020,1619
1020,2000
1020,3343
1020,3633
1020,4748
1020,4810
1021,1095
1021,1567
1021,1589
1021,1725
1021,2006
1021,2269
1021,2425
1021,2648
1021,3273
1021,3281
1021,3455
1021,3567
1021,3626
1021,3774
1021,3820
1021,4079
1021,4189
1021,4547
1021,4601
1021,4940
1022,1038
1022,2268
1022,2436
1022,3723
1022,3754
1022,3807
1022,4048
1023,1619
1023,1891
1023,2057
1023,3161
1023,4215
1023,4697
1023,4992
1024,1538
1024,1540
1024,1817
1024,1900
1024,2261
1024,2470
1024,2739
1024,3345
1024,3573
1024,3957
1024,3994
1024,4348
1024,4394
1024,4812
1024,4826
1025,2724
1025,2860
1025,3586
1025,3651
1025,4290
1026,1474
1026,1491
1026,1705
1026,1731
1026,1737
1026,1949
1026,2082
1026,2503
1026,2518
1026,3067
1026,3218
1026,3265
1026,3422
1026,3750
1026,3900
1026,4178
1026,4410
1026,4415
1026,4548
1026,4618
1027,1041
1027,1173
1027,1324
1027,1406
1027,2034
1027,2175
1027,3389
1028,1198
1028,1323
1028,1516
1028,1998
1028,2078
1028,2250
1028,2425
1028,2457
1028,2586
1028,2919
1028,2922
1028,3040
1028,3318
1028,3530
1028,4308
1028,4590
1028,4641
1029,1570
1029,1599
1029,2070
1029,2158
1029,3315
1029,3577
1029,3870
1029,3974
1029,4355
1029,4643
1030,1585
1030,2847
1030,3274
1030,3583
1030,3584
1031,1059
1031,1412
1031,1609
1031,1664
1031,1682
1031,1740
1031,2035
1031,2550
1031,3184
1031,3309
1031,3612
1031,3739
1031,3852
1031,4045
1031,4064
1031,4988
1032,1077
1032,1639
1032,2038
1032,2406
1032,2482
1032,2566
1032,2936
1032,3057
1032,3886
1032,4361
1033,1053
1033,1130
1033,1915
1033,2304
1033,2741
1033,3104
1033,3488
1033,4800
1034,1217
1034,1243
1034,1665
1034,2215
1034,2253
1034,2373
1034,2633
1034,2755
1034,2760
1034,2829
1034,2871
1034,2927
1034,2985
1034,3239
1034,3400
1034,3411
1034,3423
1034,3542
1034,3588
1034,4224
1034,4588
1034,4701
1034,4848
1034,4870
1035,1753
1035,2238
1035,2338
1035,2707
1035,2748
1035,2752
1035,3028
1035,3154
1035,3480
1035,3562
1035,3672
1035,3790
1035,3837
1035,4056
1035,4238
1035,4429
1035,4509
1035,4542
1035,4997
1036,1056
1036,1064
1036,1329
1036,1580
1036,1948
1036,2113
1036,2310
1036,2587
1036,3067
1036,3194
1036,3858
1036,4311
1036,4439
1036,4917
1037,1059
1037,1321
1037,1396
1037,1791
1037,1792
1037,1892
1037,2258
1037,2301
1037,2424
1037,4071
1037,4257
1037,4460
1037,4719
1037,4930
1038,1128
1038,1736
1038,3195
1038,3280
1038,3670
1038,3928
1038,4488
1038,4504
1038,4702
1038,4714
1039,1103
1039,1128
1039,1300
1039,1402
1039,1443
1039,1775
1039,1963
1039,2236
1039,2310
1039,2323
1039,2593
1039,2817
1039,2874
1039,2953
1039,3499
1039,3753
1039,3781
1039,4544
1039,4805
1040,1328
1040,1329
1040,1954
1040,2516
1040,2531
1040,2735
1040,3096
1040,3196
1040,3244
1040,3322
1040,3559
1040,3717
1040,4270
1040,4822
1041,1120
1041,1240
1041,1663
1041,1886
1041,2424
1041,2554
1041,3481
1041,4932
1042,1199
1042,1948
1042,2945
1042,4194
1042,4514
1042,4546
1043,1309
1043,1534
1043,1732
1043,1744
1043,1946
1043,1982
1043,1999
1043,2126
1043,2458
1043,2683
1043,2794
1043,2879
1043,3058
1043,3136
1043,3500
1043,3534
1043,3709
1043,4111
1043,4256
1043,4444
1043,4689
1043,4869
1044,1099
1044,1402
1044,1566
1044,1792
1044,1916
1044,1949
1044,1987
1044,2179
1044,2253
1044,3334
1044,3621
1044,4765
1045,1100
1045,1534
1045,1732
1045,1882
1045,2108
1045,2435
1045,2831
1045,3068
1045,3471
1045,3534
1045,3911
1045,4440
1045,4513
1045,4583
1045,4599
1045,4643
1045,4655
1046,1447
1046,1469
1046,1561
1046,1966
1046,2819
1046,3000
1046,3112
1046,3199
1046,3540
1046,3770
1046,4123
1046,4658
1046,4845
1047,1071
1047,1335
1047,2134
1047,2397
1047,2616
1047,3260
1047,3453
1047,4198
1048,1282
1048,1302
1048,1454
1048,1956
1048,1977
1048,2076
1048,2228
1048,2856
1048,2955
1048,3201
1048,3301
1049,1111
1049,1114
1049,1527
1049,1681
1049,1704
1049,1713
1049,2441
1049,2614
1049,2653
1049,2730
1049,2784
1049,3016
1049,3091
1049,3142
1049,3177
1049,3605
1049,3860
1049,4444
1049,4455
1049,4503
1049,4883
1050,1076
1050,1118
1050,1531
1050,2118
1050,2205
1050,2384
1050,3267
1050,3517
1050,3635
1050,4495
1050,4497
1051,1085
1051,1251
1051,1358
1051,1893
1051,2134
1051,2147
1051,2168
1051,2478
1051,2494
1051,2920
1051,2959
1051,3352
1051,3683
1051,4467
1052,1159
1052,2236
1052,2337
1052,2626
1052,2893
1052,4074
1052,4238
1053,1568
1053,1680
1053,1707
1053,1882
1053,2617
1053,3426
1053,3745
1053,4061
1053,4075
1054,1152
1054,1307
1054,1706
1054,1753
1054,1828
1054,1940
1054,1942
1054,2087
1054,2221
1054,2468
1054,2544
1054,2989
1054,3000
1054,3078
1054,3437
1054,4310
1054,4312
1054,4539
1054,4897
1055,1162
1055,1209
1055,1462
1055,1650
1055,1658
1055,1823
1055,1833
1055,2008
1055,3292
1055,3838
1055,4754
1056,1238
1056,1372
1056,1473
1056,1537
1056,1587
1056,1618
1056,1659
1056,1682
1056,1691
1056,1921
1056,2042
1056,2213
1056,2519
1056,2527
1056,2895
1056,3189
1056,3225
1056,3941
1056,4579
1056,4670
1056,4747
1057,1275
1057,1413
1057,1522
1057,1592
1057,1708
1057,1772
1057,1969
1057,2062
1057,2482
1057,2490
1057,2794
1057,2800
1057,3452
1057,3605
1057,3906
1057,3969
1057,4011
1057,4125
1058,1124
1058,1466
1058,1908
1058,2007
1058,2479
1058,3125
1058,3247
1058,3703
1058,3751
1058,4565
1058,4946
1059,1090
1059,1152
1059,1524
1059,1622
1059,1964
1059,1972
1059,2055
1059,2095
1059,2202
1059,2230
1059,2358
1059,2814
1059,2916
1059,3049
1059,3265
1059,3628
1059,3680
1060,1082
1060,1198
1060,1220
1060,1382
1060,1814
1060,1876
1060,1908
1060,2327
1060,2596
1060,2660
1060,2667
1060,2885
1060,3088
1060,3869
1060,3967
1061,1202
1061,1260
1061,1609
1061,1832
1061,2142
1061,2239
1061,2877
1061,3232
1061,4232
1061,4244
1061,4983
1062,1257
1062,1564
1062,1706
1062,1709
1062,1839
1062,1862
1062,1947
1062,2329
1062,2389
1062,2560
1062,2622
1062,2822
1062,2878
1062,2888
1062,2899
1062,3423
1062,3547
1062,3603
1062,3881
1062,4480
1063,1994
1063,2469
1063,2646
1063,2911
1063,4102
1063,4184
1063,4705
1064,1194
1064,1547
1064,1570
1064,1686
1064,1910
1064,2059
1064,2098
1064,2434
1064,2522
1064,3558
1064,3745
1064,4024
1064,4347
1064,4614
1064,4932
1065,1238
1065,1408
1065,1481
1065,1730
1065,1768
1065,1864
1065,1874
1065,1935
1065,2177
1065,2315
1065,2381
1065,2424
1065,2433
1065,2486
1065,2493
1065,2508
1065,2569
1065,2572
1065,2637
1065,2937
1065,3097
1065,3357
1065,3456
1065,3465
1065,3636
1065,3842
1065,3856
1065,4246
1065,4280
1065,4397
1065,4443
1066,1076
1066,1263
1066,1295
1066,1335
1066,1337
1066,1626
1066,2346
1067,1187
1067,1344
1067,1425
1067,1448
1067,1908
1067,2008
1067,2055
1067,2113
1067,2267
1067,2664
1067,2688
1067,3111
1067,4973
1068,1495
1068,1834
1068,2237
1068,2851
1068,2963
1068,3503
1068,4047
1068,4129
1068,4952
1069,1109
1069,1160
1069,1276
1069,1600
1069,1673
1069,1690
1069,2221
1069,2562
1069,3012
1069,3059
1069,3310
1069,3350
1069,4328
1069,4706
1069,4764
1070,1186
1070,1211
1070,1277
1070,1624
1070,2088
1070,2203
1070,3804
1070,4824
1070,4898
1071,1631
1071,1879
1071,1883
1071,1938
1071,2454
1071,2860
1071,3131
1071,3155
1071,3577
1071,4045
1072,2150
1072,2228
1072,2983
1072,3629
1072,3835
1072,3985
1072,4046
1072,4817
1073,1909
1073,2143
1073,4352
1074,1436
1074,2601
1074,2632
1074,3449
1074,3560
1074,3960
1074,4100
1074,4466
1075,1169
1075,1170
1075,1423
1075,1692
1075,2179
1075,2634
1075,2637
1075,2852
1075,2951
1075,3018
1075,3150
1075,3305
1075,3803
1076,1114
1076,1198
1076,1749
1076,2563
1076,2923
1076,3014
1076,3033
1076,3237
1076,3278
1076,4489
1076,4657
1077,1319
1077,2303
1077,2400
1077,3221
1077,3999
1077,4855
1078,1306
1078,1488
1078,1701
1078,1837
1078,1955
1078,2243
1078,3499
1078,3673
1078,3766
1078,3896
1078,4018
1078,4211
1078,4781
1078,4840
1078,4959
1079,1269
1079,1418
1079,1512
1079,1966
1079,2201
1079,2224
1079,2238
1079,2323
1079,2714
1079,3532
1079,4358
1079,4413
1080,1101
1080,1499
1080,1906
1080,3403
1080,4218
1080,4438
1081,1357
1081,1828
1081,2451
1081,2623
1081,3130
1081,3208
1081,4114
1081,4623
1082,1132
1082,1262
1082,1350
1082,1651
1082,1660
1082,1666
1082,1877
1082,1938
1082,1974
1082,2113
1082,2223
1082,2259
1082,2401
1082,2852
1082,3030
1082,3053
1082,3510
1082,3673
1082,3744
1082,3818
1082,3874
1082,3941
1082,4635
1082,4696
1082,4950
1083,1276
1083,1391
1083,1643
1083,1901
1083,2317
1083,3836
1083,4692
1083,4956
1084,1392
1084,1623
1084,1992
1084,2240
1084,3335
1084,3441
1084,3562
1084,3684
1084,4576
1084,4721
1085,1263
1085,1319
1085,1644
1085,1904
1085,2079
1085,2119
1085,2511
1085,3364
1085,3729
1085,3953
1085,4320
1085,4471
1085,4917
1086,1217
1086,1314
1086,1333
1086,1347
1086,1579
1086,1682
1086,1940
1086,2280
1086,2972
1086,3097
1086,3643
1086,3745
1086,3925
1086,4058
1086,4339
1086,4352
1087,1827
1087,2854
1087,3105
1087,3123
1087,3274
1087,3484
1088,1321
1088,1360
1088,1458
1088,1832
1088,1966
1088,2056
1088,2310
1088,2458
1088,2528
1088,2606
1088,2812
1088,3289
1088,3339
1088,3379
1088,3514
1088,3860
1088,4148
1088,4854
1089,1191
1089,1510
1089,1724
1089,2536
1089,2543
1089,2574
1089,3497
1089,3636
1090,1185
1090,1269
1090,1527
1090,1638
1090,1826
1090,2490
1090,2514
1090,2565
1090,2666
1090,2844
1090,3342
1090,3792
1090,3942
1090,4156
1090,4594
1091,1269
1091,1343
1091,1764
1091,2082
1091,2518
1091,3018
1091,3114
1091,3973
1091,4284
1091,4509
1092,1314
1092,1460
1092,1721
1092,2321
1092,2354
1092,2517
1092,2713
1092,2901
1092,3639
1092,3676
1092,4204
1092,4222
1092,4817
1093,1265
1093,1457
1093,1504
1093,1514
1093,1628
1093,1671
1093,1906
1093,2165
1093,2355
1093,2564
1093,2867
1093,3775
1093,3788
1093,3794
1093,4188
1093,4495
1093,4686
1093,4806
1094,1296
1094,1310
1094,1351
1094,1370
1094,1736
1094,1807
1094,1847
1094,2020
1094,2116
1094,2172
1094,2651
1094,3826
1094,3967
1094,3980
1094,4094
1095,1402
1095,1903
1095,2200
1095,2389
1095,2695
1095,2880
1095,2989
1095,3265
1095,3729
1096,1389
1096,1635
1096,1656
1096,2014
1096,2198
1096,2286
1096,2427
1096,2636
1096,3241
1096,3697
1096,4802
1097,1645
1097,2026
1097,2273
1097,2318
1097,2520
1097,2586
1097,2753
1097,2823
1097,2988
1097,3360
1097,3571
1097,3667
1097,3692
1097,4101
1097,4194
1097,4247
1097,4296
1097,4800
1097,4976
1098,1287
1098,1461
1098,1672
1098,2355
1098,2357
1098,2630
1098,2646
1098,2887
1098,2898
1098,4880
1099,1194
1099,1875
1099,2001
1099,2233
1099,2287
1099,2538
1099,2589
1099,2792
1099,2818
1099,2906
1099,2942
1099,3496
1099,4003
1100,1102
1100,1960
1100,1962
1100,2352
1100,2776
1100,3084
1100,3458
1100,3862
1100,4422
1100,4799
1101,1152
1101,1187
1101,1193
1101,1554
1101,2028
1101,2513
1101,3190
1101,3558
1102,1431
1102,2206
1102,2467
1102,2920
1102,3103
1102,3115
1102,3153
1103,1148
1103,1251
1103,1754
1103,1763
1103,1969
1103,2419
1103,2665
1103,2962
1103,3202
1103,4533
1103,4549
1104,1184
1104,1791
1104,2432
1104,2454
1104,2471
1104,2620
1104,2941
1104,3262
1104,3661
1104,4189
1104,4726
1104,4764
1104,4769
1104,4879
1105,1668
1105,1676
1105,1751
1105,1903
1105,2118
1105,2156
1105,2178
1105,2202
1105,3065
1105,3098
1105,3336
1105,4665
1105,4997
1106,1610
1106,1903
1106,2016
1106,3096
1106,3150
1106,3687
1106,4025
1106,4319
1107,1124
1107,1517
1107,2351
1107,2380
1107,4295
1108,1131
1108,1389
1108,1452
1108,1535
1108,1664
1108,1674
1108,1812
1108,2053
1108,2252
1108,2292
1108,2312
1108,2732
1108,2832
1108,2975
1108,3430
1108,4086
1108,4132
1108,4404
1109,1156
1109,1260
1109,1433
1109,1439
1109,2095
1109,2150
1109,2317
1109,2390
1109,2454
1109,2609
1109,3748
1109,3885
1109,4073
1110,1271
1110,1459
1110,1536
1110,1685
1110,1775
1110,1800
1110,2099
1110,2369
1110,2475
1110,3059
1110,3604
1110,3721
1110,3743
1110,3940
1110,4291
1110,4329
1110,4868
1111,1381
1111,1787
1111,1944
1111,1973
1111,2096
1111,2949
1111,3032
1111,3071
1111,3348
1111,3673
1111,4184
1111,4242
1111,4559
1112,1170
1112,1254
1112,1740
1112,2049
1112,2121
1112,2285
1112,2674
1112,3328
1112,3799
1112,4199
1112,4541
1112,4761
1113,1147
1113,1207
1113,1261
1113,1353
1113,1507
1113,1514
1113,1685
1113,1698
1113,2232
1113,2357
1113,2546
1113,3176
1113,3244
1113,3536
1113,3596
1113,3690
1113,4152
1113,4406
1113,4494
1113,4593
1114,1186
1114,1557
1114,1888
1114,3201
1114,3383
1114,3527
1114,3878
1115,1748
1115,2990
1115,3049
1115,3592
1115,4122
1116,1535
1116,1863
1116,2420
1116,2845
1116,3097
1116,3515
1116,4256
1116,4735
1117,1203
1117,1313
1117,1526
1117,1778
1117,1782
1117,2008
1117,2127
1117,2367
1117,2499
1117,2580
1117,2859
1117,2892
1117,3171
1117,3383
1117,4306
1118,1810
1118,2062
1118,2398
1118,3570
1118,4083
1118,4268
1119,1156
1119,1322
1119,1435
1119,1652
1119,1966
1119,2256
1119,2572
1120,1218
1120,1440
1120,1446
1120,1589
1120,1594
1120,2188
1120,2922
1120,4019
1120,4307
1120,4674
1120,4826
1121,1309
1121,1554
1121,2068
1121,2421
1121,2509
1121,2532
1121,2642
1121,2859
1121,3475
1121,3580
1121,3924
1121,4289
1121,4327
1121,4585
1122,1233
1122,1473
1122,2154
1122,2495
1122,2499
1122,2627
1122,3307
1122,3984
1123,1735
1123,1746
1123,1932
1123,2085
1123,2193
1123,2338
1123,2440
1123,2584
1123,2792
1123,3431
1123,3696
1123,3917
1123,4220
1123,4328
1123,4377
1123,4541
1123,4566
1123,4922
1124,1323
1124,1652
1124,1910
1124,1922
1124,2075
1124,2121
1124,2166
1124,2483
1124,2896
1124,3080
1124,3614
1124,4155
1125,1531
1125,2011
1125,2078
1125,2382
1125,2473
1125,2713
1125,3071
1125,4438
1125,4494
1125,4918
1125,4976
1126,1328
1126,1380
1126,1708
1126,2148
1126,3157
1126,4481
1126,4677
1127,1160
1127,1214
1127,1616
1127,1809
1127,2001
1127,2378
1127,2565
1127,3860
1127,4290
1127,4569
1128,1807
1128,1996
1128,2170
1128,2291
1128,2676
1128,2992
1128,3161
1128,4302
1128,4621
1128,4854
1129,1433
1129,1545
1129,1609
1129,1776
1129,2300
1129,2318
1129,2404
1129,2858
1129,3405
1129,3763
1129,3994
1129,4011
1129,4343
1129,4619
1129,4728
1129,4753
1130,1161
1130,1254
1130,1540
1130,1890
1130,2141
1130,2359
1130,2511
1130,2606
1130,2763
1130,3295
1130,3574
1130,4314
1130,4837
1130,4863
1131,1225
1131,2251
1131,2644
1131,3095
1131,3708
1131,4019
1131,4866
1132,1261
1132,2318
1132,2509
1132,2898
1132,2957
1132,2967
1132,3938
1132,4147
1132,4445
1133,1450
1133,2440
1133,2532
1133,2592
1133,3411
1133,3500
1133,3505
1133,3581
1133,3749
1133,3824
1133,3931
1133,4090
1133,4213
1133,4282
1133,4450
1133,4696
1133,4879
1133,4925
1134,1583
1134,2566
1134,2684
1134,3197
1134,4720
1134,4860
1135,1731
1135,2110
1135,2780
1135,3411
1135,3697
1135,3719
1135,3883
1135,4261
1135,4913
1136,1192
1136,1731
1136,1844
1136,2111
1136,2293
1136,2670
1137,1234
1137,1236
1137,1563
1137,1794
1137,1967
1137,1998
1137,2437
1137,2974
1137,3029
1137,3226
1137,3826
1137,4357
1137,4414
1137,4655
1138,1511
1138,1630
1138,2714
1138,3148
1138,3364
1138,4214
1138,4779
1138,4841
1139,1676
1139,1712
1139,1713
1139,2387
1139,2873
1139,2910
1139,3077
1139,3457
1139,3506
1139,4001
1139,4331
1139,4354
1139,4984
1139,4998
1140,1352
1140,1567
1140,2130
1140,2250
1140,2254
1140,2255
1140,2385
1140,2719
1140,2772
1140,3325
1140,3561
1140,3647
1140,3812
1140,3851
1140,4011
1140,4572
1141,1212
1141,1266
1141,1451
1141,1588
1141,1597
1141,1705
1141,1717
1141,1924
1141,2143
1141,2254
1141,2775
1141,3116
1141,3360
1141,3612
1141,3841
1141,4376
1141,4551
1141,4615
1142,1217
1142,1649
1142,1714
1142,1853
1142,1978
1142,2071
1142,2462
1142,2550
1142,2681
1142,2737
1142,2766
1142,2875
1142,2906
1142,3021
1142,3659
1142,3983
1142,4660
1143,1216
1143,1596
1143,1630
1143,1983
1143,2112
1143,2548
1143,2598
1143,3530
1143,4042
1143,4369
1144,1267
1144,1322
1144,1500
1144,1525
1144,1576
1144,1709
1144,1841
1144,1891
1144,2249
1144,2466
1144,2762
1144,3031
1144,3107
1144,3113
1144,3254
1144,3374
1144,3592
1144,3890
1144,3974
1144,3978
1144,4191
1144,4312
1144,4420
1144,4520
1144,4720
1145,1337
1145,1400
1145,1527
1145,1863
1145,2056
1145,2731
1145,2864
1145,2875
1145,3614
1145,3737
1145,4281
1145,4360
1145,4673
1145,4877
1146,1170
1146,1176
1146,1670
1146,1850
1146,1851
1146,2250
1146,2270
1146,3305
1146,4112
1146,4315
1146,4316
1146,4515
1146,4645
1146,4789
1147,1191
1147,1539
1147,1815
1147,1829
1147,1939
1147,3208
1147,3250
1147,3768
1147,4367
1148,3074
1148,3139
1148,3390
1148,3889
1148,3994
1148,4428
1148,4803
1149,1281
1149,1412
1149,1415
1149,1505
1149,1578
1149,1706
1149,1837
1149,2015
1149,2176
1149,2269
1149,2368
1149,2767
1149,3012
1149,3199
1149,3230
1149,3241
1149,3353
1149,3546
1149,3665
1149,3701
1149,3829
1149,4099
1149,4604
1150,1256
1150,1279
1150,1915
1150,2029
1150,2546
1150,2747
1150,4372
1150,4440
1150,4791
1151,1184
1151,1366
1151,1745
1151,1884
1151,1897
1151,2026
1151,2126
1151,2398
1151,2580
1151,2791
1151,3096
1151,3138
1151,4059
1151,4078
1151,4221
1151,4696
1151,4782
1151,4976
1152,1236
1152,1262
1152,1330
1152,1358
1152,1380
1152,1408
1152,1435
1152,1470
1152,1991
1152,2160
1152,2592
1152,2665
1152,2770
1152,2879
1152,3371
1152,3527
1152,3939
1152,4614
1152,4864
1152,4940
1152,4973
1153,1190
1153,1285
1153,1490
1153,1692
1153,1929
1153,2283
1153,2695
1153,2947
1153,2952
1153,3240
1153,3438
1153,3654
1153,4323
1154,1249
1154,1255
1154,1375
1154,1765
1154,1932
1154,2066
1154,2150
1154,2482
1154,2750
1154,3126
1154,3130
1154,3362
1154,4065
1154,4082
1155,2467
1155,3443
1155,4103
1156,1748
1156,1901
1156,2218
1156,2434
1156,2854
1156,3278
1157,1284
1157,1340
1157,1525
1157,2180
1157,3002
1157,3345
1157,3947
1157,3980
1157,4469
1158,1163
1158,1571
1158,1619
1158,3062
1158,3121
1158,3408
1158,3802
1158,4053
1158,4108
1158,4747
1159,1401
1159,1805
1159,2761
1159,2864
1159,3139
1159,3393
1159,3719
1159,4966
1160,1447
1160,1517
1160,1602
1160,1654
1160,1696
1160,1772
1160,2401
1160,2802
1160,3136
1160,3583
1160,3861
1160,3875
1160,3966
1160,4045
1160,4273
1160,4390
1161,1444
1161,1671
1161,1726
1161,2161
1161,2342
1161,3228
1161,4043
1161,4346
1161,4632
1162,1650
1162,2585
1162,2844
1162,3164
1162,3466
1162,3888
1162,4107
1162,4739
1162,4786
1163,1313
1163,1462
1163,1476
1163,1493
1163,1621
1163,1648
1163,1741
1163,2012
1163,3330
1163,3572
1163,4403
1163,4479
1163,4826
1164,1177
1164,1215
1164,2116
1164,2265
1164,2487
1164,2744
1164,2915
1164,3245
1164,3941
1164,3987
1164,4483
1164,4584
1164,4741
1165,2595
1165,3788
1165,3837
1166,1172
1166,1188
1166,1516
1166,1740
1166,1864
1166,2155
1166,2232
1166,2504
1166,2599
1166,2974
1166,3212
1166,3602
1166,3777
1166,3938
1166,4000
1166,4378
1166,4408
1166,4421
1166,4752
1166,4845
1167,1236
1167,1334
1167,2293
1167,3333
1167,4100
1167,4409
1167,4675
1167,4810
1168,1300
1168,1954
1168,2334
1168,2425
1168,2839
1168,3431
1169,1201
1169,1238
1169,1324
1169,1467
1169,1752
1169,1984
1169,2141
1169,2364
1169,2379
1169,2531
1169,3472
1169,3591
1169,3679
1169,3691
1170,1312
1170,1464
1170,1868
1170,2593
1170,2772
1170,2817
1170,3176
1170,3295
1170,3404
1170,3585
1170,4278
1171,1185
1171,1433
1171,1699
1171,2299
1171,2778
1171,2903
1171,2944
1171,3455
1171,3670
1171,4350
1172,1275
1172,1773
1172,2119
1172,2253
1172,2681
1172,3333
1172,3435
1172,3807
1172,4812
1172,4975
1172,4979
1173,1184
1173,1191
1173,1354
1173,1925
1173,1935
1173,1998
1173,2024
1173,2212
1173,2771
1173,2855
1173,2938
1173,3043
1173,3143
1173,3346
1173,3555
1173,3895
1173,4224
1173,4421
1173,4815
1173,4839
1174,1242
1174,1416
1174,2067
1174,2388
1174,4180
1174,4901
1175,1343
1175,1457
1175,1550
1175,2002
1175,2101
1175,2248
1175,2609
1175,3129
1175,3578
1175,4294
1175,4590
1175,4943
1176,1211
1176,1242
1176,1436
1176,1571
1176,1619
1176,1709
1176,1810
1176,2020
1176,2400
1176,2698
1176,3070
1176,3120
1176,3176
1176,3286
1176,3599
1176,3823
1176,4338
1176,4626
1176,4708
1176,4768
1176,4877
1177,1380
1177,1430
1177,1773
1177,1935
1177,2153
1177,2417
1177,3416
1177,3476
1177,3994
1177,4687
1177,4765
1178,1498
1178,1591
1178,2223
1178,2376
1178,2609
1178,2976
1178,3235
1178,3767
1179,1421
1179,1773
1179,1784
1179,1976
1179,2388
1179,2572
1179,2606
1179,2722
1179,2727
1179,3396
1179,3421
1179,3423
1179,3718
1179,3934
1179,4383
1179,4711
1179,4837
1180,1540
1180,1663
1180,1770
1180,2064
1180,2120
1180,2795
1180,2916
1180,3155
1180,3245
1180,3466
1180,3489
1180,3539
1180,3559
1180,4164
1180,4562
1181,1437
1181,1555
1181,1992
1181,3284
1181,3669
1181,4033
1181,4469
1181,4945
1181,4985
1182,1243
1182,1436
1182,2600
1183,1282
1183,1441
1183,1571
1183,1794
1183,1841
1183,2247
1183,2732
1183,2984
1183,3148
1183,3498
1183,3549
1183,3817
1183,4600
1183,4723
1183,4724
1183,4858
1184,1220
1184,1245
1184,1459
1184,1511
1184,2270
1184,2360
1184,3531
1184,3919
1185,1966
1185,2143
1185,3400
1185,3613
1185,3958
1185,4882
1186,1199
1186,1304
1186,1330
1186,1359
1186,1369
1186,1725
1186,2253
1186,2347
1186,2880
1186,3189
1186,3597
1186,4695
1186,4772
1186,4902
1188,2449
1188,3293
1188,4640
1189,1220
1189,1477
1189,1520
1189,1532
1189,1558
1189,1684
1189,1710
1189,1755
1189,2698
1189,2821
1189,2933
1189,3016
1189,4072
1189,4167
1189,4249
1189,4577
1189,4666
1189,4876
1190,2133
1190,2439
1190,3172
1190,3372
1190,3867
1191,2236
1191,2270
1191,3204
1191,4700
1192,1200
1192,1447
1192,2104
1192,2144
1192,2911
1192,3108
1192,3389
1192,3527
1192,3896
1192,4306
1193,1561
1193,2941
1193,3035
1194,1392
1194,2194
1194,2475
1194,2713
1194,2983
1194,3073
1194,3203
1194,3814
1194,3872
1194,4143
1194,4282
1194,4468
1194,4852
1195,1957
1195,1973
1195,3467
1195,3753
1195,4140
1196,1374
1196,1626
1196,4838
1197,1757
1197,2396
1197,2607
1197,2904
1197,3629
1197,4298
1198,1426
1198,1466
1198,3159
1198,3934
1198,4329
1198,4426
1198,4966
1199,1207
1199,1239
1199,1427
1199,1826
1199,2322
1199,3718
1199,4117
1200,1740
1200,2057
1200,2118
1200,2187
1200,2521
1200,2947
1200,3230
1200,3348
1200,3945
1200,4037
1200,4068
1200,4164
1201,1707
1201,2195
1201,2393
1201,3171
1201,3650
1201,4411
1202,1476
1202,1594
1202,2190
1202,2198
1202,2282
1202,3333
1202,3422
1202,4004
1202,4869
1203,1386
1203,1487
1203,2260
1203,2491
1203,2625
1203,3099
1203,3542
1203,3631
1203,4861
1204,1340
1204,1381
1204,1666
1204,1919
1204,2529
1204,2813
1204,3026
1204,3664
1204,3793
1204,3877
1204,4900
1205,1263
1205,1280
1205,1382
1205,1928
1205,2125
1205,2249
1205,3213
1205,3358
1205,3444
1205,3475
1205,3773
1205,3790
1205,4032
1205,4340
1205,4773
1206,1407
1206,1574
1206,1693
1206,1931
1206,2194
1206,2405
1206,2519
1206,3142
1206,4048
1206,4802
1206,4928
1207,2542
1207,3718
1207,3748
1208,2015
1208,2488
1208,2543
1208,4741
1208,4854
1208,4919
1209,1323
1209,1855
1209,2217
1209,3095
1209,3687
1209,3733
1209,3911
1209,4709
1209,4779
1210,1372
1210,1524
1210,1927
1210,2011
1210,2383
1210,2655
1210,3969
1210,4160
1210,4397
1210,4431
1210,4980
1211,1564
1211,1755
1211,2181
1211,2556
1211,2877
1211,3681
1211,3779
1211,4822
1212,1918
1212,2489
1212,2778
1212,4559
1213,1469
1213,1573
1213,2107
1213,3311
1213,3669
1213,3886
1213,4794
1214,1254
1214,1365
1214,1386
1214,1525
1214,1677
1214,1882
1214,1933
1214,1969
1214,2170
1214,2230
1214,2285
1214,2351
1214,2361
1214,2473
1214,2641
1214,2952
1214,3719
1214,3866
1214,4060
1214,4803
1214,4964
1215,2304
1215,2503
1215,2856
1215,3742
1216,1451
1216,1585
1216,2074
1216,3099
1216,3416
1216,3559
1216,3688
1216,4306
1217,1422
1217,1618
1217,1907
1217,2634
1217,3043
1217,3113
1217,3264
1217,3406
1217,3632
1217,3852
1217,4582
1217,4725
1218,1265
1218,1354
1218,1596
1218,1760
1218,2020
1218,2172
1218,2614
1218,2816
1218,2838
1218,3087
1218,3150
1218,3300
1218,3406
1218,3485
1218,3936
1218,4800
1219,1406
1219,1579
1219,1853
1219,2241
1219,2272
1219,2860
1219,3043
1219,3285
1219,3825
1219,3858
1219,3876
1219,4055
1219,4189
1219,4622
1219,4842
1219,4970
1220,1550
1220,2006
1220,2513
1220,3630
1220,3995
1220,4019
1220,4178
1221,1378
1221,1404
1221,1457
1221,1692
1221,2161
1221,2291
1221,2501
1221,3410
1221,3736
1221,4695
1222,1483
1222,1549
1222,1756
1222,2468
1222,2488
1222,3114
1222,3200
1222,4149
1223,1968
1223,1978
1223,2003
1223,2225
1223,2513
1223,2613
1223,2716
1223,2898
1223,2987
1223,3344
1223,3399
1223,3819
1223,3862
1223,4208
1223,4432
1224,1504
1224,1548
1224,1591
1224,1795
1224,1881
1224,1896
1224,2055
1224,2461
1224,2859
1224,3069
1224,4886
1225,1289
1225,2200
1225,2245
1225,2435
1225,2487
1225,2495
1225,3128
1225,3960
1225,4584
1225,4645
1225,4661
1225,4666
1225,4944
1226,1613
1226,2323
1226,2748
1226,2913
1226,3141
1226,3545
1226,3748
1226,4080
1227,1288
1227,1408
1227,1451
1227,1508
1227,1515
1227,1629
1227,1833
1227,2011
1227,2479
1227,2507
1227,2790
1227,3836
1227,4031
1227,4053
1227,4435
1227,4815
1228,1464
1228,1468
1228,1760
1228,2029
1228,2089
1228,2731
1228,2859
1228,4302
1229,1449
1229,1568
1229,1637
1229,1761
1229,1937
1229,1999
1229,2087
1229,2092
1229,2263
1229,2551
1229,2675
1229,2975
1229,3363
1229,4128
1229,4812
1230,1317
1230,1362
1230,1512
1230,1820
1230,2225
1230,3310
1230,4213
1230,4446
1230,4512
1231,1352
1231,1410
1231,1858
1231,2304
1231,2509
1231,3689
1231,4842
1232,1611
1232,1939
1232,2168
1232,2605
1232,2874
1232,2957
1232,3453
1232,3726
1232,4014
1232,4110
1232,4354
1232,4532
1233,1561
1233,1640
1233,2120
1233,2469
1233,2689
1233,3041
1233,3085
1233,3835
1233,4073
1233,4328
1234,1491
1234,1861
1234,1894
1234,2641
1234,2903
1234,3008
1235,1627
1235,1750
1235,2922
1235,4186
1235,4212
1235,4248
1235,4481
1235,4585
1235,4671
1235,4991
1236,1353
1236,1715
1236,2130
1236,2462
1236,2788
1236,3355
1236,3506
1236,3769
1236,3818
1237,1312
1237,1535
1237,1985
1237,2023
1237,2814
1237,2971
1237,3084
1237,3621
1237,3950
1237,4623
1237,4747
1237,4927
1238,1393
1238,1421
1238,1562
1238,1615
1238,1684
1238,2104
1238,2517
1238,3416
1238,3550
1238,4146
1238,4891
1238,4974
1239,1541
1239,1570
1239,1781
1239,2200
1239,2495
1239,2512
1239,2562
1239,2691
1239,2762
1239,2919
1239,3588
1239,3592
1239,4008
1239,4286
1240,3556
1240,3635
1240,3719
1240,4385
1240,4717
1241,1287
1241,1410
1241,1483
1241,1562
1241,1683
1241,1687
1241,2266
1241,2708
1241,2872
1241,2901
1241,3192
1241,3655
1241,3886
1241,4147
1241,4193
1241,4203
1241,4870
1241,4952
1242,1817
1242,1985
1242,2011
1242,2037
1242,2318
1242,2616
1242,2741
1242,2743
1242,2765
1242,2815
1242,2857
1242,3077
1242,3156
1242,3364
1242,3449
1242,3996
1242,4433
1242,4714
1243,1323
1243,1686
1243,1702
1243,2002
1243,2195
1243,2252
1243,2825
1243,2839
1243,3235
1243,3675
1243,3884
1243,4255
1243,4542
1243,4828
1244,1942
1244,2114
1244,4292
1245,1332
1245,1383
1245,1545
1245,1731
1245,2055
1245,2064
1245,2173
1245,2479
1245,3702
1245,4074
1245,4675
1246,1604
1246,1830
1246,2299
1246,2747
1246,2819
1246,3499
1246,4871
1247,1390
1247,1802
1247,2187
1247,2379
1247,3716
1247,4954
1248,1805
1248,2386
1248,2640
1248,3766
1249,1428
1249,1858
1249,2028
1249,3110
1249,3349
1249,3511
1249,3649
1249,4364
1249,4535
1250,1259
1250,1450
1250,1643
1250,1926
1250,2046
1250,2363
1250,2581
1250,2751
1250,2914
1250,2958
1250,2997
1250,3041
1250,3748
1250,3768
1250,4194
1251,2537
1251,2557
1251,2888
1251,3424
1251,3829
1251,3877
1251,3883
1251,4223
1251,4464
1251,4581
1252,1261
1252,1321
1252,1438
1252,1771
1252,4120
1253,1258
1253,1393
1253,1459
1253,1486
1253,1495
1253,1511
1253,1522
1253,1847
1253,2718
1253,2817
1253,2883
1253,2943
1253,3447
1253,3569
1253,4309
1253,4433
1253,4929
1254,1300
1254,1832
1254,3768
1254,4915
1254,4973
1255,1291
1255,1596
1255,1706
1255,1829
1255,2456
1255,2521
1255,2808
1255,3390
1255,4311
1255,4918
1256,1419
1256,1601
1256,1663
1256,1945
1256,2119
1256,2246
1256,2849
1256,3373
1256,3497
1256,3751
1256,3971
1256,4081
1256,4745
1256,4847
1257,1454
1257,2250
1257,2720
1257,3169
1257,3334
1257,4092
1257,4915
1258,1867
1258,2146
1258,2725
1258,2946
1258,3140
1258,3671
1258,3799
1258,4103
1258,4116
1258,4279
1258,4423
1259,1929
1259,2367
1259,2939
1259,3064
1259,3156
1259,3263
1259,3285
1259,3472
1259,3752
1259,3779
1259,3980
1259,4473
1259,4981
1260,1376
1260,1585
1260,1830
1260,1841
1260,1860
1260,2332
1260,2364
1260,2504
1260,3095
1260,3461
1260,3910
1260,4575
1260,4966
1261,1531
1261,1703
1261,1932
1261,2747
1261,3576
1261,3728
1261,4772
1261,4827
1262,1297
1262,1610
1262,2037
1262,2069
1262,2478
1262,2756
1263,1653
1263,2578
1263,3174
1263,4936
1264,1739
1264,2339
1264,3238
1264,3366
1264,3578
1264,3949
1264,4051
1265,1770
1265,1863
1265,2662
1265,2691
1265,3068
1265,3508
1265,3828
1265,4096
1265,4753
1266,1311
1266,1313
1266,1380
1266,1392
1266,1562
1266,1675
1266,1687
1266,2269
1266,2443
1266,2787
1266,3023
1266,3063
1266,3869
1266,4759
1266,4928
1267,1541
1267,1563
1267,1665
1267,2100
1267,2254
1267,2315
1267,2344
1267,2394
1267,2670
1267,3167
1267,3253
1267,3357
1267,3500
1267,3843
1267,4117
1267,4123
1267,4535
1268,1450
1268,1528
1268,1540
1268,1616
1268,2077
1268,2208
1268,2269
1268,2365
1268,2383
1268,2537
1268,2614
1268,2957
1268,3540
1268,3947
1268,4862
1269,1389
1269,2071
1269,2202
1269,2461
1269,2679
1269,2784
1269,3109
1269,3138
1269,3215
1269,3464
1269,3752
1269,4254
1269,4360
1269,4956
1270,1329
1270,1483
1270,1742
1270,1995
1270,2227
1270,3374
1270,3857
1270,4308
1270,4831
1271,1453
1271,1938
1271,2184
1271,2795
1272,1425
1272,1491
1272,2186
1272,2259
1272,2861
1272,2988
1272,3355
1272,3370
1272,3913
1272,3969
1272,4042
1272,4228
1272,4563
1273,1352
1273,1903
1273,2089
1273,2340
1273,3910
1273,4399
1273,4424
1273,4481
1273,4789
1274,1498
1274,1776
1274,1979
1274,3151
1274,4407
1274,4550
1274,4583
1274,4909
1275,1758
1275,2601
1275,3303
1275,3620
1275,3936
1275,4661
1276,1568
1276,2037
1276,2222
1276,2539
1276,2990
1276,3262
1276,4328
1276,4723
1276,4864
1277,1541
1277,1647
1277,2837
1277,2963
1277,3817
1277,4014
1277,4787
1278,1312
1278,1720
1278,2669
1278,2679
1278,2786
1278,3294
1278,3359
1278,4388
1278,4611
1278,4662
1278,4844
1278,4916
1279,1484
1279,1556
1279,1634
1279,1773
1279,1875
1279,2276
1279,2421
1279,2437
1279,2453
1279,2898
1279,3077
1279,3104
1279,3250
1279,3287
1279,3360
1279,4340
1280,1684
1280,1750
1280,3143
1280,3628
1280,3865
1280,4398
1281,1290
1281,1414
1281,1459
1281,1959
1281,1997
1281,2052
1281,2397
1281,2631
1281,2637
1281,2737
1281,2801
1281,2904
1281,2982
1281,3446
1281,3525
1281,3544
1281,3609
1281,3956
1281,4037
1281,4488
1282,1672
1282,2200
1282,2334
1282,2444
1282,2449
1282,2601
1282,2727
1282,3630
1282,4902
1283,2088
1283,2908
1283,3487
1283,3584
1283,3928
1283,4130
1283,4156
1283,4168
1283,4409
1283,4493
1283,4547
1284,1396
1284,1494
1284,1514
1284,1647
1284,1799
1284,2058
1284,2406
1284,2557
1284,2749
1284,3294
1284,3568
1284,3685
1284,4145
1285,1415
1285,1633
1285,1667
1285,1797
1285,2265
1285,2428
1285,2523
1285,2760
1285,2969
1285,3606
1285,4158
1285,4952
1286,1330
1286,2953
1286,2990
1286,3117
1286,4326
1286,4418
1286,4910
1287,1360
1287,1434
1287,1718
1287,1735
1287,2878
1287,3094
1287,3204
1287,3308
1287,3539
1287,3750
1287,3778
1287,4153
1287,4450
1287,4607
1287,4855
1288,1298
1288,1647
1288,1736
1288,1768
1288,1926
1288,2040
1288,2369
1288,2569
1288,3640
1288,3678
1288,3742
1288,3908
1288,4079
1288,4389
1288,4438
1289,1324
1289,1342
1289,1811
1289,1879
1289,1959
1289,2166
1289,2237
1289,2281
1289,2295
1289,2605
1289,3370
1289,3428
1289,3483
1289,3792
1289,4737
1290,1574
1290,1635
1290,1700
1290,2016
1290,2185
1290,2533
1290,2853
1290,2980
1290,3564
1290,4941
1291,1656
1291,1853
1291,2041
1291,2197
1291,2749
1291,2889
1291,3755
1291,4086
1291,4433
1291,4472
1292,1326
1292,1498
1292,1884
1292,1954
1292,2088
1292,2151
1292,2196
1292,2554
1292,2832
1292,2963
1292,3497
1292,3740
1292,4032
1293,1330
1293,1435
1293,1774
1293,1907
1293,1989
1293,2666
1293,3505
1293,4100
1294,1320
1294,1673
1294,2314
1294,2886
1294,3477
1294,3760
1294,4137
1294,4451
1294,4582
1294,4699
1294,4823
1294,4849
1295,1326
1295,2601
1295,2737
1295,2797
1295,2990
1295,3073
1295,3075
1295,3376
1295,3587
1295,4142
1295,4991
1296,1482
1296,1812
1296,2344
1296,3038
1296,3225
1296,4412
1297,1560
1297,1640
1297,1701
1297,1766
1297,1803
1297,1915
1297,2162
1297,2249
1297,2582
1297,2712
1297,2851
1297,3026
1297,3123
1297,3540
1297,4269
1297,4924
1298,1483
1298,1517
1298,2778
1298,3963
1298,4634
1299,1509
1299,1630
1299,1724
1299,2147
1299,3377
1299,3403
1299,3955
1299,4127
1299,4490
1299,4820
1299,4974
1300,2318
1300,3228
1300,3441
1300,3670
1300,3813
1300,4368
1300,4406
1300,4587
1300,4702
1300,4961
1301,3191
1301,3875
1301,4276
1303,1796
1303,1860
1303,2723
1303,4118
1303,4726
1304,1348
1304,1364
1304,1567
1304,2023
1304,2103
1304,2632
1304,2911
1304,3197
1304,4063
1304,4608
1304,4954
1305,1309
1305,2366
1305,2764
1305,2903
1306,1510
1306,1783
1306,2341
1306,3040
1306,3076
1306,3405
1306,4035
1306,4047
1307,1595
1307,1879
1307,2141
1307,2395
1307,2436
1307,2474
1307,3274
1307,3407
1307,3511
1307,3924
1307,4116
1307,4246
1307,4614
1307,4753
1308,1406
1308,1484
1308,1685
1308,1856
1308,2214
1308,3538
1308,4011
1308,4162
1309,1400
1309,1779
1309,1951
1309,2038
1309,2685
1309,2902
1309,3083
1309,3239
1309,4234
1309,4379
1309,4830
1310,1387
1310,1499
1310,1589
1310,1740
1310,1935
1310,2470
1310,2579
1310,3543
1310,3943
1310,4671
1310,4742
1311,2876
1311,3891
1312,1418
1312,2451
1312,2656
1312,2973
1312,2990
1312,3763
1312,3905
1312,4031
1312,4176
1312,4321
1312,4364
1313,1454
1313,1712
1313,2165
1313,2698
1313,2768
1313,2882
1313,3253
1313,3288
1313,3411
1313,3598
1313,3833
1313,3951
1313,4227
1313,4480
1313,4928
1313,4974
1313,4996
1314,1392
1314,1420
1314,1471
1314,1779
1314,2222
1314,2791
1314,2949
1314,3056
1314,3205
1314,3555
1314,4395
1314,4954
1315,1320
1315,1424
1315,2152
1315,2762
1315,3087
1315,3092
1315,3290
1315,3502
1315,3518
1315,3929
1315,4090
1316,1514
1316,1786
1316,1818
1316,2634
1316,3628
1316,3669
1316,3813
1316,4910
1317,1545
1317,1573
1317,1909
1317,1922
1317,2547
1317,2575
1317,2661
1317,2732
1317,3270
1317,4143
1317,4367
1317,4375
1317,4502
1318,1349
1318,1405
1318,1470
1318,1630
1318,1662
1318,2148
1318,2285
1318,2362
1318,2738
1318,3379
1318,3468
1318,3531
1318,3601
1318,3926
1318,4348
1318,4695
1318,4875
1318,4929
1319,1397
1319,1641
1319,1731
1319,1920
1319,2166
1319,2355
1319,2360
1319,2578
1319,2616
1319,2969
1320,1618
1320,1862
1320,2112
1320,2184
1320,2340
1320,3479
1320,3697
1320,4607
1320,4636
1320,4834
1320,4957
1321,2263
1321,2715
1321,3465
1321,4807
1322,1549
1322,1718
1322,1899
1322,2140
1322,3709
1323,1390
1323,1676
1323,1797
1323,1813
1323,2720
1323,3086
1323,3536
1323,3609
1323,3711
1323,4380
1323,4742
1323,4886
1324,1476
1324,1701
1324,1933
1324,2143
1324,2172
1324,2700
1324,3049
1324,3088
1324,4347
1324,4428
1324,4608
1325,1362
1325,1413
1325,1416
1325,1671
1325,2211
1325,2858
1325,3810
1325,4309
1325,4849
1326,1905
1326,1917
1326,2210
1326,2242
1326,2722
1326,3280
1326,4224
1326,4665
1326,4734
1327,1463
1327,1774
1327,1816
1327,2038
1327,2084
1327,2125
1327,2148
1327,2311
1327,2923
1327,2937
1327,3336
1327,3519
1327,3650
1327,4111
1327,4279
1327,4544
1327,4649
1328,2607
1328,2793
1328,2931
1328,3202
1328,3920
1329,1413
1329,1521
1329,1715
1329,1888
1329,2022
1329,2032
1329,2503
1329,2807
1329,3043
1329,3147
1329,3163
1329,3481
1329,4199
1329,4602
1329,4685
1329,4760
1330,1367
1330,1379
1330,1557
1330,1898
1330,2996
1331,1712
1331,1809
1331,1849
1331,2235
1331,2651
1331,3927
1331,4750
1331,4798
1332,1875
1332,1880
1332,2017
1332,2246
1332,2580
1332,3064
1332,3289
1332,3294
1332,3603
1332,3712
1332,4358
1332,4842
1333,3863
1334,1507
1334,1524
1334,1865
1334,2760
1334,3709
1334,4005
1334,4124
1334,4367
1334,4740
1335,1342
1335,1356
1335,2046
1335,2082
1335,3334
1335,3824
1335,4335
1336,1745
1336,1845
1336,4612
1337,1416
1337,1445
1337,1509
1337,1541
1337,1553
1337,1749
1337,2184
1337,3622
1337,3685
1337,3788
1337,4046
1337,4656
1337,4958
1338,1588
1338,1715
1338,2315
1338,2681
1338,2733
1338,2953
1338,3093
1338,3159
1338,3839
1338,4317
1338,4331
1339,1411
1339,1423
1339,1888
1339,2111
1339,2470
1339,2577
1339,3253
1339,3432
1339,3468
1339,3556
1339,3676
1339,3709
1339,4378
1339,4608
1340,1538
1340,1640
1340,1866
1340,2187
1340,2642
1340,2841
1340,3366
1340,3468
1340,3471
1340,3560
1340,3665
1340,4075
1341,1359
1341,1771
1342,1543
1342,3045
1342,3175
1342,3737
1342,4021
1343,1346
1343,1495
1343,1783
1343,1788
1343,2146
1343,2237
1343,2373
1343,2496
1343,2604
1343,3215
1343,3443
1343,3748
1344,1394
1344,1517
1344,1529
1344,1531
1344,1669
1344,2729
1344,2842
1344,3501
1344,3509
1344,3656
1344,4113
1344,4684
1345,1473
1345,1606
1345,1646
1345,2069
1345,3094
1345,3342
1345,4013
1345,4207
1345,4275
1345,4449
1345,4467
1346,1776
1346,2080
1346,3515
1346,3920
1346,3962
1347,1455
1347,1458
1347,1673
1347,1844
1347,1870
1347,2230
1347,2252
1347,2346
1347,3611
1347,4134
1347,4917
1348,1445
1348,1803
1348,2523
1348,2894
1348,3340
1348,3595
1348,3718
1348,4471
1348,4540
1349,1471
1349,1519
1349,1637
1349,1800
1349,2130
1349,2559
1349,2634
1349,3157
1349,4002
1349,4691
1349,4779
1350,1403
1350,1469
1350,1673
1350,1764
1350,2897
1350,3140
1350,3459
1350,3498
1350,3604
1350,3670
1350,3680
1350,3866
1350,4245
1350,4578
1351,1443
1351,1961
1351,2302
1351,3406
1351,3527
1351,3542
1351,3585
1351,3725
1351,3744
1351,4200
1351,4715
1351,4751
1352,1662
1352,2587
1352,3410
1352,4132
1353,1384
1353,1950
1353,2620
1353,4985
1354,1508
1354,1665
1354,1721
1354,1738
1354,1747
1354,2083
1354,2091
1354,2515
1354,2851
1354,2996
1354,3313
1354,3662
1354,3670
1354,3984
1354,4387
1354,4459
1355,1426
1355,1544
1355,2920
1355,3618
1356,1508
1356,1708
1356,2273
1356,2526
1356,2887
1356,3148
1356,3280
1356,3296
1356,3539
1356,4410
1357,3271
1357,4369
1357,4499
1357,4882
1358,1370
1358,1399
1358,1573
1358,1786
1358,2103
1358,2337
1358,2430
1358,3117
1358,3131
1358,3577
1358,3646
1358,4804
1359,1500
1359,1506
1359,1647
1359,1793
1359,2611
1359,2692
1359,2927
1359,3224
1359,3387
1359,3483
1359,3671
1359,3913
1359,3933
1359,4090
1359,4254
1359,4883
1360,2064
1360,3874
1361,1429
1361,1505
1361,1559
1361,1662
1361,1918
1361,2046
1361,2607
1361,3077
1361,3617
1361,3632
1362,1837
1362,2645
1362,2864
1362,3734
1363,1377
1363,2353
1363,2379
1363,4126
1364,1543
1364,1601
1364,1896
1364,2224
1364,2349
1364,2487
1364,2491
1364,2650
1364,2752
1364,2805
1364,3191
1364,3304
1364,3405
1364,3439
1364,3693
1364,3893
1364,3918
1364,4423
1365,1425
1365,1887
1365,1892
1365,2263
1365,3071
1365,3092
1365,4185
1366,1481
1366,1531
1366,2015
1366,3350
1366,3459
1366,3890
1366,4371
1367,1402
1367,1846
1367,2011
1367,2283
1367,2871
1367,3402
1367,3521
1368,1586
1368,1598
1368,2111
1368,2164
1368,2281
1368,2472
1368,3290
1368,3393
1368,3583
1368,3835
1368,4122
1368,4964
1369,1404
1369,1580
1369,1706
1369,1859
1369,1960
1369,2342
1369,2410
1369,2679
1369,2697
1369,3375
1369,3667
1369,3743
1369,4783
1370,2231
1370,2260
1370,2330
1370,3819
1371,1740
1371,2284
1371,2287
1371,2647
1371,4117
1371,4340
1371,4469
1372,1679
1372,1900
1372,2120
1372,2286
1372,4026
1372,4036
1372,4345
1372,4743
1373,1569
1373,1893
1373,2838
1373,3156
1373,3920
1373,4447
1374,1866
1374,2025
1374,3220
1374,3648
1374,4442
1374,4540
1375,1546
1375,1745
1375,1843
1375,2092
1375,2530
1375,2591
1375,2652
1375,2716
1375,2803
1375,2999
1375,3112
1375,3191
1375,3458
1375,3943
1375,4390
1375,4479
1375,4570
1375,4782
1376,2099
1376,2129
1376,2311
1376,2711
1376,2802
1376,2826
1376,3134
1376,3335
1376,3736
1376,3812
1376,4638
1377,1448
1377,1579
1377,1608
1377,1621
1377,1624
1377,1750
1377,1849
1377,1940
1377,2001
1377,2245
1377,2377
1377,2459
1377,2544
1377,2756
1377,2989
1377,3092
1377,3108
1377,3121
1377,3141
1377,3153
1377,3163
1377,3341
1377,3610
1377,4012
1377,4013
1377,4082
1377,4693
1377,4721
1377,4960
1378,1801
1378,1994
1378,2009
1378,2528
1378,2991
1378,3050
1378,3293
1378,3362
1378,4046
1378,4074
1378,4538
1379,1550
1379,1616
1379,1635
1379,1742
1379,1879
1379,2093
1379,2216
1379,2709
1379,3449
1379,4139
1380,2559
1380,3075
1380,3142
1380,4675
1381,1581
1381,1806
1381,2348
1381,2364
1381,3352
1381,3438
1381,3682
1381,3893
1381,4020
1381,4509
1382,1506
1382,1859
1382,1902
1382,2124
1382,2545
1382,4686
1383,1725
1383,1786
1383,3436
1384,1520
1384,1693
1384,2560
1384,2775
1384,2780
1384,3362
1384,3563
1384,3621
1384,3732
1384,4408
1384,4759
1385,1798
1385,1836
1385,2044
1385,2202
1385,2465
1385,2786
1385,2928
1385,2936
1385,3033
1385,3179
1385,3565
1385,3677
1385,4356
1385,4473
1385,4794
1386,1583
1386,2138
1386,3247
1386,3322
1386,4073
1387,1403
1387,1453
1387,1493
1387,1778
1387,1846
1387,2007
1387,2037
1387,2083
1387,2168
1387,2329
1387,2447
1387,2753
1387,2806
1387,2963
1387,3106
1387,3257
1387,3866
1387,3976
1387,4110
1387,4379
1388,1490
1388,1652
1388,4602
1389,1602
1389,1815
1389,2487
1389,2705
1389,3031
1389,3091
1389,4539
1389,4746
1390,1452
1390,1649
1390,2001
1390,2013
1390,2299
1390,2524
1390,2888
1390,3036
1390,3358
1390,3642
1390,4481
1390,4654
1391,1698
1391,1850
1391,1972
1391,2061
1391,2120
1391,2702
1391,2977
1391,3220
1391,3646
1391,4491
1391,4548
1391,4998
1392,2486
1392,2509
1392,2613
1392,3050
1392,3124
1392,3686
1392,3909
1393,1604
1393,1909
1393,2265
1393,2368
1393,4753
1393,4850
1394,2953
1394,3551
1395,1897
1395,1989
1395,2149
1395,2400
1395,2945
1395,4107
1395,4135
1395,4647
1395,4888
1396,1476
1396,1767
1396,1771
1396,1793
1396,1822
1396,1996
1396,2031
1396,2052
1396,2056
1396,2309
1396,2427
1396,2617
1396,2993
1396,3432
1396,3746
1396,4336
1396,4359
1396,4589
1396,4735
1397,1511
1397,2015
1397,2776
1397,4048
1398,1597
1398,2799
1398,3829
1399,1730
1399,1859
1399,1899
1399,2043
1399,2745
1399,2893
1399,3389
1399,4783
1400,1581
1400,2044
1400,2137
1400,4747
1400,4956
1401,1545
1401,2296
1401,2523
1401,2774
1401,2813
1401,2835
1401,2945
1401,3546
1401,4718
1401,4846
1402,2829
1402,3088
1402,3697
1403,1533
1403,1557
1403,1859
1403,1909
1403,2414
1403,2999
1403,3385
1403,3487
1403,4914
1404,1423
1404,1546
1404,1905
1404,1922
1404,2010
1404,2040
1404,2045
1404,2086
1404,2157
1404,2290
1404,2435
1404,2540
1404,2755
1404,2777
1404,3067
1404,3368
1404,3401
1404,3781
1404,4050
1404,4450
1404,4606
1404,4875
1404,4887
1405,4749
1406,1494
1406,1566
1406,2286
1406,2383
1406,2932
1406,4502
1406,4515
1407,1502
1407,1621
1407,1710
1407,2012
1407,2044
1407,2274
1407,2476
1407,2731
1407,3298
1407,3544
1407,3760
1407,4099
1407,4121
1407,4130
1407,4149
1407,4742
1408,1471
1408,1656
1408,1723
1408,1952
1408,2346
1408,2729
1408,3509
1408,3555
1408,3640
1408,4380
1408,4401
1408,4707
1409,1503
1409,1586
1409,2049
1409,2072
1409,2715
1409,3827
1409,4345
1410,1509
1410,2219
1410,2234
1410,2315
1410,2430
1410,2625
1410,2765
1410,2790
1410,3380
1410,4232
1410,4297
1410,4476
1410,4831
1410,4880
1411,1774
1411,2344
1411,2566
1411,3338
1412,1459
1412,1599
1412,1878
1412,2149
1412,2218
1412,2455
1412,2823
1412,2859
1412,3348
1412,3549
1412,3832
1412,3891
1412,4124
1412,4523
1413,1492
1413,2780
1413,3494
1413,4045
1413,4240
1413,4369
1413,4789
1413,4797
1414,1526
1414,1582
1414,2326
1414,2434
1414,3090
1414,3118
1414,3895
1414,4112
1414,4693
1415,1527
1415,1756
1415,2531
1415,2890
1415,3949
1416,1716
1416,1855
1416,2577
1416,2738
1416,2873
1416,3063
1416,3248
1416,3460
1416,4061
1416,4193
1417,2146
1418,1510
1418,1544
1418,1674
1418,2203
1418,2845
1418,2992
1418,3537
1418,3865
1418,4124
1418,4700
1418,4960
1419,1719
1419,1958
1419,2049
1419,2174
1419,2782
1419,3173
1419,3220
1419,3380
1419,3673
1419,4162
1419,4266
1419,4287
1419,4551
1420,1658
1420,1746
1420,3134
1420,3785
1420,4978
1421,1432
1421,1859
1421,2783
1421,2786
1421,3248
1421,3565
1421,3591
1421,3648
1421,3933
1421,4133
1421,4193
1421,4256
1421,4613
1421,4792
1421,4965
1422,1449
1422,2241
1422,2292
1422,2557
1422,2594
1422,2602
1422,2825
1422,3365
1422,3604
1422,3802
1422,3854
1422,3929
1422,3984
1422,4415
1422,4683
1422,4901
1422,4930
1423,1601
1423,1763
1423,2343
1423,2582
1423,4018
1423,4053
1423,4814
1423,4829
1424,1891
1424,1900
1424,2875
1424,3071
1424,3251
1424,4501
1425,1474
1425,1563
1425,1660
1425,1692
1425,2035
1425,2132
1425,2242
1425,2763
1425,3710
1426,2620
1426,2935
1426,3899
1426,4251
1426,4486
1426,4700
1427,1501
1427,2571
1427,2930
1427,4534
1427,4618
1428,1627
1428,1657
1428,1785
1428,1818
1428,1873
1428,2080
1428,2139
1428,2314
1428,2320
1428,2411
1428,2412
1428,2465
1428,2981
1428,3039
1428,3428
1428,3558
1428,4277
1428,4801
1429,2163
1429,2637
1429,2897
1429,3536
1429,3650
1429,4406
1430,1756
1430,2268
1430,4195
1430,4264
1430,4286
1430,4331
1430,4528
1430,4839
1430,4958
1431,1851
1431,2031
1431,2033
1431,2262
1431,2352
1431,2647
1431,3647
1431,3928
1431,4084
1431,4310
1431,4425
1431,4954
1432,1666
1432,1717
1432,2852
1432,3106
1432,3630
1432,3989
1433,1675
1433,1715
1433,2069
1433,2163
1433,2165
1433,2599
1433,2839
1433,3213
1433,4621
1433,4755
1434,1506
1434,1804
1434,2161
1434,2480
1434,2899
1434,3342
1434,3660
1435,1551
1435,1697
1435,1981
1435,3924
1436,1527
1436,2150
1436,2203
1436,2610
1436,3300
1436,3338
1437,1645
1437,1971
1437,2848
1437,3432
1437,4216
1437,4324
1437,4870
1438,1585
1438,1944
1438,3503
1438,3533
1438,4146
1438,4848
1438,4944
1439,1699
1439,1913
1439,2408
1439,2981
1439,3446
1439,3704
1439,4275
1439,4396
1440,1441
1440,1534
1440,1548
1440,1713
1440,1959
1440,2508
1440,2746
1440,2803
1440,2832
1440,3015
1440,3316
1440,3770
1440,4313
1440,4490
1440,4953
1441,1747
1441,1784
1441,2131
1441,3321
1441,3732
1441,4622
1441,4660
1442,2370
1442,2399
1442,2414
1442,2419
1442,2790
1442,3397
1442,3531
1442,4128
1442,4395
1442,4486
1443,1616
1443,1836
1443,1916
1443,2273
1443,2774
1443,2883
1443,3142
1443,3567
1443,4143
1443,4405
1443,4642
1444,1855
1444,1910
1444,1958
1444,2291
1444,2588
1444,2818
1444,2978
1444,2980
1444,3089
1444,3134
1444,3160
1444,3294
1444,3719
1444,4040
1444,4667
1445,1521
1445,2585
1445,2879
1445,3375
1445,3501
1445,3923
1445,4454
1445,4587
1446,1546
1446,1610
1446,2663
1446,2696
1446,2701
1446,2827
1446,3305
1446,4041
1446,4267
1446,4269
1446,4544
1447,1612
1447,1889
1447,2343
1447,2879
1447,3289
1447,3646
1447,3802
1447,3803
1448,1547
1448,1760
1448,2809
1448,3098
1448,3642
1448,3715
1449,1508
1449,1827
1449,1874
1449,1898
1449,3754
1449,3903
1449,4572
1450,1946
1450,1978
1450,2047
1450,2182
1450,2909
1450,3195
1450,3240
1450,3872
1450,4087
1450,4219
1450,4243
1450,4704
1451,1596
1451,2026
1451,2878
1451,2970
1451,3145
1451,4125
1451,4195
1451,4704
1451,4981
1452,1635
1452,1716
1452,1881
1452,2045
1452,2086
1452,2540
1452,3015
1452,3317
1452,3672
1452,3798
1452,3822
1452,3905
1452,4315
1452,4415
1452,4798
1453,2199
1453,2764
1453,2912
1453,3551
1453,3864
1453,3865
1453,4305
1453,4624
1453,4742
1453,4776
1454,2708
1454,2822
1454,3020
1454,3227
1454,3349
1454,4523
1454,4658
1454,4681
1454,4856
1455,1458
1455,1481
1455,1658
1455,1923
1455,1988
1455,2009
1455,2083
1455,2251
1455,2271
1455,2402
1455,2440
1455,3322
1455,4039
1455,4749
1456,2709
1456,2964
1456,3327
1457,1694
1457,1722
1457,4034
1457,4289
1457,4374
1458,1850
1458,2132
1458,3447
1458,3473
1458,3864
1458,4484
1458,4584
1458,4771
1459,1497
1459,1627
1459,1944
1459,2189
1459,2198
1459,2205
1459,2217
1459,2306
1459,2443
1459,2819
1459,3434
1459,3657
1459,3680
1459,3840
1459,3907
1459,4160
1459,4815
1460,1976
1460,2452
1460,3230
1460,4183
1460,4470
1461,1693
1461,1696
1461,2035
1461,2531
1461,3007
1461,3495
1461,3735
1461,4508
1461,4659
1461,4724
1462,1976
1462,2747
1462,2869
1462,3722
1462,4112
1462,4519
1463,1612
1463,2101
1463,2794
1463,2970
1463,3460
1463,3523
1463,3643
1464,2288
1464,2304
1464,2334
1464,2480
1464,2675
1464,3003
1464,3565
1464,4114
1464,4270
1464,4510
1464,4524
1465,1944
1465,2504
1465,3599
1465,3653
1466,1523
1466,1566
1466,1629
1466,2334
1466,4386
1466,4493
1466,4596
1466,4660
1467,1962
1467,1981
1467,2997
1467,3108
1467,3484
1467,3635
1468,1845
1468,1878
1468,1908
1468,1968
1468,2105
1468,2202
1468,2337
1468,2670
1468,2876
1468,3582
1468,3607
1468,3818
1468,4464
1469,1624
1469,1664
1469,1796
1469,2010
1469,2690
1469,2990
1469,3522
1469,3549
1469,3655
1469,4311
1469,4447
1469,4967
1470,1934
1470,2000
1470,2619
1470,2639
1470,3029
1470,4240
1471,1533
1471,1690
1471,1795
1471,2555
1471,2795
1471,4316
1471,4500
1472,1704
1472,2363
1472,2490
1472,2507
1472,2844
1472,3478
1473,2312
1473,2707
1473,2920
1473,2974
1473,3156
1473,3217
1473,3782
1473,4593
1474,2562
1474,4517
1475,2073
1475,2453
1475,2713
1475,2717
1475,2945
1475,3008
1475,3230
1475,3231
1475,4536
1475,4680
1476,1955
1476,2294
1476,3088
1476,3195
1476,3936
1476,4549
1477,2361
1477,2369
1477,3851
1477,4197
1477,4901
1478,1549
1478,1633
1478,1636
1478,2055
1478,2514
1478,2985
1478,3969
1478,4187
1478,4206
1478,4537
1479,1608
1479,1721
1479,1804
1479,2593
1479,3133
1479,3641
1480,2614
1480,4252
1481,1544
1481,1638
1481,2156
1481,2214
1481,2329
1481,2488
1481,2609
1481,2820
1481,3310
1481,3460
1481,3556
1481,3905
1481,4007
1481,4149
1481,4461
1481,4931
1481,4964
1482,1926
1482,1986
1482,3122
1482,3913
1482,3971
1482,4279
1483,1569
1483,1751
1483,1762
1483,2128
1483,2228
1483,2427
1483,2463
1483,3035
1483,3449
1483,3847
1483,3862
1483,4705
1485,2445
1485,3170
1485,3567
1485,4947
1486,1728
1486,1739
1486,1964
1486,2079
1486,2186
1486,2226
1486,2591
1486,2651
1486,2834
1486,3722
1486,3951
1486,4668
1487,1586
1487,1785
1487,2041
1487,2480
1487,3027
1487,3422
1487,4027
1487,4209
1488,1977
1488,2444
1488,3468
1488,3736
1488,4721
1489,2348
1489,2688
1489,3441
1489,3652
1489,4103
1490,2641
1490,2734
1490,3254
1490,3576
1490,4219
1491,1557
1491,1792
1491,2220
1491,2447
1491,3052
1491,3538
1491,4092
1491,4337
1491,4921
1492,1588
1492,1629
1492,1809
1492,2248
1492,2816
1492,3790
1492,3814
1492,4119
1492,4201
1492,4314
1492,4615
1492,4654
1492,4910
1492,4935
1493,1674
1493,1819
1493,1905
1493,2553
1493,2589
1493,2608
1493,3118
1493,3424
1493,3879
1493,3966
1493,4076
1493,4260
1493,4370
1493,4782
1494,1718
1494,1844
1494,2130
1494,2684
1494,2831
1494,3140
1494,3327
1494,3369
1494,3396
1494,3534
1494,3791
1494,3811
1494,3999
1494,4017
1494,4146
1494,4223
1494,4361
1494,4478
1494,4988
1495,1559
1495,1842
1495,2987
1496,2489
1496,2506
1496,2525
1496,2565
1496,2630
1496,2970
1496,3397
1496,3698
1496,3762
1496,4581
1497,1513
1497,1911
1497,1930
1497,2107
1497,2383
1497,2575
1497,3270
1497,3323
1497,3455
1497,3599
1497,4136
1497,4330
1497,4976
1498,2347
1498,2518
1498,2777
1498,3345
1498,3401
1498,4714
1499,2316
1499,2573
1499,2956
1499,3684
1500,1851
1500,2072
1500,2602
1500,3784
1500,4220
1501,1762
1501,1926
1501,2011
1501,2582
1501,4243
1501,4494
1501,4552
1501,4660
1501,4759
1502,1578
1502,1695
1502,1981
1502,1997
1502,2460
1502,3050
1502,3104
1502,3187
1502,3326
1502,4151
1502,4981
1503,1616
1503,1635
1503,1744
1503,2016
1503,2032
1503,2119
1503,2145
1503,2166
1503,2176
1503,2211
1503,2743
1503,3456
1503,3629
1503,4214
1503,4545
1503,4990
1504,2774
1504,3218
1504,3242
1505,1923
1505,3026
1505,3745
1505,4176
1506,2271
1506,2396
1506,3986
1506,4532
1507,3235
1507,3937
1508,1770
1508,2191
1508,2301
1508,2563
1508,3890
1508,4620
1508,4679
1508,4756
1509,1589
1509,1768
1509,2289
1509,2646
1509,3415
1509,3653
1509,4258
1510,2010
1510,2266
1510,2275
1510,2456
1510,2630
1510,3418
1510,4594
1510,4637
1510,4789
1511,1761
1511,2101
1511,2222
1511,2794
1511,2820
1511,3747
1512,1893
1512,2464
1512,2560
1512,3300
1512,3537
1512,3722
1512,4718
1513,2203
1513,2256
1513,2425
1513,2456
1513,2960
1513,3030
1513,3275
1513,3358
1513,3612
1513,3804
1513,4036
1513,4198
1513,4531
1513,4666
1513,4883
1514,1516
1514,2649
1514,3866
1514,4799
1515,1588
1515,1814
1515,2212
1515,2303
1515,2442
1515,2998
1515,3356
1515,3662
1515,4268
1515,4325
1516,1555
1516,1658
1516,2117
1516,2181
1516,2420
1516,2606
1516,2675
1516,2988
1516,3288
1516,3537
1516,3804
1516,4151
1516,4621
1516,4965
1517,1552
1517,1706
1517,1787
1517,1814
1517,2493
1517,2800
1517,3036
1517,3989
1517,4000
1518,1852
1518,1944
1518,2020
1518,2051
1518,2277
1518,2552
1518,3025
1518,3047
1518,3697
1518,3743
1518,4257
1518,4520
1518,4748
1518,4766
1519,1534
1519,1871
1519,1894
1519,2107
1519,2155
1519,2398
1519,3090
1519,3393
1519,3470
1519,3961
1519,4561
1520,1693
1520,1976
1520,2954
1520,2978
1520,3206
1520,3675
1520,4031
1521,2418
1521,2856
1521,3083
1521,3367
1521,3853
1521,3938
1521,3954
1521,3957
1521,4773
1521,4979
1522,1525
1522,1751
1522,1993
1522,2257
1522,2676
1522,3147
1522,3220
1522,3476
1522,4203
1522,4263
1522,4624
1523,2210
1523,2535
1523,2602
1523,4012
1523,4546
1523,4818
1524,2063
1524,2338
1524,3203
1524,4002
1524,4269
1525,2096
1525,2778
1525,2976
1525,3255
1525,4026
1525,4590
1526,1859
1526,2019
1526,2036
1526,2152
1526,2204
1526,2260
1526,2438
1526,2448
1526,2452
1526,2556
1526,2755
1526,2856
1526,3359
1526,3413
1526,3521
1526,3549
1526,3736
1526,4412
1526,4822
1527,2508
1527,2658
1527,2708
1527,2791
1527,3295
1527,3377
1528,1795
1528,2452
1528,2511
1528,2715
1528,2840
1528,3390
1528,3615
1528,4497
1528,4502
1528,4984
1529,1685
1529,2525
1529,4283
1530,1587
1530,1684
1530,1728
1530,2241
1530,2961
1530,3167
1530,3613
1530,3870
1530,4638
1531,2993
1531,3610
1531,3646
1531,3771
1531,4066
1532,1544
1532,1776
1532,2347
1532,2460
1532,2743
1532,2801
1532,2894
1532,2916
1532,2939
1532,3233
1532,3476
1532,4082
1532,4128
1532,4416
1532,4467
1532,4859
1533,1611
1533,1747
1533,1836
1533,2039
1533,2268
1533,2905
1533,3925
1533,4334
1533,4430
1533,4570
1534,1792
1534,4049
1535,2437
1535,2543
1535,3731
1535,3802
1535,3805
1535,4863
1536,1702
1536,2137
1536,2451
1536,3041
1536,4774
1537,2262
1537,2267
1537,3690
1537,4616
1537,4875
1538,4321
1539,1765
1539,1830
1539,2405
1539,2443
1539,2603
1539,2654
1539,2661
1539,4140
1539,4246
1539,4490
1539,4591
1540,2237
1540,2403
1540,2438
1540,3230
1540,3695
1540,3763
1540,4187
1540,4284
1541,1920
1541,3129
1541,3302
1541,3999
1541,4334
1541,4618
1542,1799
1542,2251
1542,2353
1542,2892
1542,3170
1542,4298
1543,1575
1543,1897
1543,2066
1543,2259
1543,2295
1543,2486
1543,3534
1543,4400
1543,4976
1544,1599
1544,2037
1544,2255
1544,3242
1544,3608
1544,4324
1544,4570
1545,2093
1545,2281
1545,3924
1545,4262
1546,1855
1546,2545
1546,2730
1546,3593
1546,4712
1547,2642
1548,1865
1548,2081
1548,2188
1548,4614
1548,4885
1549,1739
1549,1865
1549,2053
1549,2141
1549,3143
1549,3857
1550,1922
1550,3128
1550,3976
1550,4278
1550,4487
1550,4489
1551,2160
1551,2323
1551,3119
1551,3249
1551,3293
1551,3438
1551,3590
1552,1607
1552,1638
1552,1912
1552,2813
1552,2914
1552,3611
1552,4004
1552,4110
1553,1959
1553,2464
1553,2782
1553,2838
1553,3451
1553,3631
1554,2668
1554,2670
1554,2770
1554,3190
1554,3268
1554,3292
1554,3460
1554,3659
1554,3948
1554,3970
1554,4042
1554,4074
1554,4472
1555,1775
1555,1777
1555,2032
1555,2237
1555,2320
1555,4242
1555,4348
1556,1566
1556,1617
1556,1877
1556,2305
1556,3101
1556,3252
1556,4004
1556,4060
1556,4282
1556,4389
1556,4600
1556,4653
1556,4903
1557,1646
1557,1761
1557,1823
1557,2481
1557,3337
1557,3833
1557,3990
1557,4268
1557,4867
1557,4978
1558,1815
1558,1826
1558,2158
1558,2359
1558,2550
1558,3191
1558,3589
1558,3741
1558,3955
1558,4279
1558,4409
1558,4899
1559,1749
1559,1949
1559,1959
1559,2151
1559,2499
1559,2813
1559,2963
1559,4304
1559,4858
1560,2683
1560,4098
1560,4194
1561,1630
1561,1845
1561,2567
1561,3205
1561,3282
1561,3982
1561,4117
1562,1596
1562,1747
1562,1864
1562,1970
1562,2773
1562,3351
1562,3362
1563,1965
1563,2406
1563,2767
1563,3437
1563,4389
1564,1657
1564,1855
1564,1999
1564,2134
1564,2563
1564,2764
1564,3897
1564,4075
1564,4155
1564,4176
1565,2260
1565,2267
1565,2280
1565,3128
1565,3823
1565,3892
1565,3913
1565,3930
1565,4820
1565,4840
1566,1590
1566,1731
1566,2534
1566,3154
1566,3282
1567,2741
1567,4620
1568,1593
1568,2126
1568,2187
1568,2230
1568,2384
1568,2447
1568,2568
1568,2740
1568,3059
1568,4299
1568,4561
1568,4869
1569,1603
1569,1879
1569,2074
1569,2159
1569,2504
1569,2956
1569,3124
1569,3881
1569,3883
1569,3943
1569,4520
1570,2009
1570,2101
1570,2549
1570,2726
1570,3036
1570,3433
1570,4633
1570,4955
1571,3034
1571,3418
1571,3423
1571,3927
1571,4405
1572,1639
1572,1786
1572,1911
1572,1992
1572,2032
1572,2033
1572,2756
1572,2910
1572,3150
1572,3927
1572,3931
1572,4648
1573,2330
1573,2632
1573,2819
1573,3459
1573,3590
1573,3950
1573,4461
1573,4478
1573,4683
1573,4809
1574,1943
1574,2414
1574,3615
1574,3902
1574,4908
1575,2125
1575,2913
1575,3909
1576,1732
1576,1770
1576,1827
1576,1920
1576,2225
1576,2519
1576,2837
1576,3380
1576,4454
1577,1825
1577,2024
1577,2105
1577,2244
1577,2680
1577,2681
1577,2982
1577,3615
1577,3650
1577,3872
1577,4060
1577,4354
1577,4503
1577,4897
1578,1980
1578,3017
1578,3232
1578,3445
1578,4198
1578,4432
1578,4598
1578,4729
1579,1592
1579,1609
1579,1717
1579,1975
1579,2048
1579,2134
1579,2159
1579,2525
1579,2736
1579,2925
1579,3230
1579,3838
1579,4912
1579,4961
1580,1814
1580,1849
1580,1939
1580,2276
1580,2578
1580,2863
1580,3124
1580,3410
1580,3444
1580,3928
1580,4106
1580,4607
1580,4736
1581,2118
1581,3453
1581,3768
1581,4354
1582,3707
1582,3800
1582,4545
1583,2388
1583,2542
1583,3212
1583,4877
1584,1634
1584,1984
1584,2048
1584,3131
1584,3169
1584,3318
1584,3346
1584,3546
1584,3652
1584,3758
1584,3878
1584,4106
1584,4344
1584,4795
1584,4865
1584,4959
1585,1633
1585,2180
1586,1638
1586,1844
1586,2092
1586,3050
1586,3180
1586,3344
1586,3521
1586,4346
1586,4444
1586,4484
1586,4583
1586,4745
1586,4857
1587,2685
1587,2828
1587,3003
1587,3261
1587,4268
1587,4402
1587,4659
1587,4908
1588,1938
1588,2264
1588,2967
1588,4673
1588,4829
1589,1734
1589,1944
1589,2014
1589,2341
1589,4554
1589,4938
1590,2237
1590,4084
1591,1709
1591,1918
1591,2024
1591,4061
1591,4411
1592,1861
1592,1893
1592,2217
1592,2401
1592,2659
1592,3488
1592,4417
1592,4902
1593,2397
1593,2415
1593,2481
1593,2636
1593,3365
1593,3539
1593,3667
1593,4344
1593,4631
1594,2503
1594,2588
1594,3067
1594,3455
1594,3809
1594,4001
1594,4593
1595,1853
1595,2125
1595,2225
1595,3112
1595,3691
1595,3902
1595,4026
1596,1848
1596,1970
1596,1971
1596,2189
1596,2200
1596,2315
1596,2815
1596,2877
1596,3018
1596,3097
1596,3171
1596,3491
1596,4794
1597,1691
1597,1743
1597,1832
1597,2003
1597,2102
1597,2162
1597,2295
1597,2850
1597,3034
1597,3115
1597,3444
1597,3527
1597,3581
1597,4185
1597,4430
1597,4521
1597,4581
1598,1996
1598,2059
1598,2200
1598,2677
1598,2887
1598,3397
1598,3937
1598,4195
1598,4219
1598,4307
1599,1794
1599,3025
1599,3117
1599,3295
1599,3554
1599,3619
1599,4447
1599,4932
1600,1629
1600,2622
1600,2791
1600,2800
1600,3288
1600,3727
1600,4373
1600,4540
1600,4851
1601,2703
1601,4382
1602,1613
1602,1797
1602,1807
1602,1955
1602,2279
1602,2281
1602,2580
1602,2676
1602,2924
1602,3518
1603,2440
1603,3793
1603,4728
1604,2198
1604,2603
1604,2630
1604,2728
1604,2737
1604,2804
1604,4067
1604,4072
1604,4157
1604,4345
1604,4475
1605,1852
1605,2034
1605,2191
1605,2273
1605,2331
1605,3162
1605,3973
1605,4010
1605,4030
1605,4046
1605,4422
1606,1919
1606,2579
1606,2700
1606,4613
1606,4936
1607,1840
1607,2672
1607,2840
1607,3090
1607,3136
1607,4213
1607,4541
1607,4688
1608,2052
1608,2566
1608,2962
1608,4191
1609,2019
1609,2677
1609,2742
1609,3967
1609,4146
1609,4780
1610,2270
1610,2527
1610,2817
1610,3721
1611,1899
1611,2423
1611,2908
1611,3639
1611,3693
1611,3782
1611,4197
1612,1800
1612,2618
1612,3160
1612,3855
1612,3952
1613,2562
1613,2567
1613,2855
1613,4226
1613,4668
1614,1755
1614,1860
1614,2085
1614,2136
1614,2349
1614,2489
1614,2516
1614,2600
1614,2837
1614,2914
1614,3231
1614,3497
1614,3520
1614,3901
1614,3919
1614,4505
1614,4747
1615,2119
1615,2625
1615,3262
1615,3276
1615,3305
1615,3498
1615,3504
1615,4064
1615,4872
1616,1644
1616,2174
1616,2303
1616,2401
1616,2507
1616,2740
1616,2935
1616,3136
1616,3406
1616,4329
1617,2658
1617,3520
1617,4244
1617,4681
1618,1665
1618,1704
1618,1861
1618,1889
1618,2803
1618,2882
1618,2957
1618,4384
1619,2344
1619,2354
1619,3311
1619,3393
1619,3427
1619,3533
1620,1909
1620,2706
1620,3125
1620,3201
1620,3624
1620,4272
1621,2464
1621,3859
1621,4059
1621,4436
1622,1687
1622,2372
1622,2382
1622,2567
1622,2594
1622,2870
1622,2873
1622,3135
1622,3548
1622,3689
1622,4123
1622,4214
1622,4407
1622,4819
1622,4957
1623,1743
1623,1974
1623,3334
1623,4030
1623,4264
1624,2131
1624,2432
1624,2571
1624,3004
1624,3867
1624,3927
1624,4220
1624,4682
1625,1742
1625,1770
1625,1869
1625,3175
1625,4366
1625,4638
1625,4871
1625,4973
1626,1633
1626,1675
1626,1758
1626,1847
1626,2167
1626,2187
1626,2190
1626,2220
1626,2472
1626,3017
1626,3353
1626,4426
1626,4723
1626,4965
1626,4980
1627,2281
1627,2730
1627,2996
1627,4649
1627,4927
1628,1935
1628,2956
1628,4146
1628,4281
1629,1682
1629,1804
1629,1902
1629,2344
1629,2367
1629,2582
1629,3105
1629,3441
1629,3661
1629,3794
1629,4033
1629,4879
1629,4904
1630,1659
1630,2057
1630,2214
1630,3659
1631,1719
1631,1772
1631,1889
1631,2056
1631,2295
1631,2604
1631,2611
1631,2613
1631,4274
1631,4390
1631,4877
1632,1663
1632,2693
1632,2775
1632,3081
1632,3841
1632,4058
1632,4159
1632,4400
1632,4465
1633,1854
1633,1885
1633,2051
1633,2118
1633,2256
1633,2297
1633,2407
1633,2517
1633,2716
1633,2749
1633,2904
1633,2967
1633,2979
1633,3131
1633,3254
1633,3504
1633,3523
1633,3525
1633,4538
1633,4582
1633,4671
1633,4812
1634,2912
1634,3091
1634,3238
1634,4105
1634,4633
1634,4701
1635,2072
1635,2385
1635,2386
1635,2592
1635,3225
1635,3829
1635,3871
1635,4305
1635,4623
1636,1790
1636,1986
1636,2089
1636,2126
1636,2386
1636,3708
1636,3713
1636,3766
1636,4851
1636,4891
1637,2011
1637,3156
1637,4858
1638,1873
1638,2247
1638,3227
1638,4353
1638,4523
1638,4721
1638,4803
1638,4930
1639,1649
1639,1655
1639,2010
1639,2274
1639,2561
1639,2600
1639,2624
1639,3544
1639,3851
1639,4083
1639,4485
1640,1856
1640,1961
1640,2228
1640,2432
1640,2952
1640,4747
1640,4869
1641,1820
1641,2657
1641,3755
1641,3756
1641,4468
1641,4599
1642,2407
1642,2413
1642,2706
1642,2741
1642,3761
1642,4756
1643,1699
1643,2025
1643,3036
1643,4013
1644,2016
1644,2241
1644,2438
1644,2520
1644,2849
1644,3012
1644,3577
1644,3718
1644,4103
1645,1744
1645,1966
1645,2425
1645,2691
1645,3817
1645,3908
1646,2214
1646,2467
1646,3025
1646,3331
1646,4341
1646,4448
1646,4741
1647,1662
1647,1823
1647,2640
1647,3720
1647,3899
1647,4266
1648,1985
1648,2362
1648,2467
1648,3135
1648,3211
1648,3241
1648,4317
1648,4757
1649,2167
1649,2197
1649,2262
1649,2923
1649,2999
1649,3060
1649,4853
1650,1824
1650,2098
1650,3163
1650,3352
1650,3758
1650,3852
1651,2542
1651,2587
1651,2630
1651,3091
1651,4170
1651,4217
1651,4391
1651,4837
1651,4952
1652,2089
1652,2994
1652,4014
1652,4932
1653,2737
1653,3139
1653,3306
1653,3518
1653,3900
1653,4533
1654,2090
1654,2343
1654,2598
1654,2661
1654,2922
1654,3254
1654,3740
1654,3855
1655,1660
1655,2550
1655,4186
1655,4209
1656,1714
1656,2416
1656,2592
1656,2803
1656,2809
1656,3011
1656,3297
1657,2553
1657,3198
1657,3326
1657,4605
1658,2885
1658,3244
1658,3912
1658,4808
1659,1727
1659,1750
1659,2080
1659,2461
1659,3001
1660,1696
1660,1703
1660,2099
1661,1963
1661,2492
1661,4646
1661,4827
1662,1779
1662,3070
1662,3434
1662,3729
1662,4028
1662,4047
1663,1677
1663,2179
1663,2615
1663,3630
1663,3670
1663,3736
1663,3983
1663,4099
1663,4687
1664,1714
1664,1769
1664,2503
1664,3002
1664,3332
1664,3497
1664,3550
1664,3676
1664,3737
1664,3828
1664,4344
1665,1860
1665,3378
1665,3871
1665,4777
1666,1776
1666,4524
1666,4922
1666,4982
1667,2351
1667,3162
1667,3568
1667,3611
1667,3756
1667,3926
1667,4094
1668,1841
1668,2036
1668,3083
1668,3756
1668,4028
1668,4286
1668,4594
1669,2700
1669,3170
1669,3302
1669,3538
1669,3627
1670,1737
1670,1854
1670,1988
1670,2080
1670,2238
1670,2688
1670,2731
1670,2851
1670,2948
1670,3676
1670,3765
1670,3859
1670,4074
1670,4105
1670,4140
1670,4594
1671,1678
1671,1752
1671,1811
1671,1863
1671,2474
1671,2639
1671,2752
1671,3384
1671,3429
1671,3929
1671,4465
1671,4493
1671,4696
1672,2596
1672,2738
1672,3563
1672,4161
1672,4433
1673,1762
1673,1960
1673,1996
1673,2060
1673,2218
1673,2336
1673,2836
1673,3021
1673,3182
1673,3316
1673,3353
1673,3483
1673,3590
1673,4001
1673,4121
1673,4169
1673,4549
1674,1980
1674,2178
1674,2670
1674,2966
1674,3167
1674,3264
1675,2087
1676,2197
1676,2525
1676,3067
1676,3575
1676,3985
1676,4098
1676,4346
1676,4526
1676,4680
1676,4769
1677,2198
1677,3587
1677,4108
1677,4560
1678,2309
1678,2311
1678,2422
1678,3468
1678,3574
1678,3686
1678,4100
1679,2280
1679,2345
1679,2549
1679,2830
1679,3652
1679,3861
1679,3880
1679,4805
1680,2377
1680,3481
1680,3680
1680,3830
1680,4231
1681,1880
1681,2348
1681,3222
1681,3464
1681,3950
1681,4831
1682,2147
1682,2169
1682,2893
1682,3174
1682,3873
1682,4712
1683,1919
1683,2423
1683,2743
1683,3139
1683,3268
1683,3992
1683,4685
1684,1821
1684,1981
1684,2129
1684,2266
1684,2824
1684,3002
1684,3638
1684,3939
1684,4102
1684,4290
1685,1706
1685,1831
1685,1922
1685,2863
1685,2935
1685,3053
1685,3264
1685,3326
1685,3440
1685,3474
1685,3541
1685,3700
1685,4146
1685,4603
1685,4767
1685,4809
1686,2260
1686,2563
1686,2588
1686,2697
1686,3041
1686,3574
1686,4268
1686,4505
1687,1710
1687,2295
1687,2308
1687,2603
1687,2858
1687,4009
1687,4482
1688,1941
1688,2235
1688,2590
1688,2626
1688,3311
1689,2190
1689,2742
1689,3247
1690,2248
1690,2701
1690,3384
1690,4585
1691,2135
1691,2407
1691,3540
1691,3861
1691,3902
1691,4085
1692,1733
1692,2415
1692,2474
1692,2536
1692,3200
1692,3517
1692,3521
1692,3664
1692,3761
1692,3964
1692,3987
1692,4092
1692,4720
1692,4750
1693,2249
1693,2408
1693,3429
1693,4334
1693,4509
1693,4523
1694,1729
1694,2223
1694,2304
1694,2325
1694,2511
1694,2619
1694,3418
1694,3946
1695,2520
1695,2580
1695,2642
1695,2697
1695,3493
1695,4304
1695,4315
1695,4633
1696,1738
1696,1923
1696,2224
1696,2261
1696,2426
1696,3006
1696,3122
1696,3318
1696,3383
1696,3474
1696,3919
1696,4388
1696,4678
1697,1937
1697,2621
1697,2722
1697,2924
1697,3937
1697,4062
1697,4232
1697,4523
1698,1732
1698,1734
1698,1803
1698,1995
1698,2061
1698,2544
1698,2889
1698,3257
1698,3486
1698,3504
1698,4286
1699,2292
1699,3029
1699,3544
1699,4002
1699,4563
1699,4610
1700,2317
1700,2967
1700,3325
1700,3353
1700,3487
1700,3606
1700,3610
1700,3860
1700,4775
1701,2146
1701,2814
1701,3029
1701,3274
1701,3326
1701,3962
1701,4516
1701,4815
1702,2199
1702,2490
1702,2858
1702,3350
1702,4319
1703,2073
1703,2518
1703,3332
1703,3645
1703,4446
1703,4723
1704,2157
1704,2985
1704,3914
1705,2543
1705,2649
1705,2797
1705,3049
1705,3164
1705,3462
1705,4298
1705,4471
1705,4730
1706,1864
1706,2730
1706,3344
1706,3472
1706,3634
1706,4823
1706,4861
1706,4876
1707,2129
1707,2426
1707,2464
1707,2606
1707,3933
1707,4350
1707,4908
1708,2115
1708,2702
1708,2774
1708,3366
1709,1958
1709,2050
1709,2133
1709,2476
1709,3641
1709,4178
1709,4394
1709,4744
1710,2410
1710,2480
1710,2722
1710,2938
1710,2960
1711,1763
1711,1945
1711,2723
1711,2890
1711,3356
1711,3392
1711,3770
1711,4430
1711,4554
1712,2295
1712,2811
1712,3552
1712,4574
1713,1863
1713,2231
1713,2335
1713,2493
1713,2944
1713,3100
1713,4335
1713,4494
1714,1739
1714,1889
1714,1932
1714,2815
1714,3225
1714,3581
1714,3682
1714,3846
1715,2149
1715,2194
1715,2586
1715,2811
1715,3133
1715,3811
1715,4102
1715,4107
1715,4109
1715,4205
1715,4261
1715,4351
1715,4716
1715,4965
1716,1820
1716,2221
1716,2312
1716,2415
1716,2528
1716,2706
1716,3081
1716,3320
1716,3365
1716,3461
1716,3816
1717,2197
1717,2370
1717,3196
1717,3406
1717,3562
1718,3377
1718,3390
1718,3414
1718,3571
1718,3735
1718,4290
1719,2021
1719,2271
1719,2341
1719,2751
1719,3349
1719,3906
1719,3973
1720,2517
1720,3271
1720,3273
1720,3353
1720,3375
1720,3536
1720,3908
1720,4374
1721,2763
1721,3024
1721,3241
1721,4114
1721,4247
1722,4263
1723,1934
1723,2500
1723,2570
1723,2760
1723,4314
1723,4491
1723,4549
1724,2073
1724,2741
1724,4658
1725,1865
1725,2753
1725,3525
1725,4511
1726,2172
1726,2620
1726,3332
1727,2561
1727,2877
1727,3863
1727,4341
1728,1831
1728,2046
1728,2052
1728,2343
1728,2645
1728,2844
1728,3011
1728,3256
1728,3459
1728,3835
1729,1730
1729,1953
1729,2421
1729,3246
1729,3328
1729,3674
1729,3805
1729,3906
1729,4592
1730,3042
1730,3094
1730,3269
1730,3468
1730,3760
1730,4080
1730,4351
1731,1768
1731,2178
1731,2345
1731,2498
1731,2500
1731,2540
1731,2872
1731,3232
1731,3324
1731,3564
1731,3795
1732,2309
1732,2848
1732,2882
1732,3016
1733,3027
1733,3705
1733,3762
1734,2268
1734,2477
1734,3959
1734,4377
1734,4667
1735,2057
1735,2110
1735,2890
1735,3870
1735,4058
1735,4086
1735,4234
1736,1892
1736,2499
1736,2603
1736,2689
1736,3176
1736,3196
1736,3375
1736,4840
1737,2320
1737,2380
1737,2419
1737,2608
1737,4182
1737,4963
1738,2556
1738,2745
1738,2989
1738,3362
1738,3542
1739,1900
1739,1913
1739,2049
1739,2097
1739,3343
1739,3715
1739,3961
1739,4363
1739,4770
1739,4835
1740,2287
1740,3347
1741,1872
1741,3920
1741,4040
1742,2195
1742,2260
1742,3951
1743,1794
1743,2042
1743,2519
1743,2527
1743,2889
1743,3280
1744,2799
1744,2884
1744,4415
1745,1832
1745,1936
1745,2434
1745,3234
1746,1750
1746,1828
1746,1992
1746,2010
1746,2241
1746,2274
1746,2599
1746,2934
1746,3027
1746,3109
1746,4255
1746,4434
1746,4543
1747,2107
1747,2473
1747,3530
1747,4261
1747,4990
1748,2503
1748,3527
1748,3728
1749,2440
1749,2772
1749,3132
1749,3208
1749,4820
1749,4995
1750,2017
1750,4069
1750,4907
1751,2061
1751,2116
1751,2164
1751,2194
1751,4323
1751,4684
1752,1969
1752,3651
1752,3870
1752,4797
1753,2543
1753,2903
1753,3803
1753,4269
1753,4509
1753,4654
1754,2188
1754,3619
1754,4878
1754,4912
1754,4961
1755,2072
1755,2384
1755,2396
1755,2512
1755,2645
1755,2777
1755,4991
1755,4996
1756,2461
1756,2631
1756,2694
1756,4387
1756,4904
1756,4943
1757,2115
1757,2946
1757,3123
1757,3515
1757,4071
1757,4332
1758,1914
1758,2343
1758,2789
1758,2812
1758,3807
1758,4404
1759,1832
1759,2126
1759,2631
1759,2638
1759,3507
1759,3620
1759,3733
1759,3907
1759,4345
1760,2173
1760,2357
1760,2449
1760,2712
1760,3048
1760,3531
1760,4252
1761,2494
1761,2628
1761,2821
1761,2876
1761,3336
1761,3392
1761,3757
1761,4043
1761,4132
1761,4310
1761,4630
1762,2891
1762,2919
1762,3437
1762,3596
1763,2840
1763,3180
1763,3480
1763,4043
1764,1900
1764,2867
1764,3680
1764,4778
1765,1994
1765,2130
1765,3038
1765,3138
1765,4050
1765,4166
1765,4399
1765,4750
1766,1934
1766,2938
1766,3149
1766,4256
1766,4632
1767,1901
1767,2497
1767,2846
1767,4484
1768,2618
1768,2714
1768,3059
1768,4189
1768,4226
1768,4536
1768,4911
1768,4926
1769,1880
1769,2449
1769,2610
1769,2870
1769,3626
1769,4766
1770,2524
1770,3409
1770,3520
1770,4527
1770,4738
1771,2137
1771,2164
1771,2242
1771,2422
1771,3095
1771,3151
1771,3666
1771,3679
1771,3756
1771,4341
1771,4689
1772,1868
1772,1989
1772,2201
1772,2354
1772,2394
1772,3252
1772,3452
1772,3668
1772,3885
1772,4661
1773,2845
1773,3025
1773,3284
1773,3992
1774,4700
1775,2617
1775,3574
1776,2403
1776,2737
1776,2978
1776,3030
1776,3157
1776,3968
1777,3220
1777,3842
1777,4361
1778,1940
1778,2302
1778,2626
1778,2931
1778,3825
1778,4050
1778,4408
1779,1984
1779,2046
1779,2189
1779,2429
1779,2724
1779,3256
1779,3305
1779,3338
1779,3731
1779,3802
1779,3862
1779,4768
1780,1814
1780,2134
1780,2363
1780,2576
1780,4766
1781,2551
1781,3970
1781,4292
1782,2066
1782,2195
1782,2332
1782,2533
1782,3488
1782,3599
1782,3606
1782,3862
1782,4264
1783,2943
1783,3226
1783,3567
1783,3886
1784,4513
1785,2103
1785,2249
1785,2323
1785,2638
1785,3112
1785,3248
1785,3335
1785,3603
1785,4120
1785,4259
1785,4920
1785,4949
1786,1805
1786,2384
1786,3178
1786,3432
1786,4589
1787,1856
1787,2852
1788,2060
1788,2219
1788,2257
1788,2265
1788,2734
1788,3181
1788,3374
1788,3555
1788,3650
1788,3906
1789,3160
1789,4687
1789,4848
1790,3022
1790,3881
1790,3895
1790,3966
1790,4298
1790,4736
1791,2348
1791,3084
1791,3270
1791,4251
1792,1925
1792,2025
1792,2047
1792,2400
1792,2895
1792,3813
1792,3822
1793,2483
1793,2721
1794,1982
1794,2040
1794,2460
1794,2869
1794,4018
1794,4930
1795,1835
1795,2356
1795,2487
1795,3111
1795,3164
1795,3301
1795,3356
1795,3809
1795,3855
1795,4547
1795,4665
1795,4833
1796,1877
1796,2715
1796,2823
1796,3045
1796,3363
1796,3723
1796,4432
1797,2005
1797,3134
1797,3554
1797,4033
1797,4367
1797,4612
1797,4768
1798,2152
1798,2885
1798,3449
1798,3519
1799,2314
1799,2322
1799,2483
1799,2942
1799,3202
1799,3494
1799,4155
1799,4513
1800,1996
1800,2744
1800,3431
1800,3688
1800,4248
1800,4327
1800,4388
1801,2676
1801,3652
1801,3891
1801,3987
1802,1872
1802,2350
1802,2477
1802,2971
1802,3187
1802,3442
1802,3545
1802,3844
1802,4109
1803,2691
1803,3007
1803,3177
1803,3394
1803,4468
1803,4862
1803,4898
1804,4325
1804,4536
1804,4689
1805,2014
1805,2091
1805,2982
1805,3053
1805,3306
1805,3516
1806,1971
1806,2793
1806,3384
1806,3449
1806,4360
1806,4560
1807,2722
1807,3509
1807,4327
1807,4651
1808,2158
1808,2659
1808,3996
1809,2175
1809,2720
1809,3080
1809,3598
1809,3898
1809,4207
1809,4445
1809,4502
1809,4969
1810,2097
1810,3052
1810,3233
1810,3860
1810,3950
1810,4259
1810,4615
1810,4754
1810,4963
1811,1832
1811,1979
1811,2054
1811,2669
1811,3244
1811,3517
1811,3599
1811,3794
1811,4459
1812,1922
1812,2188
1813,2028
1813,2175
1813,2269
1813,2369
1813,2812
1813,2841
1813,3121
1813,3550
1813,4163
1813,4901
1814,1941
1814,2351
1814,2714
1814,3207
1814,3979
1814,4348
1815,1928
1815,2078
1815,3481
1816,2948
1816,3185
1816,3396
1816,3620
1816,3917
1816,4373
1816,4425
1817,1997
1817,2053
1817,2203
1817,2207
1817,2561
1817,2615
1817,3447
1817,3819
1817,4350
1817,4402
1818,2023
1818,2477
1818,2986
1818,3785
1818,4578
1818,4875
1819,2100
1819,2413
1819,2477
1819,3634
1819,4963
1820,1874
1820,1917
1820,2750
1820,3207
1820,3760
1820,4086
1820,4554
1820,4889
1821,2064
1821,2710
1821,3230
1821,3315
1821,3334
1821,3681
1821,3865
1822,1892
1822,2140
1822,2178
1822,2487
1822,2694
1822,2977
1822,3141
1822,3316
1822,3356
1822,4629
1822,4994
1823,2210
1823,2266
1823,2444
1823,2734
1823,2743
1823,2778
1823,3669
1823,4070
1823,4477
1823,4884
1824,2208
1824,2551
1824,2929
1824,3010
1824,3021
1824,3196
1824,3635
1824,3740
1824,4323
1824,4685
1825,2173
1825,2560
1825,2633
1825,3500
1825,4994
1826,1958
1826,2634
1826,3333
1827,2163
1827,2192
1827,3813
1827,3864
1828,1895
1828,1961
1828,3188
1828,3291
1828,3717
1828,3873
1828,4064
1828,4074
1828,4761
1828,4957
1829,1913
1829,2326
1829,2347
1829,2692
1829,3841
1829,4125
1829,4370
1829,4665
1829,4724
1830,1852
1830,2098
1830,2426
1830,3317
1830,3609
1831,1990
1831,3429
1831,4095
1832,2321
1832,2613
1832,2734
1833,1975
1833,2387
1833,2754
1833,2755
1833,3702
1833,3966
1833,3996
1833,4276
1833,4900
1834,2682
1834,2861
1834,4051
1834,4260
1835,2335
1835,4755
1836,2157
1836,2345
1836,2427
1836,3218
1836,3256
1836,3286
1836,3371
1836,3464
1836,3562
1836,4242
1836,4806
1837,2368
1837,2784
1837,4109
1838,3687
1839,2282
1839,2575
1840,2049
1840,2972
1840,3902
1840,4059
1841,1931
1841,1973
1841,2133
1841,2222
1841,2402
1841,3528
1841,4042
1841,4320
1841,4744
1841,4866
1842,1914
1842,2216
1842,2321
1842,2450
1842,2914
1842,3268
1842,3728
1842,3983
1842,4068
1842,4411
1842,4840
1843,1916
1843,2104
1843,2444
1843,2480
1843,2836
1843,3737
1843,4941
1844,1895
1844,3152
1844,3304
1844,4135
1844,4780
1845,2162
1845,2613
1845,2645
1845,2690
1845,2908
1845,3267
1845,3412
1845,3964
1845,4497
1845,4632
1845,4651
1846,1889
1846,3216
1846,3884
1848,1971
1848,3206
1848,3302
1848,3604
1848,3642
1848,3780
1848,4305
1848,4352
1849,2204
1849,2496
1849,2542
1849,2924
1849,2925
1849,3034
1849,3457
1849,3892
1849,4047
1849,4624
1849,4986
1850,1874
1850,4557
1850,4579
1851,2639
1851,2988
1851,4008
1851,4360
1851,4786
1851,4908
1851,4969
1852,2445
1852,2911
1852,3399
1852,3602
1852,4047
1852,4746
1852,4778
1853,3625
1853,3708
1854,2102
1854,2733
1854,3322
1854,4234
1854,4311
1854,4352
1854,4682
1855,3279
1855,4002
1855,4024
1856,1909
1856,2029
1856,2459
1856,2510
1856,2943
1856,3584
1856,4337
1857,3690
1857,4476
1858,1946
1858,2310
1858,2324
1858,2837
1859,2416
1859,3248
1859,4161
1859,4207
1859,4782
1860,1946
1860,2154
1860,2630
1860,2968
1861,1910
1861,2147
1861,2666
1861,2736
1861,3012
1861,3130
1861,3481
1861,3759
1861,3988
1861,4429
1862,1974
1862,2307
1862,2862
1862,2890
1862,3228
1862,3486
1862,4054
1863,2442
1864,1888
1864,2611
1864,2846
1865,1869
1865,2022
1865,2038
1865,2193
1865,2704
1865,3269
1865,3409
1865,4138
1865,4325
1865,4419
1866,2142
1866,2263
1866,2391
1866,2723
1866,2773
1866,2956
1866,3115
1866,3580
1866,3977
1866,4066
1866,4308
1867,2354
1867,2557
1867,2929
1867,3096
1867,3760
1867,3842
1867,4208
1868,3529
1868,4599
1869,2174
1869,2229
1869,2716
1869,2782
1869,3232
1869,3524
1869,4379
1869,4381
1870,2003
1870,2108
1870,2429
1870,2546
1870,2693
1870,3024
1870,3071
1870,3156
1870,4630
1870,4634
1871,1955
1871,2662
1871,2866
1871,2880
1871,3005
1871,3052
1871,3301
1871,3420
1871,3584
1871,3939
1871,4227
1871,4636
1871,4695
1872,2203
1872,2259
1872,2279
1872,4649
1872,4771
1873,2222
1873,2621
1873,3923
1873,4016
1873,4053
1873,4094
1873,4380
1873,4605
1874,2233
1874,2655
1874,2861
1874,4637
1875,2457
1875,2781
1875,2878
1875,3057
1875,3122
1875,3669
1875,3948
1875,4325
1875,4472
1875,4697
1876,3021
1876,3675
1876,3885
1876,4565
1877,2096
1877,2112
1877,2220
1877,2740
1877,2949
1877,3272
1877,3359
1877,4317
1878,2358
1878,2892
1878,3029
1878,3237
1878,3266
1878,3346
1878,4102
1878,4709
1878,4885
1879,2162
1879,2163
1879,2170
1879,2563
1879,2816
1879,3136
1879,3517
1879,3908
1879,3994
1879,4127
1880,2597
1880,3073
1880,3412
1880,3483
1880,4814
1880,4890
1881,2081
1881,2604
1881,3420
1882,2115
1882,2152
1882,2726
1882,3598
1882,3878
1882,3928
1882,4221
1883,2097
1883,2547
1883,2845
1883,3117
1883,3518
1883,4024
1883,4524
1883,4785
1885,2422
1885,2864
1885,2902
1885,3331
1885,3364
1885,4044
1885,4366
1886,2629
1886,3953
1886,4027
1886,4591
1887,2310
1887,2436
1887,2458
1887,2467
1887,2825
1887,3310
1887,3522
1887,3980
1887,3999
1887,4055
1887,4496
1887,4603
1887,4967
1888,2867
1888,2877
1888,3882
1888,4150
1888,4398
1889,1915
1889,2087
1889,2196
1889,3378
1889,4023
1890,2160
1890,2300
1890,2367
1890,2409
1890,2583
1890,3055
1890,3419
1890,3462
1890,3486
1890,3540
1890,3928
1890,4165
1890,4356
1891,2559
1891,3289
1891,3700
1892,2273
1892,3258
1892,4690
1893,2938
1893,2952
1893,3247
1893,3375
1893,3845
1893,3944
1893,4056
1893,4676
1894,2363
1894,2475
1894,3298
1894,3713
1894,4393
1894,4543
1894,4629
1894,4850
1895,1916
1895,3019
1895,3024
1895,3079
1895,3107
1895,3339
1895,3896
1896,3094
1896,3187
1896,3857
1896,4076
1896,4256
1896,4273
1896,4310
1896,4518
1896,4756
1897,2060
1897,2170
1897,2724
1897,2979
1898,2753
1898,4888
1899,2180
1899,2655
1899,3676
1900,2204
1900,2313
1900,2472
1900,3131
1901,2097
1901,2240
1901,2380
1901,2558
1901,4097
1902,2541
1902,3072
1902,3243
1902,3548
1902,3636
1902,3794
1902,4441
1902,4929
1903,2019
1903,2180
1903,2565
1903,3185
1903,3658
1903,3932
1903,4787
1904,2954
1904,3047
1904,3243
1904,3296
1904,4866
1904,4878
1905,3927
1906,2341
1906,2991
1906,3006
1906,4420
1906,4546
1906,4677
1907,3571
1907,3695
1907,4920
1908,1965
1908,2062
1908,2127
1908,2281
1908,2891
1908,2944
1908,3880
1908,4123
1909,2098
1909,3822
1909,4405
1910,1914
1910,1997
1910,2849
1910,3424
1911,2271
1911,2608
1911,4334
1911,4797
1912,2030
1912,2143
1912,2388
1912,2516
1912,3006
1912,3185
1912,3577
1912,4041
1912,4043
1912,4490
1912,4522
1912,4605
1913,2355
1913,3835
1913,4250
1913,4599
1914,2550
1914,2644
1914,2884
1914,4616
1915,2782
1915,3048
1915,3231
1915,4076
1916,2576
1916,4276
1916,4724
1917,2773
1917,2833
1917,2954
1917,3022
1917,3155
1917,3490
1917,4905
1917,4921
1918,2026
1918,2411
1918,2438
1918,3149
1918,3157
1918,3477
1918,4550
1918,4744
1918,4775
1918,4866
1918,4949
1919,2797
1919,3277
1920,2413
1920,4691
1920,4930
1921,2216
1921,2231
1921,2232
1921,2593
1921,2614
1921,2643
1921,2796
1921,2872
1921,3115
1921,3198
1921,3397
1921,3869
1921,4121
1921,4339
1921,4555
1921,4866
1921,4976
1922,2235
1922,2437
1922,2703
1922,3152
1922,3619
1922,4461
1923,2067
1923,2556
1923,2765
1923,3146
1923,3829
1924,1973
1924,2706
1924,3068
1924,3533
1924,4182
1924,4351
1924,4413
1924,4589
1925,2586
1925,2672
1925,3116
1925,3513
1925,3850
1925,3855
1925,3869
1925,3995
1925,4183
1925,4411
1926,2114
1926,2476
1926,2863
1926,4389
1926,4409
1927,2177
1927,2479
1927,2767
1927,3878
1927,4361
1927,4910
1928,1931
1928,2242
1928,2320
1928,3224
1928,3884
1929,1954
1929,3172
1929,3410
1929,3533
1929,3856
1929,4105
1929,4440
1929,4644
1930,1981
1930,2371
1930,2624
1930,2695
1930,3131
1930,3911
1931,2027
1931,2077
1931,2802
1931,3519
1931,4698
1931,4850
1932,2046
1932,2333
1932,2502
1932,2759
1932,4026
1932,4138
1932,4197
1933,2207
1933,2397
1933,3205
1933,4087
1933,4767
1933,4895
1933,4957
1934,2543
1934,2734
1934,2756
1934,3221
1934,3872
1935,1952
1935,2086
1935,2569
1935,3183
1935,3487
1935,3566
1935,3701
1935,3850
1935,4475
1935,4625
1935,4904
1935,4975
1936,2583
1936,3385
1936,3591
1936,3812
1936,3935
1937,2311
1937,2505
1937,2857
1937,2910
1937,3252
1937,3304
1937,3446
1938,2464
1938,3219
1938,3233
1938,4206
1938,4507
1939,1947
1939,1981
1940,2378
1940,2598
1940,2893
1940,3425
1940,4879
1941,3189
1941,3205
1941,3735
1941,4132
1941,4357
1941,4582
1941,4918
1942,1990
1942,2792
1942,3061
1942,4459
1942,4752
1942,4997
1943,2012
1943,2380
1943,2498
1943,2585
1943,2915
1943,2923
1943,3526
1943,3703
1943,4047
1943,4129
1943,4177
1943,4283
1943,4303
1943,4853
1944,2864
1944,3031
1944,3414
1944,3657
1944,4013
1944,4211
1944,4598
1944,4621
1945,1972
1945,2821
1945,4341
1945,4796
1945,4857
1946,2094
1946,2267
1946,2295
1946,2464
1946,2678
1946,3650
1946,4266
1946,4439
1947,2464
1947,2670
1947,2809
1947,2854
1947,2932
1947,2987
1947,3203
1947,4643
1948,3261
1948,4384
1948,4541
1949,2109
1949,2810
1949,4466
1949,4754
1950,2124
1950,2686
1950,2972
1950,3133
1950,3135
1950,3464
1950,3541
1950,3840
1950,4278
1950,4428
1950,4557
1950,4626
1951,2051
1951,2308
1951,2644
1951,3726
1951,3801
1951,4947
1952,2099
1952,2669
1952,3461
1952,3495
1952,3762
1952,3917
1953,2160
1953,2378
1953,2399
1953,2529
1953,2577
1953,3158
1953,3658
1953,3972
1954,2175
1954,3492
1954,3709
1955,2522
1955,2718
1955,2842
1955,3057
1955,3146
1955,4382
1955,4750
1956,2006
1957,2287
1957,2492
1957,2752
1957,2821
1957,3042
1957,3181
1957,3200
1957,3205
1957,4232
1957,4373
1958,2034
1958,2190
1958,2579
1958,3025
1958,3135
1958,3692
1958,4868
1959,3004
1959,3025
1959,3541
1959,3700
1959,3848
1959,4239
1959,4942
1960,2013
1960,2031
1960,3199
1960,4197
1961,2059
1961,2271
1961,2699
1961,2942
1961,2990
1961,3965
1961,4414
1961,4732
1962,2024
1962,2126
1962,2327
1962,3486
1962,4099
1962,4162
1962,4261
1962,4631
1962,4662
1962,4855
1963,2095
1963,2290
1963,2526
1963,3046
1963,3280
1963,3730
1963,4225
1964,2758
1964,3779
1964,4335
1965,2439
1965,2713
1965,2865
1965,3558
1965,4250
1965,4408
1965,4587
1965,4651
1966,2151
1966,2207
1966,2264
1966,3042
1966,3241
1966,4424
1966,4476
1967,3025
1967,3281
1967,3805
1967,3899
1967,3978
1967,4159
1967,4580
1967,4627
1968,2476
1968,3096
1968,3862
1968,3988
1969,2176
1969,2707
1969,3056
1969,4054
1969,4906
1970,2467
1970,3732
1971,3241
1972,2027
1972,2137
1972,2174
1972,2221
1972,2568
1972,2593
1972,3685
1972,4614
1972,4918
1973,3291
1973,4036
1973,4294
1974,2077
1974,2530
1974,2753
1974,2958
1974,3126
1974,3384
1974,3510
1974,3540
1974,4273
1974,4671
1975,2007
1975,2065
1975,2138
1975,2146
1975,4170
1975,4280
1975,4301
1976,2079
1976,4126
1976,4921
1976,4938
1977,1993
1977,2118
1977,2331
1977,2517
1977,3178
1977,4021
1977,4385
1977,4828
1978,2171
1978,2405
1978,3537
1978,3619
1978,4338
1979,1982
1979,2112
1979,2241
1979,2685
1979,2979
1979,4339
1979,4484
1979,4700
1979,4811
1979,4832
1980,2054
1980,2106
1980,2586
1980,3086
1980,4601
1982,3327
1982,3686
1982,4090
1982,4793
1983,2104
1983,2208
1983,2261
1983,2333
1983,2370
1983,2447
1983,2849
1983,2945
1983,3180
1983,3316
1983,3396
1983,3471
1983,3520
1983,4078
1983,4176
1983,4763
1984,2308
1984,2365
1984,3945
1984,4261
1984,4398
1984,4522
1984,4680
1984,4997
1985,2178
1985,2261
1985,2414
1985,2540
1985,3473
1985,3748
1985,3754
1985,4001
1986,3687
1986,4186
1986,4617
1986,4772
1987,2705
1987,2842
1988,2059
1988,2186
1988,2769
1988,3035
1988,3038
1988,3121
1988,3940
1988,4811
1989,2072
1989,2205
1989,2392
1989,2495
1989,2833
1989,3012
1989,3527
1989,3628
1989,4174
1989,4424
1990,2478
1990,3544
1990,3621
1990,3994
1990,4710
1991,2257
1991,2367
1991,2686
1991,2871
1991,2899
1991,3439
1991,3466
1991,4173
1991,4385
1991,4535
1992,1997
1992,2097
1992,2136
1992,2220
1992,2244
1992,2247
1992,2276
1992,3011
1992,3615
1992,3977
1992,4107
1992,4638
1993,2064
1993,2773
1993,3105
1993,3420
1993,3461
1993,3537
1993,4132
1993,4248
1993,4499
1993,4650
1994,2306
1994,2439
1994,2757
1994,2852
1994,2967
1994,3219
1994,3396
1994,3465
1994,3495
1994,3970
1994,4870
1994,4986
1995,2157
1995,2160
1995,2277
1995,2765
1995,3283
1995,3291
1995,4801
1996,3350
1996,4776
1997,2486
1997,4418
1998,2069
1998,2162
1998,3242
1998,3795
1998,4968
1999,3660
1999,3687
1999,4382
1999,4959
2000,2209
2000,2414
2000,2446
2000,2535
2000,2586
2000,3075
2000,3237
2000,3410
2000,3630
2000,3950
2000,3963
2001,3353
2002,2282
2002,3070
2002,3100
2002,3583
2002,4347
2003,2106
2003,2324
2003,2714
2003,4049
2003,4301
2003,4310
2004,2378
2004,2427
2004,2584
2004,2729
2004,2824
2004,2997
2004,3805
2004,4204
2005,2316
2005,3967
2005,4341
2006,2177
2006,2294
2006,2414
2006,2455
2006,2593
2006,2769
2006,3264
2006,3832
2006,4067
2006,4442
2007,3033
2008,2339
2008,2429
2008,2442
2008,2814
2008,2889
2008,4374
2009,2370
2009,2832
2009,2842
2009,3726
2009,3785
2009,4269
2010,2623
2010,2902
2010,3971
2010,4240
2010,4291
2010,4860
2010,4906
2011,2570
2011,2751
2011,3561
2011,3747
2011,4582
2011,4595
2012,2293
2012,2639
2012,3245
2012,3416
2012,3624
2012,4095
2013,2799
2013,2992
2013,3100
2013,3520
2013,3778
2014,2068
2014,2145
2014,2313
2014,2762
2014,2995
2014,3985
2014,4179
2014,4267
2014,4471
2015,2198
2015,2684
2015,3587
2016,2183
2016,3046
2016,3468
2016,3682
2016,4105
2016,4538
2017,2352
2017,3435
2017,4666
2017,4673
2018,3622
2018,3758
2019,2289
2019,2505
2020,2259
2020,3240
2021,2407
2021,2941
2021,3441
2021,4153
2021,4807
2022,2067
2022,2208
2022,3049
2022,3697
2022,4112
2022,4719
2023,2828
2023,2951
2023,3701
2023,3765
2023,4501
2023,4758
2024,2046
2024,2088
2024,2558
2024,2682
2024,3223
2024,3253
2024,3377
2024,3931
2024,4571
2024,4653
2025,2312
2025,3806
2026,3042
2026,3123
2026,3596
2026,3839
2026,4454
2027,2222
2027,2772
2027,3009
2027,3156
2027,3560
2027,3734
2027,4078
2028,2692
2028,2984
2029,3768
2029,3787
2029,4204
2030,2089
2030,3089
2030,3825
2030,4181
2030,4686
2031,2398
2031,2606
2031,2613
2031,3509
2031,3587
2031,4942
2031,4956
2032,2288
2032,2315
2032,2624
2032,4387
2033,2364
2033,3135
2034,2356
2034,3175
2034,3758
2034,3956
2035,2129
2035,2441
2035,2912
2035,3066
2035,3757
2035,4053
2035,4185
2035,4779
2036,3319
2036,3621
2037,2105
2037,2683
2037,3467
2037,3822
2037,4145
2037,4301
2037,4713
2037,4731
2038,2368
2038,3634
2038,4015
2038,4619
2038,4955
2039,2097
2039,2133
2039,2164
2039,3374
2039,3484
2039,3654
2039,4557
2040,2108
2040,2182
2040,2205
2040,2239
2040,2281
2040,2632
2040,3787
2040,4196
2040,4271
2041,2313
2041,2340
2041,3116
2041,3477
2041,3738
2041,3892
2041,4332
2042,2165
2042,2214
2042,3890
2042,4734
2043,2127
2043,2495
2043,2582
2043,3361
2043,4503
2044,2404
2044,3121
2044,3982
2044,4026
2044,4344
2045,2240
2045,3031
2045,4398
2046,2331
2046,2861
2046,2959
2046,3565
2046,4196
2047,2303
2047,4303
2047,4353
2047,4526
2048,2371
2048,3647
2048,3875
2048,4620
2048,4860
2049,2414
2049,2809
2049,3426
2049,3436
2050,2078
2051,2431
2051,2914
2051,4060
2051,4239
2052,2386
2052,2454
2052,2577
2052,3047
2052,3241
2052,3494
2052,3899
2052,3930
2053,3072
2053,3287
2053,3445
2053,3638
2053,4115
2053,4654
2054,3015
2054,3128
2054,3492
2054,3823
2054,3946
2054,4272
2054,4546
2055,2285
2055,2613
2055,4161
2055,4209
2056,2294
2056,3693
2056,4324
2057,2669
2057,3263
2058,2423
2058,2473
2058,2847
2058,3598
2058,3808
2058,4762
2059,3094
2059,3188
2059,3698
2060,3162
2060,3207
2060,4063
2060,4133
2060,4676
2061,2204
2061,2465
2061,2912
2061,2918
2061,3089
2061,3351
2061,3869
2061,4088
2062,2125
2062,2541
2062,2725
2062,2985
2062,2987
2062,3722
2062,3922
2062,4611
2062,4794
2063,2161
2063,3767
2063,4420
2063,4783
2064,2065
2064,4611
2064,4972
2065,2328
2065,2767
2066,2229
2066,2739
2066,4133
2066,4716
2066,4902
2067,2509
2067,2915
2067,3783
2067,3840
2067,4185
2067,4721
2067,4923
2068,2084
2068,2283
2068,3480
2068,3570
2068,4028
2068,4055
2068,4833
2069,2559
2069,2834
2069,3055
2069,3219
2069,4142
2069,4446
2069,4657
2069,4865
2070,2228
2070,3445
2070,3834
2071,2451
2071,3257
2071,3276
2071,3341
2071,4171
2071,4646
2072,2519
2072,3297
2072,3889
2073,2141
2073,2572
2073,2863
2073,3478
2073,4260
2073,4773
2074,2381
2074,2573
2074,4087
2074,4286
2074,4405
2074,4473
2074,4894
2075,2094
2075,2563
2075,3785
2075,4412
2075,4977
2076,4536
2076,4797
2077,3166
2077,4083
2077,4624
2077,4752
2078,2721
2078,2924
2078,4414
2079,2964
2079,3313
2079,3329
2079,3829
2079,3939
2079,4436
2080,2276
2080,2472
2080,2600
2080,3062
2080,3359
2080,3442
2080,3692
2080,3720
2080,4149
2080,4199
2080,4776
2080,4854
2081,2156
2081,2857
2081,3253
2081,3663
2081,4830
2082,2564
2082,3264
2082,3400
2082,3749
2082,4034
2082,4082
2082,4806
2083,2529
2083,2541
2083,2648
2083,4569
2084,2262
2084,2403
2084,2758
2084,4418
2084,4697
2085,2616
2085,2630
2085,2785
2085,4793
2085,4929
2086,2423
2086,2731
2087,2159
2087,2473
2087,2725
2087,3161
2087,3531
2088,2873
2088,3051
2088,3985
2088,4222
2088,4424
2089,2153
2089,2194
2089,2215
2089,2257
2089,2337
2089,2765
2089,2910
2089,3133
2089,3135
2089,3364
2089,3639
2089,3766
2089,4162
2089,4207
2089,4439
2089,4578
2089,4600
2089,4872
2089,4960
2090,2194
2090,2288
2090,3223
2090,3312
2090,4073
2090,4925
2091,2306
2091,2313
2091,2404
2091,2863
2091,2905
2091,3123
2091,3992
2092,2231
2092,2717
2092,3199
2092,3842
2092,4808
2093,3161
2093,3744
2093,3912
2093,4038
2093,4392
2094,2193
2094,3040
2094,3569
2094,4137
2094,4190
2095,2317
2095,2553
2095,2564
2095,2837
2095,2841
2095,3110
2095,3823
2095,4353
2096,2270
2096,2729
2096,2762
2096,3012
2096,3797
2096,4277
2096,4731
2097,2732
2097,3342
2097,3674
2097,3903
2098,3007
2098,3083
2098,3132
2098,3245
2098,3307
2098,4055
2098,4344
2098,4407
2098,4431
2099,2255
2099,3126
2099,3133
2099,4036
2099,4320
2100,2410
2100,2711
2100,3222
2100,3303
2100,3312
2100,3912
2100,4263
2100,4582
2101,2201
2101,2510
2101,3479
2101,3617
2101,4039
2101,4068
2101,4395
2102,2205
2102,3066
2102,3623
2103,2126
2103,2305
2103,3032
2103,3398
2103,3466
2103,4078
2103,4288
2104,3034
2104,3051
2104,3603
2104,3712
2105,2135
2105,2191
2105,2192
2105,2199
2105,2260
2105,2391
2105,2963
2105,3099
2105,3518
2105,3614
2106,2664
2106,3209
2106,4220
2107,2660
2107,2780
2107,2828
2107,2934
2107,3130
2107,3661
2107,4459
2107,4667
2107,4942
2108,4663
2109,2122
2109,3018
2110,2173
2110,2943
2110,4085
2110,4455
2110,4790
2110,4807
2111,3001
2111,3120
2111,3125
2111,3281
2111,3371
2111,3586
2111,3601
2111,4388
2112,2656
2112,4185
2113,2173
2113,2181
2113,2341
2113,3400
2113,4321
2114,2389
2114,2709
2114,4603
2114,4790
2115,2850
2115,3183
2115,3231
2115,4496
2116,3897
2116,4031
2117,2629
2117,3413
2118,2745
2118,3842
2119,2254
2119,2269
2119,2741
2119,3152
2119,3171
2119,3248
2119,3975
2119,4434
2120,2239
2120,4262
2120,4439
2120,4623
2120,4855
2121,2775
2121,3804
2121,3831
2121,4519
2121,4672
2122,2285
2122,3317
2122,3581
2122,3796
2122,4497
2122,4886
2123,2262
2123,2272
2123,3174
2123,3294
2124,2862
2124,2923
2124,3106
2124,3188
2125,2233
2125,2995
2125,3207
2125,3554
2125,3944
2125,4388
2125,4490
2125,4979
2126,2321
2126,3818
2127,2750
2127,3251
2127,3258
2127,3918
2127,4402
2127,4647
2128,2524
2128,2571
2128,2693
2128,2732
2128,2960
2128,3085
2128,3161
2128,3551
2128,4284
2128,4731
2129,2275
2129,2389
2129,2512
2129,4104
2129,4759
2130,2528
2131,2485
2131,2515
2131,2887
2131,3615
2131,3965
2131,4941
2132,2311
2132,2736
2132,2894
2132,4224
2132,4718
2132,4963
2133,2625
2134,2229
2134,2267
2134,2691
2134,3745
2134,4385
2134,4565
2135,2662
2135,2909
2135,3158
2135,3449
2136,2206
2136,2624
2136,2748
2136,3191
2136,3373
2136,4927
2136,4947
2137,2226
2137,2424
2137,2508
2137,2811
2137,2886
2137,3192
2137,3821
2137,4505
2137,4888
2138,4260
2138,4685
2138,4991
2139,2159
2140,2428
2140,2544
2140,2607
2140,2914
2140,3174
2140,3357
2140,4213
2141,2527
2141,2671
2141,3272
2141,4617
2142,2385
2142,2741
2142,3248
2142,3661
2142,3663
2142,3675
2142,3715
2142,3898
2142,3950
2143,4500
2143,4511
2143,4530
2143,4594
2144,2623
2144,2836
2144,3526
2144,4299
2144,4486
2144,4633
2145,2425
2145,3180
2145,3213
2145,4415
2146,2239
2146,4042
2146,4258
2147,2403
2147,2773
2147,2837
2147,3010
2147,3109
2147,3367
2147,4046
2147,4287
2148,2752
2148,2805
2148,3043
2148,3646
2148,3815
2148,4785
2149,2709
2149,3031
2149,3567
2149,4113
2149,4284
2149,4692
2149,4852
2150,2153
2150,2208
2150,2337
2150,2375
2150,2468
2150,3507
2150,3730
2150,4039
2150,4526
2151,2246
2151,2431
2151,2671
2151,3499
2151,4119
2152,3991
2152,4209
2152,4435
2152,4504
2152,4518
2153,3790
2153,4211
2153,4447
2153,4541
2154,2325
2154,2790
2154,3386
2154,3416
2154,3586
2154,3875
2154,4291
2155,3478
2155,4198
2156,2219
2156,2489
2156,3816
2156,4387
2157,2968
2157,3320
2157,4429
2157,4437
2158,2177
2158,2354
2158,2603
2158,2623
2158,2881
2158,3032
2158,3225
2158,4254
2158,4426
2158,4604
2158,4688
2159,3154
2159,4566
2160,2470
2160,3641
2160,4028
2162,3343
2162,4974
2163,3566
2163,4374
2163,4444
2163,4955
2164,2800
2164,2976
2164,3116
2164,3510
2164,3530
2164,3546
2164,3913
2164,3975
2164,4002
2164,4920
2165,2417
2165,2635
2165,3255
2165,3587
2165,3714
2165,3925
2165,4293
2166,2756
2166,2838
2166,3997
2166,4781
2167,2433
2167,2739
2167,3294
2167,4442
2168,2964
2168,4986
2169,2395
2169,2435
2169,3075
2169,3367
2169,3871
2169,3988
2169,4485
2170,2309
2170,3030
2170,3382
2170,3436
2170,3497
2170,3682
2170,4346
2170,4597
2170,4701
2170,4971
2171,2636
2171,4694
2172,2367
2172,2445
2172,2453
2172,2654
2172,2759
2172,2836
2172,3053
2172,3385
2172,3811
2172,3838
2172,3848
2172,3898
2172,4380
2172,4584
2172,4911
2172,4962
2173,2932
2173,3909
2173,4865
2174,2446
2174,3415
2175,2197
2175,2272
2175,2461
2175,2489
2175,2934
2175,3069
2175,3301
2175,3754
2175,3853
2175,4016
2175,4218
2175,4597
2176,3282
2176,3669
2176,3825
2176,4050
2177,2779
2177,2798
2177,3388
2177,3425
2177,3588
2177,4731
2177,4881
2178,3342
2178,3438
2178,4149
2178,4232
2178,4579
2178,4586
2178,4815
2178,4982
2179,2184
2179,2601
2179,2908
2179,2965
2179,3009
2179,3077
2179,3944
2179,4307
2180,2403
2180,2701
2180,3620
2180,4208
2180,4323
2180,4347
2180,4729
2181,2258
2181,3821
2182,2762
2182,2935
2182,3482
2182,3565
2182,3667
2182,4220
2182,4293
2182,4568
2183,2215
2183,2247
2183,3204
2183,3591
2183,3898
2183,4318
2183,4669
2184,2189
2184,2567
2184,2659
2184,2812
2184,2847
2184,2916
2184,3043
2184,3237
2184,3258
2184,3863
2184,4122
2184,4192
2184,4202
2185,2256
2185,2274
2185,2678
2185,3163
2185,3197
2185,3312
2185,3532
2185,3724
2185,4065
2185,4228
2186,4107
2186,4558
2187,2226
2187,2746
2187,2836
2187,3073
2187,3173
2187,3518
2187,4164
2187,4412
2187,4764
2187,4856
2188,2515
2188,2756
2188,2766
2188,3688
2189,2960
2189,3509
2189,4150
2189,4185
2189,4848
2190,2387
2190,3701
2190,3969
2190,4419
2190,4830
2191,2342
2191,2602
2191,2779
2191,3344
2192,2292
2192,4057
2193,3299
2193,4756
2193,4945
2194,2209
2194,2530
2194,2901
2194,3175
2194,3752
2194,3832
2194,4724
2195,2773
2195,4179
2196,2462
2196,3150
2196,3867
2196,4006
2196,4296
2196,4989
2197,2546
2197,3935
2197,3939
2197,4513
2197,4709
2198,2474
2198,4187
2198,4774
2198,4846
2198,4938
2199,2371
2199,2473
2199,3355
2199,3458
2199,3485
2199,3995
2199,4256
2199,4397
2201,3632
2201,4257
2202,2326
2202,2523
2202,2710
2202,2767
2202,3373
2202,3843
2203,2225
2203,2502
2203,2868
2203,2942
2203,3037
2203,3126
2203,4734
2204,2211
2204,3212
2204,3273
2204,4163
2204,4266
2205,2514
2205,2554
2205,3022
2205,3612
2205,4034
2206,2267
2206,2847
2206,3406
2206,4690
2207,2302
2207,2338
2207,2665
2207,2708
2207,3871
2207,4081
2207,4639
2207,4819
2208,2288
2208,2505
2208,2507
2208,2556
2208,3129
2208,4760
2208,4951
2209,2548
2209,3288
2209,3455
2209,3514
2209,4773
2210,2253
2210,2800
2210,3105
2210,3303
2210,3776
2210,4081
2210,4471
2210,4573
2211,2762
2211,2980
2211,4565
2212,3210
2213,2314
2213,2491
2213,2833
2213,2921
2213,3329
2213,4895
2214,3572
2214,4452
2215,2335
2215,3720
2215,3796
2215,3880
2215,4040
2216,2394
2216,2730
2216,2793
2216,2820
2216,3666
2216,3939
2216,4049
2217,2981
2217,4326
2217,4680
2218,2473
2218,3109
2218,3127
2218,4030
2219,2956
2219,3511
2219,3559
2219,3964
2219,4247
2220,4180
2220,4710
2221,2918
2221,2994
2222,4062
2222,4761
2223,2495
2223,2890
2223,4972
2224,2786
2224,3696
2224,4492
2224,4514
2225,3193
2225,4265
2226,2594
2227,2446
2227,2899
2227,2956
2227,3405
2228,2576
2228,4225
2229,2539
2229,3886
2230,2727
2230,3349
2230,4417
2231,2819
2231,2821
2231,3555
2231,3567
2231,3691
2231,3820
2232,2485
2232,2495
2232,3040
2232,3313
2232,3789
2232,4144
2233,2673
2233,4013
2233,4205
2233,4495
2233,4670
2234,2396
2234,2505
2234,2514
2234,2643
2234,3040
2234,3597
2234,3750
2234,4546
2234,4982
2235,2769
2235,2873
2235,3193
2236,3635
2237,2524
2237,4263
2237,4479
2238,2989
2238,3437
2238,4170
2240,2531
2240,2761
2240,3573
2240,3742
2240,3777
2241,2454
2241,3598
2241,3858
2241,4080
2241,4310
2242,3798
2242,4944
2243,2997
2243,3090
2243,3711
2243,4264
2243,4391
2243,4662
2244,2601
2244,2611
2244,2796
2244,2983
2244,3386
2244,3991
2245,2804
2245,2935
2245,2948
2245,3118
2245,3678
2245,3813
2245,3903
2245,3953
2245,4905
2246,2754
2246,4052
2246,4111
2246,4391
2246,4763
2247,2634
2247,2896
2247,4391
2247,4590
2248,4617
2248,4828
2248,4833
2248,4943
2249,2324
2249,2338
2249,2483
2249,3332
2249,3614
2249,3652
2249,3755
2249,3849
2249,4300
2250,2597
2250,2649
2250,3952
2251,2402
2251,4213
2251,4715
2252,2393
2252,3361
2252,3694
2252,3946
2253,2261
2253,2292
2253,2561
2253,2814
2253,3055
2253,3491
2253,3496
2253,4783
2254,2583
2254,2770
2254,3007
2254,3772
2254,3970
2254,4131
2254,4397
2254,4954
2255,2344
2255,2374
2255,2854
2255,3006
2255,3578
2255,3826
2255,4165
2255,4762
2256,2742
2256,3808
2256,4070
2256,4254
2256,4565
2257,2265
2257,2616
2257,3208
2257,3274
2257,3796
2257,4217
2258,2681
2258,3348
2258,3605
2258,3798
2258,4418
2258,4570
2258,4652
2258,4955
2259,4149
2259,4989
2261,2965
2261,3496
2261,3671
2261,3889
2261,3971
2261,4559
2262,2510
2262,2831
2262,3056
2262,3151
2262,3418
2262,3839
2262,3986
2263,2277
2263,2312
2263,2763
2263,2979
2263,3341
2263,3570
2263,3694
2263,4043
2263,4172
2263,4364
2263,4698
2263,4834
2264,2653
2264,3525
2264,3926
2264,4502
2265,4148
2265,4587
2266,2412
2266,2547
2266,2549
2266,2651
2266,2670
2266,2688
2266,2810
2266,3000
2266,3149
2266,3612
2266,3809
2266,4125
2266,4919
2267,2772
2267,3591
2268,2810
2268,4113
2269,3097
2269,4435
2269,4564
2270,3191
2270,3503
2270,3662
2270,3998
2270,4149
2270,4163
2270,4588
2270,4920
2271,2382
2271,2526
2271,3370
2271,3696
2271,4147
2271,4250
2272,2674
2272,2760
2272,2999
2272,3722
2272,4762
2272,4933
2274,2276
2274,2887
2274,2993
2274,4545
2275,2766
2275,4817
2276,2518
2276,3902
2277,2456
2277,4393
2278,2929
2278,3503
2278,3602
2278,3792
2278,4229
2278,4698
2278,4959
2279,3445
2279,4594
2279,4923
2280,2589
2280,2858
2280,3048
2280,3599
2280,4017
2280,4538
2280,4725
2280,4864
2281,2434
2281,2649
2281,3074
2281,3283
2281,3974
2281,4127
2281,4208
2282,2687
2282,3561
2282,3701
2282,4656
2282,4776
2282,4836
2283,2557
2283,2882
2283,3370
2283,3475
2283,4699
2283,4983
2284,4058
2285,2661
2285,2677
2285,3563
2285,3802
2285,4399
2285,4755
2286,3958
2286,4338
2286,4567
2286,4909
2287,3770
2287,4380
2288,2340
2288,2749
2288,2900
2288,3985
2288,4785
2289,2363
2289,2458
2289,2482
2289,2666
2289,2715
2289,2733
2289,2835
2289,2866
2289,3190
2289,3557
2289,4009
2289,4231
2289,4342
2289,4470
2289,4858
2289,4902
2290,2879
2290,3588
2290,3589
2290,4256
2291,2351
2291,4140
2291,4525
2291,4536
2292,2480
2292,2657
2292,3350
2292,4514
2292,4554
2292,4698
2293,2517
2293,2610
2293,2752
2293,2816
2293,2850
2293,2999
2293,3644
2293,3645
2293,3808
2293,4371
2293,4518
2293,4653
2293,4689
2294,2583
2294,3099
2294,3696
2294,4394
2294,4572
2294,4717
2294,4808
2294,4977
2295,2535
2295,3656
2295,3832
2295,3845
2295,4137
2295,4626
2295,4825
2296,3031
2296,3293
2296,3810
2296,4830
2297,2669
2297,2877
2297,4071
2297,4222
2297,4922
2298,2335
2298,2461
2298,3078
2298,3593
2298,3830
2298,4032
2298,4359
2299,2444
2299,2870
2299,3065
2299,3098
2299,3177
2299,3865
2300,4888
2301,2389
2301,2703
2301,2827
2301,3230
2301,3397
2302,2583
2302,3515
2302,4338
2303,2466
2303,2680
2303,3003
2304,2413
2304,3709
2305,2494
2305,2958
2305,3045
2305,4744
2305,4955
2306,4517
2307,2417
2307,2448
2307,2560
2307,3780
2307,3788
2307,3837
2307,4352
2307,4803
2308,2590
2308,2820
2308,4030
2308,4980
2309,3078
2309,3674
2309,4477
2309,4644
2310,2798
2310,3618
2310,3690
2310,4138
2310,4280
2310,4460
2310,4739
2310,4970
2311,2941
2311,3702
2311,3896
2311,3949
2311,4900
2312,2347
2312,2917
2312,3329
2312,3409
2312,4006
2312,4235
2312,4557
2312,4941
2312,4987
2313,2510
2313,2559
2313,2845
2313,3565
2313,3724
2313,3828
2313,3836
2313,4172
2313,4395
2313,4674
2313,4795
2314,3169
2315,3262
2315,3815
2315,4334
2316,2609
2316,2722
2316,4277
2316,4664
2317,2357
2317,2725
2317,2947
2317,3076
2317,3274
2317,3336
2317,3392
2317,3505
2317,4017
2318,2428
2318,3262
2318,4802
2319,2400
2319,3795
2320,3041
2320,3465
2320,3845
2321,3179
2321,3602
2321,3677
2321,3897
2322,2559
2322,2624
2322,2827
2322,2995
2322,3055
2322,3249
2322,3665
2322,4179
2322,4402
2322,4496
2322,4639
2322,4861
2323,2983
2323,4349
2323,4441
2323,4506
2323,4597
2323,4612
2323,4919
2324,2765
2325,2442
2325,4078
2326,2403
2326,2534
2326,2718
2326,3202
2326,3901
2326,4011
2326,4538
2326,4628
2327,3004
2327,3093
2327,3471
2327,3489
2327,3647
2328,3061
2328,3741
2328,3983
2329,2693
2329,3004
2329,3249
2329,3647
2329,4118
2329,4200
2330,2695
2330,4010
2330,4486
2331,2944
2332,4294
2333,3563
2333,3616
2334,2411
2334,3038
2334,3362
2334,3397
2334,4229
2334,4464
2335,4551
2335,4730
2336,2814
2336,3498
2336,4069
2336,4118
2336,4462
2337,2402
2337,2534
2337,2746
2337,2812
2337,3471
2337,4035
2338,2497
2338,2596
2338,3160
2338,3698
2338,3860
2339,3092
2340,2794
2340,3108
2340,3170
2340,4428
2340,4867
2341,2345
2341,2479
2341,3037
2341,3406
2341,3541
2341,4896
2342,2442
2342,2521
2342,2986
2342,3060
2342,3079
2342,3406
2342,3411
2342,3443
2342,3664
2342,4394
2342,4510
2342,4669
2342,4749
2343,2763
2343,3858
2344,2375
2344,2465
2344,2528
2344,2641
2344,3433
2344,4650
2345,2706
2345,4528
2346,2508
2346,2779
2346,2968
2346,3211
2346,3256
2346,3381
2346,3624
2346,3850
2346,3953
2346,4732
2347,3412
2348,2885
2348,3296
2348,3652
2349,4574
2349,4579
2349,4985
2350,3324
2351,3015
2351,3280
2351,3485
2351,3665
2351,3699
2351,3723
2351,4743
2351,4986
2352,3154
2352,3608
2352,4005
2353,3152
2353,3857
2353,4055
2353,4824
2353,4951
2354,2931
2354,2973
2354,3211
2354,3522
2355,2356
2355,4105
2356,3260
2356,3659
2356,3867
2356,4427
2356,4487
2357,3035
2357,3057
2357,4121
2357,4476
2357,4492
2358,3807
2359,2511
2359,2898
2359,2961
2359,3591
2359,3837
2359,4554
2359,4882
2360,2708
2360,3430
2360,4780
2360,4982
2361,2747
2361,3303
2362,3528
2362,3577
2362,4875
2363,2695
2363,2719
2363,3375
2363,4304
2364,2897
2364,3684
2365,3473
2365,4293
2365,4571
2365,4910
2366,2396
2366,2585
2366,3448
2366,4588
2367,2413
2367,3320
2367,3900
2370,2476
2370,2785
2370,3328
2370,4091
2370,4352
2370,4414
2371,2675
2371,2897
2371,4190
2371,4528
2371,4760
2371,4771
2372,2641
2372,3401
2372,4116
2372,4328
2372,4467
2373,2420
2373,3030
2373,3725
2373,3844
2373,4347
2374,2633
2374,2638
2374,2782
2374,3243
2374,3967
2375,2604
2375,2848
2375,3194
2375,3734
2375,3879
2375,3927
2375,3956
2375,4422
2375,4620
2376,2607
2376,3791
2376,4843
2377,2382
2377,2452
2377,2658
2377,3011
2377,3213
2377,3796
2377,3840
2377,4252
2377,4507
2378,2456
2378,2573
2378,3482
2378,4680
2379,2647
2379,3104
2379,3290
2379,3902
2380,3343
2381,3026
2381,4857
2382,2829
2382,4590
2383,2405
2383,2974
2383,2976
2383,3259
2383,3687
2383,4232
2384,2917
2384,3554
2384,3781
2384,4087
2385,2916
2385,3077
2385,3223
2386,2571
2386,2669
2386,2711
2386,3297
2386,3586
2387,2728
2387,3532
2387,3875
2387,3892
2388,3285
2388,4231
2389,2807
2389,3006
2389,3928
2389,4006
2389,4379
2389,4802
2389,4936
2390,2501
2390,2749
2390,2819
2390,3374
2390,3462
2390,3536
2390,3838
2390,4433
2390,4681
2391,2812
2391,4730
2392,2662
2392,3461
2392,3657
2392,4000
2393,2575
2394,2433
2394,2828
2394,2900
2394,3301
2394,3564
2394,3866
2394,4818
2395,3561
2395,4739
2396,2777
2396,2848
2396,3140
2396,3982
2396,4688
2397,2964
2397,2969
2397,3684
2397,4018
2397,4097
2397,4538
2397,4714
2398,2624
2398,3630
2398,3660
2398,4227
2399,2584
2399,2620
2399,4879
2400,3428
2400,4320
2400,4352
2400,4377
2400,4715
2400,4898
2400,4945
2401,2424
2401,2514
2401,2558
2401,2642
2401,3703
2401,3925
2401,3961
2401,4775
2401,4840
2402,2845
2402,2860
2402,3179
2402,4004
2403,2498
2403,2776
2403,3684
2403,3816
2403,3833
2403,4071
2404,3414
2404,4896
2405,3082
2405,3145
2405,3519
2405,4170
2405,4427
2406,2983
2407,3344
2407,3464
2407,4389
2408,2649
2408,2810
2408,2841
2408,4355
2408,4373
2408,4692
2409,2827
2409,3795
2409,4855
2410,3021
2410,3325
2410,4711
2411,2703
2411,2892
2411,3201
2411,3642
2411,4390
2411,4531
2411,4994
2412,3395
2413,2437
2413,2829
2413,3722
2413,3859
2413,4427
2414,2472
2414,3469
2414,3857
2415,2453
2415,2610
2415,2820
2415,3260
2415,3402
2415,3514
2415,3550
2415,3610
2415,4148
2415,4219
2415,4388
2415,4891
2416,2860
2416,3137
2416,3497
2416,3723
2416,4325
2417,2919
2417,4513
2418,2898
2418,3959
2418,4039
2418,4804
2419,2711
2420,3242
2420,3307
2420,3391
2421,3272
2421,3467
2421,3721
2421,3941
2421,4089
2422,2617
2422,2652
2422,2846
2422,2921
2422,3705
2423,2451
2423,3107
2423,3115
2423,3579
2423,4035
2423,4457
2423,4668
2424,4052
2424,4825
2425,2625
2425,3096
2425,3511
2425,3884
2425,4035
2425,4253
2425,4300
2425,4463
2426,2482
2426,3644
2426,4228
2426,4464
2426,4983
2427,3324
2427,3333
2427,3909
2427,4349
2427,4497
2427,4644
2428,2856
2429,3904
2429,3938
2429,4022
2429,4693
2430,3375
2430,3524
2430,3760
2430,3937
2430,4335
2430,4546
2431,3646
2431,3942
2432,2763
2432,3796
2432,3846
2432,4541
2433,2906
2433,3729
2433,4115
2433,4389
2433,4677
2435,2677
2435,2869
2435,3222
2436,3142
2436,3285
2436,3404
2436,3813
2436,4273
2436,4822
2437,3976
2437,4845
2438,2913
2438,4470
2439,4857
2440,2442
2440,2809
2440,2815
2440,3419
2440,3921
2440,4213
2441,3048
2441,3364
2441,3848
2441,3949
2441,4073
2441,4100
2441,4341
2441,4478
2441,4596
2441,4649
2441,4829
2442,3271
2442,3546
2442,4140
2443,3235
2443,4677
2444,3047
2444,4181
2444,4287
2444,4483
2445,4035
2445,4313
2445,4491
2446,2809
2446,3269
2446,3575
2446,4331
2447,3111
2447,3126
2447,3565
2447,3759
2447,4372
2448,4240
2449,3132
2449,4063
2449,4334
2449,4618
2450,2563
2450,2775
2450,3755
2451,2750
2451,3094
2451,3542
2451,4149
2451,4514
2452,2627
2452,3195
2452,3547
2452,3637
2452,3782
2452,4092
2452,4435
2453,3771
2453,4501
2454,2650
2454,3063
2454,3314
2455,3613
2455,3647
2455,4378
2456,3009
2456,3501
2456,3834
2458,2761
2458,2819
2458,3511
2458,4111
2458,4446
2458,4686
2459,4632
2460,2532
2460,2594
2460,3933
2460,3957
2460,4784
2461,3353
2461,3783
2461,4006
2461,4045
2461,4647
2462,2500
2462,3689
2462,4123
2462,4674
2462,4943
2463,2800
2463,3140
2463,3294
2463,3551
2463,3785
2463,4007
2463,4106
2463,4130
2463,4503
2464,2623
2464,2700
2464,2729
2464,2864
2464,2973
2464,3219
2464,3507
2464,4406
2465,3014
2465,3074
2465,3309
2466,2733
2466,3105
2466,3426
2466,3608
2466,3668
2466,4470
2466,4626
2466,4663
2467,2492
2467,2765
2467,3008
2467,4150
2468,2601
2468,2655
2468,2735
2468,2830
2468,3057
2468,3071
2468,3568
2468,4104
2468,4393
2469,2589
2469,2754
2469,3147
2470,2691
2470,3058
2470,3917
2470,4278
2470,4622
2471,2509
2471,2557
2471,3542
2471,4763
2471,4929
2472,2682
2472,3935
2472,4287
2473,3049
2474,3023
2474,3214
2474,3874
2475,2796
2475,3354
2475,3988
2475,4508
2476,2769
2476,2788
2476,3136
2476,3862
2476,4038
2476,4559
2477,4270
2477,4707
2477,4955
2478,3421
2478,3460
2478,3685
2478,3753
2478,4813
2479,2552
2479,3083
2479,3251
2479,3416
2479,3483
2479,4950
2480,3064
2480,3253
2481,2722
2481,3654
2482,2551
2482,3580
2482,3721
2482,4161
2482,4631
2483,3556
2483,4277
2484,2544
2484,3608
2485,3454
2486,3551
2486,4993
2487,2893
2487,3036
2487,3180
2487,4187
2487,4555
2488,3315
2488,3479
2488,3705
2488,4040
2488,4557
2488,4647
2489,2868
2489,3000
2489,3011
2489,3377
2489,3699
2489,4029
2489,4380
2490,2663
2490,2846
2490,3498
2490,3813
2490,4085
2490,4482
2490,4499
2490,4540
2490,4613
2490,4862
2490,4990
2491,3553
2491,4558
2492,3041
2492,4803
2492,4912
2493,4412
2494,3233
2494,4274
2494,4557
2494,4635
2494,4907
2495,3036
2495,3738
2495,4729
2495,4751
2495,4783
2496,2789
2496,3196
2496,3340
2496,3686
2496,4029
2496,4637
2496,4683
2496,4878
2497,3084
2497,4637
2497,4873
2498,2982
2498,3013
2498,3448
2499,3628
2499,3897
2499,4232
2499,4588
2500,2592
2500,2845
2500,3778
2500,3872
2500,4277
2500,4550
2501,3904
2501,4487
2502,2530
2502,3500
2502,3638
2502,3803
2502,4499
2503,4580
2504,3494
2504,3893
2504,4853
2505,2583
2505,2712
2505,2853
2505,2900
2505,3082
2505,3333
2505,4009
2505,4093
2506,3697
2506,4814
2507,2523
2507,2530
2507,2614
2507,3693
2508,2581
2508,2870
2508,2997
2508,3102
2508,4917
2509,2616
2509,3200
2509,3424
2509,3496
2509,3626
2509,4172
2509,4268
2509,4457
2509,4569
2510,2529
2510,2820
2510,2952
2510,3076
2510,3120
2510,3683
2510,3977
2510,4906
2511,2696
2511,3126
2511,3439
2511,4575
2512,2862
2512,3764
2512,4938
2513,2713
2514,2768
2515,3256
2515,3321
2515,3670
2515,4558
2516,3227
2516,3779
2516,4228
2516,4716
2517,2743
2517,3159
2517,3238
2517,3648
2517,3903
2518,2595
2518,2664
2518,2908
2518,3140
2518,3649
2519,3065
2519,3237
2519,3994
2520,4654
2521,2538
2521,2733
2521,2753
2521,2759
2521,2960
2521,3463
2521,4312
2522,2791
2522,3747
2522,4172
2523,2625
2523,2894
2523,3073
2523,3327
2523,3641
2523,4015
2523,4062
2523,4217
2523,4386
2524,2536
2524,2674
2524,3442
2524,3788
2525,2954
2525,3463
2525,4245
2526,3703
2526,3820
2526,3887
2526,4221
2526,4555
2526,4593
2526,4784
2526,4827
2527,2683
2527,4450
2528,3377
2528,4372
2528,4530
2529,3470
2529,4234
2530,3520
2530,4549
2531,2686
2531,3038
2531,3291
2531,3517
2531,3761
2531,4644
2532,2824
2532,3695
2532,3870
2532,3998
2532,4444
2533,2797
2533,3113
2533,3534
2533,4224
2533,4659
2534,4185
2535,2942
2536,2788
2536,2855
2536,3765
2536,4630
2537,3077
2537,3216
2537,3457
2537,3486
2537,4157
2537,4646
2538,3631
2538,4636
2539,2851
2539,3614
2539,3943
2539,4316
2540,2910
2540,3094
2540,4450
2541,2552
2541,2828
2541,2959
2541,3833
2541,4496
2541,4820
2541,4861
2542,2687
2542,2757
2542,2977
2542,4215
2543,2687
2543,2939
2543,3362
2543,3706
2543,4116
2544,2686
2544,2853
2544,2916
2544,3593
2544,4061
2545,3852
2545,4065
2545,4434
2545,4901
2546,2934
2546,3272
2546,3365
2546,3832
2546,4734
2547,2890
2547,3964
2547,4791
2547,4903
2548,3915
2548,4406
2549,3517
2549,3845
2549,4633
2549,4971
2550,2787
2550,4939
2551,2673
2551,3863
2551,3932
2551,4174
2551,4518
2552,3098
2552,3694
2552,4920
2553,2832
2553,3088
2554,2652
2554,2888
2554,3474
2554,3775
2554,3877
2554,3946
2554,4318
2554,4485
2554,4710
2554,4931
2555,2867
2555,3086
2555,3453
2555,3794
2555,4159
2555,4513
2555,4661
2556,2648
2556,4465
2556,4833
2557,2581
2557,2899
2557,3992
2557,4636
2558,2772
2558,2904
2558,2969
2558,3067
2558,3169
2558,3249
2558,3368
2558,3601
2558,3758
2559,3240
2559,3859
2559,3893
2559,4112
2559,4308
2560,3034
2560,3089
2560,3126
2561,2724
2561,4017
2561,4775
2561,4905
2562,4553
2563,4414
2564,2890
2564,2974
2564,3886
2564,3983
2564,4045
2564,4247
2564,4422
2564,4914
2564,4995
2565,3474
2566,3132
2566,3159
2566,4138
2566,4663
2567,3022
2567,4045
2568,2787
2568,4101
2569,3045
2569,3091
2569,4441
2570,3046
2570,3915
2571,2632
2571,2956
2571,3612
2571,3769
2571,3843
2572,3708
2572,3962
2572,4526
2572,4894
2573,4088
2573,4581
2573,4741
2574,3736
2574,4991
2575,2702
2575,3712
2576,3243
2576,4501
2576,4650
2577,2972
2577,4197
2577,4442
2577,4587
2578,3578
2579,3000
2579,4148
2579,4393
2579,4790
2580,2688
2580,3056
2580,3539
2580,4294
2581,4882
2582,2684
2582,3366
2582,4108
2583,3776
2583,4139
2584,2694
2584,3521
2584,4273
2585,3164
2585,3774
2586,2970
2586,3072
2586,3141
2586,3365
2586,3753
2586,4056
2586,4344
2587,2919
2588,3064
2589,2750
2589,4546
2590,3154
2590,3281
2590,3945
2591,2684
2591,3272
2591,4340
2591,4667
2592,2900
2592,3162
2592,3594
2592,3687
2592,4002
2592,4396
2592,4999
2593,4186
2594,2736
2594,2767
2594,3558
2594,4504
2594,4586
2595,3706
2596,3407
2596,4430
2597,3537
2597,3889
2597,4484
2597,4845
2597,4897
2598,2744
2598,3209
2598,3806
2598,4114
2598,4683
2599,2925
2599,3742
2599,3964
2599,4615
2599,4839
2600,2902
2600,3164
2600,3833
2601,2647
2601,2814
2601,3180
2601,3501
2601,3589
2602,2940
2602,3039
2602,3465
2602,3499
2602,3594
2603,2799
2603,2809
2603,3991
2604,2948
2604,3148
2604,3945
2604,4297
2605,2840
2605,3101
2605,4307
2606,4164
2606,4199
2606,4454
2606,4763
2607,3143
2607,3711
2607,4732
2607,4826
2608,2735
2608,3038
2608,3110
2609,3658
2609,3938
2609,4244
2609,4291
2609,4579
2609,4625
2609,4752
2610,2810
2610,3162
2610,3587
2610,4475
2611,3576
2611,4427
2612,2776
2612,2796
2612,2979
2612,3238
2612,3418
2612,3645
2612,4257
2612,4847
2613,2682
2613,3294
2613,3494
2613,4315
2613,4922
2614,2965
2614,3171
2614,3311
2614,4886
2615,2802
2615,3872
2615,3988
2615,4962
2616,3154
2616,3234
2616,3510
2616,3737
2616,3876
2616,4476
2617,4445
2618,2707
2618,3404
2618,4609
2618,4643
2618,4688
2619,2902
2619,4014
2620,2729
2620,3144
2620,3228
2620,3595
2620,3765
2620,3891
2620,4349
2621,3090
2621,3587
2621,4322
2622,2717
2622,3642
2622,4385
2622,4425
2622,4558
2623,3035
2623,3173
2623,3345
2623,3724
2623,4061
2624,2784
2624,4167
2624,4390
2625,2652
2625,2690
2625,2999
2625,3234
2625,3800
2625,3993
2625,4328
2625,4596
2626,2820
2626,2985
2626,3164
2626,3282
2626,3476
2626,3809
2626,3959
2627,2875
2627,3091
2627,4622
2627,4812
2628,2794
2628,4750
2628,4920
2629,3369
2629,3660
2629,4201
2630,2643
2630,4422
2630,4461
2630,4776
2631,2739
2631,2921
2631,3295
2631,3948
2631,4221
2631,4318
2631,4423
2631,4813
2632,2658
2632,3126
2632,3482
2633,2905
2633,3263
2633,3456
2633,3528
2633,3999
2634,3192
2634,3551
2634,3646
2634,4179
2635,2717
2635,2775
2635,4525
2636,3007
2636,3132
2636,4046
2636,4841
2637,2959
2637,3348
2637,3368
2637,3764
2637,4324
2637,4710
2637,4855
2638,2924
2638,2948
2638,3337
2638,3500
2638,3632
2638,4182
2638,4229
2638,4748
2639,3345
2639,3625
2639,4054
2639,4090
2641,2664
2641,2810
2641,4378
2641,4563
2642,2763
2642,3334
2642,3499
2642,3967
2643,2822
2643,3248
2643,4033
2643,4635
2643,4719
2644,3271
2645,3072
2645,3112
2645,3706
2646,3081
2646,3292
2646,3367
2646,3734
2646,3738
2646,3825
2646,4333
2646,4376
2646,4434
2646,4492
2646,4686
2646,4705
2646,4735
2647,2756
2647,3171
2647,3377
2647,3654
2647,3955
2648,3911
2648,4350
2649,4710
2650,2746
2651,2658
2651,3184
2651,3553
2651,3935
2651,4068
2651,4329
2651,4507
2652,3365
2652,3417
2653,2781
2653,2875
2653,3186
2653,3776
2653,3951
2653,4114
2653,4362
2653,4612
2654,4906
2654,4961
2655,2749
2655,2822
2655,2920
2655,3086
2655,3229
2655,3335
2655,3752
2655,4374
2655,4478
2656,2885
2656,2987
2656,3104
2656,3622
2656,4158
2657,2951
2657,3019
2657,4052
2658,2688
2658,3317
2658,3448
2658,3533
2658,3768
2658,3891
2658,4300
2658,4527
2659,3325
2659,3383
2659,4565
2659,4664
2660,3146
2660,3311
2660,3780
2660,4400
2660,4868
2660,4965
2661,3053
2661,3951
2662,4320
2662,4592
2663,3103
2663,3151
2663,4176
2663,4258
2663,4673
2665,3071
2665,3571
2665,3937
2665,4034
2666,3386
2666,3783
2666,3847
2666,3962
2666,4451
2666,4460
2667,3057
2667,3441
2667,4956
2668,2726
2668,2785
2668,3421
2668,4029
2668,4107
2668,4207
2668,4603
2669,3590
2670,4053
2670,4985
2671,3324
2671,3992
2671,4030
2671,4048
2671,4513
2672,3407
2672,4009
2672,4080
2672,4644
2672,4868
2673,2825
2673,3883
2673,4998
2674,3001
2674,3129
2674,4925
2675,3678
2675,3845
2675,4728
2676,2918
2676,3761
2677,3380
2677,3821
2677,4103
2677,4605
2678,2865
2678,3447
2678,3987
2678,4568
2680,2690
2680,3124
2680,3225
2680,3924
2682,3206
2682,3525
2682,4062
2682,4460
2683,3607
2683,3684
2683,3997
2684,4554
2685,2971
2685,4434
2686,2972
2686,3253
2686,3291
2686,3325
2686,3483
2686,3898
2686,3954
2687,2812
2687,2833
2687,3046
2687,3513
2687,3613
2687,4512
2687,4782
2688,3022
2688,3339
2689,2858
2689,3407
2689,3590
2689,3685
2689,3865
2689,3967
2689,4134
2690,3247
2690,3382
2690,4362
2690,4413
2690,4462
2691,2912
2692,3636
2692,4873
2693,4670
2694,2807
2694,2843
2694,2851
2694,3757
2694,4206
2694,4661
2695,4230
2695,4492
2695,4546
2695,4849
2695,4952
2696,2978
2696,4062
2696,4200
2697,2966
2697,3266
2697,4642
2698,3115
2698,4399
2699,3832
2700,4579
2701,2892
2701,3217
2701,3424
2701,3676
2701,3990
2702,2753
2702,4089
2702,4191
2702,4457
2703,2723
2703,2763
2703,2976
2703,3271
2703,3595
2703,4091
2703,4119
2703,4510
2704,3521
2704,3880
2704,4010
2705,2837
2705,2998
2705,3016
2705,4007
2705,4239
2705,4585
2705,4757
2706,2871
2706,3073
2706,3260
2707,3282
2707,4611
2707,4823
2708,3635
2709,3557
2710,3246
2710,3610
2710,3809
2710,4411
2710,4741
2710,4779
2711,3135
2711,3302
2711,3419
2711,3766
2711,4303
2712,3117
2712,4083
2713,3500
2713,3691
2713,4916
2714,2855
2714,2917
2714,3358
2714,4074
2714,4223
2715,3671
2716,3143
2716,4241
2716,4792
2716,4963
2717,3376
2717,3472
2717,3493
2717,4209
2717,4272
2718,2737
2718,3049
2718,4707
2719,2757
2719,3982
2719,4601
2720,3859
2720,3915
2721,3911
2721,4665
2723,4460
2723,4504
2724,3001
2724,3954
2724,4008
2724,4467
2724,4685
2724,4757
2724,4786
2725,4240
2726,2989
2726,3879
2726,4345
2726,4801
2726,4974
2727,3165
2727,3739
2727,3821
2727,4418
2728,2739
2728,4933
2729,3129
2729,3177
2729,3296
2729,3334
2729,3726
2729,4777
2729,4971
2730,2851
2730,4041
2730,4790
2731,2992
2731,3103
2731,3818
2732,3133
2732,3541
2732,3789
2732,4015
2732,4034
2732,4073
2732,4222
2732,4231
2732,4615
2732,4964
2732,4978
2733,3867
2733,4300
2734,2801
2734,2897
2735,3188
2735,3598
2735,4491
2735,4671
2736,3867
2736,4355
2737,2823
2737,2966
2737,2987
2737,3924
2737,4533
2737,4619
2738,2803
2738,3792
2738,4288
2739,3147
2739,3606
2739,4668
2740,2918
2740,2943
2740,2949
2740,3569
2740,3684
2741,2814
2741,3420
2741,3440
2741,3603
2742,3288
2742,3289
2742,3380
2742,4668
2743,3039
2743,3184
2743,3920
2744,2786
2744,3388
2744,4052
2744,4197
2744,4216
2744,4567
2744,4825
2745,3251
2745,4373
2745,4508
2746,4034
2747,3997
2748,3966
2749,4353
2749,4696
2750,3095
2750,3560
2750,4475
2751,3654
2751,4749
2752,3395
2752,3545
2752,3569
2752,3963
2752,4687
2753,2777
2753,3015
2753,3632
2753,4690
2755,3705
2755,3758
2755,3770
2755,3840
2755,4002
2755,4062
2755,4480
2755,4668
2757,3637
2757,4451
2757,4906
2758,3058
2758,3340
2758,4516
2759,3240
2759,3588
2759,4303
2760,3938
2760,4252
2761,2817
2761,2833
2761,3500
2761,4272
2762,3504
2763,3740
2763,3933
2763,4049
2764,3212
2764,3257
2764,3870
2764,4328
2764,4334
2764,4534
2764,4974
2765,4470
2765,4880
2766,4932
2767,2794
2767,3850
2767,4338
2767,4861
2768,3314
2768,3724
2768,4104
2768,4191
2769,2771
2769,3025
2769,3030
2769,3556
2769,4458
2769,4505
2770,2787
2770,3079
2771,2942
2771,2975
2771,3889
2771,4773
2772,4184
2772,4599
2773,4031
2773,4225
2773,4394
2773,4707
2773,4913
2774,3821
2774,4526
2775,4200
2775,4231
2776,2871
2776,3271
2776,3462
2776,4213
2776,4247
2776,4606
2777,2994
2777,3262
2777,4316
2778,2868
2778,3250
2778,3579
2778,4407
2779,2851
2780,3166
2780,3539
2780,4862
2780,4977
2781,3184
2781,3458
2781,4359
2782,2823
2782,2875
2782,2902
2782,2911
2782,4451
2782,4817
2782,4822
2782,4846
2783,2824
2783,3056
2783,3428
2783,3615
2783,3861
2783,4469
2783,4570
2783,4807
2784,3483
2784,3533
2784,4251
2784,4459
2785,2787
2785,3563
2785,3730
2785,4592
2786,2868
2786,4322
2786,4510
2787,3167
2787,3783
2787,4214
2788,2966
2788,3552
2789,2877
2789,4421
2789,4711
2789,4981
2790,2976
2790,3444
2790,3493
2790,3506
2790,3627
2790,3740
2793,3879
2793,4577
2793,4602
2793,4645
2794,3020
2794,3353
2794,4592
2795,4752
2796,3431
2796,3466
2796,4127
2796,4181
2796,4485
2796,4854
2797,2871
2797,3834
2797,3991
2797,4758
2798,2947
2798,3233
2798,3661
2798,4219
2798,4470
2799,3097
2799,3973
2800,3601
2800,4332
2800,4793
2801,2942
2801,3925
2801,4306
2802,3706
2802,4684
2803,4151
2803,4629
2804,3374
2804,4927
2805,3053
2805,3208
2805,3512
2805,3622
2805,3799
2805,4447
2805,4651
2806,4200
2807,4106
2807,4876
2808,2983
2808,3023
2808,3182
2808,3764
2808,4261
2809,2938
2809,3852
2810,3041
2810,3331
2810,3511
2810,3698
2810,4000
2810,4410
2810,4492
2810,4950
2810,4987
2811,2836
2811,3301
2811,3822
2811,4633
2812,3259
2812,3315
2812,3420
2812,3628
2812,3678
2812,4009
2812,4348
2812,4627
2812,4761
2813,2995
2813,3887
2813,4364
2814,3937
2814,4499
2815,2862
2815,2947
2815,3313
2815,3521
2815,4059
2816,2836
2816,2955
2817,2950
2817,3711
2818,4282
2818,4764
2819,2834
2819,3558
2819,3940
2819,4126
2819,4232
2819,4589
2820,3277
2821,4938
2822,2910
2822,4342
2822,4581
2822,4836
2823,3186
2824,3252
2824,3640
2824,4530
2824,4643
2824,4762
2824,4832
2825,2914
2825,3069
2825,3401
2826,3392
2826,3622
2826,3774
2826,3827
2826,4240
2828,3468
2828,4078
2828,4335
2829,3154
2829,3888
2829,4419
2830,3933
2831,3615
2831,3939
2831,4473
2831,4727
2831,4891
2832,4223
2832,4774
2834,3239
2834,3449
2834,3710
2834,4148
2835,3506
2835,4819
2836,2865
2836,3021
2836,3443
2836,3703
2836,3936
2836,4328
2836,4530
2836,4584
2838,4631
2839,3876
2839,3903
2840,3762
2840,3798
2840,4386
2841,2921
2841,3258
2841,3507
2841,4335
2841,4770
2841,4999
2842,3497
2842,4552
2842,4584
2842,4598
2843,2853
2843,3094
2843,3119
2843,4155
2844,3297
2844,3830
2844,4024
2844,4425
2844,4475
2844,4700
2846,2945
2846,2977
2846,3190
2846,3728
2846,4758
2846,4864
2846,4960
2847,4062
2847,4583
2848,3306
2848,3569
2848,4283
2848,4652
2849,2966
2849,3743
2849,4591
2850,3767
2850,4452
2852,2915
2852,3099
2852,3177
2852,3879
2852,4139
2852,4341
2852,4586
2852,4681
2852,4982
2853,2888
2853,3772
2853,4275
2853,4543
2854,3156
2854,3270
2854,3306
2854,3930
2855,4181
2855,4304
2856,4924
2857,3069
2857,3555
2857,4786
2858,4296
2858,4715
2858,4907
2859,3158
2859,3216
2859,3353
2859,4091
2859,4477
2860,3088
2860,4761
2861,2957
2861,3978
2861,4079
2861,4671
2861,4863
2862,3824
2862,4121
2862,4327
2862,4442
2862,4786
2864,3481
2864,4443
2864,4677
2865,3398
2865,3667
2866,3023
2866,3246
2866,4102
2866,4625
2866,4796
2867,3591
2867,3765
2867,3934
2867,4700
2868,3478
2868,3839
2868,3871
2868,4520
2868,4771
2868,4814
2869,2930
2869,3200
2869,3953
2870,3854
2870,4630
2871,2964
2871,4339
2872,3197
2872,3327
2872,4817
2873,3902
2873,4320
2874,3200
2874,4034
2874,4996
2875,3062
2875,4916
2876,2881
2876,3069
2876,3764
2876,3880
2876,3963
2876,4048
2876,4426
2876,4635
2876,4800
2877,3808
2877,4406
2877,4567
2878,3704
2878,4310
2879,3189
2879,3311
2879,3713
2880,3530
2880,3566
2880,3658
2880,3711
2880,4410
2881,3144
2881,3514
2881,4126
2882,3247
2882,3960
2882,4914
2883,2896
2883,4447
2883,4598
2884,3823
2884,4209
2885,4519
2885,4634
2885,4774
2886,2968
2886,2993
2886,3198
2886,3754
2888,2934
2888,4191
2889,3199
2889,3245
2889,3858
2889,4060
2889,4422
2889,4469
2890,4235
2891,3648
2891,3816
2891,4687
2892,4784
2893,3871
2894,3843
2894,3958
2894,4520
2894,4678
2894,4780
2894,4924
2895,3028
2895,3122
2895,3786
2895,4867
2895,4889
2896,3593
2897,3309
2897,3617
2897,4054
2897,4432
2897,4905
2898,3616
2900,2977
2900,3771
2901,3287
2901,4549
2901,4615
2903,3992
2904,4178
2904,4349
2904,4396
2904,4463
2904,4509
2905,3138
2905,3193
2905,3732
2905,4275
2905,4895
2906,3045
2907,3321
2907,3798
2907,4111
2908,2985
2909,3355
2909,3694
2909,4364
2909,4514
2909,4779
2910,3126
2910,3505
2910,3761
2910,4396
2911,3011
2911,3017
2911,3183
2911,3298
2911,3438
2911,3668
2911,3920
2911,4492
2912,3032
2912,3513
2912,4169
2912,4597
2912,4701
2913,3311
2913,3649
2914,3235
2914,3608
2914,3894
2914,4596
2914,4879
2915,3250
2915,3661
2915,3819
2915,4364
2916,3529
2916,4151
2916,4991
2917,3710
2918,3141
2919,4090
2919,4225
2921,2998
2921,3604
2921,3908
2921,4152
2921,4857
2923,3268
2923,3465
2923,3949
2924,3367
2924,3947
2925,4407
2926,3417
2926,3610
2926,3914
2926,3935
2926,4416
2927,3221
2927,3336
2927,4002
2928,4091
2928,4137
2929,4282
2929,4562
2930,4454
2931,3509
2931,4234
2931,4271
2931,4326
2932,3138
2932,3948
2932,4679
2933,2978
2933,3975
2934,3213
2934,3555
2934,4315
2934,4714
2935,3479
2935,3937
2935,4163
2935,4730
2936,3201
2936,4353
2937,2974
2937,3014
2937,3134
2937,3806
2937,4385
2938,3409
2938,3518
2938,3582
2938,4313
2938,4794
2939,3843
2940,2959
2940,3549
2940,3563
2940,3977
2940,4419
2940,4948
2941,3047
2941,4763
2941,4816
2941,4847
2942,3175
2943,3449
2943,3896
2943,4063
2944,3229
2945,3045
2945,3194
2945,3235
2945,3444
2945,3662
2945,3783
2945,4309
2945,4462
2945,4965
2946,3045
2946,3706
2946,3713
2948,3853
2948,4982
2949,4163
2949,4503
2950,4984
2951,4482
2952,3900
2952,3960
2952,4141
2952,4421
2952,4650
2953,3381
2953,3717
2953,4016
2953,4349
2954,3316
2954,3519
2954,3691
2954,3933
2954,3964
2954,4573
2954,4725
2955,3148
2955,3935
2956,2991
2956,3203
2956,3594
2957,3235
2957,3579
2957,4433
2958,3286
2958,4046
2959,3181
2961,3050
2961,3191
2961,3535
2961,4797
2962,3636
2962,3969
2962,4129
2962,4644
2963,3077
2963,3539
2963,4217
2963,4726
2964,3068
2965,3840
2965,4323
2966,3405
2966,3415
2966,3653
2966,4065
2966,4874
2967,3421
2967,3585
2967,4823
2968,4276
2969,3557
2969,3580
2969,3908
2969,3940
2969,4605
2969,4692
2970,3000
2970,3412
2970,4177
2970,4287
2970,4400
2970,4713
2970,4844
2971,2976
2971,3058
2971,3699
2971,4311
2972,3804
2972,4806
2972,4880
2972,4898
2972,4931
2974,3330
2974,3347
2974,3558
2974,3653
2974,3737
2974,3935
2974,4029
2974,4273
2974,4461
2975,3999
2975,4543
2975,4832
2977,3315
2977,3729
2979,3259
2979,3307
2979,3405
2979,3757
2979,3834
2979,4018
2979,4491
2979,4670
2980,3210
2980,4764
2981,4089
2981,4404
2981,4678
2981,4692
2982,3132
2982,3279
2982,3614
2982,4870
2983,3308
2983,3515
2984,4084
2984,4729
2984,4772
2986,3326
2986,4361
2986,4464
2987,3382
2987,4384
2988,4233
2988,4366
2988,4989
2990,3984
2991,3306
2991,3370
2991,3969
2991,4202
2991,4529
2992,3523
2992,3859
2992,4974
2993,4210
2994,3119
2994,3290
2994,3838
2994,4093
2995,3079
2995,3278
2996,3967
2997,3686
2998,3827
3000,3027
3000,4106
3001,3061
3001,3095
3001,3113
3001,3238
3001,4631
3002,3691
3002,4597
3003,3377
3003,3704
3004,3123
3004,3314
3004,4227
3005,3081
3005,3222
3005,3790
3005,4228
3005,4338
3005,4948
3006,3087
3006,3405
3006,4506
3007,3599
3007,4493
3008,4151
3008,4273
3008,4553
3008,4846
3008,4904
3009,3330
3009,4162
3010,3399
3011,3167
3011,3408
3011,3543
3011,3622
3011,3628
3011,3886
3011,4510
3011,4542
3011,4981
3012,3240
3012,3246
3012,4263
3013,3387
3013,3623
3014,3548
3014,4057
3014,4733
3014,4889
3015,3189
3015,3730
3015,3880
3015,4000
3016,4410
3016,4586
3016,4706
3018,3142
3018,3620
3018,3856
3018,4819
3019,3452
3019,3508
3019,4292
3019,4425
3020,3065
3020,3102
3020,3991
3020,4734
3021,3112
3022,4138
3022,4301
3023,3592
3023,4884
3024,3117
3024,3155
3024,3942
3024,3964
3024,4197
3025,3609
3026,3727
3027,3036
3027,3602
3027,3765
3027,3809
3027,3812
3027,4285
3027,4606
3027,4657
3028,3242
3028,3501
3028,3857
3028,3891
3028,4213
3028,4369
3029,3950
3029,4859
3030,4152
3030,4326
3031,3553
3031,4182
3032,3476
3032,3690
3033,3226
3033,3892
3033,4162
3033,4397
3033,4989
3034,3144
3034,4121
3034,4451
3035,3501
3036,3433
3036,4614
3037,3696
3037,3826
3038,3807
3039,3542
3039,3609
3039,3860
3039,3895
3039,4034
3040,3044
3040,3525
3040,3642
3040,4563
3041,4822
3042,4112
3042,4320
3042,4493
3043,3814
3043,4135
3043,4467
3043,4474
3044,3068
3044,3163
3044,3372
3044,4262
3046,3491
3047,4015
3048,3307
3048,3564
3048,3985
3048,4283
3048,4639
3049,3132
3049,4228
3049,4570
3049,4993
3050,3515
3050,4805
3051,3372
3051,3620
3051,4010
3051,4317
3051,4432
3051,4698
3051,4738
3053,4059
3053,4912
3055,3472
3055,4029
3055,4688
3056,3078
3056,4139
3056,4270
3057,3240
3057,3562
3057,3850
3058,3074
3058,3121
3058,3699
3058,4150
3058,4407
3060,3186
3060,3195
3060,3334
3060,3495
3060,3745
3060,4371
3061,3106
3061,3824
3061,4450
3062,3386
3062,3564
3062,4734
3063,3109
3063,3330
3063,4070
3064,3129
3064,3811
3064,4312
3065,3087
3065,3368
3065,3981
3065,4281
3065,4524
3065,4755
3066,3215
3066,3252
3066,3263
3066,3700
3066,4371
3066,4578
3066,4844
3067,3440
3067,3584
3067,4919
3068,3329
3068,3573
3068,3889
3069,4042
3069,4435
3070,3894
3070,4050
3070,4945
3070,4972
3071,3203
3071,4284
3071,4448
3071,4456
3073,3504
3073,3928
3074,3408
3074,3975
3075,3137
3075,3671
3075,3976
3075,4829
3076,3262
3076,3623
3076,4111
3077,3654
3077,4839
3078,3181
3078,4005
3078,4008
3078,4122
3078,4477
3078,4724
3078,4909
3078,4915
3080,3565
3080,3657
3080,3901
3080,4278
3080,4424
3080,4628
3080,4887
3080,4941
3081,3550
3081,3742
3081,4154
3081,4167
3081,4405
3081,4606
3082,3359
3082,3406
3082,3538
3082,4202
3082,4578
3082,4627
3083,3868
3083,4531
3083,4805
3085,3481
3085,4227
3085,4260
3086,4419
3086,4889
3087,3495
3087,4095
3087,4669
3088,3139
3088,3570
3088,3910
3088,4026
3088,4416
3089,3326
3089,3493
3089,3899
3089,3988
3090,3292
3090,3483
3091,3164
3091,3489
3091,3771
3091,4897
3093,3110
3093,3308
3093,4724
3094,4434
3094,4529
3095,3477
3095,4084
3095,4330
3095,4965
3096,3756
3096,4464
3097,3185
3097,4193
3097,4219
3098,3114
3098,3624
3099,3111
3099,3118
3099,3146
3099,3192
3099,3825
3099,4224
3099,4340
3099,4896
3100,3805
3100,4847
3100,4934
3101,3122
3101,3402
3101,4603
3101,4992
3102,3821
3102,4438
3102,4835
3103,3730
3103,3795
3104,3443
3105,3618
3105,4437
3106,3934
3107,3572
3107,4183
3107,4541
3108,3234
3108,4214
3108,4428
3108,4640
3109,3627
3109,4003
3109,4672
3110,3711
3110,3822
3110,4888
3111,3487
3111,4624
3112,3255
3112,4296
3113,4004
3113,4336
3113,4472
3115,4387
3115,4617
3116,3310
3116,3723
3116,4942
3117,4939
3118,3169
3118,4195
3118,4547
3118,4733
3118,4867
3119,3753
3120,4476
3120,4643
3120,4792
3121,3609
3121,4608
3121,4653
3122,3220
3122,3247
3122,3530
3122,4717
3123,3212
3123,4640
3124,4113
3125,3480
3125,4844
3125,4948
3126,3677
3127,4339
3127,4731
3127,4842
3128,3365
3128,3407
3128,3895
3128,4137
3128,4656
3128,4887
3129,4081
3129,4883
3130,3437
3133,3144
3133,3466
3133,3941
3133,4192
3133,4772
3134,3667
3134,4863
3136,4085
3136,4682
3138,3395
3138,3570
3139,3313
3139,3717
3139,3772
3141,3724
3141,3993
3141,4236
3141,4337
3141,4580
3142,4881
3143,4382
3143,4694
3145,3190
3145,4000
3145,4701
3146,3470
3146,3729
3146,4190
3147,3217
3147,3429
3147,3864
3147,4631
3147,4947
3149,3291
3149,3770
3150,3754
3150,3933
3151,3481
3152,3210
3152,3283
3152,3608
3152,4392
3153,3701
3155,3627
3155,4174
3155,4417
3155,4769
3156,3792
3156,4051
3156,4154
3157,4923
3158,3322
3159,3261
3159,3865
3159,4086
3159,4533
3160,3321
3160,3632
3160,3808
3160,4303
3161,3307
3161,4007
3162,4737
3163,4351
3163,4374
3163,4926
3164,3997
3165,4568
3166,3390
3166,3786
3166,4798
3167,3548
3167,4128
3168,3183
3168,3527
3169,3568
3170,3301
3170,4922
3172,4571
3172,4913
3173,3337
3174,4061
3174,4720
3175,3851
3176,3185
3177,4016
3178,3463
3178,4559
3178,4704
3179,3245
3180,3342
3180,3899
3181,3657
3181,3735
3181,4163
3182,3371
3182,3835
3182,4060
3182,4521
3182,4567
3182,4682
3183,3321
3183,3595
3183,4236
3184,3397
3184,3576
3184,3734
3185,3535
3185,3640
3185,4709
3186,3222
3186,4111
3187,3388
3187,3906
3188,4664
3189,3584
3189,3843
3189,4911
3190,3773
3190,3783
3190,4165
3190,4559
3191,3295
3191,4012
3191,4453
3191,4896
3192,4039
3192,4041
3192,4259
3192,4512
3193,3613
3193,3648
3193,3849
3193,4489
3193,4791
3193,4918
3193,4992
3194,4072
3194,4341
3194,4851
3195,3253
3195,3256
3195,3991
3195,3999
3195,4448
3196,3695
3196,4356
3197,4171
3197,4717
3197,4881
3198,3294
3199,3200
3199,3527
3199,3636
3199,4107
3200,4625
3201,3861
3201,4297
3202,3764
3202,4129
3202,4500
3203,3716
3203,4037
3203,4234
3204,3915
3204,4149
3204,4661
3206,3414
3206,4647
3206,4837
3207,3522
3207,3526
3207,3861
3207,4828
3208,3302
3208,3421
3209,3725
3210,3286
3210,3349
3210,3592
3210,4369
3210,4888
3210,4943
3211,3569
3212,3439
3214,4837
3215,3809
3215,4242
3216,3425
3216,4219
3216,4333
3216,4463
3216,4842
3217,3545
3217,3873
3217,4816
3217,4872
3218,4110
3218,4693
3220,4366
3220,4549
3221,3355
3221,4144
3224,3319
3224,3370
3224,3923
3224,4178
3225,3731
3225,3868
3225,4640
3225,4900
3225,4972
3226,3568
3226,4321
3227,3469
3227,3852
3227,4364
3227,4710
3228,4051
3228,4873
3229,4078
3230,3548
3230,4025
3230,4372
3230,4382
3231,3398
3231,3974
3231,4141
3232,3328
3233,4283
3233,4759
3235,3946
3235,3999
3235,4543
3235,4777
3235,4967
3236,4575
3236,4688
3236,4832
3237,3353
3237,3506
3238,3347
3238,3752
3238,3772
3238,4393
3239,4465
3239,4517
3239,4923
3240,3378
3240,3498
3241,3862
3241,4172
3242,3317
3242,3918
3243,3671
3243,3673
3243,3771
3243,3870
3243,4916
3244,3267
3244,4566
3244,4798
3245,4053
3246,3460
3246,4039
3246,4065
3246,4371
3246,4960
3247,3315
3247,3358
3247,3898
3247,4555
3248,3380
3249,4200
3249,4227
3249,4281
3250,3952
3250,4291
3250,4355
3251,3386
3251,3634
3251,4097
3251,4153
3251,4906
3252,3337
3252,3557
3252,3899
3252,4301
3253,3711
3253,4028
3253,4766
3254,4852
3257,3687
3257,3688
3257,4222
3257,4757
3257,4797
3257,4851
3258,4220
3261,3740
3261,4041
3261,4321
3262,4927
3263,4482
3264,3835
3264,4392
3264,4992
3265,3347
3265,4785
3266,3343
3266,3651
3267,4255
3268,3395
3268,3773
3268,4493
3268,4762
3269,3303
3269,4583
3270,3686
3271,4491
3271,4778
3272,3381
3272,3580
3272,3702
3273,3298
3273,3489
3273,4763
3274,3725
3274,4661
3275,3445
3276,3796
3276,4113
3276,4458
3276,4494
3277,3427
3278,3918
3278,3922
3278,3962
3278,4192
3279,3797
3279,4783
3280,3559
3280,4633
3281,3503
3281,4598
3282,4548
3282,4672
3283,3285
3283,3343
3283,3399
3283,4580
3283,4983
3284,3453
3284,4530
3285,4129
3286,3486
3286,3692
3286,4198
3286,4279
3286,4689
3286,4836
3287,3457
3287,3884
3288,4093
3288,4401
3289,3533
3289,3901
3290,3893
3290,4040
3290,4331
3290,4354
3290,4555
3291,3526
3291,3656
3291,4827
3292,3772
3292,4615
3292,4954
3293,4935
3294,3401
3295,3490
3296,3547
3296,4901
3297,4157
3298,4157
3298,4442
3299,3317
3299,3388
3299,3486
3299,3497
3299,3907
3299,3910
3299,4427
3301,3423
3301,3484
3301,4355
3301,4478
3302,3373
3302,3544
3302,4061
3302,4255
3302,4411
3302,4896
3303,3789
3303,4173
3303,4957
3304,3703
3304,4188
3307,3945
3307,3958
3308,4216
3308,4728
3309,3422
3309,4136
3310,3382
3310,4777
3311,4251
3311,4291
3312,3522
3313,4457
3313,4521
3313,4548
3314,3513
3314,4372
3315,3450
3315,3569
3315,3891
3315,3927
3315,4463
3315,4528
3315,4839
3316,3508
3316,3530
3316,3845
3316,4884
3317,4362
3318,4492
3319,3349
3319,4382
3320,3374
3320,4491
3320,4738
3320,4872
3321,3428
3321,3709
3321,3796
3322,3331
3322,3919
3323,3757
3323,4173
3323,4257
3323,4643
3324,3958
3325,3373
3325,4010
3326,3511
3327,3445
3327,4134
3327,4375
3328,3413
3328,3987
3329,3618
3330,3378
3330,3524
3330,4272
3331,3747
3331,4417
3331,4968
3334,3696
3334,4103
3334,4105
3334,4224
3334,4482
3336,3955
3336,4313
3337,4399
3338,3482
3338,3546
3338,3792
3338,4652
3338,4695
3339,4839
3339,4993
3340,4001
3340,4867
3340,4875
3340,4927
3341,3768
3341,3983
3341,4012
3341,4076
3341,4595
3341,4919
3341,4968
3342,4387
3342,4527
3343,3366
3343,3372
3343,4253
3345,3783
3345,4411
3345,4908
3348,4191
3348,4780
3349,4381
3350,3445
3350,4425
3351,4177
3352,3595
3352,3621
3352,3781
3353,3663
3353,4131
3353,4652
3353,4890
3354,3521
3354,3961
3354,4826
3355,3447
3355,4038
3356,3398
3357,3929
3357,4124
3357,4317
3358,4669
3359,3773
3359,3780
3359,4225
3359,4262
3359,4593
3360,3377
3360,3993
3360,4845
3361,4847
3362,4598
3362,4983
3363,4306
3364,3579
3365,3432
3365,4572
3366,3578
3367,4735
3367,4909
3368,3713
3368,4071
3368,4456
3369,3401
3369,3872
3369,3986
3369,4000
3369,4028
3369,4166
3369,4535
3371,3619
3371,4131
3371,4616
3373,3414
3373,3931
3373,4173
3373,4371
3373,4704
3374,4082
3374,4760
3374,4841
3375,3630
3376,4007
3376,4282
3377,4010
3377,4121
3378,3800
3378,4440
3378,4920
3379,4069
3379,4395
3379,4551
3379,4606
3380,4893
3381,3989
3381,4410
3381,4958
3382,3731
3382,4657
3382,4769
3383,3699
3383,3852
3384,3704
3384,4588
3384,4789
3385,3731
3385,4098
3385,4122
3386,3410
3386,3434
3386,3448
3386,3473
3386,4375
3387,3814
3387,4076
3388,3432
3388,3881
3388,4144
3389,3706
3390,3661
3390,4769
3391,4032
3392,3607
3392,3716
3392,3808
3392,4696
3393,3683
3393,4112
3393,4116
3393,4235
3393,4580
3394,3663
3394,3716
3395,3523
3395,3823
3395,4149
3395,4442
3395,4561
3395,4889
3396,4052
3396,4389
3396,4395
3396,4412
3396,4433
3396,4656
3397,3815
3397,4201
3398,4421
3398,4574
3399,3695
3399,3720
3399,4249
3399,4302
3399,4866
3400,3906
3400,3924
3400,4210
3401,4116
3401,4773
3403,4249
3403,4284
3403,4330
3403,4449
3403,4986
3404,3597
3404,4019
3404,4966
3405,3413
3405,3957
3406,3817
3406,4855
3407,4694
3407,4847
3408,3658
3408,4200
3408,4447
3410,3663
3410,4889
3411,3495
3411,3578
3411,3972
3411,4205
3413,4292
3413,4339
3413,4358
3413,4784
3414,3435
3414,4016
3414,4238
3414,4665
3417,3877
3417,3997
3417,4165
3417,4403
3418,3935
3418,4437
3418,4971
3419,3577
3419,3614
3419,4239
3419,4254
3419,4595
3419,4779
3420,4404
3421,3535
3421,3622
3421,4525
3422,3492
3422,3589
3423,3545
3423,4372
3424,3590
3424,3751
3424,4680
3425,3988
3425,4820
3426,3435
3426,3813
3426,4030
3426,4871
3427,3639
3427,4090
3427,4101
3428,3672
3428,4235
3429,3467
3429,3857
3429,3930
3429,4611
3430,4944
3430,4948
3433,4371
3434,4154
3435,4231
3436,3549
3436,3802
3436,4200
3437,3721
3437,3799
3437,4539
3437,4662
3438,4065
3439,3800
3439,4132
3440,3647
3442,3626
3444,3814
3444,3863
3444,4666
3445,3773
3445,4011
3445,4120
3445,4146
3445,4472
3445,4891
3445,4903
3446,3466
3446,3693
3446,3733
3446,4019
3446,4223
3446,4283
3446,4370
3446,4409
3446,4622
3446,4953
3447,3989
3447,4038
3447,4179
3447,4430
3448,3795
3448,4527
3450,3502
3450,3934
3450,4551
3450,4584
3450,4877
3451,4307
3451,4606
3452,3614
3452,3791
3452,4166
3454,3655
3454,4785
3456,3462
3456,4540
3457,3565
3457,4176
3457,4267
3458,3908
3458,4853
3458,4929
3459,3631
3459,4749
3460,3471
3460,3503
3460,3575
3460,3652
3460,3784
3460,4193
3460,4204
3462,3602
3462,4781
3463,3515
3463,3964
3463,4133
3463,4702
3464,3656
3464,4459
3464,4706
3464,4732
3466,4117
3466,4523
3466,4960
3468,3671
3468,3738
3468,4267
3468,4975
3470,3775
3470,4242
3470,4545
3471,4342
3471,4719
3472,3573
3472,3653
3472,4059
3472,4177
3473,3567
3474,3601
3474,3921
3474,4468
3474,4622
3474,4711
3475,3564
3475,4271
3476,4112
3476,4741
3478,4208
3478,4332
3479,3741
3479,4230
3480,3751
3480,3906
3480,4037
3480,4083
3481,3508
3481,3603
3481,4466
3482,3897
3483,3633
3483,3964
3483,4679
3484,3540
3484,4236
3484,4449
3484,4489
3485,3510
3485,4121
3485,4285
3485,4924
3486,3655
3487,3837
3487,3983
3487,4881
3488,4775
3489,3986
3489,4165
3490,3528
3490,4318
3490,4736
3491,4030
3491,4662
3492,4617
3492,4835
3493,4755
3494,4699
3494,4725
3495,3730
3495,3874
3495,4787
3496,3703
3496,4333
3497,3534
3497,4366
3499,4587
3499,4955
3500,3666
3500,3739
3500,4033
3500,4037
3501,3917
3502,3708
3502,4328
3504,4585
3505,4379
3505,4892
3506,4288
3506,4632
3506,4691
3507,3791
3507,3956
3508,3837
3508,3961
3509,4181
3509,4688
3510,3863
3510,3983
3511,3573
3511,4565
3512,3691
3512,4162
3512,4638
3513,4044
3513,4876
3514,4325
3515,4258
3515,4304
3515,4503
3515,4623
3515,4730
3517,3787
3517,4028
3517,4813
3518,4143
3519,3895
3519,4811
3520,3664
3520,3677
3520,3778
3520,4608
3520,4902
3521,4472
3522,3818
3522,3872
3522,4254
3522,4609
3523,3644
3523,3966
3523,4331
3524,3865
3524,4321
3524,4660
3524,4905
3525,4952
3527,3740
3527,4663
3528,3607
3529,4183
3529,4684
3530,3723
3530,3817
3534,3572
3534,3741
3534,4093
3534,4144
3534,4630
3535,4299
3536,3777
3537,4561
3538,4155
3540,4310
3543,3789
3543,4733
3544,4480
3548,4672
3550,4965
3550,4996
3552,3766
3552,3864
3552,4275
3552,4881
3554,4347
3554,4502
3555,4893
3556,4029
3556,4135
3556,4276
3557,3846
3557,4437
3557,4949
3558,3916
3558,4702
3559,4718
3559,4888
3560,4024
3560,4290
3560,4355
3560,4562
3561,3691
3562,4729
3564,4892
3565,3604
3565,3853
3565,4357
3566,3848
3568,4989
3569,4073
3569,4304
3569,4381
3569,4724
3569,4879
3571,4279
3572,3602
3572,3668
3572,4089
3572,4377
3572,4545
3573,3859
3573,3963
3573,4569
3575,4136
3575,4234
3576,3843
3576,3866
3576,3996
3576,4265
3576,4849
3576,4970
3576,4988
3578,3679
3578,4128
3578,4265
3578,4318
3578,4324
3580,4284
3580,4738
3580,4809
3581,4631
3581,4971
3582,3770
3582,3844
3582,4275
3582,4314
3582,4590
3582,4811
3583,4208
3583,4803
3584,3963
3584,4836
3585,4482
3585,4695
3586,4342
3586,4965
3587,4566
3587,4777
3588,4636
3590,3655
3590,3785
3590,3997
3590,4024
3590,4760
3591,3795
3591,3993
3592,3656
3592,4027
3592,4705
3593,4642
3594,3634
3596,4181
3596,4259
3596,4792
3597,4494
3598,4602
3598,4865
3599,3681
3600,4153
3601,4370
3602,3675
3602,4067
3602,4139
3603,4439
3603,4940
3604,3741
3604,4697
3605,3965
3605,4185
3605,4494
3605,4771
3606,4791
3607,3698
3607,3989
3607,4450
3608,4816
3610,3710
3610,3895
3610,4317
3610,4326
3610,4486
3613,3623
3613,4129
3613,4165
3613,4238
3613,4265
3614,3896
3614,4153
3614,4816
3615,3800
3615,4059
3615,4144
3615,4295
3615,4366
3615,4690
3616,4299
3616,4449
3616,4832
3617,4850
3617,4857
3619,3833
3619,4355
3620,4083
3622,3784
3622,4446
3623,4024
3623,4081
3624,3719
3624,3730
3624,4500
3625,3848
3625,4431
3625,4489
3626,4412
3627,3961
3627,4194
3628,4027
3630,4429
3630,4905
3632,4801
3633,4416
3635,4134
3635,4300
3635,4702
3635,4970
3636,4708
3636,4892
3636,4937
3639,4261
3639,4419
3639,4910
3640,3824
3640,3960
3641,4155
3641,4237
3642,3646
3642,4330
3642,4796
3642,4846
3643,3700
3644,3777
3644,3783
3644,4167
3644,4536
3645,3741
3645,3897
3645,4471
3645,4730
3646,3673
3647,3968
3647,4483
3648,3822
3648,4098
3649,4732
3650,3910
3650,4456
3650,4573
3651,3866
3651,4106
3651,4897
3652,4286
3652,4328
3653,4022
3653,4076
3653,4501
3653,4711
3655,3743
3655,4420
3656,4207
3656,4903
3658,3681
3658,3856
3658,4041
3658,4042
3659,4501
3659,4890
3660,3663
3660,3708
3661,4189
3662,4575
3663,4924
3664,3828
3665,4601
3666,4612
3667,4576
3667,4749
3668,4401
3669,4983
3670,3875
3670,4748
3670,4986
3671,4683
3672,3928
3673,3806
3674,4204
3674,4264
3675,3731
3675,4678
3678,3957
3678,3981
3678,4516
3678,4990
3679,4437
3679,4626
3681,4399
3681,4840
3684,4006
3685,4901
3686,3853
3686,4363
3686,4687
3686,4831
3687,4748
3687,4948
3688,3940
3690,3919
3690,4686
3690,4691
3690,4708
3690,4786
3691,4616
3692,3885
3693,3836
3693,4056
3693,4376
3695,4421
3695,4454
3695,4521
3695,4859
3695,4971
3696,4371
3696,4458
3697,4448
3698,4515
3699,3980
3699,4091
3699,4563
3699,4591
3699,4757
3700,4021
3701,4364
3702,4669
3703,4309
3704,4137
3705,3772
3705,4710
3706,3747
3706,4824
3708,4029
3708,4466
3708,4608
3709,4144
3709,4771
3709,4979
3710,3801
3710,4092
3711,4305
3712,4314
3713,4830
3715,4985
3716,4298
3716,4576
3716,4903
3717,4450
3717,4920
3718,4070
3719,3729
3719,4186
3719,4201
3723,4860
3724,3781
3724,3847
3724,3974
3727,3843
3727,4021
3727,4512
3727,4693
3728,4130
3729,4965
3730,3797
3731,3764
3731,4126
3731,4276
3731,4560
3731,4577
3732,3948
3732,4319
3732,4569
3735,4072
3736,4970
3737,4619
3738,4120
3739,4069
3739,4948
3740,4859
3741,3809
3741,4026
3741,4314
3741,4446
3742,4153
3743,4034
3744,4122
3744,4533
3745,3877
3745,4902
3746,4495
3746,4924
3746,4984
3747,3858
3748,4919
3749,4357
3749,4401
3752,4611
3753,4482
3754,4142
3754,4624
3755,4068
3755,4639
3756,3839
3756,4048
3757,3913
3758,4792
3758,4969
3759,4249
3761,3888
3762,3883
3762,4056
3762,4309
3762,4716
3763,4108
3763,4593
3763,4868
3764,3767
3766,4122
3766,4660
3766,4722
3767,3817
3767,4542
3767,4992
3768,3923
3768,4913
3770,3827
3771,4406
3772,3947
3773,4706
3774,3822
3774,4094
3774,4178
3774,4706
3774,4984
3775,4008
3775,4278
3775,4794
3776,4111
3777,3856
3777,4911
3778,4363
3778,4751
3778,4783
3779,4709
3779,4893
3779,4905
3781,4147
3781,4729
3785,3887
3785,4154
3785,4501
3786,4019
3786,4452
3786,4558
3786,4682
3786,4785
3787,4556
3787,4716
3787,4859
3788,4770
3789,4195
3789,4291
3789,4517
3792,3869
3792,4241
3792,4412
3792,4931
3793,4596
3794,4158
3795,4497
3797,4429
3797,4651
3798,4231
3799,4212
3799,4465
3800,4256
3800,4453
3800,4933
3801,3954
3801,4486
3801,4672
3803,4286
3805,3834
3805,4289
3805,4388
3805,4635
3805,4825
3806,3923
3806,4072
3806,4740
3806,4807
3809,4871
3810,4135
3810,4663
3810,4911
3811,3960
3812,4192
3813,4302
3813,4485
3814,4423
3815,4298
3815,4360
3815,4661
3816,4095
3816,4761
3818,4961
3819,4241
3822,3956
3822,4896
3823,4533
3823,4637
3824,3915
3824,4024
3824,4205
3824,4377
3824,4651
3825,4076
3826,4654
3827,3981
3827,4423
3829,4063
3829,4605
3830,4926
3831,4780
3833,3839
3833,4638
3836,4275
3836,4902
3837,4136
3838,4301
3838,4915
3839,4171
3839,4342
3839,4372
3839,4762
3839,4917
3840,3924
3840,4967
3841,4179
3843,4148
3845,4193
3845,4717
3846,3926
3846,4277
3846,4722
3848,4675
3849,4128
3850,4455
3851,3932
3851,4483
3853,4040
3853,4246
3853,4553
3854,4174
3854,4607
3855,3889
3855,4294
3855,4546
3855,4554
3855,4831
3856,4782
3857,4349
3858,4399
3858,4884
3859,4439
3859,4997
3861,3990
3863,4576
3865,4171
3866,4103
3866,4305
3866,4417
3867,4159
3867,4597
3867,4634
3868,4885
3869,4717
3870,3888
3870,4454
3872,4788
3874,4824
3875,4517
3876,4196
3878,4551
3879,4210
3879,4320
3879,4659
3879,4921
3880,4139
3880,4158
3880,4197
3880,4582
3881,4129
3882,3902
3882,4136
3884,3946
3884,4392
3885,4111
3885,4429
3885,4500
3886,4419
3886,4529
3887,4317
3887,4355
3888,4663
3889,4289
3889,4381
3889,4978
3893,4038
3894,4119
3894,4937
3895,4136
3895,4784
3895,4845
3896,3990
3896,4143
3896,4782
3897,4416
3897,4870
3898,3944
3900,4201
3901,4645
3902,4244
3902,4856
3903,4159
3903,4933
3904,4971
3905,4422
3905,4629
3905,4957
3906,3968
3907,4109
3908,4112
3909,4036
3909,4397
3912,4829
3912,4906
3914,4125
3914,4606
3916,4363
3917,3954
3917,4043
3918,4875
3919,4158
3919,4306
3919,4936
3922,4314
3925,4687
3925,4852
3926,3978
3927,4263
3929,4466
3931,4490
3932,4043
3932,4766
3933,3987
3934,3942
3934,4579
3937,4308
3937,4434
3939,4452
3939,4910
3940,4534
3943,4327
3944,4203
3944,4541
3944,4744
3945,4202
3945,4211
3945,4348
3946,4038
3946,4160
3947,4469
3948,4104
3948,4562
3948,4703
3949,4236
3949,4326
3950,4450
3950,4813
3951,4721
3952,4427
3953,4160
3955,4952
3957,4881
3958,4785
3959,4691
3960,4025
3960,4736
3960,4991
3961,4302
3962,4980
3964,4870
3972,4541
3972,4638
3972,4833
3976,4353
3976,4498
3977,4005
3977,4530
3977,4679
3977,4856
3978,4464
3978,4727
3979,4392
3979,4866
3979,4931
3980,4577
3981,4070
3981,4849
3981,4919
3983,4119
3983,4982
3984,4236
3984,4444
3984,4614
3985,4141
3985,4529
3986,4669
3987,4634
3987,4684
3987,4958
3988,4128
3988,4151
3988,4774
3988,4867
3989,4926
3992,4060
3992,4552
3993,4092
3994,4507
3995,4261
3996,4641
3996,4688
3996,4955
3998,4157
3999,4058
3999,4154
3999,4162
4001,4319
4001,4331
4003,4189
4003,4265
4006,4954
4007,4384
4007,4734
4008,4044
4008,4720
4010,4581
4010,4851
4011,4838
4012,4534
4013,4733
4016,4200
4017,4550
4017,4759
4017,4999
4018,4133
4018,4199
4019,4876
4020,4225
4020,4365
4020,4960
4023,4329
4023,4645
4025,4154
4026,4573
4028,4360
4028,4387
4029,4051
4029,4552
4029,4808
4031,4576
4035,4093
4035,4465
4035,4532
4037,4146
4037,4178
4037,4811
4038,4102
4038,4531
4042,4705
4042,4867
4042,4946
4043,4075
4044,4350
4046,4953
4049,4349
4049,4667
4050,4082
4050,4146
4052,4270
4053,4869
4056,4096
4056,4130
4056,4134
4056,4389
4056,4608
4056,4901
4058,4239
4058,4572
4059,4887
4060,4640
4061,4716
4061,4854
4062,4900
4063,4377
4066,4101
4066,4235
4067,4215
4068,4768
4068,4981
4069,4628
4071,4351
4071,4526
4071,4861
4072,4163
4072,4400
4075,4599
4076,4944
4077,4277
4077,4362
4077,4778
4077,4926
4078,4343
4078,4502
4078,4751
4078,4921
4079,4985
4080,4299
4080,4360
4082,4087
4082,4781
4083,4166
4083,4658
4083,4983
4085,4398
4085,4800
4086,4377
4088,4233
4088,4335
4088,4656
4089,4816
4090,4621
4091,4758
4091,4778
4092,4795
4093,4239
4093,4646
4093,4785
4094,4417
4094,4877
4095,4457
4096,4511
4096,4531
4096,4610
4097,4537
4098,4241
4099,4670
4101,4813
4104,4564
4107,4245
4107,4311
4107,4324
4108,4203
4109,4743
4110,4309
4111,4145
4111,4518
4111,4533
4112,4972
4113,4697
4114,4696
4115,4332
4115,4469
4115,4772
4117,4788
4118,4679
4120,4961
4123,4152
4123,4812
4123,4899
4124,4376
4124,4707
4125,4479
4129,4614
4130,4427
4130,4556
4132,4836
4133,4489
4136,4787
4136,4983
4139,4203
4139,4693
4139,4719
4142,4551
4143,4624
4143,4629
4144,4880
4146,4358
4148,4251
4148,4702
4150,4780
4150,4787
4151,4904
4153,4281
4154,4958
4156,4624
4156,4928
4156,4961
4158,4705
4158,4873
4163,4793
4166,4540
4173,4321
4174,4565
4176,4194
4180,4224
4183,4360
4185,4397
4186,4198
4188,4858
4191,4279
4192,4241
4192,4428
4193,4382
4194,4774
4194,4921
4196,4536
4197,4375
4197,4740
4197,4846
4197,4987
4198,4455
4198,4954
4198,4984
4201,4336
4202,4278
4202,4576
4205,4843
4206,4375
4207,4384
4207,4751
4209,4221
4209,4823
4209,4881
4209,4922
4210,4543
4212,4604
4213,4738
4213,4882
4218,4570
4220,4731
4220,4937
4221,4408
4221,4815
4222,4941
4224,4453
4226,4699
4227,4938
4228,4530
4228,4849
4228,4909
4230,4241
4230,4492
4230,4967
4231,4764
4231,4858
4234,4392
4235,4994
4237,4398
4238,4985
4240,4446
4240,4481
4240,4591
4240,4792
4241,4640
4244,4909
4244,4912
4245,4401
4246,4564
4248,4356
4248,4418
4248,4621
4249,4471
4249,4604
4252,4270
4252,4465
4252,4707
4253,4681
4253,4795
4256,4383
4258,4834
4259,4378
4261,4676
4263,4682
4267,4472
4267,4556
4267,4834
4268,4409
4269,4885
4271,4480
4273,4886
4274,4963
4276,4468
4277,4956
4278,4840
4281,4753
4282,4879
4282,4973
4283,4359
4283,4592
4285,4979
4287,4311
4287,4431
4287,4625
4287,4886
4289,4903
4290,4455
4291,4578
4291,4994
4293,4402
4295,4408
4295,4553
4295,4601
4296,4746
4301,4934
4302,4531
4303,4586
4303,4825
4306,4774
4307,4339
4307,4722
4307,4942
4308,4738
4309,4894
4310,4542
4310,4874
4312,4516
4314,4392
4314,4608
4315,4346
4315,4393
4316,4370
4316,4532
4316,4692
4316,4788
4317,4627
4319,4733
4319,4746
4321,4788
4323,4675
4324,4444
4327,4451
4327,4506
4327,4668
4329,4388
4329,4956
4334,4526
4334,4609
4335,4347
4335,4590
4335,4649
4337,4742
4338,4389
4340,4737
4344,4674
4344,4866
4345,4376
4345,4501
4346,4579
4347,4453
4348,4664
4349,4685
4350,4494
4353,4618
4353,4627
4353,4819
4355,4508
4356,4537
4357,4438
4357,4727
4357,4844
4359,4905
4360,4574
4362,4375
4362,4714
4363,4663
4364,4484
4367,4696
4368,4863
4369,4386
4369,4805
4369,4858
4372,4828
4372,4949
4374,4694
4374,4745
4378,4482
4379,4800
4380,4977
4383,4458
4383,4947
4384,4476
4386,4923
4388,4899
4391,4648
4392,4930
4395,4623
4397,4512
4400,4857
4401,4617
4403,4524
4403,4690
4404,4685
4405,4617
4406,4835
4407,4768
4412,4545
4414,4520
4420,4790
4420,4796
4425,4667
4426,4556
4427,4540
4427,4711
4428,4648
4432,4652
4433,4889
4437,4519
4437,4591
4437,4973
4439,4595
4440,4616
4442,4452
4445,4754
4447,4647
4447,4801
4453,4650
4453,4688
4453,4987
4455,4845
4456,4650
4456,4903
4457,4641
4461,4522
4464,4962
4469,4576
4470,4641
4470,4753
4471,4896
4472,4750
4476,4651
4480,4520
4481,4969
4483,4733
4489,4580
4489,4758
4493,4674
4494,4749
4495,4957
4495,4975
4497,4793
4499,4925
4500,4762
4504,4508
4506,4595
4506,4866
4508,4637
4509,4841
4509,4895
4510,4729
4512,4661
4512,4978
4519,4521
4523,4675
4524,4804
4525,4893
4526,4878
4526,4889
4530,4604
4530,4869
4532,4921
4534,4888
4536,4624
4538,4567
4539,4765
4539,4825
4542,4873
4542,4905
4543,4680
4545,4897
4546,4701
4550,4908
4551,4860
4552,4947
4554,4714
4554,4873
4555,4886
4559,4935
4562,4992
4567,4659
4572,4995
4575,4737
4577,4943
4578,4604
4578,4877
4589,4940
4591,4883
4594,4710
4601,4735
4601,4882
4602,4821
4609,4666
4609,4714
4609,4732
4610,4649
4610,4692
4610,4939
4614,4951
4618,4940
4618,4989
4619,4823
4620,4894
4625,4818
4625,4868
4627,4723
4627,4871
4632,4648
4632,4925
4636,4762
4637,4798
4639,4723
4645,4784
4650,4857
4659,4895
4667,4810
4669,4741
4669,4920
4673,4718
4686,4995
4689,4799
4697,4807
4698,4738
4700,4941
4706,4910
4709,4769
4709,4900
4713,4970
4725,4939
4730,4882
4747,4912
4749,4826
4750,4838
4762,4982
4769,4987
4772,4935
4781,4999
4800,4899
4805,4993
4807,4860
4818,4949
4832,4923
4841,4844
4841,4862
4896,4987
4927,4931
4945,4995
4973,4995
