src,dst
0,94
0,115
0,598
0,637
0,1168
0,1195
0,1772
0,1947
0,2005
0,2055
0,2108
0,2174
0,2391
0,2406
0,3036
0,3456
0,3466
0,3479
0,3946
0,4060
0,4645
0,4882
1,247
1,401
1,407
1,458
1,576
1,764
1,1143
1,1190
1,1451
1,1465
1,1612
1,2020
1,2266
1,2371
1,2724
1,2725
1,3705
1,3955
1,4010
1,4235
1,4309
1,4310
1,4631
2,792
2,972
2,1011
2,1029
2,1400
2,1664
2,1760
2,1767
2,1820
2,2042
2,2378
2,2527
2,2568
2,2620
2,2785
2,3663
2,3683
2,4028
2,4105
2,4267
2,4489
2,4570
2,4583
2,4807
2,4963
3,40
3,94
3,372
3,403
3,423
3,451
3,491
3,530
3,959
3,1109
3,1121
3,1667
3,2036
3,2051
3,2102
3,2115
3,2321
3,2670
3,2734
3,2850
3,2877
3,3008
3,3058
3,3223
3,3511
3,3729
3,3801
3,4023
4,200
4,253
4,634
4,1006
4,1023
4,1314
4,1442
4,1538
4,1699
4,2283
4,2328
4,2672
4,2773
4,3385
4,3396
4,3446
4,3564
4,3608
4,3838
4,3866
4,3908
4,3963
4,4201
4,4442
4,4729
4,4814
5,159
5,261
5,1264
5,1393
5,1696
5,1846
5,2129
5,2203
5,2356
5,2381
5,2414
5,2530
5,2556
5,3173
5,3497
5,3522
5,3634
5,4327
5,4529
5,4770
6,26
6,39
6,446
6,538
6,631
6,757
6,889
6,1687
6,2068
6,2291
6,2419
6,2487
6,2944
6,2987
6,3102
6,3105
6,3128
6,3462
6,3719
6,4029
6,4083
6,4366
6,4619
6,4641
7,11
7,144
7,181
7,476
7,658
7,1143
7,1180
7,1379
7,1400
7,1767
7,1854
7,1946
7,2042
7,2065
7,2240
7,2251
7,2729
7,2867
7,3072
7,3773
7,4010
7,4188
7,4230
7,4392
7,4408
7,4689
7,4944
8,475
8,662
8,1207
8,1382
8,1415
8,1568
8,1689
8,1882
8,1946
8,2146
8,2235
8,2511
8,2686
8,3125
8,3248
8,3452
8,3617
8,4034
8,4240
8,4570
8,4622
8,4745
8,4974
9,37
9,536
9,581
9,604
9,659
9,789
9,802
9,953
9,983
9,1072
9,1983
9,2128
9,2294
9,2365
9,2373
9,2397
9,2832
9,2954
9,3322
9,3587
9,3741
9,4196
9,4260
9,4482
9,4520
10,307
10,409
10,724
10,797
10,959
10,1077
10,1100
10,1132
10,1180
10,1478
10,1690
10,1972
10,2005
10,2130
10,2399
10,2584
10,2629
10,2725
10,2761
10,2918
10,3209
10,3279
10,3284
10,3529
10,3705
10,4030
10,4175
10,4176
10,4294
10,4357
10,4545
10,4710
10,4764
10,4864
11,23
11,46
11,483
11,496
11,741
11,799
11,1164
11,1200
11,1488
11,2069
11,2486
11,2495
11,2607
11,2848
11,3304
11,3600
11,3673
11,3745
11,3902
11,3909
11,3977
11,4031
11,4177
11,4263
11,4293
11,4576
11,4659
11,4689
12,278
12,330
12,421
12,1381
12,1640
12,1830
12,1850
12,2567
12,2708
12,3207
12,3850
12,4552
12,4582
13,92
13,97
13,229
13,262
13,545
13,700
13,799
13,992
13,1023
13,1245
13,1341
13,1493
13,1698
13,1711
13,1915
13,1971
13,2041
13,2088
13,2498
13,2547
13,3054
13,3067
13,3140
13,3250
13,3356
13,3375
13,3472
13,3506
13,3585
13,3643
13,3650
13,3706
13,4079
13,4138
13,4242
13,4400
13,4451
13,4473
13,4838
13,4844
13,4961
14,65
14,406
14,418
14,466
14,686
14,749
14,796
14,862
14,873
14,967
14,1250
14,1355
14,1364
14,1483
14,1724
14,2055
14,2075
14,2511
14,2513
14,2940
14,3188
14,3492
14,3583
14,4047
14,4629
15,47
15,653
15,735
15,964
15,1268
15,1449
15,1672
15,2056
15,2060
15,2213
15,2411
15,2688
15,2824
15,2863
15,3318
15,3420
15,3488
15,3549
15,3594
15,3605
15,3916
15,3928
15,4040
15,4486
15,4649
15,4828
16,37
16,151
16,447
16,620
16,778
16,870
16,994
16,1347
16,1526
16,1568
16,2093
16,2177
16,2258
16,2291
16,2436
16,2711
16,3322
16,3641
16,4415
16,4483
16,4773
16,4937
17,122
17,352
17,412
17,1028
17,1174
17,1258
17,1372
17,1818
17,1837
17,2603
17,3019
17,3032
17,3237
17,3312
17,3709
17,4545
17,4650
17,4697
18,437
18,598
18,621
18,808
18,890
18,1015
18,1074
18,1101
18,1102
18,1118
18,1322
18,1400
18,1583
18,1605
18,1909
18,2076
18,2505
18,2591
18,2635
18,2763
18,3135
18,3247
18,3903
18,3954
18,3971
18,4184
18,4309
18,4791
18,4933
19,69
19,124
19,218
19,241
19,279
19,333
19,388
19,634
19,1077
19,1334
19,1800
19,1836
19,1896
19,2082
19,2859
19,3306
19,3386
19,3481
19,3590
19,4010
19,4091
19,4255
19,4369
19,4381
19,4588
19,4732
20,31
20,90
20,180
20,401
20,591
20,892
20,978
20,984
20,1184
20,1502
20,2176
20,2462
20,2505
20,2693
20,2991
20,3136
20,3157
20,3189
20,3298
20,3343
20,3491
20,3651
20,3716
20,3830
20,4424
20,4429
20,4587
20,4603
20,4716
20,4846
20,4852
21,54
21,170
21,192
21,217
21,629
21,986
21,1647
21,1839
21,2062
21,2075
21,2184
21,2282
21,2665
21,2989
21,3287
21,3536
21,3826
21,4026
21,4191
21,4244
21,4710
21,4737
21,4819
21,4954
22,304
22,821
22,898
22,979
22,1146
22,1700
22,2206
22,2422
22,2484
22,2692
22,2777
22,2931
22,3095
22,3135
22,3145
22,3798
22,4451
22,4474
22,4830
22,4834
22,4851
22,4883
23,96
23,151
23,272
23,688
23,782
23,845
23,1092
23,1137
23,1224
23,1294
23,1555
23,1682
23,1746
23,1770
23,1796
23,1883
23,1945
23,2327
23,2531
23,2535
23,2734
23,2930
23,3279
23,3304
23,3489
23,3491
23,3628
23,3717
23,4103
23,4220
23,4316
23,4548
24,1045
24,1240
24,1243
24,1376
24,1537
24,1719
24,2208
24,2264
24,2615
24,2891
24,3216
24,3448
24,3975
24,4111
24,4166
24,4176
24,4232
24,4320
24,4438
24,4459
24,4584
24,4774
24,4834
25,109
25,334
25,388
25,561
25,1003
25,1126
25,1282
25,1491
25,1759
25,2116
25,2245
25,2736
25,2805
25,2924
25,2955
25,2972
25,3072
25,3192
25,3493
25,3731
25,3768
25,3782
25,4147
25,4173
25,4340
25,4393
26,399
26,438
26,485
26,565
26,599
26,730
26,823
26,946
26,958
26,1496
26,1512
26,1550
26,1918
26,2170
26,2228
26,2265
26,2317
26,2572
26,2946
26,3194
26,3417
26,3579
26,3655
26,3834
26,4221
26,4376
26,4502
26,4689
26,4772
26,4826
27,49
27,562
27,699
27,946
27,1164
27,1181
27,1247
27,1341
27,1394
27,1547
27,1604
27,2010
27,2243
27,2356
27,2380
27,2469
27,2534
27,2644
27,2686
27,2703
27,2708
27,2729
27,2928
27,3181
27,3536
27,3659
27,3678
27,3940
27,4141
27,4295
27,4478
27,4594
27,4616
27,4671
27,4940
27,4972
27,4974
28,103
28,327
28,600
28,668
28,703
28,879
28,1780
28,2026
28,2050
28,2310
28,2388
28,2518
28,2574
28,2749
28,3232
28,4106
28,4268
28,4408
28,4569
28,4740
28,4842
29,203
29,212
29,268
29,632
29,665
29,768
29,1190
29,1315
29,1421
29,1457
29,1667
29,1745
29,1773
29,2011
29,2057
29,2115
29,2290
29,2356
29,2403
29,2501
29,2576
29,2740
29,2860
29,2917
29,2930
29,3037
29,3407
29,3767
29,3862
29,3940
29,4417
29,4602
29,4743
30,155
30,616
30,629
30,809
30,860
30,1254
30,1535
30,1582
30,1618
30,1678
30,1866
30,1896
30,1950
30,2098
30,2154
30,2276
30,2288
30,2579
30,2666
30,2905
30,3057
30,3789
30,4003
30,4163
30,4591
30,4663
30,4825
31,260
31,642
31,1456
31,1879
31,1939
31,2098
31,2221
31,2229
31,2546
31,2558
31,2575
31,2660
31,2866
31,2939
31,2976
31,3025
31,3519
31,3782
31,3846
31,4208
31,4246
32,265
32,332
32,452
32,878
32,1323
32,1601
32,1854
32,2120
32,2142
32,2427
32,2747
32,2946
32,2995
32,3054
32,3101
32,3105
32,3107
32,3223
32,3673
32,3714
32,3848
32,4002
32,4253
32,4632
32,4963
33,80
33,383
33,498
33,506
33,664
33,925
33,1214
33,1338
33,1432
33,1509
33,1621
33,1933
33,2169
33,2423
33,2499
33,2541
33,2598
33,2862
33,3060
33,4149
33,4416
33,4590
33,4604
33,4708
33,4796
33,4870
33,4896
34,241
34,254
34,801
34,805
34,1218
34,1331
34,1382
34,1845
34,2253
34,2647
34,2970
34,3119
34,3134
34,3278
34,3661
34,3853
34,3885
34,3977
34,3994
34,3998
34,4291
34,4306
34,4319
34,4327
34,4464
34,4805
34,4901
34,4998
35,314
35,373
35,499
35,643
35,1024
35,1169
35,1244
35,1436
35,1473
35,1514
35,1553
35,1615
35,1788
35,1812
35,1913
35,2557
35,2584
35,2983
35,3285
35,3660
35,3922
35,4008
35,4148
35,4235
36,374
36,434
36,593
36,847
36,1050
36,1179
36,1192
36,1308
36,1626
36,1872
36,2033
36,2061
36,2195
36,2218
36,2324
36,2410
36,2431
36,3042
36,3546
36,3904
36,4156
36,4273
36,4377
36,4486
36,4917
37,735
37,907
37,1006
37,1500
37,1634
37,1745
37,1752
37,1806
37,1899
37,2001
37,2154
37,2650
37,3011
37,3073
37,3420
37,3503
37,3894
37,3963
37,3974
37,4094
37,4326
37,4405
37,4498
37,4717
37,4773
38,454
38,1132
38,1285
38,1288
38,1368
38,1858
38,1957
38,2117
38,2211
38,2547
38,2669
38,2843
38,3451
38,3501
38,3909
38,4138
38,4440
38,4596
38,4867
38,4898
39,187
39,524
39,723
39,880
39,916
39,1603
39,1689
39,1883
39,1986
39,2160
39,2209
39,2280
39,2643
39,2659
39,2711
39,2792
39,2998
39,3410
39,3433
39,3516
39,3655
39,4568
39,4570
39,4889
40,890
40,1051
40,1151
40,1196
40,1493
40,1761
40,2129
40,2461
40,2515
40,3212
40,3295
40,3332
40,3385
40,4209
40,4704
40,4736
40,4874
41,518
41,803
41,973
41,1079
41,1144
41,1350
41,1424
41,1524
41,1593
41,1600
41,2036
41,2207
41,2257
41,2459
41,2517
41,2607
41,2823
41,2876
41,3120
41,3158
41,3164
41,3511
41,3838
41,4664
41,4847
42,55
42,63
42,490
42,560
42,908
42,1013
42,1243
42,1282
42,1551
42,1683
42,1686
42,1907
42,2132
42,2222
42,2561
42,2619
42,2738
42,2786
42,2944
42,3113
42,3254
42,3280
42,3336
42,3453
42,3502
42,3877
42,4014
42,4017
42,4038
42,4049
42,4283
42,4399
42,4418
42,4469
42,4547
43,524
43,557
43,1047
43,1269
43,1597
43,1674
43,1721
43,1809
43,2022
43,3314
43,3346
43,3361
43,3443
43,3487
43,3560
43,3646
43,3672
43,3955
43,4213
43,4238
43,4299
43,4320
43,4557
43,4575
43,4860
43,4885
43,4948
44,71
44,238
44,671
44,787
44,993
44,1059
44,1085
44,1160
44,1422
44,1465
44,1512
44,1885
44,2303
44,2381
44,2440
44,2749
44,2823
44,2897
44,3017
44,3059
44,3159
44,3307
44,3577
44,3625
44,3649
44,3753
44,3823
44,3859
44,3977
44,4327
45,782
45,848
45,1627
45,1646
45,1716
45,1979
45,2235
45,2331
45,2441
45,2648
45,2796
45,2982
45,3080
45,3550
45,3602
45,3622
45,4053
45,4208
45,4861
45,4913
45,4970
46,304
46,396
46,419
46,759
46,821
46,878
46,994
46,1193
46,1216
46,1307
46,1535
46,2501
46,2729
46,2742
46,2757
46,2795
46,2818
46,2860
46,3007
46,3235
46,3396
46,3397
46,3486
46,3568
46,3673
46,3690
46,3814
46,3881
46,3912
46,4242
46,4334
46,4815
46,4954
46,4971
47,90
47,264
47,266
47,563
47,765
47,792
47,854
47,1135
47,1290
47,1339
47,1388
47,1949
47,2069
47,2646
47,2722
47,2797
47,2813
47,3038
47,3380
47,3583
47,3781
47,3838
47,3891
47,4434
47,4739
47,4933
48,69
48,384
48,436
48,1151
48,1412
48,1446
48,1550
48,1609
48,1925
48,2349
48,2705
48,2746
48,2801
48,2902
48,2920
48,3004
48,3161
48,3305
48,3350
48,3442
48,3821
48,4001
48,4121
48,4139
48,4162
48,4419
48,4680
48,4767
49,79
49,176
49,318
49,334
49,489
49,634
49,955
49,998
49,1038
49,1065
49,1183
49,1199
49,1316
49,1482
49,1771
49,1910
49,2029
49,2085
49,2294
49,2397
49,3006
49,3033
49,3302
49,3753
49,3802
49,4442
49,4473
49,4520
49,4743
49,4765
49,4784
50,302
50,620
50,841
50,1336
50,1387
50,1573
50,1863
50,1913
50,1969
50,2106
50,2184
50,2382
50,2498
50,2646
50,3177
50,3422
50,3617
50,3638
50,3818
50,3934
50,4094
50,4241
50,4882
51,105
51,565
51,600
51,1175
51,1180
51,1350
51,1379
51,1723
51,2344
51,2450
51,2453
51,2523
51,2706
51,2724
51,3089
51,3112
51,3315
51,3327
51,3963
51,4006
51,4207
51,4262
51,4309
51,4325
51,4414
51,4517
51,4525
51,4564
51,4628
51,4928
51,4960
51,4964
52,195
52,243
52,574
52,891
52,1009
52,1019
52,1349
52,1409
52,1760
52,1795
52,2540
52,2558
52,2752
52,2939
52,3021
52,3173
52,3283
52,3392
52,3513
52,3603
52,3642
52,3649
52,3995
52,4026
52,4143
52,4568
52,4621
52,4845
53,168
53,500
53,686
53,725
53,1119
53,1164
53,1185
53,1401
53,1727
53,1911
53,2253
53,2257
53,2450
53,2692
53,2794
53,2821
53,2998
53,3161
53,3188
53,3700
53,3933
53,3958
53,3971
53,4096
53,4319
53,4359
54,185
54,200
54,247
54,407
54,578
54,607
54,740
54,758
54,969
54,1093
54,1250
54,1260
54,1650
54,1677
54,1919
54,2328
54,3316
54,3522
54,3568
54,3665
54,3681
54,4070
54,4445
54,4466
54,4492
54,4525
54,4836
54,4915
54,4919
55,186
55,348
55,391
55,615
55,1060
55,1904
55,2126
55,2341
55,2370
55,2405
55,2697
55,3002
55,3178
55,3240
55,3253
55,3282
55,3310
55,3338
55,3482
55,3767
55,4111
55,4201
55,4487
56,67
56,159
56,450
56,741
56,849
56,1159
56,1395
56,1458
56,2060
56,2064
56,2629
56,3254
56,3405
56,3795
56,3973
56,4235
56,4257
56,4300
56,4525
57,97
57,193
57,568
57,598
57,741
57,780
57,1277
57,1361
57,1444
57,1469
57,1665
57,1689
57,1696
57,1828
57,2064
57,2183
57,2194
57,2209
57,2972
57,3085
57,3274
57,3372
57,3549
57,3888
57,4361
57,4631
57,4761
57,4874
57,4962
58,169
58,301
58,455
58,1272
58,1590
58,1943
58,2077
58,2307
58,2709
58,2769
58,2809
58,2814
58,3341
58,4237
58,4411
58,4843
59,168
59,209
59,318
59,1115
59,1191
59,1409
59,1633
59,2677
59,2780
59,2901
59,3292
59,4023
59,4090
59,4227
59,4337
59,4427
59,4733
59,4744
59,4922
60,81
60,88
60,250
60,388
60,472
60,605
60,740
60,1290
60,1489
60,1594
60,1747
60,2258
60,2435
60,2462
60,2579
60,2676
60,2682
60,2732
60,2859
60,3966
60,4085
60,4334
60,4374
60,4521
60,4719
60,4865
61,186
61,515
61,572
61,830
61,1384
61,1570
61,1870
61,1929
61,2020
61,2347
61,2506
61,2748
61,2941
61,3369
61,3483
61,3574
61,3769
61,3773
61,3842
61,3983
61,4018
61,4170
61,4454
61,4543
61,4974
62,550
62,608
62,984
62,1151
62,1340
62,1488
62,1609
62,1726
62,1913
62,2115
62,2176
62,2268
62,2366
62,2386
62,2541
62,2561
62,2572
62,2742
62,2825
62,2841
62,3230
62,3418
62,3456
62,3522
62,3876
62,4024
62,4576
63,371
63,399
63,480
63,544
63,735
63,823
63,956
63,1026
63,1680
63,1997
63,2320
63,3240
63,3550
63,3953
63,4041
63,4071
63,4259
63,4517
63,4678
63,4793
63,4829
63,4835
64,211
64,213
64,516
64,688
64,835
64,1089
64,1110
64,1439
64,2340
64,2360
64,2673
64,2730
64,2799
64,2855
64,3114
64,3487
64,3993
64,4243
64,4953
64,4986
65,217
65,232
65,424
65,540
65,577
65,621
65,864
65,930
65,988
65,1164
65,1539
65,1754
65,2182
65,2391
65,2417
65,2638
65,2753
65,2945
65,2962
65,3069
65,3693
65,3701
65,4041
65,4617
65,4836
66,94
66,519
66,779
66,1187
66,1556
66,1562
66,1634
66,1802
66,1991
66,2432
66,2480
66,2703
66,2900
66,2916
66,2984
66,3470
66,3642
66,3885
66,3905
66,4086
66,4150
66,4600
66,4937
66,4969
66,4974
67,379
67,556
67,1317
67,1460
67,1508
67,1551
67,1730
67,2065
67,2128
67,2750
67,2965
67,2996
67,3075
67,3353
67,3362
67,3369
67,3490
67,3681
67,3748
67,3878
67,3974
67,3987
67,3994
67,4386
67,4518
67,4706
68,216
68,338
68,553
68,766
68,1570
68,1808
68,2288
68,2395
68,2610
68,2647
68,2730
68,3118
68,3126
68,3240
68,3254
68,3297
68,3389
68,3517
68,3527
68,3761
68,3772
68,3997
68,4010
68,4178
68,4342
68,4488
68,4555
69,895
69,1185
69,1215
69,1658
69,1718
69,2591
69,2661
69,2807
69,2928
69,3061
69,3156
69,3269
69,3627
69,3635
69,3688
69,4106
69,4158
69,4229
69,4289
69,4430
69,4525
69,4757
69,4834
70,247
70,617
70,788
70,855
70,870
70,1435
70,1456
70,1486
70,1576
70,2149
70,2284
70,2437
70,2575
70,2980
70,2995
70,3164
70,3356
70,3528
70,3564
70,3575
70,3706
70,3907
70,4232
70,4924
71,113
71,135
71,459
71,584
71,656
71,956
71,969
71,1173
71,1206
71,1281
71,1327
71,1437
71,1467
71,1528
71,1616
71,1975
71,2639
71,3043
71,3772
71,4371
71,4499
71,4630
71,4704
71,4769
72,107
72,302
72,454
72,594
72,664
72,765
72,939
72,1065
72,1147
72,1160
72,1447
72,1453
72,1489
72,1703
72,1769
72,1880
72,1890
72,1937
72,1982
72,2604
72,2985
72,3197
72,3290
72,3297
72,3399
72,3441
72,3726
72,3751
72,3834
72,3927
72,4463
72,4606
72,4615
72,4727
72,4816
73,150
73,306
73,333
73,386
73,408
73,471
73,962
73,1179
73,1215
73,1560
73,1722
73,2122
73,3082
73,3289
73,3311
73,3595
73,4020
73,4080
73,4310
73,4433
73,4779
73,4923
74,100
74,194
74,344
74,585
74,896
74,1051
74,1213
74,1473
74,1615
74,1682
74,1738
74,1837
74,1957
74,2338
74,2354
74,2430
74,2974
74,2999
74,3072
74,3101
74,3570
74,3746
74,4084
75,346
75,373
75,683
75,814
75,864
75,942
75,1011
75,1079
75,1294
75,1335
75,1534
75,1591
75,2092
75,2144
75,2157
75,2297
75,2415
75,2451
75,2646
75,2715
75,2716
75,2946
75,3170
75,3298
75,3370
75,3641
75,3704
75,3858
75,4020
75,4396
76,1168
76,1367
76,1607
76,1705
76,1930
76,2123
76,2200
76,2276
76,2285
76,2335
76,2377
76,2814
76,2833
76,3028
76,3350
76,3571
76,3857
76,4267
76,4348
76,4425
76,4548
76,4646
77,134
77,812
77,1051
77,1064
77,1361
77,1579
77,2079
77,2288
77,2306
77,2363
77,2549
77,2567
77,3025
77,3289
77,3416
77,3424
77,4084
77,4138
77,4378
77,4452
77,4694
77,4774
78,329
78,643
78,960
78,973
78,1182
78,1475
78,1766
78,1842
78,1886
78,2337
78,2519
78,2606
78,2682
78,2699
78,2744
78,2777
78,3047
78,3075
78,3391
78,3532
78,3749
78,3997
78,4337
79,360
79,388
79,495
79,963
79,1143
79,1275
79,1459
79,1530
79,1977
79,2003
79,3615
79,3727
79,4672
80,92
80,474
80,710
80,778
80,897
80,1113
80,1244
80,2090
80,2577
80,2579
80,3232
80,3578
80,3591
80,3613
80,3862
80,3921
80,4168
80,4226
80,4342
80,4384
80,4628
80,4638
80,4738
81,714
81,735
81,826
81,1000
81,1258
81,1263
81,1299
81,1442
81,1688
81,1784
81,1932
81,1984
81,2002
81,2150
81,2160
81,2178
81,2269
81,2550
81,2595
81,2928
81,3109
81,3513
81,4243
81,4342
81,4483
82,210
82,769
82,889
82,1405
82,1929
82,1956
82,1969
82,3138
82,3184
82,3210
82,3238
82,3500
82,3813
82,3944
82,4634
82,4850
83,245
83,278
83,883
83,1308
83,1465
83,1589
83,2013
83,2019
83,2067
83,2375
83,2570
83,2615
83,2621
83,2742
83,3056
83,3606
83,4777
83,4789
84,688
84,911
84,1339
84,1494
84,1659
84,2171
84,2287
84,2329
84,2350
84,2429
84,2567
84,2640
84,3001
84,3004
84,3008
84,3363
84,3452
84,3453
84,4105
84,4257
84,4456
84,4918
85,496
85,500
85,735
85,1463
85,1528
85,1548
85,1914
85,2127
85,2530
85,2559
85,2586
85,2675
85,2758
85,2969
85,3534
85,3863
85,4042
85,4075
85,4262
85,4361
85,4735
85,4848
86,193
86,222
86,351
86,640
86,665
86,674
86,688
86,768
86,787
86,1032
86,1039
86,1220
86,1254
86,1737
86,1744
86,1871
86,1963
86,2278
86,2334
86,2630
86,2857
86,3370
86,3876
86,3937
86,4255
86,4322
86,4455
86,4725
86,4753
86,4832
86,4844
87,409
87,503
87,588
87,728
87,843
87,991
87,1069
87,1282
87,1292
87,1342
87,1530
87,2014
87,2052
87,2395
87,2485
87,3088
87,3316
87,3409
87,3572
87,3934
87,4083
87,4161
87,4427
87,4530
87,4746
87,4944
88,258
88,394
88,422
88,565
88,1223
88,1579
88,1806
88,2260
88,2332
88,2457
88,2589
88,2716
88,2726
88,2907
88,3467
88,3778
88,3820
88,3965
88,4047
88,4109
88,4175
88,4538
88,4600
88,4695
89,297
89,398
89,539
89,563
89,844
89,957
89,990
89,1145
89,1442
89,1516
89,1589
89,1597
89,1633
89,1715
89,1971
89,2313
89,2416
89,2624
89,2796
89,3030
89,3117
89,3257
89,3554
89,4134
89,4169
89,4230
89,4540
90,260
90,618
90,980
90,1562
90,2481
90,2620
90,2699
90,2702
90,2731
90,2898
90,3124
90,3133
90,3161
90,3209
90,3511
90,3550
90,3686
90,3741
90,4139
90,4629
90,4897
91,540
91,565
91,687
91,770
91,815
91,871
91,1118
91,1182
91,1335
91,1627
91,1795
91,2211
91,2271
91,2587
91,2659
91,3210
91,3453
91,3588
91,3789
91,4169
91,4656
91,4728
91,4878
91,4886
92,817
92,1606
92,1662
92,1732
92,1832
92,1876
92,1964
92,1971
92,2196
92,2568
92,2742
92,2902
92,2937
92,2972
92,3238
92,3365
92,3590
92,3743
92,3824
92,4245
92,4698
92,4844
92,4919
93,358
93,858
93,1082
93,1279
93,1380
93,1445
93,1534
93,1648
93,1899
93,2251
93,2468
93,2634
93,2698
93,2706
93,2772
93,2797
93,2808
93,3175
93,3577
93,3599
93,3730
93,3768
93,4114
93,4434
93,4842
94,876
94,1015
94,1069
94,1747
94,2179
94,2308
94,2648
94,2960
94,2986
94,3456
94,3608
94,3684
94,3749
94,3760
94,3849
94,3925
94,4113
94,4235
94,4453
94,4708
94,4815
95,260
95,341
95,605
95,932
95,1123
95,1202
95,1356
95,1493
95,1514
95,1704
95,2215
95,2434
95,2493
95,2629
95,2864
95,3303
95,3357
95,3693
95,3720
95,3780
95,3976
95,4182
95,4313
95,4539
95,4626
95,4633
96,273
96,446
96,1138
96,1275
96,1443
96,1816
96,1926
96,2100
96,2103
96,3189
96,3291
96,3331
96,3620
96,3704
96,3724
96,3775
96,3849
96,3958
96,4334
96,4483
96,4669
96,4770
96,4843
96,4946
97,1493
97,1709
97,2094
97,2194
97,2233
97,2350
97,2492
97,2607
97,2758
97,3197
97,3224
97,3487
97,3589
97,3938
97,4129
97,4389
97,4420
97,4730
97,4909
98,104
98,529
98,547
98,933
98,1261
98,1447
98,1506
98,1556
98,1718
98,1767
98,1819
98,1924
98,1977
98,2186
98,2209
98,2437
98,3342
98,3454
98,3789
98,3864
98,4702
98,4782
99,132
99,449
99,503
99,576
99,767
99,1145
99,1158
99,1515
99,1693
99,1747
99,1825
99,1857
99,2173
99,2499
99,2744
99,2765
99,2804
99,3203
99,3272
99,3542
99,3962
99,4526
99,4634
99,4690
99,4968
100,126
100,161
100,267
100,612
100,889
100,891
100,897
100,1075
100,1529
100,1588
100,2293
100,2383
100,2821
100,3271
100,3472
100,3496
100,3633
100,4165
100,4265
100,4355
100,4392
100,4407
100,4498
100,4612
100,4926
100,4965
101,238
101,480
101,787
101,884
101,1663
101,1725
101,1903
101,2029
101,2094
101,2342
101,2654
101,2739
101,3234
101,3284
101,3289
101,3381
101,3456
101,3782
101,4038
101,4210
101,4224
101,4336
101,4344
101,4459
102,264
102,309
102,455
102,631
102,741
102,969
102,1472
102,1660
102,1821
102,2199
102,3261
102,3361
102,3460
102,3963
102,4223
102,4384
102,4409
102,4978
103,200
103,1030
103,1375
103,1590
103,1717
103,1874
103,1941
103,2015
103,2286
103,2343
103,2356
103,2633
103,2688
103,2742
103,2783
103,3771
103,3909
103,4067
103,4429
103,4636
103,4923
104,113
104,527
104,878
104,1199
104,1990
104,2070
104,2167
104,2398
104,2611
104,2730
104,3124
104,3324
104,3411
104,3485
104,3663
104,4092
104,4120
104,4401
104,4517
104,4619
105,257
105,391
105,467
105,529
105,774
105,1122
105,1323
105,1516
105,1684
105,1706
105,1723
105,1952
105,1991
105,2037
105,2101
105,2352
105,2355
105,2687
105,3650
105,3952
105,4202
105,4219
105,4365
105,4387
105,4518
105,4628
105,4658
105,4672
105,4687
106,186
106,326
106,771
106,868
106,942
106,1492
106,1809
106,1811
106,1856
106,1959
106,2358
106,2530
106,2617
106,2645
106,2772
106,2833
106,3124
106,3450
106,3519
106,3657
106,3661
106,3781
106,3937
106,4143
106,4438
106,4478
106,4623
106,4970
106,4983
107,146
107,332
107,364
107,627
107,700
107,1032
107,1079
107,1139
107,1200
107,1255
107,1470
107,1509
107,1749
107,2459
107,2830
107,2909
107,3163
107,3541
107,3569
107,3872
107,4010
107,4405
107,4468
107,4541
107,4710
108,304
108,474
108,549
108,1286
108,1326
108,2187
108,2316
108,2358
108,2510
108,2580
108,2695
108,2720
108,2722
108,2762
108,3157
108,3301
108,3688
108,3821
108,3846
108,3973
108,4223
108,4264
109,941
109,1105
109,1350
109,1361
109,1447
109,1972
109,2660
109,2844
109,2857
109,2864
109,3253
109,3500
109,3709
109,3767
109,3868
109,4032
109,4045
109,4090
109,4564
109,4652
109,4673
109,4904
110,557
110,897
110,1011
110,1180
110,1451
110,1655
110,1700
110,1774
110,1988
110,2517
110,2533
110,2623
110,2655
110,2708
110,2710
110,2864
110,2971
110,3062
110,3168
110,3259
110,3552
110,3602
110,3835
110,4373
110,4594
110,4721
110,4848
110,4886
110,4904
111,687
111,709
111,738
111,779
111,955
111,1118
111,1459
111,1525
111,2162
111,2221
111,2247
111,2661
111,2806
111,3152
111,3251
111,3324
111,3771
111,3905
111,4051
111,4373
111,4499
111,4823
111,4925
111,4958
112,170
112,183
112,231
112,266
112,417
112,465
112,806
112,975
112,987
112,1084
112,1192
112,1536
112,1541
112,1688
112,2222
112,2250
112,2345
112,2502
112,2509
112,2518
112,2688
112,2907
112,3096
112,3231
112,3254
112,3385
112,3418
112,3437
112,4195
112,4503
112,4670
112,4748
112,4886
113,343
113,360
113,507
113,998
113,1047
113,1369
113,2611
113,2669
113,3270
113,3274
113,3437
113,3731
113,3770
113,3803
113,4243
113,4374
113,4386
113,4506
113,4706
114,512
114,541
114,825
114,1050
114,1088
114,1328
114,1570
114,1744
114,2140
114,2282
114,2605
114,2774
114,2816
114,3102
114,3313
114,3361
114,3370
114,3376
114,3481
114,3568
114,3857
114,3874
114,4123
114,4221
114,4267
114,4378
114,4396
114,4743
114,4893
114,4908
114,4926
115,299
115,343
115,389
115,812
115,877
115,1053
115,1255
115,1279
115,1294
115,1386
115,1421
115,1486
115,1643
115,1995
115,2498
115,2643
115,2858
115,3146
115,3371
115,3483
115,3714
115,3795
115,3840
115,4247
115,4489
115,4621
115,4755
115,4826
116,646
116,748
116,779
116,822
116,857
116,896
116,1648
116,1726
116,1769
116,1832
116,1945
116,2041
116,2198
116,2399
116,2459
116,2984
116,3358
116,3512
116,3720
116,3751
116,3845
116,4218
116,4908
116,4974
117,174
117,431
117,486
117,500
117,548
117,704
117,1062
117,1270
117,1554
117,1732
117,2489
117,2663
117,2881
117,3425
117,3659
117,3770
117,4110
117,4323
118,389
118,394
118,744
118,772
118,794
118,918
118,1086
118,1286
118,1311
118,1444
118,1468
118,1488
118,1700
118,1882
118,1928
118,1982
118,2108
118,3269
118,3298
118,3460
118,3586
118,3931
118,4050
118,4172
118,4328
118,4512
118,4573
118,4603
118,4692
118,4707
119,868
119,1097
119,1246
119,1889
119,1897
119,2187
119,2237
119,2695
119,2705
119,2922
119,2957
119,3394
119,3470
119,3929
119,4528
120,419
120,698
120,707
120,776
120,802
120,894
120,988
120,1369
120,1394
120,1500
120,1795
120,1925
120,1980
120,2207
120,2381
120,2410
120,2877
120,2963
120,3176
120,3178
120,3314
120,3338
120,3446
120,3538
120,3666
120,3957
120,4231
120,4428
120,4690
120,4738
120,4846
120,4997
121,383
121,1466
121,1490
121,1690
121,1754
121,2049
121,2168
121,2490
121,2683
121,2743
121,3098
121,3528
121,3599
121,3640
121,3723
121,3939
121,3943
121,4040
121,4439
121,4505
121,4583
121,4633
121,4952
122,180
122,843
122,934
122,1046
122,1458
122,1509
122,1534
122,1792
122,1858
122,1937
122,2030
122,2114
122,2209
122,2334
122,2506
122,2742
122,3456
122,3649
122,3851
122,4128
122,4250
122,4272
122,4540
122,4700
122,4945
123,259
123,324
123,450
123,667
123,1050
123,1137
123,1607
123,1807
123,2040
123,2073
123,2100
123,2209
123,2235
123,2561
123,2621
123,2623
123,2879
123,3183
123,3491
123,3521
123,3782
123,3786
123,3928
123,4013
123,4325
123,4519
123,4689
124,215
124,282
124,369
124,961
124,2171
124,2280
124,2303
124,2393
124,2897
124,3041
124,3070
124,3295
124,3393
124,3481
124,3578
124,3595
124,4049
124,4108
124,4873
124,4880
124,4939
125,370
125,498
125,889
125,961
125,1140
125,1183
125,1303
125,1409
125,1484
125,1893
125,2007
125,2085
125,2184
125,2774
125,2814
125,2815
125,2833
125,2868
125,2970
125,3515
125,3992
125,4016
125,4167
125,4446
125,4471
125,4610
125,4703
125,4922
125,4954
126,150
126,187
126,831
126,961
126,985
126,1088
126,1844
126,2133
126,2226
126,2256
126,2324
126,2501
126,2556
126,2689
126,2872
126,2993
126,3620
126,3709
126,3753
126,3871
126,3900
126,4135
126,4257
126,4811
127,224
127,243
127,294
127,474
127,773
127,775
127,972
127,986
127,1115
127,1163
127,1186
127,1197
127,1200
127,1237
127,1307
127,1750
127,1784
127,2159
127,2213
127,2386
127,2692
127,3009
127,3076
127,3149
127,3199
127,3406
127,3902
127,4596
127,4665
127,4766
127,4855
127,4881
127,4916
128,223
128,381
128,419
128,604
128,687
128,1062
128,1431
128,1708
128,1893
128,2033
128,2215
128,2329
128,2515
128,2541
128,2675
128,2700
128,2755
128,3410
128,3426
128,3494
128,3604
128,3668
128,3838
128,3960
128,4004
128,4167
128,4188
128,4319
128,4556
128,4576
128,4880
129,359
129,451
129,465
129,581
129,623
129,1013
129,1118
129,1226
129,1289
129,1496
129,1513
129,1731
129,2147
129,2151
129,2318
129,2321
129,2508
129,2544
129,2753
129,2918
129,3066
129,3209
129,3248
129,3387
129,3403
129,3442
129,3540
129,3580
129,3734
129,3747
129,3902
129,4041
129,4358
129,4527
129,4632
129,4683
130,153
130,427
130,492
130,739
130,750
130,1021
130,1100
130,1125
130,1382
130,1614
130,1818
130,2337
130,2532
130,2841
130,3230
130,3302
130,3486
130,4234
130,4534
130,4547
130,4554
130,4581
130,4588
131,333
131,805
131,1093
131,1356
131,1651
131,1663
131,1819
131,2058
131,2078
131,2179
131,2298
131,2630
131,2777
131,2883
131,3103
131,3180
131,3450
131,3490
131,3514
131,3557
131,3637
131,3701
131,3729
131,3873
131,4043
131,4150
131,4458
131,4579
131,4589
131,4684
132,397
132,607
132,777
132,1414
132,1478
132,2149
132,2359
132,2506
132,2571
132,2592
132,2703
132,2741
132,2800
132,2987
132,3094
132,3184
132,3244
132,3279
132,3611
132,3647
132,3657
132,3673
132,3753
132,3760
132,3912
132,4271
132,4277
132,4388
132,4429
132,4515
132,4652
132,4779
132,4898
133,340
133,610
133,719
133,933
133,1070
133,1279
133,1623
133,1643
133,1802
133,1847
133,1917
133,1965
133,2094
133,2505
133,2794
133,2890
133,2906
133,3444
133,3491
133,3528
133,3688
133,4115
133,4274
133,4342
133,4360
133,4378
133,4709
133,4767
133,4775
133,4832
134,256
134,306
134,608
134,631
134,951
134,1006
134,1165
134,1552
134,1613
134,1763
134,1860
134,2404
134,2495
134,2703
134,3004
134,3197
134,3421
134,3624
134,3777
134,4005
134,4659
135,260
135,396
135,718
135,752
135,842
135,1040
135,1205
135,1273
135,1409
135,1522
135,1532
135,1911
135,1991
135,2022
135,2100
135,2288
135,2514
135,2562
135,2806
135,2932
135,2964
135,3010
135,3120
135,3237
135,3467
135,3483
135,3489
135,3719
135,3950
135,4013
135,4092
135,4104
135,4242
135,4551
135,4552
135,4725
136,869
136,935
136,1029
136,1530
136,1922
136,2750
136,2991
136,3341
136,3383
136,3586
136,3594
136,3673
136,3724
136,3805
136,4122
136,4392
136,4750
137,423
137,586
137,636
137,704
137,769
137,958
137,1288
137,1582
137,1870
137,1910
137,1951
137,2040
137,2274
137,2343
137,2549
137,2983
137,2993
137,3096
137,3728
137,3777
137,3987
137,4006
137,4009
137,4072
137,4099
137,4478
137,4958
137,4984
138,269
138,481
138,498
138,815
138,942
138,1134
138,1191
138,1269
138,1875
138,2343
138,2454
138,2493
138,3484
138,3498
138,3499
138,3553
138,3785
138,4411
138,4473
139,147
139,209
139,231
139,954
139,1119
139,1383
139,1572
139,2012
139,2524
139,2910
139,3383
139,3534
139,3588
139,3712
139,3915
139,3940
139,4964
140,698
140,745
140,987
140,1239
140,1465
140,1755
140,1758
140,1981
140,2005
140,2394
140,3357
140,3403
140,3671
140,3771
140,3787
140,4420
140,4533
140,4578
140,4804
140,4924
141,407
141,708
141,807
141,842
141,1942
141,1984
141,2057
141,2083
141,2237
141,2358
141,3093
141,3131
141,3186
141,3729
141,3999
141,4296
141,4442
141,4532
141,4548
141,4678
142,258
142,405
142,451
142,608
142,823
142,1027
142,1162
142,1196
142,1466
142,1838
142,1901
142,2239
142,2397
142,2453
142,2660
142,2876
142,3025
142,3149
142,3163
142,3714
142,3778
142,3811
142,3927
142,3962
142,3968
142,4208
142,4372
142,4716
142,4759
142,4985
143,315
143,437
143,1627
143,1657
143,1686
143,1801
143,2043
143,2063
143,2173
143,2358
143,2427
143,2501
143,2666
143,2908
143,3545
143,3871
143,4014
143,4044
143,4095
143,4172
143,4785
143,4989
144,975
144,995
144,1035
144,1559
144,1819
144,2286
144,2963
144,2965
144,3035
144,3204
144,3331
144,3657
144,3994
144,4160
144,4198
144,4342
144,4527
144,4841
145,308
145,726
145,731
145,787
145,817
145,926
145,1374
145,1602
145,1745
145,1838
145,1959
145,2156
145,2479
145,2547
145,2870
145,3204
145,3275
145,3561
145,3832
145,4300
145,4324
145,4503
145,4627
146,466
146,484
146,1255
146,1535
146,1587
146,1678
146,1755
146,1856
146,2388
146,2431
146,2665
146,2758
146,3133
146,3136
146,3137
146,3226
146,3270
146,3275
146,3348
146,4629
147,156
147,173
147,198
147,526
147,591
147,617
147,637
147,642
147,652
147,683
147,834
147,1165
147,1274
147,1304
147,1414
147,1541
147,1810
147,1929
147,2043
147,2070
147,2071
147,2170
147,2208
147,2266
147,3046
147,3308
147,3667
147,3774
147,3790
147,4073
147,4400
147,4515
147,4869
148,290
148,518
148,570
148,1255
148,1318
148,1327
148,1514
148,1964
148,2134
148,2323
148,2335
148,2354
148,2386
148,2426
148,2513
148,2883
148,2920
148,3261
148,3378
148,3520
148,3577
148,3810
148,4072
148,4150
148,4493
148,4551
148,4597
148,4653
148,4688
149,216
149,348
149,715
149,892
149,1257
149,1297
149,1380
149,2325
149,2326
149,2900
149,3120
149,4052
149,4384
149,4491
149,4569
149,4666
149,4988
150,357
150,717
150,1033
150,1449
150,1545
150,1796
150,1819
150,1857
150,1955
150,2227
150,2389
150,2510
150,2584
150,2598
150,2832
150,2945
150,3061
150,3126
150,3230
150,3369
150,3531
150,3697
151,258
151,1527
151,1835
151,1901
151,2217
151,2301
151,2363
151,2620
151,3161
151,3348
151,4068
151,4140
151,4277
151,4416
151,4521
151,4610
151,4750
152,223
152,436
152,773
152,1006
152,1120
152,1220
152,1279
152,2118
152,2194
152,2350
152,2524
152,2748
152,3025
152,3334
152,3449
152,3503
152,3519
152,3619
152,3830
152,4168
152,4292
152,4337
152,4564
152,4737
152,4782
152,4842
153,191
153,305
153,339
153,513
153,599
153,777
153,1296
153,1376
153,1683
153,1724
153,1736
153,2044
153,2180
153,2284
153,2519
153,3003
153,3170
153,3263
153,3318
153,3539
153,3752
153,3757
153,4328
153,4549
153,4734
154,571
154,636
154,834
154,855
154,873
154,1100
154,1463
154,1468
154,1584
154,1782
154,1834
154,1875
154,2105
154,2177
154,2280
154,2373
154,2565
154,2599
154,2723
154,2840
154,3368
154,3470
154,3694
154,3773
154,4115
155,262
155,364
155,411
155,473
155,585
155,769
155,918
155,1077
155,1095
155,1530
155,2183
155,2346
155,2390
155,2451
155,2539
155,2700
155,2800
155,2937
155,3277
155,3443
155,3895
155,4115
155,4542
155,4627
155,4635
155,4861
155,4928
156,320
156,532
156,580
156,770
156,780
156,985
156,1094
156,1135
156,1167
156,1270
156,1424
156,1559
156,1805
156,1926
156,2100
156,2172
156,2239
156,2264
156,2373
156,2538
156,2572
156,3295
156,3719
156,3969
156,4039
156,4117
156,4425
156,4644
156,4978
157,200
157,208
157,570
157,682
157,689
157,1575
157,2237
157,2459
157,2554
157,2890
157,3164
157,3170
157,3189
157,3372
157,3454
157,4013
157,4291
157,4452
157,4657
158,318
158,750
158,1028
158,1185
158,1327
158,1376
158,1443
158,1558
158,1583
158,2215
158,2424
158,2576
158,2667
158,2772
158,2800
158,3196
158,4023
158,4042
158,4140
158,4381
159,323
159,376
159,407
159,710
159,1230
159,1620
159,1622
159,1788
159,1870
159,1881
159,2406
159,2593
159,3365
159,3453
159,3756
159,3845
159,4333
159,4488
159,4501
159,4742
159,4888
160,1234
160,1572
160,1635
160,1646
160,1725
160,1772
160,2236
160,2379
160,2394
160,2687
160,3041
160,3363
160,3686
160,3819
160,3868
160,4052
160,4262
160,4708
160,4803
161,177
161,182
161,356
161,574
161,732
161,993
161,1626
161,1767
161,1970
161,1988
161,2114
161,2215
161,2246
161,2815
161,3235
161,3269
161,3400
161,3655
161,3676
161,4335
161,4873
161,4882
161,4891
162,259
162,361
162,479
162,495
162,618
162,665
162,827
162,1285
162,1379
162,1390
162,1548
162,1744
162,2142
162,2158
162,2251
162,2288
162,2334
162,2352
162,2371
162,2376
162,2413
162,2417
162,2964
162,3012
162,3242
162,3455
162,3715
162,3752
162,4130
162,4162
162,4468
162,4530
162,4710
163,193
163,279
163,392
163,900
163,1108
163,1109
163,1119
163,1217
163,1224
163,1231
163,1737
163,1941
163,2223
163,2466
163,2642
163,2872
163,2981
163,3043
163,3052
163,3404
163,3478
163,3547
163,3593
163,3838
163,4001
163,4042
163,4271
163,4402
163,4528
163,4530
163,4702
163,4861
164,581
164,586
164,917
164,1035
164,1123
164,1430
164,1570
164,1866
164,1920
164,2109
164,2444
164,2851
164,3081
164,3108
164,3446
164,3489
164,3750
164,3914
164,4325
164,4573
164,4601
164,4776
164,4926
165,286
165,479
165,1139
165,1160
165,1544
165,1899
165,2073
165,2371
165,2538
165,2627
165,3026
165,3442
165,3666
165,3679
165,3805
165,3965
165,4014
165,4107
165,4152
165,4288
165,4379
165,4479
166,553
166,656
166,882
166,1291
166,1381
166,1674
166,1830
166,1850
166,1870
166,2512
166,2768
166,2815
166,3133
166,3150
166,3179
166,3229
166,3631
166,4103
166,4549
166,4821
166,4941
166,4995
167,247
167,556
167,746
167,848
167,873
167,1150
167,1261
167,1542
167,1732
167,1905
167,2191
167,2227
167,2395
167,2457
167,2470
167,2867
167,2965
167,3193
167,3588
167,3693
167,3797
167,3799
167,3885
167,3897
167,3925
167,3983
167,4246
167,4931
168,348
168,416
168,581
168,759
168,816
168,854
168,982
168,1017
168,1029
168,1162
168,1343
168,1644
168,1718
168,2118
168,2259
168,2338
168,2630
168,2963
168,3019
168,3020
168,3158
168,4474
168,4568
168,4681
168,4709
168,4779
169,182
169,209
169,329
169,524
169,608
169,1093
169,1170
169,1286
169,1291
169,1569
169,1577
169,1728
169,2009
169,2035
169,2215
169,2271
169,2577
169,2733
169,2877
169,2926
169,2937
169,3223
169,3695
169,3790
169,4146
169,4400
169,4444
169,4556
169,4880
169,4884
170,338
170,442
170,711
170,963
170,1434
170,1435
170,1477
170,1649
170,1659
170,1833
170,1900
170,2169
170,2178
170,2326
170,2385
170,2493
170,2568
170,2608
170,2628
170,2739
170,2754
170,2832
170,3059
170,3093
170,3268
170,3800
170,4151
170,4718
170,4767
170,4832
171,656
171,1198
171,1472
171,1496
171,2546
171,2805
171,2882
171,3285
171,3298
171,3427
171,3448
171,3522
171,3540
171,3760
171,3826
171,3837
171,3840
171,4435
171,4504
171,4610
172,721
172,778
172,929
172,1075
172,1464
172,1522
172,1637
172,1657
172,2109
172,2707
172,2723
172,2744
172,2807
172,3448
172,3518
172,3639
172,3949
172,4044
172,4578
172,4582
173,190
173,669
173,764
173,893
173,1093
173,1153
173,1694
173,1786
173,1813
173,2124
173,2352
173,2806
173,3238
173,3380
173,3629
173,3796
173,4158
173,4362
173,4580
173,4646
173,4667
174,422
174,442
174,620
174,1297
174,1642
174,1947
174,2111
174,2232
174,2301
174,2724
174,3123
174,3289
174,3583
174,3693
174,3785
174,3880
174,4052
174,4802
175,441
175,754
175,861
175,1033
175,1391
175,1699
175,2295
175,2577
175,3200
175,3234
175,3274
175,3728
175,4232
175,4234
175,4268
175,4419
175,4499
175,4501
175,4894
176,221
176,260
176,396
176,413
176,447
176,689
176,917
176,1208
176,1717
176,1843
176,2205
176,2252
176,2277
176,2355
176,2480
176,3556
176,3660
176,3681
176,4025
176,4161
176,4605
176,4723
176,4952
177,812
177,1161
177,1392
177,1481
177,1501
177,1893
177,2033
177,2446
177,2646
177,2868
177,2919
177,3054
177,3394
177,3811
177,3911
177,3959
177,4000
177,4165
177,4494
177,4952
178,496
178,893
178,1010
178,1044
178,1078
178,1645
178,1700
178,2252
178,2531
178,2571
178,2849
178,2974
178,3109
178,3184
178,3327
178,3506
178,3597
178,4110
178,4164
178,4383
178,4590
178,4670
178,4825
178,4979
179,471
179,528
179,551
179,990
179,1029
179,1174
179,1251
179,1296
179,1524
179,1574
179,1718
179,2082
179,2336
179,3025
179,3213
179,3282
179,3451
179,3650
179,3735
179,3762
179,4465
179,4544
179,4708
179,4800
179,4842
179,4969
180,339
180,516
180,644
180,790
180,809
180,842
180,865
180,1090
180,1232
180,1367
180,1648
180,1686
180,1819
180,2035
180,2437
180,2856
180,2958
180,3067
180,3118
180,3189
180,3270
180,3307
180,3559
180,3854
180,4172
180,4358
180,4559
180,4678
180,4681
180,4804
180,4956
181,333
181,554
181,751
181,830
181,1291
181,1537
181,2193
181,2383
181,2518
181,3023
181,3589
181,3744
181,3883
181,4243
181,4290
181,4735
181,4935
182,264
182,411
182,745
182,813
182,860
182,1607
182,1883
182,1950
182,1988
182,2433
182,2572
182,3248
182,3454
182,3514
182,3554
182,3873
182,3913
182,3932
182,3935
182,4253
182,4294
182,4519
182,4532
182,4545
182,4729
183,376
183,723
183,1179
183,1433
183,1629
183,1725
183,1774
183,1933
183,1942
183,1983
183,2000
183,2326
183,2501
183,2503
183,2754
183,2831
183,2979
183,3056
183,3161
183,3427
183,3523
183,4075
183,4082
183,4294
183,4337
183,4429
183,4476
183,4591
183,4666
184,458
184,522
184,532
184,742
184,751
184,908
184,1045
184,1051
184,1219
184,1333
184,1398
184,1683
184,2147
184,2383
184,2501
184,2581
184,2902
184,3004
184,3265
184,3291
184,3535
184,3623
185,1209
185,1344
185,1683
185,1870
185,1966
185,2182
185,2329
185,2681
185,2727
185,3094
185,3380
185,3411
185,3709
185,3769
185,3805
185,3823
185,3843
185,3952
185,4369
185,4472
185,4690
186,205
186,369
186,499
186,613
186,1207
186,1561
186,1645
186,1705
186,1823
186,1859
186,2037
186,2270
186,2720
186,2722
186,2726
186,2743
186,2807
186,2926
186,3018
186,3028
186,3113
186,3171
186,3333
186,3543
186,3594
186,3737
186,3845
186,3917
187,217
187,282
187,315
187,357
187,483
187,498
187,551
187,669
187,733
187,931
187,1090
187,1142
187,1409
187,1443
187,1873
187,1959
187,2115
187,2260
187,2290
187,2588
187,2740
187,2817
187,2906
187,2999
187,3197
187,3221
187,3535
187,3864
187,4007
187,4378
187,4390
187,4591
187,4705
187,4715
187,4886
188,204
188,233
188,399
188,417
188,568
188,574
188,588
188,879
188,1260
188,1948
188,2106
188,2743
188,3537
188,3749
188,3842
188,3854
188,4213
188,4546
188,4563
188,4565
188,4601
188,4779
188,4788
188,4850
189,364
189,462
189,463
189,968
189,1073
189,1825
189,1963
189,1980
189,2310
189,2512
189,2695
189,2808
189,3373
189,3481
189,3505
189,3755
189,4242
189,4434
189,4609
189,4923
190,303
190,418
190,526
190,623
190,629
190,638
190,945
190,986
190,1127
190,1632
190,1864
190,1948
190,2466
190,2578
190,2606
190,2689
190,2712
190,2778
190,3066
190,3503
190,3580
190,3604
190,4065
190,4081
190,4390
190,4528
190,4569
190,4859
191,909
191,1012
191,1276
191,1354
191,1828
191,1894
191,2102
191,2193
191,2344
191,2584
191,2708
191,2810
191,3026
191,3090
191,3157
191,3369
191,3383
191,3658
191,3710
191,3724
191,3988
191,4071
191,4072
191,4378
191,4499
191,4572
191,4768
191,4809
191,4853
192,243
192,694
192,697
192,813
192,1120
192,1292
192,1348
192,1532
192,1606
192,1672
192,1867
192,2340
192,2864
192,2890
192,3024
192,3406
192,3515
192,3723
192,3744
192,3933
192,4005
192,4105
192,4211
192,4322
192,4713
192,4791
192,4806
192,4811
192,4996
193,200
193,262
193,627
193,779
193,1205
193,1319
193,3200
193,3247
193,3964
193,4043
193,4089
193,4117
193,4340
193,4591
193,4844
194,234
194,440
194,843
194,1062
194,1179
194,1622
194,1693
194,1959
194,2066
194,2068
194,2195
194,2350
194,2475
194,2597
194,2608
194,3044
194,3134
194,3976
194,4451
194,4527
194,4668
194,4754
194,4919
195,418
195,421
195,448
195,595
195,758
195,857
195,1057
195,1172
195,1616
195,2121
195,2505
195,2565
195,2650
195,3018
195,3061
195,3222
195,3727
195,3751
195,3881
195,4033
195,4217
195,4309
195,4464
195,4955
196,239
196,404
196,730
196,735
196,1157
196,1622
196,1782
196,1784
196,2142
196,2203
196,2362
196,2429
196,2634
196,3092
196,3109
196,3143
196,3238
196,3291
196,3301
196,3343
196,3783
196,3922
196,4004
196,4197
196,4547
196,4654
196,4709
196,4738
197,272
197,641
197,645
197,800
197,1655
197,1863
197,2310
197,2424
197,2506
197,2574
197,2875
197,3128
197,3208
197,3352
197,3532
197,4085
197,4200
197,4224
197,4675
197,4905
198,243
198,427
198,592
198,715
198,828
198,837
198,1363
198,1386
198,1482
198,1564
198,1587
198,1613
198,1702
198,1744
198,1866
198,1884
198,1971
198,2110
198,2245
198,2452
198,2555
198,2693
198,2698
198,3060
198,3212
198,3409
198,3434
198,3451
198,3484
198,3539
198,4122
198,4702
199,233
199,401
199,480
199,618
199,640
199,1532
199,2355
199,2841
199,3103
199,3113
199,3188
199,3225
199,3287
199,3461
199,3484
199,3831
199,3938
199,4007
199,4289
199,4372
199,4641
199,4660
199,4854
199,4975
200,248
200,380
200,404
200,540
200,964
200,1132
200,1744
200,1769
200,1779
200,2416
200,2713
200,2933
200,2984
200,3066
200,3280
200,3629
200,3678
200,3934
200,4123
200,4192
200,4427
200,4808
200,4842
200,4920
200,4974
201,573
201,651
201,1106
201,1170
201,1271
201,1274
201,1349
201,2397
201,2439
201,2670
201,2800
201,3188
201,3262
201,3434
201,3679
201,3915
201,3967
201,4059
201,4549
201,4923
202,460
202,879
202,901
202,1080
202,1113
202,1361
202,1478
202,1646
202,2196
202,2584
202,2692
202,2782
202,2784
202,2903
202,2992
202,3072
202,3107
202,3244
202,3314
202,3645
202,3649
202,3657
202,4553
202,4557
202,4606
202,4612
202,4715
202,4789
202,4802
202,4826
203,717
203,859
203,971
203,980
203,1054
203,1191
203,1277
203,1335
203,1414
203,2122
203,2169
203,2330
203,2343
203,3158
203,3164
203,3933
203,3998
203,4211
203,4543
203,4544
203,4720
203,4865
203,4886
204,243
204,339
204,807
204,833
204,836
204,879
204,1194
204,1710
204,1718
204,1942
204,2343
204,3087
204,3397
204,3407
204,3871
204,3937
204,4074
204,4991
205,371
205,539
205,821
205,1059
205,1107
205,1222
205,1402
205,1514
205,1588
205,1891
205,2257
205,2315
205,2361
205,2750
205,2969
205,3857
205,4285
205,4301
205,4435
205,4537
205,4543
205,4693
205,4705
205,4748
205,4850
205,4949
206,234
206,261
206,840
206,1078
206,1181
206,1260
206,1314
206,1544
206,1593
206,1629
206,1989
206,2352
206,2367
206,2653
206,2788
206,3067
206,3077
206,3335
206,3639
206,3838
206,4130
206,4454
206,4559
206,4607
206,4692
206,4701
206,4942
207,430
207,534
207,1169
207,1292
207,1471
207,1560
207,1746
207,1769
207,1959
207,2271
207,2617
207,2755
207,2784
207,2870
207,3379
207,3576
207,3822
207,4275
207,4646
208,243
208,282
208,299
208,323
208,334
208,339
208,856
208,2188
208,2222
208,2279
208,2364
208,2738
208,2760
208,2773
208,2999
208,3285
208,3343
208,3483
208,3701
208,3791
208,3904
208,3986
208,4065
208,4122
208,4134
208,4764
208,4767
208,4804
209,343
209,382
209,441
209,466
209,542
209,658
209,678
209,806
209,1190
209,1193
209,1270
209,1537
209,1887
209,2112
209,2342
209,2511
209,2616
209,2706
209,3091
209,3751
209,3779
209,3992
209,3998
210,596
210,889
210,1525
210,1644
210,1754
210,2140
210,2660
210,2747
210,3114
210,3175
210,3276
210,3921
210,4033
210,4214
210,4614
210,4986
211,474
211,616
211,1090
211,1834
211,1858
211,1869
211,1897
211,2457
211,2565
211,2689
211,2807
211,3390
211,3489
211,3494
211,3675
211,4084
211,4152
211,4159
211,4513
211,4560
211,4848
211,4917
212,240
212,446
212,480
212,548
212,1022
212,1095
212,1342
212,1362
212,1406
212,1552
212,1767
212,2060
212,2090
212,2583
212,3115
212,3149
212,3173
212,3331
212,3387
212,3483
212,3606
212,4005
212,4165
212,4245
212,4301
212,4323
212,4871
212,4888
213,256
213,765
213,787
213,859
213,863
213,930
213,1482
213,1614
213,1642
213,1679
213,1712
213,1758
213,1804
213,2330
213,2561
213,2603
213,2699
213,2701
213,2943
213,3088
213,3299
213,3632
213,3835
213,3945
213,4250
213,4287
213,4484
213,4705
213,4890
213,4914
213,4945
214,1039
214,1199
214,1578
214,1807
214,2295
214,2317
214,3060
214,3737
214,3812
214,3971
214,4180
214,4724
214,4869
215,287
215,344
215,868
215,895
215,972
215,976
215,1394
215,1418
215,1715
215,1742
215,1934
215,2157
215,2268
215,2286
215,2461
215,3226
215,3243
215,3587
215,3865
215,3961
215,4029
215,4225
215,4238
215,4400
215,4935
215,4942
216,561
216,644
216,784
216,1305
216,1360
216,1508
216,1543
216,1624
216,1697
216,1734
216,1844
216,1940
216,2381
216,2729
216,2833
216,3071
216,3146
216,3246
216,3544
216,4010
216,4042
216,4504
216,4604
216,4883
216,4898
217,552
217,563
217,709
217,735
217,1038
217,1966
217,1973
217,2198
217,2432
217,2433
217,2470
217,2697
217,2940
217,3076
217,3240
217,3913
217,3932
217,4055
217,4122
217,4267
217,4784
217,4970
218,327
218,619
218,1213
218,1268
218,1332
218,1500
218,1546
218,1618
218,2386
218,2590
218,3108
218,3516
218,3636
218,4243
218,4372
218,4440
218,4553
218,4634
218,4749
218,4867
219,427
219,525
219,702
219,1430
219,1603
219,1771
219,2139
219,2197
219,2224
219,2561
219,2636
219,3209
219,3526
219,3806
219,3857
219,3987
219,4457
219,4508
219,4565
219,4710
219,4893
220,409
220,450
220,736
220,836
220,916
220,976
220,1022
220,1522
220,1573
220,1679
220,2259
220,2710
220,3281
220,3452
220,3622
220,3707
220,3825
220,3828
220,3976
220,4029
220,4097
220,4145
220,4613
220,4955
221,237
221,280
221,345
221,637
221,640
221,666
221,1080
221,1269
221,1458
221,1609
221,1689
221,1797
221,1899
221,1919
221,2116
221,2356
221,3028
221,3629
221,3836
221,3906
221,4135
221,4282
221,4638
221,4654
221,4693
221,4873
222,718
222,1000
222,1058
222,1566
222,1670
222,2687
222,3068
222,3125
222,3313
222,3402
222,3835
222,3892
222,4054
222,4081
222,4139
222,4191
222,4202
222,4289
222,4290
222,4337
222,4362
222,4391
222,4754
222,4957
223,346
223,588
223,705
223,1522
223,1707
223,1962
223,1990
223,2094
223,2200
223,2534
223,3018
223,3193
223,3217
223,3742
223,3787
223,3805
223,3942
223,4079
223,4091
223,4295
223,4373
223,4723
223,4765
224,432
224,603
224,701
224,769
224,1514
224,1515
224,1778
224,1946
224,2224
224,2420
224,2783
224,2928
224,3028
224,3322
224,3375
224,3389
224,3401
224,3703
224,3888
224,4359
224,4376
224,4418
224,4423
224,4579
225,312
225,748
225,785
225,786
225,1179
225,1187
225,1213
225,1358
225,1696
225,1808
225,1868
225,2255
225,2413
225,3097
225,3150
225,3186
225,3567
225,3679
225,4047
225,4495
225,4632
225,4788
225,4830
226,518
226,670
226,1089
226,1269
226,1311
226,1407
226,2219
226,2235
226,2259
226,2446
226,3667
226,3817
226,4124
226,4294
226,4315
226,4329
226,4746
226,4776
226,4947
226,4955
226,4988
227,252
227,633
227,718
227,727
227,742
227,767
227,1003
227,1204
227,1888
227,1954
227,2064
227,2234
227,2609
227,3016
227,3572
227,3724
227,3888
227,3977
227,3986
227,4060
227,4101
227,4238
227,4524
227,4808
227,4946
228,339
228,429
228,568
228,705
228,873
228,1260
228,1403
228,1430
228,1671
228,2053
228,2109
228,2319
228,2362
228,2529
228,2562
228,2949
228,3908
228,4191
228,4355
229,484
229,669
229,977
229,1131
229,1245
229,1288
229,1329
229,1487
229,1489
229,1528
229,1739
229,1900
229,1989
229,1998
229,2026
229,2072
229,2115
229,2271
229,2739
229,2824
229,4070
229,4235
229,4443
229,4732
229,4746
230,291
230,355
230,369
230,607
230,660
230,834
230,916
230,1012
230,1345
230,1518
230,1628
230,1806
230,2491
230,2559
230,3013
230,3262
230,3522
230,3680
230,4349
230,4444
230,4828
230,4954
231,773
231,955
231,1101
231,1441
231,1517
231,1606
231,2572
231,2590
231,2690
231,2747
231,3269
231,3888
231,4100
231,4108
231,4187
231,4526
231,4930
231,4956
232,737
232,744
232,793
232,1190
232,1436
232,1444
232,1728
232,1781
232,1919
232,1935
232,2133
232,2479
232,2616
232,2758
232,3020
232,3029
232,3198
232,3389
232,3540
232,3716
232,3726
232,3766
232,3962
232,3972
232,4267
232,4533
232,4634
232,4667
232,4762
232,4941
233,362
233,380
233,593
233,611
233,839
233,1335
233,1451
233,1551
233,1560
233,2299
233,2512
233,2824
233,3194
233,3505
233,3610
233,3747
233,3775
233,4047
233,4088
233,4176
233,4796
234,329
234,350
234,653
234,1786
234,2067
234,2128
234,2149
234,2271
234,2298
234,2595
234,2846
234,3127
234,3767
234,3998
234,4055
234,4198
234,4296
234,4635
234,4930
235,283
235,342
235,642
235,700
235,791
235,1016
235,1300
235,1492
235,1687
235,1732
235,1809
235,1866
235,1949
235,1969
235,2091
235,2161
235,3134
235,3499
235,3548
235,3718
235,3746
235,3810
235,3839
235,4324
235,4473
235,4928
236,300
236,933
236,982
236,1283
236,1473
236,1713
236,2279
236,2512
236,2590
236,2676
236,3046
236,3757
236,3850
236,4190
236,4299
237,491
237,1172
237,1345
237,1716
237,2000
237,2065
237,2303
237,2355
237,2438
237,2579
237,3569
237,3925
237,4432
237,4739
237,4936
237,4990
237,4998
238,1085
238,1208
238,1919
238,2133
238,2483
238,2629
238,2869
238,3187
238,3231
238,3253
238,3297
238,3340
238,3388
238,3519
238,3751
238,4004
238,4171
238,4434
238,4477
238,4509
238,4569
238,4890
239,328
239,501
239,539
239,589
239,1385
239,1588
239,1611
239,1717
239,2166
239,2197
239,2481
239,2556
239,2654
239,2758
239,2809
239,3085
239,3181
239,3250
239,3253
239,3809
239,3970
239,4193
239,4388
239,4508
239,4568
239,4698
239,4866
239,4929
240,309
240,454
240,527
240,656
240,676
240,746
240,772
240,784
240,789
240,834
240,854
240,913
240,930
240,1033
240,1163
240,1382
240,1451
240,1577
240,1636
240,1712
240,2414
240,2545
240,2714
240,2929
240,3711
240,4451
240,4523
241,551
241,556
241,823
241,862
241,901
241,1411
241,1480
241,1614
241,2192
241,2361
241,2619
241,2841
241,3746
241,3839
241,4123
241,4376
241,4407
241,4886
242,251
242,579
242,902
242,978
242,1031
242,1071
242,1152
242,1335
242,1589
242,1858
242,1869
242,2187
242,2444
242,2646
242,2698
242,2810
242,2832
242,3205
242,3354
242,3359
242,3393
242,3576
242,3635
242,3899
242,4290
242,4392
242,4663
242,4783
242,4903
242,4954
243,267
243,415
243,820
243,1187
243,1240
243,1386
243,1521
243,1678
243,1898
243,2048
243,2078
243,2430
243,2502
243,2583
243,2770
243,3585
243,3916
243,4404
243,4443
243,4689
243,4724
244,294
244,576
244,880
244,1280
244,1347
244,1391
244,1619
244,1861
244,1876
244,1998
244,2899
244,2928
244,2990
244,3121
244,3981
244,4075
244,4298
245,369
245,427
245,560
245,764
245,1065
245,1071
245,1365
245,1400
245,1453
245,1628
245,1959
245,2082
245,2622
245,2870
245,2883
245,3189
245,3368
245,4869
245,4902
246,273
246,882
246,1305
246,2067
246,2232
246,2924
246,2934
246,3061
246,3117
246,3495
246,4028
246,4235
246,4402
246,4661
246,4869
246,4931
247,322
247,365
247,382
247,490
247,548
247,555
247,636
247,1079
247,1151
247,1615
247,2020
247,2735
247,2860
247,2905
247,2927
247,3141
247,3250
247,3292
247,3430
247,3811
247,3906
247,4110
247,4660
247,4680
247,4761
247,4788
247,4954
247,4961
248,323
248,442
248,570
248,748
248,787
248,1358
248,1374
248,1551
248,1749
248,1916
248,1922
248,2029
248,2263
248,2413
248,2615
248,2691
248,2794
248,2800
248,2817
248,2912
248,2967
248,3138
248,3349
248,3408
248,3411
248,3421
248,3616
248,3861
248,3937
248,4239
248,4554
248,4890
249,271
249,806
249,1762
249,1800
249,1992
249,2003
249,2345
249,2417
249,3496
249,3641
249,3950
249,4568
249,4874
249,4989
250,262
250,333
250,380
250,383
250,409
250,714
250,820
250,1018
250,1086
250,1093
250,1214
250,1233
250,1285
250,1541
250,1993
250,2004
250,2153
250,2270
250,2470
250,2754
250,2851
250,3038
250,3473
250,3760
250,3972
250,3993
250,4000
250,4472
250,4625
250,4792
250,4917
251,273
251,418
251,649
251,1289
251,1697
251,1784
251,1807
251,1893
251,1956
251,2295
251,2387
251,2646
251,2814
251,2909
251,3303
251,3318
251,3683
251,4042
251,4123
251,4811
252,841
252,1011
252,2053
252,2089
252,2122
252,2337
252,2367
252,2766
252,2859
252,3051
252,3325
252,3329
252,3472
252,3492
252,3793
252,4141
252,4388
252,4658
253,592
253,646
253,1450
253,1647
253,1801
253,1975
253,2103
253,2109
253,2240
253,2323
253,2856
253,2993
253,3964
253,4385
253,4475
253,4634
253,4640
253,4665
253,4800
254,910
254,1212
254,1260
254,1326
254,1493
254,1745
254,1768
254,2369
254,2375
254,2625
254,2650
254,2788
254,3164
254,3320
254,3679
254,3753
254,3940
254,4002
254,4483
254,4567
254,4677
254,4697
254,4728
254,4954
255,467
255,515
255,658
255,898
255,936
255,976
255,1083
255,1438
255,1645
255,1664
255,1715
255,1761
255,1879
255,2000
255,2449
255,2501
255,2614
255,2924
255,3009
255,3019
255,3171
255,3225
255,3276
255,3395
255,3639
255,4000
255,4115
255,4258
255,4298
255,4336
255,4443
255,4448
255,4868
255,4977
256,381
256,1491
256,1801
256,1933
256,1986
256,2027
256,3182
256,3217
256,3447
256,3636
256,3810
256,4113
256,4453
256,4684
256,4982
257,369
257,589
257,802
257,1094
257,1130
257,1147
257,1194
257,1225
257,1271
257,2227
257,3093
257,3163
257,3392
257,3435
257,3830
257,3921
257,4147
257,4265
257,4441
257,4722
257,4769
258,262
258,341
258,447
258,706
258,825
258,867
258,1272
258,1890
258,1929
258,3143
258,3145
258,3601
258,3603
258,3976
258,4274
258,4448
258,4543
258,4635
258,4865
259,442
259,720
259,790
259,867
259,1686
259,2274
259,2325
259,2375
259,2709
259,3096
259,3200
259,3354
259,3510
259,3538
259,3603
259,4360
259,4429
259,4542
259,4586
259,4736
260,698
260,862
260,1101
260,1368
260,1508
260,1528
260,1703
260,1752
260,1854
260,1895
260,2122
260,2460
260,2549
260,2885
260,3149
260,3222
260,3326
260,3338
260,3425
260,3961
260,4043
260,4247
260,4449
260,4457
261,331
261,703
261,851
261,1897
261,1963
261,1998
261,2028
261,2060
261,2290
261,2515
261,2546
261,2652
261,3512
261,3838
261,4650
261,4683
261,4778
262,611
262,681
262,801
262,805
262,1106
262,1205
262,1346
262,1349
262,1524
262,1547
262,1671
262,2013
262,2623
262,2665
262,2855
262,2913
262,3150
262,3247
262,3310
262,3606
262,3738
262,3988
262,4018
262,4645
262,4674
262,4889
262,4928
263,299
263,319
263,532
263,862
263,970
263,1123
263,1253
263,2127
263,2193
263,2580
263,2720
263,2971
263,3394
263,3586
263,4064
263,4159
263,4893
264,426
264,552
264,1287
264,1303
264,1414
264,1729
264,1837
264,1977
264,2301
264,2712
264,2867
264,2955
264,3578
264,3924
264,4133
264,4183
264,4283
264,4390
264,4448
264,4529
264,4543
264,4694
264,4807
264,4823
265,525
265,550
265,963
265,1039
265,1073
265,1372
265,1589
265,1772
265,1814
265,1870
265,2239
265,2756
265,2946
265,2977
265,3315
265,3575
265,3590
265,3803
265,4086
265,4297
265,4320
265,4351
265,4361
265,4747
265,4798
265,4915
266,489
266,653
266,1455
266,1581
266,1980
266,2237
266,2326
266,2643
266,2700
266,2768
266,2816
266,2948
266,3005
266,3144
266,3863
266,3901
266,3974
266,3991
266,4011
266,4734
266,4778
266,4835
267,460
267,1191
267,1285
267,1964
267,2093
267,2184
267,2580
267,2607
267,3187
267,3263
267,3413
267,3535
267,3782
267,3870
267,3949
267,4062
267,4538
267,4967
268,449
268,489
268,545
268,617
268,675
268,781
268,834
268,1175
268,1274
268,1329
268,1418
268,1656
268,1995
268,2091
268,2281
268,2800
268,3020
268,3027
268,3032
268,3332
268,3564
268,3599
268,3615
268,3791
268,3796
268,4241
268,4394
268,4396
268,4444
268,4623
268,4838
268,4851
268,4961
269,347
269,534
269,902
269,999
269,1045
269,1080
269,1150
269,1264
269,1446
269,1561
269,2321
269,3583
269,3586
269,3936
269,4355
270,298
270,374
270,474
270,641
270,733
270,832
270,1535
270,1590
270,1607
270,1856
270,1968
270,2327
270,2504
270,2666
270,2855
270,2906
270,3129
270,3137
270,3221
270,3264
270,3278
270,3641
270,4146
270,4156
270,4583
270,4807
270,4856
270,4913
271,344
271,1039
271,1088
271,1386
271,1622
271,1796
271,1859
271,1984
271,2087
271,2296
271,2380
271,2639
271,2678
271,2918
271,3697
271,4019
271,4558
271,4880
271,4974
271,4989
272,279
272,451
272,577
272,1405
272,1780
272,2060
272,2149
272,2531
272,2900
272,3024
272,3101
272,3322
272,3668
272,3801
272,3825
272,3901
272,3996
272,4536
272,4608
272,4682
272,4716
273,311
273,456
273,682
273,895
273,1145
273,1513
273,1836
273,1886
273,1925
273,2366
273,2573
273,2815
273,3433
273,3705
273,3715
273,4098
273,4284
273,4368
273,4614
273,4625
273,4640
273,4769
273,4850
273,4913
273,4956
273,4999
274,588
274,720
274,780
274,1110
274,1154
274,1181
274,1607
274,1810
274,1835
274,1902
274,2338
274,2395
274,2481
274,2524
274,2796
274,3406
274,3474
274,3487
274,3514
274,3906
274,3996
274,4014
274,4190
274,4535
274,4680
274,4698
274,4700
275,433
275,498
275,962
275,1609
275,1839
275,1892
275,1940
275,2007
275,2049
275,2107
275,2451
275,2985
275,3154
275,3279
275,3308
275,3413
275,3678
275,3747
275,3979
275,4475
275,4536
275,4560
275,4577
276,721
276,905
276,1093
276,1259
276,1431
276,1511
276,1819
276,2059
276,2140
276,2245
276,2602
276,2635
276,2660
276,2937
276,3208
276,3258
276,3661
276,4037
276,4052
276,4251
276,4517
276,4726
276,4951
277,431
277,483
277,961
277,1057
277,1171
277,1234
277,1348
277,1551
277,1585
277,1656
277,1717
277,1844
277,2944
277,3115
277,3130
277,3257
277,3492
277,3508
277,3852
277,3913
277,3948
277,4059
277,4170
277,4352
277,4883
278,298
278,405
278,429
278,463
278,855
278,908
278,934
278,1634
278,1668
278,1924
278,2020
278,2216
278,2574
278,2588
278,2834
278,2959
278,3148
278,3551
278,3673
278,3922
278,4498
278,4601
278,4796
279,387
279,640
279,1031
279,1075
279,1106
279,1258
279,1394
279,1688
279,1808
279,1977
279,2044
279,2308
279,2405
279,2526
279,3271
279,3618
279,3822
279,4081
279,4088
279,4176
279,4261
279,4407
279,4653
280,408
280,629
280,698
280,1039
280,1080
280,1120
280,1224
280,1242
280,1334
280,1363
280,1372
280,1458
280,1482
280,2337
280,2388
280,2634
280,2673
280,2913
280,3007
280,3107
280,3477
280,3531
280,4070
280,4418
280,4663
280,4839
281,638
281,681
281,1212
281,1307
281,1356
281,1381
281,1576
281,1907
281,1951
281,2760
281,3265
281,3417
281,3473
281,3753
281,4070
281,4092
281,4290
281,4510
281,4573
281,4624
281,4881
281,4981
282,381
282,605
282,1319
282,1501
282,1550
282,1574
282,1732
282,2106
282,2390
282,2692
282,3064
282,3065
282,3137
282,3165
282,3263
282,3370
282,3547
282,4919
283,373
283,426
283,713
283,913
283,914
283,1066
283,1362
283,2028
283,2122
283,2525
283,2550
283,2608
283,2648
283,2649
283,2853
283,3184
283,3341
283,3384
283,3459
283,3484
283,3589
283,3648
283,3830
283,3983
283,3996
283,4285
283,4825
284,491
284,545
284,1013
284,1021
284,1069
284,1409
284,1725
284,2182
284,2534
284,2703
284,2706
284,2802
284,2836
284,2947
284,3165
284,3300
284,3316
284,3415
284,3805
284,3842
284,4033
284,4052
284,4078
284,4366
284,4423
284,4702
285,763
285,1265
285,1288
285,1893
285,2136
285,2197
285,2484
285,2861
285,2972
285,3202
285,3416
285,3522
285,3932
285,4005
285,4103
285,4164
285,4218
285,4228
285,4248
286,370
286,381
286,403
286,408
286,799
286,1116
286,1322
286,1348
286,1734
286,1806
286,2105
286,2240
286,2392
286,2406
286,2476
286,2505
286,2612
286,2918
286,2961
286,3073
286,3077
286,3347
286,3516
286,3814
286,3863
286,4194
286,4330
286,4367
286,4710
286,4923
287,320
287,511
287,971
287,1060
287,1258
287,1726
287,1835
287,2198
287,2269
287,2331
287,3458
287,3508
287,3776
287,3875
287,4032
287,4145
287,4306
287,4312
287,4678
288,311
288,570
288,647
288,734
288,800
288,876
288,1127
288,1157
288,1359
288,1498
288,1856
288,1926
288,2217
288,2946
288,3016
288,3809
288,4014
288,4429
288,4923
289,427
289,516
289,1754
289,1877
289,1883
289,2047
289,2074
289,2110
289,2422
289,2841
289,2924
289,3045
289,3166
289,3180
289,3449
289,3545
289,3608
289,3652
289,4580
289,4933
290,655
290,766
290,905
290,1271
290,1664
290,1949
290,2182
290,2262
290,2344
290,2449
290,2502
290,2707
290,2916
290,3445
290,3520
290,3702
290,3736
290,3825
290,4373
290,4436
290,4632
290,4803
291,661
291,1100
291,1192
291,1261
291,1290
291,1436
291,1879
291,1983
291,2017
291,2396
291,2499
291,2674
291,2788
291,2993
291,3203
291,3314
291,3405
291,3526
291,3758
291,3809
291,3872
291,3888
291,4181
292,819
292,984
292,1021
292,1077
292,1680
292,1826
292,1867
292,2402
292,2434
292,2740
292,3167
292,3225
292,3490
292,3779
292,3783
292,3916
292,3970
292,4028
292,4107
292,4210
292,4221
292,4337
292,4422
292,4667
292,4711
293,353
293,392
293,534
293,603
293,1081
293,1203
293,2036
293,2055
293,2238
293,2373
293,2581
293,2607
293,2682
293,2773
293,2933
293,3073
293,3236
293,4081
293,4432
293,4507
293,4536
293,4784
294,901
294,946
294,1231
294,1484
294,1516
294,1726
294,2355
294,2446
294,2488
294,2527
294,3400
294,3559
294,3707
294,3929
294,4017
294,4712
294,4831
294,4846
294,4865
295,703
295,973
295,1029
295,1925
295,2570
295,2643
295,2688
295,2701
295,2940
295,3051
295,4003
295,4154
295,4282
295,4287
295,4357
295,4544
295,4637
295,4667
295,4674
295,4841
296,488
296,541
296,967
296,986
296,1945
296,1964
296,2025
296,2214
296,2831
296,3190
296,3323
296,3458
296,3460
296,4171
296,4354
296,4608
296,4691
296,4766
297,602
297,1308
297,1991
297,2005
297,2132
297,2352
297,2573
297,2706
297,3027
297,3234
297,3247
297,3264
297,3400
297,3447
297,3463
297,3599
297,3626
297,3632
297,3818
297,4392
297,4393
297,4659
297,4902
298,1132
298,1185
298,1560
298,1730
298,2176
298,2241
298,2260
298,2311
298,2331
298,2375
298,2397
298,2455
298,2537
298,2590
298,2789
298,2884
298,3181
298,3238
298,3771
298,4104
298,4210
298,4489
298,4514
298,4677
298,4886
299,345
299,509
299,812
299,888
299,1160
299,1166
299,1809
299,1942
299,2119
299,2531
299,2846
299,2882
299,3076
299,3230
299,3371
299,3386
299,3411
299,3627
299,3936
299,4168
299,4305
299,4376
299,4803
300,339
300,506
300,525
300,756
300,1009
300,1187
300,1319
300,1367
300,1485
300,1723
300,1827
300,1834
300,1892
300,2201
300,2326
300,2487
300,2881
300,2980
300,3189
300,3759
300,4097
300,4161
300,4183
301,324
301,471
301,580
301,631
301,1105
301,1177
301,1296
301,1392
301,1437
301,1603
301,1631
301,1828
301,2224
301,2332
301,2448
301,2628
301,2663
301,2877
301,3292
301,3390
301,3490
301,3506
301,3569
301,3620
301,3935
301,3939
301,4123
301,4217
301,4260
301,4339
301,4358
301,4410
301,4553
301,4630
302,317
302,502
302,937
302,1739
302,1945
302,2082
302,2232
302,2545
302,2829
302,2930
302,2943
302,3109
302,3482
302,3520
302,3543
302,3646
302,3756
302,3944
302,4098
302,4159
302,4332
302,4383
302,4477
302,4492
302,4597
302,4746
302,4822
302,4850
303,493
303,1123
303,1347
303,1614
303,1721
303,1817
303,1880
303,1885
303,1930
303,2132
303,2603
303,2721
303,2757
303,2784
303,2979
303,3543
303,3574
303,3621
303,4084
303,4207
303,4455
304,337
304,385
304,837
304,1202
304,1227
304,1418
304,1550
304,1559
304,1730
304,1837
304,1868
304,1890
304,2012
304,2166
304,2171
304,2194
304,2581
304,2683
304,2772
304,3011
304,3144
304,3177
304,3256
304,3351
304,3382
304,3973
304,4469
304,4515
304,4626
304,4721
304,4739
305,373
305,430
305,617
305,762
305,775
305,1009
305,1092
305,1201
305,1267
305,1360
305,1658
305,2182
305,2238
305,2265
305,2275
305,2360
305,2762
305,2974
305,3055
305,3636
305,3700
305,3816
305,3904
305,4772
305,4975
306,329
306,441
306,745
306,917
306,1008
306,1312
306,1570
306,1625
306,1778
306,2135
306,2254
306,2337
306,2365
306,2418
306,2832
306,2957
306,3223
306,3371
306,3510
306,3576
306,3771
306,3964
306,4016
307,352
307,689
307,863
307,1196
307,1386
307,1472
307,1615
307,1645
307,1653
307,2206
307,2338
307,3032
307,3193
307,3550
307,3621
307,3678
307,4427
307,4551
307,4604
307,4850
307,4919
308,374
308,670
308,773
308,913
308,915
308,988
308,1383
308,1505
308,1512
308,2058
308,2198
308,2468
308,2869
308,3325
308,3535
308,3998
308,4366
308,4436
308,4773
308,4777
308,4836
308,4992
309,410
309,589
309,816
309,1167
309,1994
309,2131
309,2474
309,2486
309,2585
309,2819
309,2864
309,3090
309,3116
309,3696
309,3836
309,3905
309,3971
309,4100
309,4947
309,4971
310,733
310,986
310,1099
310,1272
310,1476
310,1520
310,1535
310,1705
310,1756
310,1824
310,1927
310,2031
310,2124
310,2239
310,2269
310,2352
310,2650
310,2925
310,2957
310,3314
310,3460
310,3791
310,4103
310,4128
310,4130
310,4291
310,4635
310,4842
310,4990
311,461
311,704
311,714
311,784
311,877
311,1165
311,1616
311,2108
311,2308
311,2469
311,2975
311,3291
311,3399
311,3490
311,3538
311,3604
311,4006
311,4173
311,4908
312,318
312,805
312,1423
312,1810
312,1880
312,1960
312,2001
312,2066
312,2188
312,2213
312,2524
312,2545
312,3151
312,3378
312,3503
312,3706
312,3945
312,4158
312,4466
312,4760
312,4806
313,326
313,367
313,706
313,745
313,807
313,1102
313,1130
313,1163
313,1184
313,1314
313,1548
313,1613
313,1633
313,1727
313,1964
313,2279
313,2423
313,2824
313,2978
313,3217
313,3664
313,3695
313,4150
313,4258
313,4399
313,4884
314,725
314,1122
314,1178
314,1701
314,1748
314,1855
314,1867
314,1895
314,1959
314,2081
314,2526
314,2682
314,2792
314,2900
314,3086
314,3128
314,3276
314,4153
314,4156
314,4175
314,4434
314,4600
314,4862
315,361
315,366
315,408
315,443
315,530
315,587
315,810
315,1063
315,1346
315,1438
315,1629
315,1709
315,1753
315,2410
315,2473
315,2526
315,2572
315,2693
315,2705
315,3494
315,3640
315,3773
315,4265
315,4721
316,535
316,740
316,745
316,818
316,1050
316,1154
316,1221
316,1398
316,1638
316,1661
316,1732
316,2208
316,2407
316,2450
316,2593
316,3050
316,3484
316,3751
316,3941
316,4739
317,334
317,423
317,712
317,953
317,967
317,1248
317,1364
317,1566
317,1705
317,1724
317,1891
317,2226
317,2925
317,2967
317,3290
317,3420
317,3474
317,3496
317,3584
317,3628
317,3714
317,3858
317,3864
317,4027
317,4173
317,4275
317,4370
317,4500
317,4523
317,4545
317,4610
317,4721
317,4727
317,4827
317,4842
318,442
318,502
318,710
318,729
318,790
318,2037
318,2085
318,2246
318,2388
318,2456
318,2531
318,2543
318,2569
318,2697
318,2822
318,3195
318,3480
318,3592
318,3986
318,4035
318,4111
318,4183
318,4613
318,4814
318,4847
318,4973
319,527
319,608
319,762
319,812
319,984
319,1076
319,1378
319,1441
319,1643
319,1764
319,2043
319,2289
319,2365
319,2588
319,2701
319,2970
319,3048
319,3365
319,3637
319,3656
319,3667
319,3752
319,3930
319,3979
319,4401
320,434
320,869
320,921
320,987
320,1343
320,1658
320,1976
320,2126
320,2527
320,2611
320,2709
320,2914
320,3032
320,3414
320,3428
320,3560
320,3696
320,3915
320,3984
320,4281
320,4318
320,4370
320,4483
320,4716
320,4878
321,471
321,601
321,824
321,1364
321,1695
321,1945
321,2134
321,2398
321,2458
321,2459
321,2747
321,2968
321,3234
321,3286
321,3730
321,4130
321,4147
321,4171
321,4263
321,4332
321,4837
322,405
322,443
322,454
322,458
322,559
322,684
322,876
322,1463
322,1755
322,1828
322,1869
322,2145
322,2202
322,2267
322,2370
322,2448
322,2540
322,2552
322,2624
322,2720
322,3198
322,3291
322,3331
322,3597
322,4011
322,4023
322,4223
322,4279
322,4495
322,4588
322,4684
322,4784
323,652
323,673
323,905
323,1194
323,1454
323,1577
323,1655
323,1908
323,1917
323,2084
323,2104
323,2831
323,3060
323,3180
323,3833
323,4063
323,4087
323,4417
323,4516
324,369
324,404
324,672
324,694
324,809
324,1139
324,1148
324,1427
324,1475
324,2266
324,2710
324,3434
324,3547
324,3730
324,4372
324,4390
324,4483
325,383
325,808
325,854
325,966
325,1135
325,1495
325,1594
325,1762
325,1831
325,1870
325,2006
325,2854
325,3217
325,3368
325,3459
325,3464
325,3573
325,3663
325,4093
325,4223
325,4311
325,4397
325,4750
325,4765
325,4847
325,4860
326,366
326,572
326,754
326,799
326,948
326,1745
326,2264
326,2571
326,2602
326,2802
326,2804
326,2806
326,2936
326,3116
326,3162
326,3206
326,3798
326,3977
326,4353
326,4588
326,4763
327,414
327,1004
327,1024
327,1099
327,1212
327,1234
327,1309
327,1524
327,1861
327,2578
327,2678
327,2742
327,2799
327,3549
327,3861
327,3867
327,4141
327,4200
327,4215
327,4791
328,477
328,705
328,807
328,943
328,1044
328,1349
328,2040
328,2165
328,2328
328,2347
328,3764
328,4073
328,4263
328,4486
328,4490
329,352
329,532
329,622
329,631
329,758
329,1021
329,1131
329,1322
329,1649
329,1802
329,2315
329,2444
329,2480
329,2672
329,2864
329,2886
329,3077
329,3243
329,3396
329,3709
329,3739
329,3769
329,4071
329,4181
329,4320
330,455
330,463
330,1207
330,1286
330,1621
330,1746
330,1780
330,2158
330,2244
330,2368
330,2464
330,2586
330,2643
330,2803
330,3025
330,3084
330,3122
330,3419
330,3433
330,3552
330,3938
330,4152
330,4358
330,4582
330,4774
330,4920
331,699
331,726
331,956
331,1045
331,1089
331,1116
331,1587
331,1743
331,1767
331,1848
331,1891
331,1921
331,2401
331,2476
331,2502
331,2734
331,3128
331,3595
331,3603
331,3751
331,3897
331,4058
331,4110
331,4445
332,583
332,786
332,970
332,1163
332,1479
332,2182
332,2515
332,2932
332,2935
332,3134
332,3183
332,3385
332,3498
332,3901
332,4051
332,4173
332,4175
332,4353
332,4533
332,4936
332,4941
333,356
333,588
333,664
333,685
333,786
333,830
333,860
333,1264
333,1350
333,1671
333,2159
333,2409
333,2540
333,2792
333,2882
333,3364
333,3429
333,3920
333,4142
333,4934
333,4958
334,345
334,505
334,602
334,604
334,683
334,1205
334,1345
334,1433
334,1517
334,1523
334,1590
334,1789
334,2055
334,2104
334,2276
334,2581
334,2772
334,3158
334,3244
334,3490
334,3823
334,3937
334,3957
334,4373
334,4376
334,4565
334,4671
334,4688
335,517
335,778
335,1340
335,1374
335,1539
335,1770
335,1821
335,1903
335,1938
335,2320
335,2452
335,2464
335,2485
335,2632
335,2637
335,2693
335,2759
335,2878
335,2896
335,2954
335,3173
335,3836
335,3997
335,4073
335,4259
335,4352
335,4894
336,666
336,770
336,1085
336,1272
336,1303
336,1410
336,1565
336,1679
336,1773
336,1815
336,2103
336,2279
336,2553
336,2753
336,2766
336,2943
336,3153
336,3203
336,3541
336,3767
336,3810
336,4007
336,4067
336,4098
336,4196
336,4596
336,4634
336,4758
337,471
337,478
337,553
337,608
337,674
337,699
337,731
337,736
337,740
337,809
337,1021
337,1221
337,1237
337,1429
337,1533
337,2147
337,2327
337,2494
337,2498
337,2923
337,3026
337,3479
337,3638
337,3717
337,3774
337,3783
337,3896
337,4102
337,4113
337,4203
337,4265
337,4476
337,4721
337,4771
338,753
338,829
338,905
338,1645
338,1768
338,1804
338,1819
338,2149
338,2562
338,2735
338,3026
338,4268
338,4646
338,4800
339,361
339,367
339,372
339,441
339,480
339,1061
339,1068
339,1296
339,1341
339,1580
339,1625
339,2331
339,2748
339,2776
339,3501
339,3903
339,4084
339,4085
339,4089
339,4270
339,4458
339,4902
340,502
340,674
340,817
340,824
340,1035
340,1147
340,1672
340,1695
340,1755
340,2025
340,2727
340,3044
340,3468
340,3484
340,4072
340,4378
340,4541
340,4707
340,4940
340,4969
340,4981
341,647
341,947
341,1506
341,1640
341,1776
341,1780
341,1849
341,2114
341,2451
341,2895
341,3265
341,3360
341,3671
341,3907
341,3914
341,3915
341,4077
342,524
342,589
342,934
342,971
342,1103
342,1174
342,1273
342,1364
342,1441
342,1528
342,1722
342,1986
342,2214
342,2453
342,2562
342,2625
342,2712
342,2939
342,2966
342,3047
342,3130
342,3438
342,3537
342,3726
342,3779
342,4267
342,4286
342,4293
342,4525
342,4625
342,4683
342,4759
342,4772
343,748
343,873
343,1239
343,1441
343,1895
343,2224
343,2748
343,2944
343,2972
343,2980
343,3191
343,3431
343,3460
343,3476
343,3483
343,3667
343,4029
343,4092
343,4205
343,4249
343,4535
344,473
344,845
344,1032
344,1383
344,1446
344,1587
344,1635
344,1849
344,2309
344,2366
344,2471
344,2590
344,2780
344,3059
344,3317
344,3677
344,3939
344,4037
344,4149
344,4309
344,4424
344,4879
345,965
345,1191
345,1193
345,1559
345,1599
345,1607
345,2225
345,2282
345,2408
345,2657
345,3068
345,3262
345,3323
345,4177
345,4542
346,421
346,820
346,874
346,1535
346,1719
346,1885
346,1978
346,2181
346,2356
346,2450
346,2460
346,2677
346,2922
346,3050
346,3134
346,3176
346,3537
346,3635
346,3874
346,3880
346,4055
346,4084
346,4187
346,4282
346,4581
346,4666
346,4690
346,4697
346,4751
346,4984
347,620
347,840
347,1596
347,1789
347,1893
347,2085
347,2108
347,2353
347,2475
347,2622
347,2628
347,2717
347,2822
347,2873
347,3601
347,3842
347,3846
347,4072
347,4107
347,4175
347,4194
347,4221
347,4761
347,4802
347,4827
347,4962
348,724
348,922
348,1312
348,1349
348,1377
348,1696
348,1735
348,2841
348,2989
348,3001
348,3078
348,3102
348,3140
348,3270
348,3279
348,3349
348,3355
348,3425
348,3841
348,3918
348,3949
348,4293
348,4361
348,4515
348,4530
348,4534
348,4560
348,4706
348,4856
349,544
349,662
349,809
349,815
349,940
349,944
349,1081
349,1123
349,2009
349,2819
349,2871
349,2897
349,3245
349,4140
349,4209
349,4343
349,4618
349,4694
349,4960
350,418
350,546
350,711
350,889
350,1058
350,1072
350,1288
350,1419
350,2059
350,2095
350,2110
350,2206
350,2281
350,2291
350,2469
350,2670
350,2882
350,3951
350,4687
350,4733
350,4856
351,458
351,542
351,551
351,798
351,902
351,2127
351,2246
351,2789
351,2905
351,3090
351,3278
351,3596
351,3723
351,3901
351,4048
351,4165
351,4731
351,4939
351,4956
352,485
352,824
352,839
352,1035
352,1312
352,1448
352,1480
352,1700
352,1833
352,1846
352,2178
352,2185
352,2685
352,2720
352,3185
352,3281
352,3346
352,3690
352,3760
352,3949
352,4656
352,4818
353,642
353,849
353,1135
353,1279
353,1514
353,1585
353,1603
353,1739
353,2065
353,2257
353,2259
353,2540
353,2659
353,2734
353,2777
353,2839
353,3010
353,3149
353,3566
353,3657
353,4300
353,4615
353,4616
354,372
354,378
354,414
354,424
354,437
354,549
354,742
354,827
354,836
354,1252
354,1651
354,2186
354,2220
354,2305
354,2337
354,2404
354,2447
354,2709
354,2794
354,2879
354,3207
354,3412
354,3456
354,3479
354,3505
354,4001
354,4065
354,4170
354,4196
354,4268
354,4322
354,4372
354,4398
354,4423
354,4630
354,4841
354,4845
354,4846
354,4897
354,4970
355,962
355,1101
355,1148
355,1616
355,1980
355,2298
355,2547
355,2690
355,2833
355,3006
355,3130
355,3151
355,3191
355,3243
355,3371
355,3790
355,4176
355,4197
355,4232
355,4638
355,4939
356,1163
356,1677
356,1840
356,1881
356,2007
356,2282
356,2339
356,2538
356,2883
356,2925
356,3059
356,3130
356,3368
356,3849
356,3856
356,3859
356,4281
356,4797
356,4870
357,440
357,441
357,537
357,914
357,1595
357,1874
357,1917
357,1956
357,2111
357,2134
357,2303
357,2752
357,3186
357,3381
357,3635
357,3885
357,4137
357,4393
357,4761
358,818
358,894
358,1111
358,1153
358,1177
358,1485
358,1635
358,2266
358,2732
358,3101
358,3661
358,3845
358,3927
358,4018
358,4184
358,4270
358,4451
358,4492
358,4530
358,4702
359,384
359,646
359,806
359,1073
359,1089
359,1238
359,1369
359,1413
359,1456
359,1467
359,1886
359,2524
359,2594
359,2836
359,2871
359,3503
359,3544
359,3982
359,4187
359,4212
359,4726
359,4769
359,4794
359,4953
360,370
360,487
360,587
360,622
360,823
360,1148
360,1182
360,1207
360,1296
360,1421
360,1842
360,2366
360,2395
360,2403
360,2497
360,2621
360,2663
360,2668
360,2753
360,2865
360,2893
360,2978
360,2982
360,3162
360,3278
360,3472
360,3683
360,3994
360,4049
360,4378
360,4421
360,4552
360,4915
361,401
361,459
361,630
361,1001
361,1582
361,1751
361,2372
361,2582
361,2726
361,2734
361,2814
361,3199
361,3214
361,3294
361,3368
361,3515
361,3525
361,3766
361,3935
361,4480
361,4504
361,4690
361,4751
362,418
362,624
362,627
362,1419
362,1836
362,1936
362,2032
362,2264
362,2549
362,2650
362,2771
362,2799
362,2841
362,2879
362,2905
362,2948
362,3101
362,3204
362,3252
362,3391
362,3752
362,4065
362,4266
362,4280
362,4672
363,1086
363,1281
363,1428
363,1560
363,1654
363,1698
363,2167
363,2426
363,2466
363,2804
363,2847
363,3451
363,3603
363,4051
363,4227
363,4548
363,4568
363,4769
363,4844
363,4858
363,4915
364,463
364,636
364,744
364,797
364,800
364,1128
364,1214
364,1225
364,1596
364,1866
364,2030
364,2103
364,2279
364,2464
364,2509
364,2641
364,2867
364,2893
364,3006
364,4156
364,4329
364,4454
365,838
365,967
365,1253
365,1403
365,1726
365,2062
365,2410
365,2441
365,2686
365,2729
365,2744
365,2788
365,3284
365,3643
365,3693
365,3804
365,3929
365,4068
365,4223
365,4345
365,4463
365,4691
365,4739
365,4827
366,577
366,674
366,779
366,1037
366,1224
366,1324
366,1563
366,1614
366,1681
366,1922
366,2462
366,2546
366,2653
366,2737
366,2815
366,2837
366,3250
366,3392
366,3439
366,3479
366,3576
366,4105
366,4139
366,4491
366,4521
366,4723
366,4936
366,4978
366,4983
367,673
367,739
367,744
367,981
367,1185
367,1302
367,1751
367,1853
367,2009
367,2018
367,2210
367,2485
367,2760
367,3259
367,3855
367,4042
367,4991
368,449
368,519
368,739
368,747
368,943
368,950
368,1112
368,1370
368,1423
368,1714
368,1740
368,2001
368,2005
368,2254
368,2341
368,2995
368,3081
368,3164
368,3256
368,3367
368,3484
368,3573
368,4052
368,4205
368,4228
368,4346
368,4843
369,670
369,921
369,997
369,1289
369,1368
369,1704
369,1974
369,2045
369,2212
369,2281
369,2440
369,2530
369,2772
369,3007
369,3079
369,3196
369,3541
369,3813
369,4447
369,4546
369,4569
369,4778
369,4959
370,519
370,545
370,725
370,778
370,982
370,1268
370,1514
370,1712
370,1761
370,1901
370,1993
370,2039
370,2053
370,2215
370,2465
370,2543
370,2544
370,2648
370,2835
370,3244
370,3299
370,3445
370,3460
370,3571
370,3926
370,4039
370,4443
370,4700
370,4711
370,4827
371,413
371,571
371,847
371,946
371,1627
371,1751
371,1892
371,2116
371,2179
371,2199
371,2287
371,3452
371,3707
371,3814
371,4388
371,4410
371,4717
372,501
372,672
372,919
372,1506
372,1836
372,1945
372,2023
372,2448
372,2505
372,2863
372,3033
372,3724
372,3801
372,3827
372,4088
372,4444
372,4462
372,4731
372,4760
372,4959
373,481
373,702
373,1071
373,1489
373,1532
373,1576
373,1816
373,1850
373,1914
373,2040
373,2046
373,2209
373,3806
373,4130
373,4360
373,4390
373,4535
373,4557
373,4715
374,411
374,642
374,653
374,724
374,1078
374,1107
374,1112
374,1363
374,1416
374,1721
374,2113
374,2418
374,2466
374,2531
374,2653
374,2851
374,2983
374,3313
374,3333
374,3670
374,3792
374,3800
374,3882
374,4064
374,4219
374,4366
374,4726
375,500
375,520
375,637
375,734
375,1146
375,1778
375,1876
375,2126
375,2302
375,2396
375,2702
375,2796
375,2912
375,2923
375,3108
375,3484
375,3879
375,3970
375,4102
375,4351
375,4386
375,4449
375,4654
376,842
376,948
376,1043
376,1192
376,1267
376,1509
376,1857
376,1888
376,1934
376,2039
376,2214
376,2238
376,2707
376,2723
376,2811
376,3301
376,3418
376,3538
376,3546
376,3831
376,4007
376,4242
376,4331
376,4607
376,4977
376,4999
377,444
377,609
377,950
377,1083
377,1138
377,1152
377,1170
377,1529
377,1605
377,1879
377,2024
377,2091
377,2285
377,2878
377,3046
377,3394
377,3424
377,3485
377,3548
377,4021
377,4187
377,4400
377,4483
377,4907
377,4920
377,4981
378,892
378,973
378,992
378,1276
378,1491
378,1520
378,1532
378,1898
378,2249
378,2385
378,2436
378,2722
378,2792
378,2800
378,3000
378,3264
378,3497
378,3535
378,3643
378,3711
378,3923
378,3969
378,4018
378,4103
378,4647
379,417
379,833
379,1339
379,1458
379,1762
379,2274
379,2384
379,2729
379,3279
379,3447
379,3474
379,4180
379,4511
379,4872
380,699
380,837
380,982
380,1239
380,2201
380,2315
380,2366
380,2467
380,2478
380,2880
380,3075
380,3113
380,3363
380,3413
380,3523
380,3859
380,3918
380,4086
380,4223
381,399
381,654
381,1581
381,1686
381,2442
381,2535
381,2665
381,2668
381,3047
381,3134
381,3247
381,3338
381,3424
381,3783
381,3850
381,4048
381,4067
381,4177
381,4320
382,391
382,842
382,856
382,885
382,898
382,1242
382,1723
382,1827
382,1841
382,2169
382,2238
382,2557
382,2601
382,2687
382,2785
382,2890
382,2970
382,3026
382,3347
382,3424
382,3479
382,3923
382,3976
382,4039
382,4411
382,4946
383,578
383,657
383,1327
383,1329
383,1554
383,1576
383,1797
383,2210
383,2282
383,2336
383,2374
383,2400
383,2568
383,2986
383,3496
383,3581
383,3614
383,3659
383,3854
383,4249
383,4656
383,4944
383,4947
384,1043
384,1068
384,1283
384,1753
384,2188
384,2272
384,2383
384,2399
384,2408
384,2889
384,2963
384,3013
384,3167
384,3508
384,3577
384,3636
384,3695
384,3805
384,3882
384,4282
385,536
385,607
385,805
385,1145
385,1212
385,1246
385,1655
385,1781
385,2106
385,2282
385,2353
385,2432
385,2472
385,2999
385,3005
385,3069
385,3522
385,3572
385,3614
385,3868
385,3871
385,4382
385,4399
385,4405
385,4499
385,4640
385,4703
385,4897
385,4964
386,563
386,584
386,799
386,897
386,1113
386,1510
386,1547
386,1660
386,1712
386,1797
386,1880
386,1920
386,1986
386,2067
386,2217
386,2222
386,2348
386,2415
386,2468
386,2648
386,2838
386,2930
386,3337
386,3544
386,3837
386,4071
386,4568
386,4911
387,404
387,536
387,841
387,887
387,1010
387,1242
387,1399
387,1547
387,1553
387,1676
387,1916
387,2282
387,2412
387,2483
387,2548
387,2605
387,2991
387,3245
387,3757
387,4164
387,4171
387,4276
387,4535
387,4678
387,4828
387,4887
388,535
388,646
388,668
388,827
388,1309
388,1481
388,1635
388,2068
388,2111
388,2175
388,2211
388,2434
388,2447
388,2794
388,3021
388,3077
388,3304
388,3541
388,3671
388,3754
388,3769
388,4335
388,4377
388,4720
389,535
389,991
389,1178
389,1512
389,1582
389,1691
389,1801
389,1871
389,1975
389,2035
389,2141
389,3186
389,3244
389,3350
389,3986
389,4810
390,453
390,468
390,640
390,687
390,784
390,995
390,1088
390,1150
390,1278
390,1438
390,1474
390,1771
390,1774
390,2081
390,2533
390,2865
390,3049
390,3112
390,3242
390,3328
390,3405
390,4240
390,4864
390,4936
391,408
391,622
391,985
391,1134
391,1165
391,1955
391,1968
391,2050
391,2887
391,2947
391,3093
391,3101
391,3148
391,3944
391,4058
391,4431
391,4456
391,4776
391,4999
392,644
392,742
392,773
392,858
392,968
392,1031
392,1350
392,1583
392,1798
392,2097
392,2159
392,2439
392,2643
392,2747
392,2763
392,2860
392,2940
392,3766
392,3967
392,4203
392,4457
392,4502
392,4607
392,4884
393,562
393,1505
393,1531
393,1871
393,1994
393,2349
393,2512
393,2577
393,2874
393,2875
393,3054
393,3055
393,3333
393,3616
393,3667
393,4215
393,4226
393,4434
393,4574
393,4590
394,411
394,605
394,746
394,778
394,1525
394,1588
394,1796
394,2351
394,2676
394,2730
394,2856
394,2878
394,3021
394,3157
394,3192
394,3394
394,3454
394,3609
394,4153
394,4177
394,4334
394,4336
394,4543
395,396
395,683
395,713
395,828
395,1266
395,1568
395,1656
395,1708
395,1712
395,2014
395,2135
395,2466
395,2496
395,2710
395,2898
395,3050
395,3105
395,3173
395,3278
395,4282
395,4654
395,4727
395,4824
396,407
396,637
396,831
396,1077
396,1100
396,1691
396,1821
396,1859
396,2421
396,2777
396,2951
396,3105
396,3345
396,3855
396,4252
396,4888
397,490
397,581
397,643
397,972
397,1097
397,1149
397,1392
397,1553
397,1593
397,1961
397,1967
397,2686
397,2730
397,2885
397,2911
397,3146
397,3528
397,3547
397,3762
397,3899
397,4046
397,4788
397,4798
398,413
398,572
398,708
398,797
398,1198
398,1228
398,1530
398,1654
398,1828
398,1896
398,2245
398,2367
398,2422
398,2734
398,2780
398,3084
398,3345
398,3922
398,4725
398,4981
399,473
399,524
399,988
399,1001
399,1164
399,1258
399,1273
399,1289
399,1419
399,1523
399,2006
399,2090
399,2192
399,2287
399,2335
399,2993
399,3014
399,3373
399,3484
399,3642
399,4167
399,4210
399,4653
399,4758
399,4929
400,444
400,527
400,1169
400,1538
400,2013
400,2353
400,2909
400,3176
400,3337
400,3748
400,4160
400,4267
400,4315
400,4880
401,972
401,1020
401,1443
401,1888
401,1911
401,1947
401,2202
401,2270
401,2274
401,2452
401,2627
401,2726
401,2753
401,2820
401,2953
401,2984
401,3397
401,3734
401,3789
401,4374
401,4922
402,934
402,1324
402,1398
402,1579
402,1892
402,2257
402,2321
402,2437
402,2455
402,2578
402,3024
402,3049
402,3303
402,3363
402,3422
402,3451
402,3538
402,3799
402,4397
402,4531
402,4753
403,1446
403,1608
403,1727
403,2452
403,2697
403,2856
403,2985
403,3422
403,3664
403,3837
403,3898
403,3983
403,4169
403,4333
403,4550
403,4587
403,4602
403,4783
403,4808
403,4829
403,4880
404,927
404,1004
404,1222
404,1321
404,1346
404,1433
404,2422
404,2423
404,2651
404,3102
404,3176
404,3464
404,3505
404,3939
404,4147
404,4221
404,4292
404,4321
404,4940
405,570
405,1094
405,1737
405,1821
405,1973
405,2067
405,2299
405,2338
405,2379
405,2506
405,2593
405,2665
405,2746
405,2846
405,3081
405,3148
405,3187
405,3516
405,3761
405,3816
405,4008
405,4022
405,4158
405,4164
405,4568
405,4580
405,4977
406,441
406,522
406,544
406,561
406,735
406,1056
406,1252
406,1349
406,2085
406,2183
406,2298
406,2512
406,2705
406,3141
406,3153
406,3214
406,3268
406,3352
406,3477
406,3507
406,3947
406,4054
406,4098
406,4218
406,4442
406,4555
406,4731
406,4743
406,4900
406,4947
407,455
407,473
407,673
407,995
407,1212
407,1236
407,1313
407,1596
407,1862
407,2380
407,2567
407,2692
407,2736
407,2764
407,3071
407,3428
407,3661
407,3861
407,3965
407,3986
407,4268
407,4404
408,638
408,832
408,946
408,1353
408,1586
408,1590
408,2053
408,2276
408,2486
408,2675
408,2845
408,2856
408,3211
408,3594
408,3737
408,3931
408,4070
408,4114
408,4366
408,4429
408,4456
408,4524
408,4743
409,416
409,772
409,801
409,1055
409,1331
409,1342
409,1686
409,1738
409,2010
409,2305
409,2640
409,2660
409,3307
409,3368
409,3424
409,4003
409,4146
409,4236
409,4281
409,4528
409,4631
409,4758
409,4826
409,4946
410,857
410,979
410,1085
410,1668
410,1842
410,1933
410,2042
410,2129
410,2317
410,2544
410,2785
410,2899
410,3191
410,3346
410,3404
410,3888
410,3924
410,3988
410,4048
410,4379
410,4788
410,4931
410,4977
411,637
411,1022
411,1124
411,1131
411,1601
411,1730
411,1750
411,1877
411,1929
411,2589
411,2610
411,2763
411,2891
411,3483
411,3597
411,3701
411,3702
411,3730
411,4076
411,4409
411,4414
411,4727
411,4762
411,4882
412,441
412,486
412,536
412,685
412,1333
412,1384
412,1642
412,1646
412,1705
412,1756
412,1931
412,1932
412,2502
412,2918
412,3194
412,3401
412,4061
412,4110
412,4258
412,4282
412,4774
412,4785
412,4845
413,613
413,762
413,1102
413,1156
413,1481
413,1679
413,2139
413,2288
413,2509
413,2769
413,2922
413,3086
413,3560
413,3620
413,3901
413,4116
413,4155
413,4223
413,4693
413,4727
414,630
414,717
414,891
414,1111
414,1324
414,1408
414,1437
414,1444
414,1722
414,1898
414,2047
414,2559
414,2566
414,2617
414,2795
414,2893
414,2993
414,3114
414,3191
414,3686
414,3733
414,3787
414,4043
414,4248
414,4436
414,4537
414,4551
414,4552
414,4724
414,4790
414,4889
414,4912
415,518
415,833
415,1160
415,1179
415,1334
415,2123
415,2562
415,2589
415,2618
415,3438
415,3524
415,3779
415,4069
415,4276
415,4689
415,4928
416,623
416,625
416,798
416,880
416,1056
416,1114
416,1210
416,1256
416,1321
416,1439
416,1864
416,2039
416,2946
416,3034
416,3593
416,3793
416,3847
416,4060
416,4087
416,4093
416,4633
416,4729
416,4794
416,4974
416,4978
417,752
417,1147
417,1620
417,1662
417,1872
417,1911
417,1992
417,2003
417,2056
417,2061
417,2208
417,2332
417,2878
417,3011
417,3019
417,3075
417,3195
417,3197
417,3220
417,3468
417,3513
417,3651
417,4440
417,4545
417,4750
417,4823
418,491
418,638
418,798
418,939
418,1150
418,1531
418,1613
418,1673
418,1890
418,2111
418,2524
418,2715
418,2742
418,2818
418,2946
418,3094
418,3129
418,3164
418,3456
418,3804
418,4099
418,4109
418,4278
418,4359
418,4491
418,4608
418,4844
418,4858
418,4898
418,4899
419,493
419,532
419,1205
419,1212
419,1220
419,1399
419,1452
419,1465
419,1533
419,1708
419,1791
419,1914
419,1981
419,2022
419,2202
419,2690
419,3171
419,3173
419,3568
419,4119
419,4315
419,4842
419,4888
420,465
420,597
420,1116
420,1802
420,1998
420,2343
420,2429
420,2758
420,3079
420,3378
420,3507
420,3906
420,3980
420,4298
420,4576
420,4749
420,4781
420,4951
421,888
421,1346
421,1645
421,2082
421,2199
421,2472
421,2646
421,2718
421,2740
421,2915
421,3009
421,3728
421,3792
421,3826
421,4098
421,4302
421,4510
421,4736
422,423
422,473
422,785
422,853
422,861
422,1394
422,1424
422,1645
422,1933
422,2090
422,2177
422,2267
422,2441
422,2933
422,3073
422,3082
422,3572
422,3828
422,3842
422,3887
422,3978
422,4261
422,4468
422,4701
423,578
423,582
423,663
423,687
423,765
423,880
423,907
423,1045
423,1085
423,1389
423,1725
423,1915
423,2015
423,2151
423,2435
423,2511
423,3375
423,3522
423,3541
423,3657
423,3753
423,4109
423,4221
423,4530
423,4867
424,443
424,562
424,589
424,1290
424,1761
424,2060
424,2241
424,2620
424,3237
424,3368
424,3485
424,3487
424,3702
424,3845
424,4412
424,4545
425,505
425,938
425,1024
425,1208
425,1374
425,1665
425,1872
425,2047
425,2086
425,2191
425,2244
425,2610
425,2799
425,3304
425,4591
426,496
426,661
426,776
426,1042
426,1146
426,1253
426,1372
426,1438
426,1950
426,1993
426,2116
426,2201
426,2209
426,2283
426,2747
426,2793
426,3628
426,3772
426,3951
426,4223
426,4423
426,4478
426,4592
426,4705
426,4706
426,4876
426,4895
426,4916
426,4921
427,568
427,673
427,984
427,1410
427,2109
427,2213
427,2351
427,2509
427,2651
427,2720
427,2844
427,3224
427,3406
427,3464
427,3997
427,4001
427,4045
427,4183
427,4314
428,1127
428,1132
428,1335
428,1502
428,1814
428,1821
428,1928
428,1946
428,2349
428,2546
428,2614
428,2824
428,2850
428,3245
428,3481
428,3985
428,4041
428,4112
428,4423
429,631
429,799
429,938
429,976
429,1383
429,1914
429,1932
429,2272
429,2420
429,2616
429,2637
429,2646
429,2695
429,3279
429,3415
429,3475
429,3584
429,3707
429,4327
429,4450
429,4464
429,4744
429,4795
430,511
430,682
430,883
430,1395
430,1418
430,1520
430,1657
430,1829
430,1973
430,2039
430,2104
430,2163
430,2303
430,2304
430,2542
430,2801
430,2938
430,3008
430,3225
430,3611
430,3741
430,4106
430,4111
430,4136
430,4209
430,4269
430,4385
430,4391
430,4441
430,4443
430,4535
430,4539
430,4739
430,4777
430,4836
430,4911
431,441
431,504
431,776
431,925
431,1232
431,1280
431,1408
431,1429
431,1744
431,1938
431,2025
431,2303
431,2970
431,3231
431,3384
431,3431
431,3892
431,4260
431,4799
431,4984
432,629
432,1078
432,1161
432,1730
432,1803
432,2001
432,2187
432,2198
432,2423
432,2873
432,3209
432,3781
432,4105
432,4382
432,4512
432,4728
432,4734
432,4830
433,442
433,482
433,694
433,794
433,1154
433,1469
433,1822
433,1849
433,2006
433,2230
433,2253
433,2394
433,2969
433,3483
433,3727
433,4284
433,4430
433,4497
433,4527
434,467
434,1223
434,1235
434,1594
434,2359
434,2589
434,2651
434,2652
434,2671
434,2709
434,3134
434,3399
434,3492
434,3560
434,3858
434,3859
434,3948
434,4468
434,4567
434,4758
434,4770
434,4904
434,4950
435,665
435,693
435,893
435,1065
435,1120
435,1199
435,1410
435,1434
435,1435
435,1517
435,1579
435,1592
435,1640
435,1897
435,2468
435,3153
435,3595
435,4008
435,4020
435,4080
435,4131
435,4161
435,4307
435,4588
435,4628
435,4686
436,549
436,756
436,762
436,971
436,992
436,1150
436,1285
436,2199
436,2270
436,2391
436,2447
436,2488
436,2524
436,2643
436,2651
436,2831
436,3140
436,3182
436,3264
436,3303
436,3345
436,3428
436,3748
436,4141
436,4524
436,4561
436,4575
436,4673
436,4684
436,4735
437,943
437,1077
437,1133
437,1265
437,1409
437,1677
437,1876
437,2725
437,2945
437,3130
437,4107
437,4326
437,4338
437,4492
437,4643
437,4985
438,691
438,701
438,1308
438,1499
438,1621
438,2098
438,2131
438,2158
438,2283
438,2299
438,2458
438,2531
438,2819
438,3106
438,3227
438,3321
438,3561
438,3809
438,3871
438,4169
438,4371
438,4866
438,4901
439,456
439,810
439,1093
439,1124
439,1424
439,1506
439,1510
439,1619
439,1784
439,1846
439,1860
439,2266
439,2331
439,2451
439,2493
439,2519
439,2755
439,2905
439,3073
439,3240
439,3282
439,3707
439,3758
439,4084
439,4189
439,4447
439,4599
440,529
440,532
440,605
440,636
440,654
440,1048
440,1520
440,2244
440,3060
440,3630
440,3651
440,3671
440,3680
440,3754
440,3992
440,4082
440,4373
440,4966
441,695
441,1125
441,1144
441,1266
441,1382
441,1548
441,1790
441,2378
441,2433
441,2455
441,3182
441,3186
441,3379
441,3504
442,487
442,1246
442,1393
442,1584
442,1722
442,1872
442,2033
442,2316
442,2723
442,3335
442,3729
442,3818
442,3975
442,4012
442,4232
442,4775
442,4857
442,4996
442,4999
443,754
443,815
443,830
443,899
443,1100
443,1349
443,1443
443,2333
443,2430
443,2741
443,2788
443,2952
443,3023
443,3092
443,3153
443,3498
443,3632
443,4404
443,4612
443,4636
443,4910
444,522
444,776
444,799
444,810
444,1041
444,1562
444,1665
444,1877
444,1882
444,2814
444,3401
444,3728
444,3877
444,4267
444,4289
444,4596
444,4770
444,4798
444,4854
444,4867
444,4871
445,587
445,639
445,731
445,857
445,881
445,904
445,1065
445,1257
445,1266
445,1583
445,2540
445,2713
445,2967
445,3075
445,3117
445,3160
445,3175
445,3547
445,3654
445,3698
445,3780
445,3858
445,4055
445,4230
445,4297
445,4669
445,4836
445,4897
446,685
446,697
446,698
446,707
446,1879
446,1896
446,1922
446,1949
446,2503
446,2517
446,2692
446,2921
446,2961
446,2993
446,3211
446,3579
446,3609
446,3645
446,4110
446,4145
446,4389
446,4920
446,4934
447,1583
447,1839
447,1933
447,1940
447,2024
447,2264
447,2361
447,2543
447,2591
447,3305
447,3375
447,3806
447,4307
447,4529
447,4570
447,4572
447,4711
447,4782
448,500
448,1016
448,1541
448,1592
448,1992
448,2065
448,2339
448,2463
448,2682
448,2827
448,2924
448,3301
448,3515
448,3614
448,3924
448,4121
448,4231
448,4380
448,4382
448,4519
448,4647
448,4912
448,4946
449,530
449,611
449,1022
449,1125
449,1148
449,1333
449,1367
449,1403
449,1436
449,1500
449,1629
449,1742
449,2124
449,2135
449,2262
449,2423
449,2428
449,2514
449,2542
449,2706
449,2808
449,2939
449,3215
449,3620
449,3777
449,3816
449,3819
449,3908
449,4357
449,4561
449,4722
449,4963
450,878
450,1101
450,1150
450,1286
450,1341
450,1614
450,1996
450,2000
450,3208
450,3689
450,3813
450,4413
450,4687
450,4764
451,1173
451,1478
451,1669
451,1755
451,1836
451,2037
451,2466
451,2693
451,3231
451,3881
451,4003
451,4115
451,4192
451,4415
451,4682
451,4706
451,4746
451,4806
452,477
452,545
452,546
452,726
452,817
452,1711
452,1816
452,1822
452,1926
452,2059
452,2084
452,2417
452,2511
452,2828
452,3020
452,3150
452,3292
452,3501
452,3735
452,3770
452,3792
452,4006
452,4293
452,4688
453,698
453,762
453,1119
453,1337
453,1739
453,1792
453,2295
453,2381
453,2452
453,2883
453,2934
453,3210
453,3607
453,3691
453,4179
453,4221
453,4257
453,4291
453,4387
453,4885
453,4918
454,802
454,908
454,993
454,1156
454,1319
454,1391
454,1752
454,2026
454,2080
454,2198
454,2644
454,2730
454,3170
454,3849
454,4275
454,4443
454,4767
454,4915
454,4916
454,4958
455,973
455,1116
455,1138
455,1245
455,1272
455,2497
455,2612
455,2667
455,2687
455,2819
455,2875
455,2954
455,3280
455,4287
455,4314
455,4510
455,4849
456,513
456,729
456,734
456,1061
456,1309
456,1387
456,2157
456,2181
456,2260
456,2323
456,2570
456,2650
456,2864
456,3346
456,3603
456,4073
456,4487
456,4543
456,4973
457,772
457,1031
457,1426
457,1543
457,1605
457,1772
457,2191
457,2266
457,2993
457,2998
457,3479
457,3682
457,3719
457,3914
457,4053
457,4288
457,4516
457,4573
458,505
458,560
458,594
458,613
458,679
458,935
458,954
458,1228
458,1230
458,1283
458,1612
458,2059
458,2178
458,2373
458,2512
458,2521
458,2934
458,3258
458,3327
458,3472
458,3501
458,3572
458,3902
458,4312
458,4365
458,4630
458,4902
458,4929
459,498
459,1171
459,1343
459,1367
459,1405
459,2033
459,2077
459,2220
459,2445
459,2489
459,2550
459,3315
459,3540
459,3628
459,3701
459,3832
459,3893
459,4118
459,4123
459,4194
459,4281
459,4401
459,4473
459,4595
459,4704
459,4786
460,862
460,943
460,1372
460,1488
460,1542
460,1557
460,1594
460,2401
460,2692
460,2806
460,2852
460,2976
460,3148
460,3245
460,3448
460,3479
460,3854
460,4100
460,4138
460,4360
461,731
461,833
461,974
461,1013
461,1060
461,1281
461,1799
461,2419
461,2828
461,2854
461,2924
461,3050
461,3153
461,3408
461,3881
461,4194
461,4368
461,4805
461,4855
461,4873
462,473
462,480
462,1307
462,1311
462,1739
462,1980
462,2147
462,2718
462,2979
462,3128
462,3207
462,3596
462,3669
462,3711
462,3755
462,4450
462,4691
462,4716
462,4820
462,4953
463,468
463,557
463,643
463,649
463,1084
463,1400
463,2066
463,2691
463,2817
463,3176
463,3753
463,3989
463,4007
463,4009
463,4151
463,4255
463,4314
463,4495
463,4551
463,4647
463,4781
463,4917
464,591
464,666
464,714
464,1020
464,1356
464,1492
464,1647
464,1960
464,2309
464,2556
464,2635
464,2949
464,3171
464,3300
464,3314
464,3493
464,3911
464,4156
464,4428
464,4916
465,611
465,650
465,752
465,784
465,997
465,1208
465,1275
465,2131
465,2140
465,2309
465,2699
465,2937
465,3026
465,3544
465,3590
465,4223
465,4425
465,4731
465,4815
465,4968
466,563
466,940
466,1054
466,1638
466,1707
466,2317
466,2701
466,2787
466,2869
466,2979
466,3002
466,3051
466,3153
466,3590
466,3717
466,4565
466,4722
466,4938
467,517
467,548
467,779
467,1077
467,1086
467,1155
467,2461
467,2893
467,3115
467,3151
467,3215
467,3513
467,3524
467,3548
467,3794
467,3924
467,4582
467,4808
467,4901
467,4964
468,947
468,1008
468,1041
468,1228
468,1318
468,1327
468,1335
468,1345
468,2130
468,2414
468,2421
468,2698
468,2702
468,2950
468,3099
468,3113
468,3393
468,3427
468,3455
468,3519
468,3574
468,3590
468,3829
468,3965
468,4210
468,4294
468,4383
468,4704
468,4825
468,4851
468,4910
468,4995
469,832
469,840
469,913
469,967
469,1029
469,1119
469,1289
469,1356
469,1651
469,2122
469,2356
469,2363
469,2813
469,3109
469,3463
469,3652
469,4177
469,4393
469,4459
469,4549
469,4745
469,4765
469,4790
469,4803
469,4859
470,745
470,1315
470,1993
470,2186
470,2208
470,2516
470,2789
470,2869
470,3229
470,3314
470,3346
470,3812
470,3900
470,3904
470,4048
470,4114
470,4164
470,4182
470,4408
470,4436
470,4937
471,543
471,595
471,1159
471,1531
471,1698
471,1982
471,1996
471,2298
471,2806
471,2982
471,3034
471,3106
471,3115
471,3550
471,3590
471,3734
471,4042
471,4273
471,4471
471,4503
471,4659
471,4679
471,4848
472,852
472,913
472,1016
472,1168
472,1344
472,1559
472,1626
472,1830
472,1832
472,2129
472,2312
472,2432
472,2517
472,2664
472,2677
472,2843
472,3172
472,3194
472,3640
472,3699
472,3793
472,3841
472,3866
472,4135
472,4656
472,4982
473,683
473,685
473,705
473,1221
473,1477
473,1780
473,1968
473,2104
473,2154
473,2412
473,2414
473,2506
473,2962
473,3098
473,3251
473,3946
473,4412
473,4488
473,4798
473,4912
473,4974
474,505
474,679
474,1511
474,1522
474,1986
474,2163
474,2419
474,2485
474,2574
474,2776
474,3938
474,4433
474,4915
475,658
475,938
475,946
475,980
475,1081
475,1244
475,1299
475,1335
475,1486
475,1524
475,1532
475,1540
475,1621
475,1655
475,1937
475,2059
475,2175
475,2184
475,2289
475,2308
475,3008
475,3016
475,3079
475,3323
475,3368
475,3693
475,4148
475,4284
475,4339
475,4418
475,4441
475,4488
475,4530
475,4543
475,4566
475,4572
475,4656
476,524
476,599
476,1152
476,1161
476,1249
476,1296
476,1535
476,1624
476,1655
476,1665
476,2357
476,2597
476,2654
476,2997
476,3001
476,3118
476,3159
476,3185
476,3301
476,3399
476,3895
476,3899
476,4023
476,4203
476,4263
476,4288
476,4399
476,4417
476,4427
476,4443
476,4536
476,4566
476,4720
476,4734
476,4752
476,4761
477,554
477,576
477,647
477,666
477,1007
477,1075
477,1146
477,1262
477,1390
477,1434
477,1551
477,1788
477,1791
477,1984
477,2252
477,2319
477,2469
477,2660
477,2901
477,2956
477,3291
477,3321
477,3581
477,3599
477,3730
477,3873
477,4049
477,4263
477,4281
477,4401
477,4606
477,4661
477,4806
478,545
478,784
478,1192
478,1694
478,1741
478,1855
478,2308
478,2362
478,3055
478,3139
478,3650
478,3960
478,4012
478,4073
478,4146
478,4588
478,4597
479,773
479,784
479,915
479,930
479,1010
479,1085
479,1111
479,1237
479,1774
479,1804
479,1909
479,2225
479,2242
479,2264
479,2275
479,2366
479,2516
479,2599
479,2608
479,2714
479,2727
479,2907
479,3377
479,3652
479,3665
479,4063
479,4505
479,4520
479,4562
479,4690
480,531
480,693
480,936
480,1012
480,1217
480,1685
480,1767
480,1824
480,1993
480,2152
480,2342
480,2574
480,3272
480,3329
480,3508
480,3903
480,4042
480,4344
480,4390
480,4670
480,4804
481,540
481,635
481,753
481,924
481,1036
481,1181
481,1503
481,1804
481,1897
481,2278
481,2285
481,2537
481,3087
481,3140
481,3166
481,3856
481,4001
481,4226
481,4278
481,4847
481,4889
481,4956
482,585
482,733
482,1066
482,1404
482,1611
482,1692
482,2210
482,2773
482,2965
482,3428
482,3492
482,3694
482,3734
482,4015
482,4499
482,4920
482,4957
483,741
483,823
483,1313
483,1416
483,1668
483,2338
483,2421
483,2743
483,2785
483,3453
483,3457
483,3802
483,3847
483,4075
483,4413
483,4635
483,4915
483,4934
484,832
484,1049
484,1466
484,1651
484,1919
484,2002
484,2058
484,2509
484,2951
484,3190
484,3220
484,3550
484,3579
484,3750
484,4097
484,4212
484,4241
484,4244
484,4542
485,728
485,790
485,1134
485,2047
485,2448
485,2516
485,2551
485,2557
485,2660
485,3821
485,3915
485,4081
485,4463
485,4475
485,4694
485,4818
485,4954
486,1550
486,2105
486,2292
486,2363
486,2629
486,3000
486,3099
486,3151
486,3224
486,3723
486,3830
486,3860
486,3863
486,3996
486,4064
486,4172
486,4179
486,4530
486,4966
487,596
487,707
487,710
487,846
487,877
487,896
487,1470
487,1968
487,2187
487,2273
487,2604
487,2659
487,2678
487,3253
487,3294
487,3460
487,3529
487,3577
487,3842
487,3863
487,3961
487,4523
487,4751
488,609
488,1022
488,1132
488,1160
488,1414
488,1886
488,1997
488,2052
488,2507
488,2510
488,2516
488,3467
488,3627
488,3713
488,3994
488,4013
488,4437
488,4537
488,4660
488,4686
488,4795
488,4919
489,851
489,853
489,975
489,1999
489,2176
489,2338
489,2424
489,2720
489,2824
489,2893
489,3239
489,3293
489,3318
489,3400
489,3534
489,4355
489,4491
489,4566
490,523
490,1658
490,1864
490,2143
490,2214
490,2242
490,2452
490,2500
490,2610
490,2682
490,3035
490,3119
490,3605
490,4479
490,4529
490,4690
490,4824
490,4855
491,495
491,551
491,599
491,753
491,1040
491,1053
491,1117
491,1135
491,1344
491,1739
491,1823
491,2143
491,2261
491,2262
491,2266
491,2297
491,2345
491,2479
491,2753
491,3047
491,3202
491,3214
491,3433
491,3506
491,3814
491,4123
491,4158
491,4179
491,4253
491,4483
491,4502
491,4547
491,4675
491,4676
491,4713
491,4822
492,514
492,1106
492,1128
492,1377
492,1701
492,1761
492,1963
492,2007
492,2205
492,2365
492,2564
492,2569
492,2589
492,2825
492,2923
492,3077
492,3140
492,3439
492,3952
492,3953
492,4284
492,4343
492,4535
492,4631
492,4743
493,865
493,873
493,876
493,926
493,1019
493,1032
493,1204
493,1309
493,1460
493,2154
493,2373
493,2429
493,2476
493,2753
493,2973
493,3260
493,3305
493,3828
493,3986
493,4081
493,4212
493,4812
494,597
494,967
494,1033
494,1371
494,1756
494,1966
494,2096
494,2178
494,2708
494,3573
494,3739
494,3909
494,4225
494,4522
494,4585
494,4612
494,4623
495,521
495,584
495,806
495,932
495,1367
495,1380
495,1498
495,1757
495,1876
495,1903
495,1905
495,2142
495,2204
495,2459
495,2471
495,3083
495,3439
495,3593
495,3621
495,3738
495,3899
495,4289
495,4453
495,4575
495,4820
495,4943
495,4944
496,820
496,988
496,1221
496,1290
496,1439
496,1740
496,1937
496,2566
496,2652
496,2678
496,2978
496,3076
496,3174
496,3320
496,3719
496,3780
496,3824
496,4451
496,4532
496,4607
496,4724
496,4834
497,658
497,755
497,818
497,855
497,1180
497,1462
497,1604
497,2024
497,2188
497,2222
497,2399
497,2779
497,2895
497,3062
497,3438
497,3451
497,3564
497,3624
497,3721
497,3751
497,4158
497,4257
497,4483
497,4524
497,4537
497,4931
497,4987
498,502
498,634
498,668
498,717
498,1389
498,1652
498,1840
498,2261
498,2317
498,2360
498,2381
498,3047
498,3699
498,3853
498,3945
498,4274
498,4349
498,4537
499,508
499,574
499,871
499,944
499,1304
499,1715
499,1879
499,2301
499,2302
499,2641
499,2991
499,3120
499,4230
499,4658
499,4886
499,4937
500,596
500,898
500,1075
500,1284
500,1814
500,1919
500,2025
500,2080
500,2154
500,2189
500,2194
500,2257
500,2298
500,2388
500,2507
500,2563
500,2666
500,2743
500,2932
500,3163
500,3295
500,3758
500,4122
500,4167
500,4386
500,4580
500,4612
500,4928
501,711
501,935
501,1166
501,1218
501,1281
501,1562
501,1619
501,1816
501,1903
501,1998
501,2117
501,2631
501,2644
501,2857
501,3168
501,3181
501,3251
501,3565
501,3776
501,3917
501,4231
501,4258
501,4335
501,4379
501,4501
501,4815
501,4924
501,4930
502,646
502,882
502,1092
502,1129
502,1176
502,1239
502,1315
502,1754
502,2039
502,2373
502,2469
502,2632
502,2639
502,2812
502,2837
502,2915
502,3211
502,3314
502,3507
502,3564
502,3857
502,3983
502,4093
502,4413
502,4436
502,4587
502,4600
502,4731
503,709
503,712
503,794
503,920
503,935
503,958
503,1241
503,1396
503,1444
503,1494
503,1622
503,1753
503,2306
503,2476
503,2527
503,2547
503,2749
503,2996
503,3099
503,3404
503,3423
503,3732
503,3820
503,4383
503,4454
503,4583
503,4587
504,620
504,1536
504,1543
504,1938
504,1945
504,2022
504,2607
504,2642
504,2852
504,3779
504,4070
504,4107
504,4110
504,4379
504,4474
504,4580
504,4922
504,4938
504,4972
505,544
505,974
505,1341
505,1868
505,2021
505,2260
505,2570
505,2857
505,2966
505,2999
505,3089
505,3607
505,3968
505,4033
505,4202
505,4766
506,819
506,851
506,977
506,991
506,1051
506,1595
506,1730
506,1880
506,2482
506,2523
506,2874
506,3282
506,3297
506,3327
506,3330
506,3642
506,3683
506,3770
506,3883
506,3928
506,3935
506,4229
506,4272
506,4301
506,4566
506,4766
506,4838
506,4909
506,4955
507,609
507,687
507,730
507,1021
507,1288
507,1469
507,1603
507,1838
507,1842
507,2100
507,2126
507,2173
507,2377
507,2409
507,2439
507,2463
507,2820
507,2940
507,3132
507,3171
507,3335
507,3371
507,3428
507,3451
507,3454
507,3496
507,3582
507,4035
507,4221
507,4584
507,4639
507,4766
507,4795
507,4825
507,4867
508,659
508,862
508,871
508,984
508,1018
508,1153
508,1205
508,1454
508,1455
508,2071
508,2149
508,2485
508,2563
508,2737
508,2823
508,2870
508,3128
508,3147
508,3880
508,4075
508,4108
508,4168
508,4988
508,4992
509,728
509,807
509,999
509,1329
509,1519
509,1783
509,1795
509,1812
509,1830
509,2082
509,2137
509,2566
509,2962
509,3784
509,3872
509,3944
509,3967
509,4066
509,4124
509,4278
509,4342
509,4433
509,4581
509,4955
510,1247
510,1604
510,2092
510,2306
510,2378
510,2459
510,2516
510,2804
510,2888
510,3185
510,3339
510,4302
510,4366
510,4376
510,4621
510,4640
510,4720
510,4954
511,550
511,626
511,878
511,1361
511,1789
511,1868
511,2109
511,2340
511,2577
511,3343
511,3490
511,3555
511,3765
511,4114
511,4276
511,4287
511,4664
511,4743
512,606
512,619
512,853
512,905
512,1191
512,1267
512,1484
512,1791
512,1896
512,2189
512,2213
512,2391
512,2398
512,2428
512,2682
512,2745
512,3273
512,3310
512,3724
512,3737
512,3967
512,4066
512,4130
512,4551
512,4583
512,4717
512,4730
513,616
513,676
513,733
513,1328
513,1419
513,1918
513,1921
513,2149
513,2291
513,3377
513,3465
513,3490
513,3582
513,3816
513,4021
513,4115
513,4377
514,615
514,867
514,1035
514,1211
514,1254
514,1258
514,1408
514,1451
514,1648
514,1724
514,1762
514,2184
514,2345
514,2511
514,3082
514,3388
514,3655
514,3749
514,4099
514,4444
514,4974
515,619
515,627
515,868
515,956
515,1573
515,1588
515,1664
515,2219
515,2779
515,2936
515,3091
515,3180
515,3761
515,3866
515,3873
515,3944
515,4085
515,4206
515,4250
515,4548
515,4680
515,4915
515,4949
516,566
516,705
516,738
516,816
516,968
516,1274
516,1289
516,1437
516,1583
516,1598
516,1637
516,2202
516,2219
516,2246
516,2563
516,2726
516,2929
516,2937
516,3167
516,3645
516,3679
516,3922
516,4286
516,4606
516,4616
516,4636
516,4638
516,4899
517,951
517,1206
517,1250
517,1367
517,1476
517,1531
517,1658
517,2000
517,2083
517,2093
517,2365
517,2457
517,2782
517,2825
517,2845
517,2886
517,3000
517,3026
517,3071
517,3382
517,3696
517,3936
517,4004
517,4289
517,4408
518,823
518,1023
518,1333
518,1726
518,1823
518,1922
518,1965
518,2004
518,2267
518,2359
518,2459
518,2526
518,2659
518,2977
518,3411
518,3543
518,3650
518,3733
518,3918
518,4096
518,4311
518,4349
518,4379
518,4425
518,4531
518,4650
518,4677
518,4776
518,4895
518,4982
519,820
519,1062
519,1234
519,1235
519,1347
519,1599
519,1773
519,2073
519,2092
519,2103
519,3232
519,3399
519,3635
519,3693
519,4384
519,4387
519,4573
519,4667
519,4767
519,4824
519,4939
520,763
520,1098
520,1293
520,1627
520,1917
520,1950
520,2272
520,2610
520,2683
520,3221
520,3424
520,3465
520,3981
520,4027
520,4299
520,4413
520,4495
520,4528
520,4632
521,726
521,899
521,916
521,1019
521,1433
521,1517
521,2097
521,2237
521,2754
521,2832
521,3349
521,3872
521,4232
521,4854
521,4911
522,670
522,893
522,1042
522,1094
522,1098
522,1860
522,1909
522,1955
522,2638
522,2763
522,3129
522,3353
522,3839
522,3914
522,4202
522,4213
522,4247
522,4700
523,542
523,618
523,623
523,667
523,749
523,786
523,911
523,959
523,1002
523,1251
523,1349
523,1449
523,1494
523,2089
523,2331
523,2436
523,2602
523,2807
523,3073
523,3281
523,3351
523,3470
523,4109
523,4272
523,4599
523,4669
523,4725
524,684
524,686
524,1303
524,1676
524,1798
524,2185
524,2668
524,2983
524,3374
524,3904
524,4017
524,4265
524,4315
524,4404
524,4727
525,1193
525,1777
525,1904
525,1910
525,2314
525,2673
525,2760
525,2940
525,3151
525,3341
525,3669
525,3891
525,3921
525,3943
525,3999
525,4018
525,4359
525,4555
525,4659
525,4870
526,616
526,725
526,1365
526,1394
526,1837
526,1892
526,1962
526,2064
526,2109
526,2445
526,2528
526,2714
526,2935
526,2945
526,3170
526,3238
526,3307
526,3470
526,3595
526,3982
526,4403
526,4447
526,4567
526,4638
526,4653
526,4726
527,573
527,660
527,799
527,1204
527,1575
527,1796
527,2215
527,2401
527,2548
527,2604
527,2752
527,2823
527,2933
527,3085
527,3150
527,3353
527,3997
527,4029
527,4051
527,4178
527,4235
527,4380
527,4601
527,4719
528,600
528,653
528,971
528,1085
528,1323
528,1722
528,1724
528,2066
528,2461
528,2676
528,2905
528,3188
528,3404
528,3435
528,3559
528,3866
528,4232
528,4321
528,4350
528,4418
528,4541
528,4591
528,4647
529,1022
529,1237
529,2138
529,2148
529,2316
529,2796
529,2879
529,3274
529,3313
529,3345
529,3540
529,3822
529,3835
529,4336
529,4559
529,4891
530,541
530,653
530,890
530,1022
530,1115
530,1643
530,1859
530,2204
530,2240
530,2394
530,2737
530,2803
530,2969
530,3333
530,3649
530,3862
530,3983
530,4405
530,4685
530,4833
530,4887
530,4920
530,4928
531,589
531,865
531,1337
531,1881
531,2307
531,2640
531,3041
531,3086
531,3145
531,3246
531,3320
531,3325
531,3387
531,3562
531,4331
531,4364
531,4399
531,4409
531,4419
531,4429
531,4708
531,4763
532,582
532,784
532,1357
532,1566
532,1599
532,1811
532,2128
532,2231
532,2232
532,2495
532,2804
532,2882
532,2951
532,3184
532,3262
532,4419
532,4686
532,4752
532,4845
532,4967
533,601
533,651
533,816
533,967
533,1075
533,1385
533,1419
533,1838
533,2534
533,2627
533,2686
533,3361
533,3424
533,3611
533,3894
533,4560
533,4594
534,1261
534,1337
534,1832
534,2365
534,2777
534,2879
534,3829
534,4006
534,4052
534,4706
535,621
535,739
535,766
535,829
535,843
535,865
535,1042
535,1321
535,1509
535,1778
535,1989
535,2277
535,2568
535,2644
535,2806
535,2869
535,2890
535,2918
535,2970
535,3053
535,3082
535,3243
535,3283
535,3727
535,3899
535,3956
535,3969
535,4245
535,4433
535,4543
535,4884
536,707
536,1255
536,1670
536,1961
536,1989
536,2243
536,2404
536,3187
536,3397
536,3613
536,3702
536,4001
536,4165
536,4582
536,4612
536,4636
536,4795
536,4838
536,4944
537,764
537,780
537,884
537,943
537,973
537,1031
537,1188
537,1294
537,1420
537,1535
537,1714
537,1793
537,1878
537,2126
537,2150
537,2245
537,2401
537,2988
537,3023
537,3264
537,3347
537,3455
537,3493
537,3538
537,3768
537,4291
537,4464
537,4535
537,4638
537,4827
537,4881
537,4911
538,978
538,988
538,1076
538,1401
538,1440
538,1693
538,1858
538,2197
538,2485
538,2849
538,3091
538,3491
538,3548
538,3625
538,3740
538,3846
538,4285
538,4406
538,4439
538,4660
539,908
539,1199
539,2369
539,2489
539,2520
539,2665
539,2831
539,3316
539,3391
539,3701
539,3722
539,3805
539,3895
539,4039
539,4501
540,743
540,1054
540,1315
540,1679
540,1834
540,2200
540,2329
540,2833
540,3141
540,3153
540,3253
540,3382
540,4121
540,4817
540,4975
541,543
541,929
541,1036
541,1105
541,1548
541,1576
541,1838
541,1965
541,2008
541,2177
541,2519
541,2834
541,2965
541,3264
541,3437
541,3563
541,3664
541,4085
541,4106
541,4375
541,4681
541,4721
541,4747
541,4933
542,569
542,692
542,746
542,816
542,992
542,1220
542,1490
542,1759
542,2115
542,2344
542,2692
542,3148
542,3325
542,3367
542,3378
542,3538
542,3995
542,4232
542,4276
542,4690
542,4902
543,1011
543,1077
543,1132
543,1133
543,1946
543,1985
543,2075
543,2269
543,2524
543,2684
543,2841
543,2934
543,2996
543,3137
543,3251
543,3425
543,3598
543,3605
543,3643
543,3926
543,4795
544,649
544,712
544,767
544,1077
544,1280
544,1402
544,1918
544,1974
544,2061
544,2257
544,2365
544,2510
544,2606
544,2807
544,3086
544,3341
544,3365
544,3438
544,3611
544,4246
544,4574
545,556
545,710
545,802
545,840
545,939
545,1177
545,1917
545,2010
545,2112
545,2222
545,2772
545,2855
545,3125
545,4653
545,4793
545,4958
546,830
546,872
546,1475
546,1476
546,1547
546,1585
546,1820
546,1900
546,2092
546,2120
546,2402
546,3035
546,3190
546,3269
546,3435
546,3621
546,4517
546,4639
546,4687
546,4740
546,4789
546,4796
547,637
547,968
547,1367
547,1594
547,1725
547,2125
547,2170
547,2414
547,2501
547,2553
547,2813
547,2925
547,3091
547,3211
547,3392
547,3396
547,3615
547,3698
547,3790
547,3831
547,3847
547,3892
547,4099
547,4310
547,4429
547,4756
547,4782
547,4851
547,4871
548,817
548,1210
548,1595
548,1930
548,2167
548,2231
548,2433
548,2851
548,2926
548,3159
548,3246
548,3388
548,3456
548,3651
548,4001
548,4010
548,4372
548,4385
548,4465
548,4526
548,4588
548,4751
548,4833
549,592
549,642
549,704
549,871
549,937
549,948
549,952
549,1397
549,1545
549,1602
549,1640
549,1705
549,1918
549,2167
549,2219
549,2450
549,2505
549,2510
549,3373
549,3450
549,3657
549,3798
549,4044
549,4342
549,4538
549,4720
550,632
550,1207
550,1272
550,1388
550,1653
550,1665
550,1826
550,1973
550,2180
550,2194
550,2457
550,2570
550,3216
550,3444
550,3524
550,3529
550,3567
550,3862
550,4010
550,4061
550,4102
550,4175
550,4200
550,4245
550,4278
550,4346
550,4506
550,4780
550,4790
550,4905
551,780
551,803
551,1341
551,1409
551,1508
551,1736
551,1862
551,1938
551,1949
551,2340
551,2502
551,2593
551,2647
551,2759
551,2838
551,2958
551,3180
551,3274
551,4169
551,4218
551,4816
551,4871
552,595
552,668
552,730
552,808
552,856
552,963
552,1542
552,1626
552,1787
552,1889
552,1892
552,1922
552,2018
552,2448
552,2718
552,2991
552,3025
552,3365
552,3496
552,3649
552,3946
552,4075
552,4377
552,4456
552,4575
552,4798
552,4888
552,4899
552,4976
553,589
553,623
553,693
553,723
553,1034
553,1046
553,1103
553,1289
553,2352
553,2574
553,2575
553,2675
553,2719
553,3253
553,3444
553,3463
553,4212
553,4231
553,4496
553,4713
553,4749
553,4785
553,4890
554,744
554,1170
554,1201
554,1239
554,1499
554,2313
554,2533
554,2548
554,2683
554,2941
554,2961
554,3062
554,3082
554,3154
554,3553
554,3601
554,3837
554,3905
554,3954
554,4006
554,4332
554,4546
554,4737
554,4864
555,584
555,626
555,653
555,654
555,700
555,725
555,910
555,1057
555,1156
555,1523
555,1595
555,1723
555,1786
555,1813
555,2080
555,2128
555,2432
555,2462
555,2727
555,3052
555,3169
555,3321
555,3413
555,3426
555,4061
555,4880
555,4962
556,856
556,977
556,1569
556,1979
556,2031
556,2050
556,2302
556,2628
556,2868
556,3317
556,3514
556,3941
556,3987
556,4367
556,4562
556,4588
556,4612
557,950
557,1129
557,1224
557,1232
557,1525
557,1942
557,2027
557,2339
557,2599
557,2630
557,2873
557,2984
557,3007
557,3021
557,3378
557,3789
557,3926
557,3940
557,3991
557,4556
557,4573
557,4579
557,4650
557,4941
558,782
558,1315
558,1590
558,1773
558,2265
558,2535
558,2654
558,2755
558,3058
558,3094
558,3279
558,3685
558,4063
558,4233
558,4313
558,4338
558,4470
558,4608
558,4711
558,4797
559,667
559,733
559,820
559,1045
559,1318
559,1337
559,1368
559,1395
559,1405
559,1424
559,1439
559,1595
559,1615
559,2009
559,2231
559,2661
559,2867
559,2882
559,2927
559,3060
559,3091
559,3471
559,4182
559,4246
559,4433
559,4518
559,4797
560,583
560,815
560,835
560,1247
560,1275
560,1395
560,1751
560,1884
560,2026
560,2033
560,2265
560,2286
560,2705
560,2820
560,3121
560,3147
560,3153
560,3458
560,3491
560,3614
560,3757
560,3892
560,4003
560,4114
560,4351
560,4371
560,4378
560,4434
560,4870
561,592
561,1178
561,1210
561,1773
561,2491
561,2493
561,2700
561,3055
561,3638
561,3728
561,3854
561,3872
561,4059
561,4308
562,595
562,947
562,1106
562,1560
562,1828
562,2240
562,2358
562,2407
562,2717
562,2719
562,2934
562,3267
562,3556
562,3563
562,3906
562,4185
562,4558
562,4597
562,4765
562,4809
562,4931
562,4938
563,848
563,1190
563,1193
563,1395
563,1516
563,1731
563,2260
563,2283
563,2374
563,2409
563,2673
563,2827
563,2953
563,3003
563,3505
563,3761
563,3768
563,3917
563,4452
563,4521
563,4725
563,4732
563,4759
563,4820
564,567
564,1048
564,1249
564,1281
564,1939
564,2079
564,2089
564,2214
564,2497
564,2579
564,2815
564,3289
564,4021
564,4378
564,4552
564,4909
565,765
565,1373
565,1673
565,1993
565,1998
565,2492
565,2681
565,2775
565,2811
565,3042
565,3229
565,3293
565,3721
565,3783
565,3983
565,4205
565,4898
566,984
566,1018
566,1372
566,1837
566,2019
566,2291
566,2409
566,2655
566,3577
566,3752
566,3847
566,3885
566,3965
566,4062
566,4090
566,4227
566,4274
566,4310
566,4335
566,4714
566,4907
566,4960
567,944
567,1237
567,1486
567,1707
567,1738
567,1916
567,2293
567,2465
567,2534
567,2559
567,2597
567,2703
567,3251
567,3313
567,3478
567,4046
567,4441
567,4632
568,640
568,767
568,813
568,2197
568,2422
568,2426
568,2793
568,2894
568,2918
568,2948
568,3198
568,3213
568,3545
568,3670
568,3703
568,3790
568,3791
568,3797
568,4037
568,4065
568,4190
568,4366
568,4535
568,4866
568,4996
569,683
569,698
569,813
569,843
569,995
569,1444
569,1517
569,1632
569,1883
569,2025
569,2098
569,2175
569,2192
569,2593
569,2783
569,2874
569,3311
569,3364
569,3776
569,3777
569,3884
569,3891
569,3941
569,4085
569,4267
569,4517
570,983
570,1451
570,1684
570,1862
570,2036
570,2175
570,2367
570,2690
570,2779
570,2797
570,3568
570,3874
570,4369
570,4396
570,4776
571,989
571,1109
571,1671
571,1844
571,1975
571,2076
571,2240
571,2288
571,2368
571,2790
571,2866
571,2906
571,3084
571,3285
571,3598
571,3668
571,3733
571,3891
571,4887
572,637
572,663
572,966
572,1498
572,1628
572,1701
572,1747
572,1782
572,2050
572,2440
572,2489
572,2578
572,2710
572,2774
572,2989
572,3193
572,3420
572,3426
572,3724
572,3827
572,3860
572,3880
572,4389
572,4645
572,4766
572,4869
572,4931
573,869
573,1288
573,1311
573,1698
573,1788
573,1816
573,2034
573,2444
573,2692
573,2745
573,2841
573,3043
573,3202
573,3381
573,3392
573,3586
573,3589
573,3706
573,4020
573,4093
573,4153
573,4554
573,4619
573,4850
573,4917
574,745
574,825
574,957
574,1276
574,1282
574,1328
574,1349
574,1831
574,1869
574,1931
574,1937
574,2338
574,2568
574,2866
574,2908
574,3178
574,3212
574,3316
574,3660
574,4036
574,4088
574,4153
574,4236
574,4493
574,4512
574,4708
574,4893
574,4897
574,4964
575,663
575,734
575,768
575,1188
575,1327
575,1530
575,1749
575,1855
575,2206
575,2215
575,2300
575,2349
575,2382
575,2404
575,2482
575,2528
575,4132
575,4320
575,4432
575,4535
575,4545
575,4715
575,4788
575,4815
575,4883
576,585
576,682
576,965
576,1052
576,1637
576,1849
576,2446
576,2636
576,3039
576,3336
576,3446
576,3458
576,3596
576,3666
576,3919
576,3933
576,4119
576,4120
576,4649
577,579
577,586
577,679
577,1493
577,1629
577,1774
577,1813
577,1939
577,2347
577,2490
577,2499
577,2569
577,2594
577,2817
577,2995
577,3247
577,3933
577,3941
577,4127
577,4154
577,4188
577,4252
577,4260
577,4363
578,831
578,1136
578,1239
578,1344
578,1406
578,1757
578,1761
578,1796
578,2386
578,2401
578,2613
578,2623
578,2942
578,3093
578,3105
578,3646
578,3858
578,4057
578,4146
578,4435
578,4522
578,4985
579,836
579,961
579,1198
579,1299
579,1301
579,1314
579,1370
579,1448
579,1699
579,1849
579,1940
579,2119
579,2275
579,2600
579,2651
579,2868
579,3284
579,3302
579,3496
579,4159
579,4278
579,4306
579,4395
579,4443
579,4445
579,4616
579,4735
579,4860
579,4976
580,907
580,1443
580,1569
580,1614
580,1683
580,1899
580,2197
580,2212
580,2469
580,2664
580,2680
580,2917
580,3172
580,3359
580,3421
580,3733
580,3938
580,4148
580,4151
580,4209
580,4443
580,4805
580,4929
581,680
581,698
581,699
581,794
581,892
581,948
581,1264
581,1347
581,1687
581,1717
581,1755
581,2422
581,2873
581,3202
581,3260
581,3340
581,3451
581,3643
581,3748
581,3749
581,3949
581,4186
581,4680
581,4965
581,4986
582,646
582,1142
582,1217
582,1280
582,1299
582,1372
582,1436
582,1551
582,2531
582,2643
582,2752
582,2934
582,3085
582,3310
582,4029
582,4039
582,4150
582,4382
582,4576
582,4636
582,4698
582,4839
583,694
583,865
583,1139
583,1328
583,1546
583,1570
583,1733
583,1919
583,1978
583,1981
583,2025
583,2208
583,2361
583,2402
583,2434
583,2525
583,2894
583,2966
583,3084
583,3089
583,3134
583,3227
583,3410
583,4551
583,4683
583,4861
583,4948
584,762
584,1133
584,1443
584,2141
584,3177
584,3185
584,3264
584,3606
584,3983
584,4406
584,4510
584,4914
584,4942
585,696
585,856
585,957
585,1029
585,1291
585,1302
585,1548
585,1688
585,1692
585,1865
585,2104
585,2341
585,2705
585,2754
585,3200
585,3260
585,3290
585,3348
585,3369
585,3497
585,3581
585,3679
585,3757
585,4049
585,4079
585,4190
585,4456
585,4482
585,4510
586,680
586,760
586,800
586,1319
586,1551
586,1620
586,1723
586,1760
586,1939
586,2219
586,2226
586,2258
586,2355
586,2465
586,2624
586,2672
586,2949
586,3180
586,3234
586,3256
586,3339
586,3489
586,3596
586,3600
586,3606
586,4175
586,4330
586,4445
586,4534
586,4577
586,4636
587,620
587,698
587,781
587,985
587,1007
587,1665
587,1738
587,1832
587,1886
587,1895
587,2294
587,2477
587,2982
587,3177
587,3245
587,3301
587,3398
587,3431
587,3868
587,3886
587,4139
587,4208
587,4319
587,4524
587,4526
588,755
588,1326
588,2362
588,2385
588,2706
588,4054
588,4482
588,4749
589,630
589,666
589,731
589,747
589,870
589,919
589,998
589,1294
589,2284
589,2304
589,2677
589,3149
589,3474
589,4284
589,4471
589,4702
589,4744
589,4819
590,642
590,845
590,947
590,1007
590,1430
590,1471
590,1800
590,2724
590,3117
590,3253
590,3343
590,3528
590,3576
590,3794
590,3803
590,3818
590,3827
590,4105
590,4335
590,4800
590,4829
591,899
591,1219
591,1225
591,1289
591,1313
591,1869
591,2476
591,2619
591,2634
591,2658
591,2846
591,2943
591,3131
591,3147
591,3270
591,3538
591,3731
591,3763
591,3858
591,3891
591,4033
591,4165
591,4184
591,4479
591,4480
591,4587
591,4641
591,4921
591,4955
591,4994
592,905
592,923
592,929
592,1037
592,1054
592,1441
592,1836
592,1859
592,1864
592,2006
592,2101
592,2131
592,2636
592,2763
592,2880
592,3137
592,3202
592,3325
592,3822
592,4025
592,4402
592,4546
593,826
593,914
593,1000
593,1012
593,1248
593,1411
593,1706
593,1779
593,1961
593,2166
593,2217
593,2246
593,2276
593,2570
593,2629
593,4348
593,4805
594,641
594,796
594,1045
594,1099
594,1175
594,1371
594,1501
594,1864
594,1892
594,1973
594,2073
594,2210
594,2378
594,2634
594,2773
594,3123
594,3381
594,3401
594,3476
594,3685
594,3787
594,4189
594,4443
594,4472
594,4647
594,4767
595,858
595,937
595,1280
595,1315
595,1573
595,2246
595,2649
595,2731
595,3239
595,3321
595,3820
595,4333
595,4617
595,4793
595,4811
595,4890
595,4898
596,819
596,1073
596,1075
596,1105
596,1258
596,1964
596,1990
596,2119
596,2935
596,3057
596,3092
596,3180
596,3274
596,3514
596,4389
596,4420
596,4594
596,4727
597,638
597,669
597,735
597,886
597,1521
597,1968
597,2197
597,3413
597,3599
597,3925
597,4233
597,4546
597,4808
597,4938
597,4940
598,602
598,1049
598,1219
598,1325
598,1611
598,1883
598,2177
598,2227
598,2273
598,2517
598,2601
598,3234
598,3512
598,3858
598,3908
598,4375
598,4419
598,4464
598,4614
599,756
599,909
599,1006
599,1031
599,1098
599,1160
599,1169
599,1311
599,1536
599,1728
599,2009
599,2102
599,2128
599,2308
599,2887
599,3337
599,3343
599,3856
599,4308
599,4584
599,4634
599,4916
600,766
600,1263
600,1328
600,1331
600,1405
600,1412
600,1613
600,1646
600,2126
600,2129
600,2364
600,2453
600,2713
600,2732
600,2764
600,2940
600,3030
600,3187
600,3213
600,3284
600,3690
600,3792
600,3929
600,4060
600,4155
600,4457
600,4725
600,4812
600,4937
601,1129
601,1220
601,1251
601,1268
601,1631
601,1942
601,1964
601,2228
601,2975
601,3377
601,3597
601,3779
601,3889
601,3918
601,4473
601,4513
601,4640
602,610
602,811
602,905
602,932
602,1314
602,1340
602,1449
602,1541
602,1697
602,2063
602,2266
602,2274
602,2307
602,2366
602,2385
602,2405
602,2607
602,2972
602,3071
602,3227
602,3424
602,3610
602,3646
602,3899
602,3971
602,4156
602,4173
602,4262
602,4665
602,4781
602,4973
603,863
603,1177
603,1210
603,1226
603,1508
603,1550
603,1568
603,1990
603,2136
603,2202
603,2763
603,2854
603,2871
603,3027
603,3306
603,3520
603,3658
603,4005
603,4454
603,4568
603,4751
604,641
604,643
604,758
604,786
604,831
604,1128
604,1473
604,1599
604,2071
604,2104
604,2585
604,2998
604,3186
604,3308
604,4112
604,4304
604,4528
604,4541
604,4555
604,4645
604,4951
605,789
605,924
605,1264
605,1684
605,1809
605,2120
605,2218
605,2448
605,2450
605,2869
605,3175
605,3255
605,3316
605,3411
605,3452
605,3644
605,3875
605,4113
605,4778
606,1962
606,2155
606,2388
606,2430
606,2451
606,2564
606,2607
606,2836
606,3339
606,3604
606,3626
606,3831
606,4204
606,4570
606,4579
606,4584
606,4742
607,649
607,808
607,913
607,983
607,1158
607,1194
607,1323
607,1392
607,2175
607,2315
607,2322
607,2381
607,2904
607,2919
607,2942
607,3277
607,3318
607,3334
607,3505
607,3561
607,3729
607,3792
607,4003
607,4450
607,4759
607,4873
607,4954
608,705
608,747
608,787
608,1113
608,1149
608,1262
608,1582
608,1755
608,1980
608,2188
608,2427
608,2633
608,3055
608,3113
608,3231
608,3320
608,3474
608,3622
608,4025
608,4140
608,4154
608,4255
608,4314
608,4536
608,4629
608,4875
608,4924
609,815
609,1043
609,1275
609,1349
609,2318
609,2427
609,2501
609,2697
609,2704
609,2737
609,2855
609,2985
609,3094
609,3138
609,3310
609,3829
609,4680
609,4834
609,4911
609,4980
610,853
610,860
610,953
610,1092
610,1331
610,1540
610,1819
610,1884
610,2344
610,2566
610,2706
610,2745
610,2760
610,2930
610,3120
610,3129
610,3181
610,3269
610,3489
610,3490
610,3748
610,3848
610,3875
610,3891
610,4026
610,4383
610,4390
610,4405
611,649
611,755
611,760
611,1107
611,1111
611,1121
611,1248
611,1549
611,1611
611,1852
611,2087
611,2604
611,3098
611,3292
611,3410
611,3556
611,3731
611,3839
611,3945
611,4185
611,4368
611,4607
611,4693
611,4813
612,804
612,1121
612,1296
612,1347
612,1392
612,1417
612,1585
612,1633
612,1713
612,1842
612,1913
612,2465
612,2733
612,2806
612,3170
612,3352
612,3422
612,3561
612,3666
612,3672
612,3830
612,3852
612,4347
612,4422
612,4433
612,4452
612,4764
612,4827
613,922
613,1082
613,1091
613,1101
613,1368
613,1433
613,1552
613,1670
613,2125
613,2134
613,2302
613,2317
613,2535
613,2610
613,2730
613,2810
613,2932
613,3418
613,3459
613,3672
613,3719
613,4246
613,4332
613,4731
613,4814
613,4862
613,4980
614,628
614,745
614,1025
614,1256
614,1377
614,1381
614,1382
614,1520
614,1730
614,1875
614,2114
614,2586
614,2670
614,2846
614,2857
614,2910
614,3043
614,3316
614,3565
614,4162
614,4238
614,4341
614,4680
614,4813
614,4827
614,4880
614,4926
614,4961
614,4969
615,656
615,938
615,1035
615,1109
615,1214
615,1402
615,1469
615,2186
615,2282
615,2488
615,3026
615,3074
615,3397
615,3591
615,3633
615,3874
615,4095
615,4370
615,4406
615,4491
615,4507
615,4763
615,4882
615,4931
616,809
616,1735
616,1858
616,1986
616,2398
616,2869
616,3071
616,3074
616,3350
616,3556
616,3589
616,3781
616,4004
616,4291
616,4391
616,4550
616,4787
616,4866
617,951
617,1435
617,1899
617,2088
617,2352
617,2399
617,2602
617,2864
617,3099
617,3229
617,3290
617,3820
617,3890
617,4325
617,4483
617,4549
617,4728
617,4803
618,1035
618,1299
618,1427
618,1556
618,2138
618,2305
618,2336
618,2619
618,2648
618,2783
618,2839
618,3017
618,3262
618,3426
618,3494
618,3857
618,4046
618,4192
618,4201
618,4464
618,4613
618,4641
618,4859
618,4864
619,735
619,1095
619,1143
619,1758
619,1949
619,2200
619,2558
619,2654
619,2746
619,2928
619,3085
619,3231
619,3412
619,3640
619,3653
619,3830
619,3943
619,3955
619,4322
619,4501
619,4546
619,4592
619,4785
619,4828
619,4834
620,700
620,797
620,1148
620,1814
620,1835
620,1886
620,1894
620,1966
620,2115
620,2147
620,2402
620,2837
620,3330
620,3674
620,3739
620,3941
620,4409
620,4673
621,670
621,1266
621,1283
621,1313
621,1322
621,1576
621,1588
621,2011
621,2045
621,2250
621,2266
621,2316
621,2541
621,2685
621,3128
621,3333
621,3442
621,3457
621,3477
621,3734
621,3779
621,3903
621,4013
621,4038
621,4252
621,4552
621,4636
621,4988
622,788
622,918
622,1340
622,1427
622,1448
622,1794
622,1950
622,1969
622,2020
622,2024
622,2360
622,2372
622,2389
622,2723
622,2859
622,2901
622,3229
622,3459
622,3461
622,3608
622,3780
622,3935
622,4337
622,4404
622,4547
622,4798
622,4896
623,909
623,1267
623,1341
623,1734
623,1753
623,1872
623,1970
623,2026
623,2078
623,2166
623,2348
623,2400
623,2494
623,2576
623,2720
623,2795
623,2862
623,3046
623,3214
623,3354
623,3544
623,3836
623,3896
623,3946
623,4005
623,4078
623,4593
623,4871
624,691
624,871
624,945
624,997
624,1039
624,1109
624,1506
624,1563
624,1577
624,1846
624,2097
624,2267
624,2496
624,2507
624,2614
624,2635
624,2661
624,3047
624,3167
624,3394
624,3596
624,3786
624,4527
624,4656
624,4841
624,4936
625,687
625,745
625,1088
625,2044
625,3281
625,3354
625,4466
625,4526
625,4780
626,653
626,682
626,742
626,985
626,1008
626,1042
626,1366
626,1777
626,2275
626,2356
626,2712
626,2968
626,3189
626,3250
626,3295
626,3369
626,3468
626,3740
626,3770
626,3802
626,4277
626,4436
626,4456
626,4650
626,4980
627,750
627,858
627,1478
627,1714
627,1733
627,1748
627,1781
627,1876
627,2270
627,2314
627,2609
627,2628
627,2653
627,2737
627,2885
627,3281
627,3471
627,3507
627,3724
627,4147
627,4484
627,4907
628,743
628,1279
628,1864
628,1876
628,1960
628,2067
628,2621
628,2764
628,3424
628,3551
628,3801
628,4111
628,4371
628,4738
628,4814
628,4893
629,930
629,1193
629,1576
629,2316
629,2488
629,2723
629,2818
629,2834
629,2963
629,3000
629,3700
629,3812
629,3950
629,3957
629,4172
629,4176
629,4733
629,4978
630,868
630,1288
630,1316
630,1342
630,1514
630,2453
630,2457
630,2575
630,2615
630,2661
630,2783
630,3099
630,3162
630,3191
630,3530
630,3743
630,4132
630,4172
630,4173
630,4418
630,4950
631,641
631,764
631,787
631,813
631,1054
631,1109
631,1512
631,1543
631,1747
631,2018
631,2131
631,2230
631,2252
631,2618
631,2658
631,2902
631,3096
631,3188
631,3342
631,3569
631,3611
631,3960
631,4337
631,4350
631,4351
631,4486
632,726
632,806
632,1048
632,1292
632,1338
632,1449
632,1509
632,2091
632,2244
632,2253
632,2265
632,2279
632,2325
632,2521
632,2577
632,2637
632,2787
632,2825
632,3187
632,3260
632,3343
632,3442
632,3452
632,3643
632,3896
632,4210
632,4401
632,4868
633,893
633,907
633,1137
633,1627
633,1737
633,1930
633,2066
633,2231
633,2251
633,2289
633,2438
633,2516
633,2584
633,2593
633,3590
633,3603
633,3705
633,3957
633,3985
633,4312
633,4554
633,4943
633,4976
634,808
634,845
634,974
634,1061
634,1091
634,1248
634,1907
634,2637
634,2690
634,2921
634,3007
634,3066
634,3336
634,3739
634,4170
634,4237
634,4970
635,1030
635,1113
635,1342
635,1433
635,1467
635,1930
635,1967
635,2150
635,2332
635,2440
635,2656
635,2792
635,2954
635,3097
635,3435
635,3596
635,3710
635,3800
635,3823
635,3825
635,3855
635,3887
635,4099
635,4193
635,4325
635,4402
635,4593
635,4813
635,4954
636,1021
636,1140
636,1858
636,1909
636,1999
636,2147
636,2150
636,2291
636,2381
636,2531
636,2536
636,2770
636,2810
636,3151
636,3242
636,3528
636,3656
636,3801
636,3807
636,4434
636,4961
636,4971
637,863
637,1032
637,1343
637,1389
637,1621
637,1764
637,1796
637,2036
637,2204
637,2238
637,2463
637,2486
637,3207
637,3488
637,3550
637,3587
637,4147
638,809
638,1023
638,1211
638,1247
638,1476
638,1665
638,1962
638,1971
638,2736
638,2929
638,3195
638,3333
638,3386
638,3409
638,3604
638,3618
638,3807
638,4165
638,4277
638,4555
638,4638
638,4703
638,4744
638,4773
639,1024
639,1438
639,1588
639,1713
639,2182
639,2278
639,2282
639,2527
639,2636
639,2869
639,3276
639,3555
639,3589
639,3921
639,4008
639,4100
639,4370
639,4438
639,4760
639,4811
639,4932
639,4955
639,4959
640,874
640,1071
640,1251
640,1579
640,1685
640,2032
640,2101
640,2257
640,2371
640,2643
640,2819
640,2827
640,2955
640,3068
640,3150
640,3272
640,3294
640,3323
640,3500
640,3594
640,3725
640,4042
640,4392
640,4703
640,4762
640,4967
641,947
641,1612
641,1703
641,1822
641,2019
641,2073
641,2138
641,3501
641,3662
641,3713
641,3728
641,4094
641,4208
641,4411
641,4557
641,4685
642,1362
642,1487
642,1640
642,1714
642,2082
642,2216
642,2272
642,3547
642,3708
642,3855
642,4011
642,4093
642,4236
642,4283
642,4459
642,4562
642,4786
642,4971
643,1048
643,1062
643,1161
643,1394
643,1445
643,1624
643,1681
643,1916
643,2126
643,2381
643,2434
643,2496
643,2617
643,2789
643,2979
643,2996
643,3038
643,3475
643,3602
643,3658
643,3752
643,3867
643,4014
643,4520
643,4708
643,4716
643,4738
643,4835
643,4916
644,761
644,767
644,827
644,1059
644,1099
644,1224
644,1334
644,1642
644,1951
644,1954
644,2017
644,2050
644,2133
644,2164
644,2289
644,2410
644,2516
644,2613
644,2866
644,2921
644,2932
644,2981
644,3131
644,3364
644,3386
644,3638
644,3814
644,4241
644,4534
645,685
645,743
645,1043
645,1112
645,1141
645,1193
645,1453
645,1464
645,1672
645,1782
645,1893
645,2006
645,2101
645,2327
645,2350
645,2356
645,2365
645,2958
645,3555
645,3654
645,3857
645,3890
645,3981
645,4258
645,4653
645,4757
645,4907
645,4995
646,922
646,997
646,1093
646,1554
646,1832
646,2394
646,2499
646,2640
646,2774
646,2824
646,3010
646,3349
646,3352
646,3747
646,3788
646,4128
646,4340
646,4519
647,833
647,1082
647,1255
647,1515
647,1814
647,2046
647,2176
647,2471
647,3077
647,3441
647,3505
647,3518
647,3529
647,3577
647,3611
647,3778
647,3871
647,3952
647,4037
647,4106
647,4629
647,4785
647,4954
648,802
648,1087
648,1270
648,1296
648,1330
648,1364
648,1481
648,1559
648,1564
648,1688
648,1858
648,1871
648,2619
648,2700
648,3007
648,3342
648,3847
648,3996
648,4000
648,4012
648,4122
648,4161
648,4327
648,4452
649,750
649,755
649,1517
649,1660
649,1737
649,1794
649,2086
649,2142
649,2179
649,2189
649,2279
649,2329
649,2523
649,3114
649,3266
649,3406
649,3750
649,3790
649,3978
649,4088
650,683
650,762
650,848
650,890
650,1029
650,1316
650,1766
650,1950
650,1951
650,1981
650,2015
650,2039
650,2180
650,2200
650,2627
650,2862
650,2908
650,3391
650,3587
650,4429
650,4522
650,4567
650,4675
650,4826
650,4842
650,4947
651,695
651,715
651,729
651,750
651,799
651,869
651,1007
651,1335
651,1382
651,1662
651,2083
651,2980
651,3578
651,3915
651,4026
651,4077
651,4594
651,4725
651,4802
651,4921
652,830
652,921
652,1149
652,1427
652,1716
652,1922
652,1946
652,2017
652,2018
652,2385
652,2405
652,2429
652,3242
652,3369
652,3455
652,3753
652,3769
652,4134
652,4152
652,4299
652,4769
653,1654
653,2017
653,2369
653,2554
653,2580
653,2606
653,2653
653,2736
653,3124
653,3161
653,3239
653,3344
653,3533
653,3779
653,3808
653,3848
653,4368
653,4399
653,4476
653,4516
653,4570
653,4588
653,4649
653,4721
653,4886
653,4996
654,821
654,858
654,979
654,1434
654,1754
654,2118
654,2196
654,2466
654,2541
654,2754
654,3338
654,3888
654,4318
654,4893
654,4927
654,4928
655,712
655,904
655,1138
655,1180
655,1213
655,1257
655,1310
655,1451
655,1730
655,1914
655,2158
655,2289
655,2505
655,2562
655,2766
655,3155
655,3353
655,3369
655,3516
655,3948
655,4229
655,4669
655,4857
656,870
656,923
656,1046
656,1559
656,1706
656,2241
656,2265
656,2621
656,2769
656,2906
656,3063
656,3083
656,3505
656,3552
656,4074
656,4344
656,4398
656,4436
656,4748
656,4845
657,938
657,1009
657,1127
657,1376
657,1730
657,1860
657,2011
657,2115
657,2402
657,2621
657,2684
657,3015
657,3520
657,3525
657,3687
657,3694
657,3793
657,4042
657,4101
657,4225
657,4322
657,4641
657,4670
657,4695
657,4818
657,4858
658,902
658,1027
658,1043
658,1301
658,1370
658,1544
658,1848
658,1900
658,2357
658,3436
658,3544
658,3760
658,3841
658,3881
658,4003
658,4007
658,4069
658,4189
658,4250
658,4383
658,4597
658,4723
659,1362
659,1389
659,1616
659,2253
659,2562
659,3051
659,3474
659,3575
659,3601
659,3643
659,4074
659,4757
659,4927
660,728
660,777
660,866
660,881
660,942
660,1619
660,1636
660,1946
660,2044
660,2353
660,2942
660,3243
660,3489
660,4000
660,4014
660,4062
660,4862
661,703
661,922
661,1132
661,1497
661,1870
661,1894
661,2167
661,2626
661,2656
661,2812
661,3238
661,3254
661,3689
661,3744
661,3749
661,3769
661,4058
661,4101
661,4179
661,4405
661,4769
661,4785
661,4839
661,4876
661,4896
661,4899
661,4908
661,4968
662,810
662,899
662,1120
662,1203
662,1334
662,1415
662,1541
662,1569
662,1713
662,1888
662,2026
662,2291
662,2834
662,3049
662,3072
662,3297
662,3303
662,3349
662,3384
662,3625
662,3730
662,3980
662,4074
662,4269
662,4335
662,4658
662,4825
662,4872
663,733
663,1517
663,1666
663,1831
663,1909
663,2026
663,2152
663,2398
663,3230
663,3323
663,3549
663,4216
663,4369
663,4575
663,4629
663,4902
664,780
664,792
664,954
664,1037
664,1247
664,1756
664,1832
664,1937
664,2177
664,2589
664,2696
664,2923
664,2968
664,3050
664,3071
664,3168
664,3364
664,3731
664,3816
664,3827
664,3862
664,3963
664,4308
664,4653
665,674
665,1211
665,1425
665,1458
665,1524
665,1530
665,1547
665,1842
665,1940
665,2047
665,2692
665,2804
665,2999
665,3151
665,3201
665,3511
665,3520
665,3710
665,3800
665,3813
665,3880
665,3946
665,4063
665,4361
666,1309
666,1478
666,1734
666,1842
666,1933
666,2173
666,2306
666,2344
666,2346
666,2600
666,2722
666,2998
666,3226
666,3732
666,4267
666,4282
666,4352
666,4353
666,4390
666,4907
667,895
667,1042
667,1252
667,1331
667,1398
667,1419
667,1520
667,1813
667,1903
667,2000
667,2421
667,2555
667,2896
667,3107
667,3231
667,3608
667,3620
667,3635
667,3695
667,4273
667,4329
667,4379
667,4497
667,4512
667,4790
668,720
668,816
668,1089
668,1223
668,1320
668,1389
668,1394
668,1421
668,1459
668,1894
668,2938
668,3100
668,3296
668,3996
668,4039
668,4674
669,794
669,829
669,890
669,1063
669,1101
669,1215
669,2266
669,2526
669,2645
669,3164
669,3288
669,3454
669,3505
669,3584
669,3750
669,3880
669,4518
669,4548
669,4706
669,4711
669,4728
669,4766
669,4845
669,4989
670,722
670,970
670,1169
670,1236
670,1263
670,1324
670,1627
670,1887
670,1964
670,2118
670,2385
670,2419
670,2470
670,2512
670,2640
670,2839
670,3292
670,3309
670,3351
670,3511
670,3518
670,3663
670,3876
670,4004
670,4019
670,4190
670,4525
670,4889
671,1117
671,1406
671,1581
671,1633
671,2188
671,2482
671,2503
671,3459
671,3475
671,3699
671,3722
671,4879
672,901
672,1432
672,1448
672,1508
672,1786
672,1828
672,2001
672,2100
672,2192
672,2270
672,2332
672,2375
672,2381
672,2532
672,2550
672,2880
672,3094
672,3157
672,3294
672,3299
672,4061
673,758
673,831
673,866
673,948
673,973
673,1018
673,1054
673,1080
673,1507
673,1640
673,1802
673,2368
673,2384
673,2827
673,3070
673,3669
673,3867
673,3902
673,4212
673,4593
673,4969
674,825
674,868
674,961
674,1384
674,1521
674,1659
674,1699
674,1772
674,1830
674,1891
674,2143
674,2303
674,2328
674,2439
674,2459
674,3346
674,3393
674,3491
674,3834
674,4156
674,4199
674,4241
674,4510
674,4607
674,4703
674,4764
675,816
675,827
675,839
675,844
675,874
675,985
675,1674
675,1787
675,1923
675,2005
675,2091
675,2249
675,2513
675,2527
675,2670
675,2714
675,3600
675,4439
675,4916
675,4917
676,703
676,1011
676,1283
676,1322
676,1632
676,1804
676,2547
676,2799
676,2859
676,3478
676,3560
676,3610
676,3748
676,3997
676,4083
676,4495
676,4567
676,4743
676,4795
677,960
677,1137
677,1191
677,1382
677,1671
677,1708
677,1739
677,2456
677,2535
677,2812
677,2847
677,2955
677,3423
677,3774
677,4465
677,4505
678,720
678,1148
678,1152
678,1352
678,1826
678,2306
678,2414
678,2714
678,3277
678,3337
678,3460
678,3787
678,3951
678,4166
678,4255
678,4704
678,4720
679,726
679,757
679,900
679,1207
679,1911
679,1953
679,2199
679,2237
679,2370
679,2422
679,2758
679,2894
679,2928
679,2976
679,3072
679,3224
679,3241
679,3321
679,3415
679,3575
679,3702
679,3786
679,3958
679,4415
679,4579
679,4629
679,4859
680,1223
680,1275
680,1298
680,1382
680,1499
680,1644
680,1700
680,2014
680,2025
680,2267
680,2395
680,2622
680,2730
680,2748
680,2804
680,2881
680,2899
680,2984
680,3233
680,3815
680,3888
680,4315
680,4672
680,4697
680,4814
681,887
681,1152
681,1189
681,1208
681,1353
681,1370
681,1422
681,1448
681,2044
681,2735
681,2852
681,2863
681,2953
681,2968
681,3319
681,3337
681,3443
681,3489
681,3701
681,3949
681,4294
681,4369
681,4825
681,4913
682,688
682,754
682,870
682,903
682,1115
682,1503
682,1516
682,1533
682,1945
682,2065
682,2222
682,2659
682,3004
682,3364
682,3618
682,3656
682,3849
682,3875
682,4189
682,4239
682,4631
682,4657
682,4704
682,4804
682,4813
682,4858
683,687
683,1278
683,1387
683,1694
683,1791
683,1965
683,1973
683,2209
683,2260
683,2396
683,2454
683,2556
683,2813
683,2851
683,2852
683,2941
683,3150
683,3212
683,3427
683,3568
683,3663
683,3674
683,4167
683,4288
683,4864
684,1167
684,1415
684,1557
684,1950
684,2099
684,3107
684,3138
684,3424
684,3468
684,3499
684,3504
684,3696
684,3718
684,3820
684,3939
684,3992
684,4055
684,4165
684,4169
684,4233
684,4247
684,4372
684,4524
685,1039
685,1062
685,1189
685,1192
685,1260
685,1283
685,1324
685,1390
685,1632
685,1641
685,1971
685,2012
685,2148
685,2201
685,2497
685,2532
685,2564
685,2680
685,2681
685,2820
685,3797
685,3951
685,4169
685,4308
685,4660
685,4994
686,954
686,2554
686,2869
686,2995
686,3551
686,3578
686,3580
686,3708
686,4052
686,4062
686,4436
687,942
687,951
687,1051
687,1245
687,1340
687,1810
687,1924
687,2092
687,2358
687,2523
687,2595
687,3037
687,3400
687,3609
687,3708
687,3922
687,4639
687,4815
688,760
688,1177
688,2001
688,2157
688,2448
688,2459
688,2564
688,2745
688,3092
688,3300
688,3370
688,3476
688,3550
688,3603
688,3729
688,3924
688,3935
688,3986
688,4128
688,4266
688,4472
688,4479
688,4532
689,751
689,971
689,1280
689,1318
689,1395
689,1474
689,1778
689,1795
689,1840
689,1892
689,2028
689,2038
689,2068
689,2072
689,2116
689,2312
689,2599
689,2735
689,3121
689,3267
689,3516
689,3663
689,3758
689,4105
689,4575
689,4921
689,4980
690,756
690,794
690,941
690,964
690,1027
690,1065
690,1118
690,1393
690,1511
690,1716
690,1734
690,1795
690,1996
690,2253
690,2596
690,2715
690,2979
690,3115
690,3307
690,3371
690,3951
690,4227
690,4245
690,4445
690,4591
690,4707
690,4796
690,4928
691,1150
691,1467
691,1644
691,1846
691,2006
691,2051
691,2085
691,2126
691,2166
691,2328
691,2506
691,2529
691,2743
691,2814
691,3028
691,3417
691,3591
691,3927
691,4007
691,4296
691,4303
691,4374
691,4581
691,4621
691,4929
692,771
692,790
692,851
692,1178
692,1185
692,1217
692,1365
692,1787
692,2822
692,2863
692,3328
692,3519
692,3805
692,3965
693,919
693,1081
693,1813
693,1979
693,2078
693,2118
693,2170
693,2258
693,2433
693,2643
693,2876
693,2931
693,3064
693,3153
693,3378
693,3706
693,3822
693,3989
693,4157
693,4601
693,4610
693,4699
693,4742
694,892
694,974
694,1109
694,1204
694,1286
694,1305
694,1429
694,1622
694,1902
694,2014
694,2170
694,2239
694,2316
694,2877
694,3082
694,3270
694,3311
694,3328
694,3423
694,3509
694,3711
694,3961
694,4276
694,4383
694,4454
694,4635
694,4639
694,4772
694,4865
695,850
695,922
695,953
695,1185
695,1757
695,1930
695,2095
695,2291
695,2315
695,2366
695,2509
695,2617
695,2724
695,2786
695,2890
695,3239
695,3785
695,3990
695,4199
695,4681
696,881
696,1104
696,1568
696,1596
696,1690
696,1705
696,2117
696,2307
696,2649
696,3122
696,3235
696,3632
696,3792
696,3840
696,4174
696,4497
696,4570
696,4597
697,862
697,883
697,923
697,966
697,1026
697,1578
697,1594
697,1733
697,1789
697,1793
697,2035
697,2227
697,2940
697,4126
697,4142
697,4717
698,764
698,813
698,845
698,906
698,928
698,933
698,1417
698,1429
698,1521
698,2094
698,2316
698,2602
698,2683
698,3339
698,3360
698,3735
698,3959
698,4202
699,716
699,913
699,1270
699,1728
699,1856
699,1977
699,2005
699,2167
699,2275
699,2367
699,2589
699,2633
699,2718
699,3071
699,3556
699,3575
699,3993
699,4333
699,4720
699,4833
699,4838
700,842
700,1297
700,1496
700,1818
700,1860
700,1893
700,1923
700,2130
700,2216
700,2928
700,3081
700,3162
700,3243
700,3264
700,3578
700,3584
700,3637
700,3680
700,3840
700,4168
700,4197
700,4451
700,4565
700,4701
701,891
701,1054
701,1173
701,1249
701,1266
701,1454
701,1907
701,2096
701,2149
701,2248
701,2277
701,2459
701,2612
701,2634
701,2978
701,3127
701,3154
701,3289
701,3340
701,3954
701,4386
701,4516
701,4526
701,4717
701,4929
702,813
702,936
702,948
702,1337
702,1635
702,1785
702,2004
702,2626
702,3011
702,3331
702,3433
702,3661
702,3984
702,4739
703,774
703,910
703,955
703,1352
703,1391
703,1469
703,1514
703,1764
703,1911
703,2131
703,2149
703,2397
703,2438
703,2693
703,2849
703,3227
703,3307
703,3368
703,3687
703,3723
703,3767
703,3848
703,4388
703,4654
703,4809
703,4859
704,948
704,1078
704,1149
704,1704
704,1997
704,2403
704,2561
704,2636
704,2755
704,3098
704,3197
704,3265
704,3441
704,3452
704,3555
704,3601
704,4475
704,4699
704,4893
704,4924
705,791
705,839
705,1552
705,1593
705,1638
705,2550
705,2598
705,2740
705,2755
705,2835
705,2957
705,3582
705,3700
705,3795
705,3852
705,4167
705,4194
705,4281
705,4607
706,962
706,1254
706,1270
706,1718
706,1787
706,2767
706,3000
706,3006
706,3010
706,3017
706,3305
706,3919
706,3923
706,4034
706,4191
706,4212
706,4274
706,4277
706,4428
707,822
707,1060
707,1273
707,1457
707,1537
707,1591
707,1631
707,1737
707,1804
707,2124
707,2211
707,2318
707,2423
707,2566
707,2739
707,3837
707,3901
707,3920
707,4053
707,4936
708,1098
708,1124
708,1481
708,1743
708,1818
708,2817
708,2955
708,3030
708,3071
708,3586
708,3857
708,4031
708,4131
708,4220
708,4226
709,1197
709,1277
709,1305
709,1383
709,1676
709,1743
709,1744
709,2151
709,2182
709,2421
709,2639
709,2811
709,3529
709,3789
709,3800
709,3883
709,3995
709,4171
709,4177
709,4335
709,4357
709,4457
709,4467
709,4533
710,808
710,854
710,978
710,1189
710,1315
710,1343
710,1369
710,1371
710,1405
710,1466
710,3180
710,3358
710,3438
710,3473
710,4338
710,4366
710,4546
710,4736
710,4829
710,4981
711,725
711,1261
711,1262
711,1394
711,1436
711,1767
711,1979
711,2255
711,2339
711,2428
711,2675
711,2887
711,3227
711,3285
711,3855
711,3876
711,3940
711,3984
711,4000
711,4014
711,4116
711,4308
711,4416
711,4599
712,717
712,809
712,958
712,1077
712,1134
712,1164
712,1474
712,1857
712,1872
712,2049
712,2320
712,2323
712,2593
712,3429
712,3432
712,3595
712,3695
712,3961
712,4367
712,4487
713,734
713,1034
713,1164
713,1271
713,1358
713,1653
713,1751
713,1890
713,2005
713,2580
713,2606
713,2672
713,2878
713,2932
713,3265
713,3391
713,3415
713,3814
713,3885
713,3927
713,4031
713,4053
713,4076
713,4106
713,4328
713,4797
714,791
714,993
714,1039
714,1140
714,1163
714,1575
714,1845
714,1971
714,2134
714,2756
714,3131
714,3259
714,3634
714,3691
714,4342
714,4590
714,4816
714,4925
715,753
715,1003
715,1032
715,1267
715,1401
715,1742
715,2046
715,2103
715,2134
715,2430
715,2469
715,2822
715,2873
715,2947
715,3212
715,3554
715,3889
716,753
716,803
716,1050
716,1336
716,1929
716,2174
716,2177
716,2332
716,2709
716,2735
716,3019
716,3227
716,3309
716,3588
716,3915
716,4008
716,4093
716,4282
716,4360
716,4514
716,4574
716,4707
716,4767
716,4941
717,851
717,1012
717,1113
717,1463
717,1514
717,1803
717,1808
717,1811
717,1838
717,2246
717,2310
717,2907
717,3097
717,3259
717,4030
717,4078
717,4098
717,4259
717,4474
717,4870
718,783
718,1062
718,1512
718,1705
718,1728
718,1879
718,2654
718,2663
718,3220
718,3732
718,4164
718,4408
718,4420
718,4523
718,4882
719,733
719,950
719,1461
719,1770
719,1914
719,2113
719,2192
719,2239
719,2386
719,3008
719,3131
719,3141
719,3586
719,3804
719,3928
719,4162
719,4202
719,4375
719,4533
719,4635
719,4639
720,788
720,1319
720,1575
720,2389
720,2694
720,2695
720,2864
720,3305
720,3309
720,3372
720,3730
720,3754
720,3844
720,4241
720,4806
720,4869
720,4966
721,770
721,834
721,975
721,1043
721,1142
721,1932
721,1938
721,2236
721,2570
721,2885
721,2897
721,3185
721,3423
721,3528
721,3727
721,3752
721,3776
721,3823
721,3831
721,3944
721,4058
721,4142
721,4438
721,4875
721,4994
722,725
722,742
722,1028
722,1150
722,1830
722,1850
722,1930
722,1968
722,1992
722,2002
722,2003
722,2157
722,2340
722,2520
722,2622
722,2650
722,2704
722,3236
722,3343
722,3346
722,3804
722,3934
722,3953
722,4014
722,4015
722,4046
722,4048
722,4066
722,4247
722,4327
722,4550
722,4664
722,4854
722,4960
723,738
723,1485
723,1679
723,2053
723,2142
723,2246
723,2592
723,2797
723,3068
723,3151
723,3173
723,3231
723,3532
723,3586
723,4524
723,4567
723,4681
723,4864
723,4883
724,740
724,1263
724,1296
724,1567
724,1610
724,1667
724,1743
724,1803
724,1851
724,2090
724,2098
724,2149
724,2151
724,2307
724,3145
724,3250
724,3382
724,3751
724,3753
724,3779
724,3983
724,4029
724,4059
724,4376
724,4693
724,4845
724,4876
724,4989
725,973
725,1055
725,1151
725,1175
725,1555
725,2307
725,2311
725,2329
725,3183
725,3190
725,3434
725,3577
725,3866
725,4083
725,4529
725,4642
726,945
726,949
726,1034
726,1154
726,1188
726,1381
726,1512
726,1670
726,1814
726,2013
726,2033
726,2136
726,2172
726,2418
726,2472
726,2659
726,3312
726,3355
726,3529
726,3707
726,3895
726,4166
726,4237
726,4620
727,733
727,828
727,867
727,909
727,1025
727,1235
727,1332
727,1523
727,1525
727,1608
727,1712
727,1938
727,1967
727,2078
727,2108
727,2189
727,2298
727,2411
727,3020
727,3182
727,3432
727,3506
727,3889
727,3934
727,4388
727,4448
727,4838
728,743
728,780
728,890
728,1071
728,1307
728,1566
728,1669
728,1920
728,2089
728,2492
728,2526
728,2603
728,2606
728,2773
728,2904
728,3128
728,3414
728,3579
728,3666
728,4001
728,4304
728,4502
728,4694
728,4783
728,4850
729,942
729,1344
729,1448
729,1663
729,1700
729,1887
729,2262
729,2519
729,2876
729,3034
729,3139
729,3160
729,3461
729,4224
729,4380
729,4506
729,4519
730,791
730,882
730,1039
730,1244
730,1279
730,1337
730,1338
730,1431
730,1591
730,1670
730,1719
730,1970
730,2118
730,2450
730,2469
730,2512
730,2674
730,3005
730,3024
730,3139
730,3155
730,3209
730,3633
730,3928
730,4382
730,4427
730,4599
730,4890
730,4934
731,966
731,998
731,1131
731,1358
731,1739
731,2025
731,2403
731,2429
731,2437
731,2447
731,2805
731,2872
731,2947
731,2948
731,2968
731,3233
731,3494
731,4590
731,4770
731,4934
731,4946
732,763
732,788
732,857
732,1134
732,1213
732,1272
732,1371
732,1663
732,1689
732,1703
732,1788
732,1860
732,2029
732,2126
732,2183
732,2192
732,2226
732,2449
732,2544
732,2837
732,2996
732,3429
732,3523
732,3801
732,3940
732,4021
732,4735
732,4776
733,757
733,1103
733,1124
733,1202
733,1335
733,1948
733,2011
733,2270
733,2687
733,2703
733,2920
733,3163
733,3267
733,3276
733,3531
733,3983
733,4597
733,4715
733,4961
734,1146
734,1318
734,1487
734,1502
734,1521
734,1582
734,1591
734,1630
734,1784
734,2135
734,2532
734,2562
734,2641
734,2864
734,2917
734,3359
734,3501
734,3785
734,4419
734,4879
735,865
735,893
735,1046
735,1234
735,1330
735,1399
735,1750
735,1836
735,1840
735,2118
735,2203
735,2218
735,2593
735,2668
735,2742
735,2977
735,3150
735,3398
735,3544
735,3965
735,4188
735,4260
735,4463
735,4528
735,4571
736,1142
736,1263
736,1331
736,1426
736,1526
736,1980
736,1983
736,2038
736,2202
736,2716
736,2915
736,3298
736,3595
736,3716
736,4138
736,4264
736,4430
736,4447
736,4593
736,4794
737,763
737,1265
737,1819
737,1902
737,2036
737,2513
737,2854
737,3238
737,3459
737,3608
737,4248
737,4341
737,4391
737,4424
737,4619
737,4716
738,772
738,917
738,918
738,1187
738,1200
738,1272
738,1735
738,1794
738,1797
738,1917
738,1936
738,1996
738,2293
738,2493
738,2934
738,3452
738,3506
738,3541
738,3588
738,3757
738,3866
738,4125
738,4223
738,4231
738,4532
738,4798
738,4923
739,800
739,915
739,953
739,1063
739,1463
739,1481
739,2290
739,2484
739,2535
739,2613
739,2653
739,2727
739,2728
739,2864
739,3000
739,3252
739,3399
739,3452
739,3660
739,3784
739,4081
739,4322
739,4325
739,4488
739,4515
739,4614
739,4743
739,4949
740,820
740,933
740,1048
740,1058
740,1241
740,1710
740,1736
740,1828
740,1969
740,2228
740,2275
740,2364
740,2829
740,2926
740,3018
740,3244
740,3294
740,3492
740,3628
740,3911
740,4178
740,4190
740,4243
740,4533
741,771
741,777
741,854
741,859
741,1073
741,1355
741,1483
741,1585
741,1606
741,1640
741,2011
741,2463
741,2522
741,2609
741,3187
741,3449
741,3509
741,3720
741,3915
741,3929
741,4201
741,4257
741,4580
741,4993
742,871
742,1205
742,1214
742,1437
742,1458
742,1516
742,1697
742,2068
742,2589
742,2859
742,3028
742,3103
742,3586
742,3770
742,3774
742,4472
743,895
743,1103
743,1174
743,1643
743,1781
743,1790
743,1867
743,2097
743,2141
743,2297
743,2301
743,2442
743,2511
743,2545
743,2576
743,2788
743,2859
743,2991
743,3217
743,3670
743,3859
743,3877
743,3916
743,4093
743,4194
743,4277
743,4498
743,4956
744,789
744,940
744,1468
744,1551
744,1615
744,1772
744,1909
744,1923
744,1979
744,2122
744,2209
744,2360
744,2556
744,2741
744,2936
744,3005
744,3070
744,3395
744,3945
745,749
745,812
745,1077
745,1256
745,1275
745,1327
745,1648
745,1679
745,1756
745,2017
745,2082
745,2087
745,2348
745,2445
745,3073
745,3391
745,3535
745,3557
745,4124
745,4468
745,4665
745,4959
746,892
746,1119
746,1134
746,1308
746,1320
746,1321
746,1485
746,1602
746,1612
746,2270
746,2527
746,2701
746,2702
746,2716
746,2796
746,2862
746,3197
746,3350
746,3373
746,3493
746,3608
746,3632
746,3871
746,3930
746,4055
746,4076
746,4083
746,4302
746,4329
746,4413
746,4511
746,4538
746,4786
746,4903
747,877
747,994
747,1214
747,1582
747,2111
747,2964
747,3398
747,3636
747,3705
747,4194
747,4497
747,4640
747,4802
747,4900
748,871
748,988
748,1062
748,1167
748,1176
748,1655
748,1885
748,2500
748,2513
748,2553
748,2572
748,3139
748,3411
748,3704
748,3786
748,3866
748,3939
748,4279
748,4485
749,1125
749,1325
749,1377
749,1450
749,1650
749,1975
749,2285
749,2389
749,2495
749,2589
749,2685
749,3067
749,3159
749,3248
749,3524
749,4028
749,4030
749,4384
749,4470
749,4784
749,4946
749,4974
749,4993
750,1323
750,1436
750,1556
750,1654
750,1778
750,1864
750,1947
750,1971
750,2097
750,2315
750,3451
750,3841
750,3854
750,3941
750,4178
751,1040
751,1671
751,1774
751,1889
751,1892
751,2094
751,2104
751,2131
751,2187
751,2661
751,2946
751,3411
751,3553
751,3591
751,3780
751,3921
751,3981
751,4273
751,4712
751,4859
751,4948
752,881
752,1089
752,1623
752,1741
752,2232
752,2247
752,2948
752,2954
752,3296
752,3315
752,3540
752,3753
752,3765
752,3782
752,3876
752,3978
752,4070
752,4391
752,4430
752,4438
752,4764
752,4857
753,815
753,904
753,967
753,1345
753,1642
753,2106
753,2826
753,3240
753,3259
753,3408
753,3593
753,4502
753,4549
753,4659
753,4942
753,4984
754,1042
754,1126
754,1187
754,1354
754,1449
754,1453
754,1473
754,1790
754,2253
754,2283
754,2627
754,2679
754,2811
754,2873
754,3325
754,3409
754,3418
754,3941
754,4250
754,4615
754,4694
754,4723
754,4929
755,1007
755,1028
755,1079
755,1502
755,1604
755,1706
755,1973
755,2150
755,2177
755,2193
755,2471
755,2743
755,2877
755,3249
755,3366
755,3672
755,3799
755,4120
755,4431
755,4592
755,4630
755,4678
755,4702
755,4723
756,806
756,1190
756,1260
756,1447
756,1579
756,1610
756,1685
756,1741
756,1780
756,1890
756,2028
756,2143
756,2211
756,2302
756,2501
756,2515
756,2863
756,3331
756,3729
756,3805
756,3922
756,3952
756,3966
756,4133
756,4185
756,4672
756,4806
757,855
757,954
757,974
757,1129
757,1220
757,1221
757,1284
757,2255
757,2423
757,2434
757,2773
757,3157
757,3233
757,3260
757,3429
757,3444
757,4321
757,4520
757,4723
757,4959
758,1225
758,1587
758,1630
758,1723
758,1738
758,1939
758,1963
758,2048
758,2740
758,3195
758,3817
758,3825
758,3944
758,4120
758,4560
758,4967
759,917
759,972
759,1545
759,1611
759,1624
759,2612
759,2648
759,2689
759,2799
759,2963
759,3044
759,3255
759,3433
759,3704
759,4064
759,4154
759,4189
759,4496
759,4551
759,4914
759,4916
760,926
760,962
760,1000
760,1165
760,1375
760,1552
760,2038
760,2400
760,2587
760,2609
760,3425
760,3715
760,4018
760,4081
760,4266
760,4305
760,4473
760,4551
760,4622
760,4744
760,4925
761,955
761,1493
761,1649
761,1659
761,1998
761,2416
761,2495
761,2619
761,3031
761,3539
761,3836
761,4229
761,4521
761,4599
761,4833
761,4988
762,790
762,1168
762,1334
762,1366
762,1571
762,1937
762,1978
762,2017
762,2379
762,2815
762,3271
762,3451
762,3524
762,3595
762,3668
762,4558
762,4763
762,4874
763,938
763,1170
763,1286
763,1329
763,1574
763,1622
763,1791
763,2030
763,2228
763,2290
763,2540
763,2586
763,2978
763,3078
763,3112
763,3401
763,4413
763,4473
763,4726
763,4749
763,4754
763,4870
764,919
764,961
764,976
764,1160
764,1238
764,1248
764,2345
764,2353
764,2533
764,3421
764,3436
764,3859
764,3952
764,3970
764,4134
764,4236
764,4594
765,1424
765,1531
765,1613
765,1666
765,1930
765,1994
765,2053
765,2059
765,2246
765,2332
765,2483
765,2580
765,2762
765,3141
765,3182
765,3449
765,3931
765,4508
765,4955
766,796
766,956
766,1256
766,1496
766,1580
766,1614
766,1730
766,1778
766,2196
766,2413
766,2872
766,3725
766,3834
766,3945
766,3975
766,3997
766,4277
766,4295
766,4451
767,906
767,1044
767,1157
767,2032
767,2392
767,2425
767,2429
767,2436
767,2487
767,2548
767,2744
767,2844
767,3070
767,3101
767,3128
767,3216
767,3417
767,3427
767,3846
767,4057
767,4126
767,4321
767,4360
767,4542
767,4551
767,4616
767,4692
767,4774
768,915
768,970
768,997
768,1222
768,1246
768,1932
768,2353
768,2475
768,2888
768,2897
768,2940
768,3364
768,3710
768,3751
768,3844
768,3891
768,4194
768,4326
768,4381
768,4519
768,4823
768,4862
769,852
769,919
769,994
769,1095
769,1268
769,1323
769,1548
769,1780
769,2028
769,2613
769,3113
769,3370
769,3432
769,3484
769,3503
769,4187
769,4255
769,4468
769,4479
769,4812
770,837
770,1203
770,2052
770,2419
770,2594
770,2629
770,3081
770,3100
770,3137
770,3162
770,3415
770,3485
770,4018
770,4420
770,4532
770,4694
770,4860
771,962
771,1276
771,1433
771,1729
771,1925
771,2133
771,2800
771,2810
771,2859
771,2959
771,3190
771,3269
771,3275
771,3299
771,3331
771,3557
771,3809
771,3815
771,3928
771,3938
771,4432
771,4591
771,4819
771,4827
771,4960
772,814
772,1503
772,1628
772,1677
772,1927
772,2127
772,2823
772,3106
772,3139
772,3247
772,3418
772,3690
772,3714
772,3841
772,4024
772,4191
772,4222
772,4231
772,4312
772,4737
772,4836
773,809
773,1372
773,1791
773,1936
773,2020
773,2130
773,2369
773,2391
773,2420
773,2762
773,3361
773,3791
773,4213
773,4259
773,4606
773,4608
773,4726
774,925
774,970
774,1044
774,1048
774,1346
774,1467
774,1541
774,1696
774,1856
774,1979
774,2060
774,2098
774,2130
774,2318
774,2352
774,2479
774,2565
774,2652
774,2702
774,3023
774,3080
774,3312
774,3885
774,4235
774,4266
774,4411
774,4540
774,4668
774,4874
775,1058
775,1533
775,1544
775,1577
775,1678
775,1782
775,2067
775,2700
775,2918
775,3118
775,3171
775,3213
775,3338
775,3587
775,3629
775,3727
775,3766
775,3775
775,3905
775,4018
775,4318
775,4337
775,4376
775,4501
776,807
776,810
776,813
776,1010
776,1581
776,1603
776,2048
776,2212
776,2279
776,2324
776,2438
776,2614
776,2690
776,3616
776,3838
776,4009
776,4165
776,4763
776,4808
776,4869
777,977
777,1110
777,1227
777,1628
777,1703
777,1727
777,1788
777,2099
777,2112
777,2462
777,2475
777,2497
777,2580
777,2739
777,2758
777,2837
777,2860
777,2937
777,3009
777,3133
777,3163
777,3219
777,3515
777,3751
777,3963
777,4157
777,4599
777,4964
778,1335
778,1529
778,1674
778,1936
778,2454
778,2657
778,2792
778,2851
778,3023
778,3458
778,3564
778,3786
778,3922
778,4045
778,4201
778,4607
778,4841
779,1462
779,1485
779,2204
779,2284
779,2463
779,2503
779,2611
779,2706
779,3070
779,3073
779,3135
779,3354
779,3372
779,3565
779,3604
779,3814
779,4008
779,4058
779,4271
779,4567
779,4615
779,4991
780,800
780,990
780,996
780,1217
780,1280
780,1316
780,1488
780,1587
780,1844
780,1911
780,1980
780,2004
780,2224
780,2278
780,2292
780,2474
780,2649
780,2935
780,3401
780,3570
780,4029
780,4180
780,4223
780,4456
781,868
781,872
781,1253
781,1742
781,1998
781,2133
781,2465
781,2788
781,2909
781,3048
781,3085
781,3589
781,3668
781,4221
781,4300
781,4403
781,4409
781,4771
782,882
782,1517
782,1621
782,2313
782,2669
782,2729
782,3236
782,3371
782,3583
782,3644
782,3722
782,3789
782,3809
782,3820
782,4072
783,985
783,1831
783,1880
783,2170
783,2292
783,2323
783,2477
783,2816
783,3059
783,3322
783,3427
783,3533
783,3595
783,3829
783,4162
783,4625
784,1051
784,1073
784,1163
784,1293
784,1301
784,1539
784,1555
784,1740
784,1889
784,1966
784,2214
784,2526
784,2704
784,3427
784,3486
784,3518
784,3703
784,4015
784,4283
784,4642
785,910
785,1162
785,1168
785,1250
785,1412
785,1782
785,1834
785,2074
785,2087
785,2983
785,2995
785,3014
785,3050
785,3067
785,3078
785,3176
785,3647
785,3944
785,3947
785,4202
785,4428
785,4468
785,4501
785,4715
785,4852
786,1052
786,1190
786,1332
786,1487
786,1664
786,1700
786,1865
786,1881
786,2057
786,2213
786,2294
786,2324
786,2675
786,2872
786,3005
786,3044
786,3372
786,3401
786,3572
786,3853
786,4249
786,4668
786,4701
786,4758
786,4886
787,1181
787,1261
787,1323
787,1498
787,1675
787,2396
787,2412
787,2433
787,2470
787,3058
787,3098
787,3677
787,3694
787,3759
787,4205
787,4499
787,4679
787,4765
787,4835
788,882
788,1441
788,1557
788,1579
788,1819
788,1845
788,1980
788,2191
788,2282
788,2486
788,3152
788,3208
788,3378
788,3495
788,3634
788,3652
788,3715
788,3858
788,4024
788,4047
788,4123
788,4187
788,4298
788,4707
788,4738
788,4742
788,4837
788,4956
789,848
789,1138
789,1194
789,1244
789,1451
789,1568
789,1615
789,1762
789,1834
789,2034
789,2057
789,2815
789,3151
789,3181
789,3316
789,4870
789,4956
790,832
790,923
790,1079
790,1202
790,2012
790,2191
790,2317
790,2457
790,2471
790,2481
790,2529
790,2551
790,2600
790,2725
790,2872
790,2905
790,3026
790,3398
790,3885
790,3925
790,4784
790,4986
791,867
791,946
791,1034
791,1068
791,1099
791,1185
791,1350
791,1365
791,1721
791,1879
791,2254
791,2314
791,2456
791,2521
791,2751
791,3302
791,3358
791,3366
791,3780
791,3967
791,4047
791,4054
792,833
792,1527
792,1804
792,2487
792,2620
792,2987
792,3002
792,3008
792,3677
792,3680
792,3803
792,3834
792,4138
792,4544
792,4671
793,1242
793,1337
793,1372
793,1382
793,1403
793,1718
793,1747
793,2462
793,2730
793,3183
793,3411
793,3462
793,4195
793,4237
793,4318
793,4665
793,4680
793,4681
793,4711
794,880
794,1036
794,1535
794,1772
794,2128
794,2326
794,2767
794,3090
794,3138
794,3392
794,4228
794,4371
794,4431
794,4638
794,4646
795,1344
795,1402
795,1438
795,1630
795,1795
795,1923
795,1973
795,2129
795,2852
795,2903
795,3202
795,3254
795,3693
795,4221
795,4242
795,4689
795,4714
796,871
796,898
796,900
796,1237
796,1285
796,1878
796,1903
796,2026
796,2046
796,2076
796,2181
796,2245
796,2853
796,3020
796,3511
796,3551
796,3644
796,3783
796,3915
796,3923
796,3979
796,4139
796,4223
796,4445
796,4909
796,4915
797,838
797,979
797,1218
797,1277
797,1296
797,1353
797,1613
797,1655
797,1665
797,1709
797,2311
797,2595
797,2647
797,2669
797,3146
797,3149
797,3158
797,3167
797,3211
797,3549
797,3577
797,3684
797,3702
797,3752
797,4438
797,4485
797,4511
797,4622
797,4681
797,4726
797,4902
797,4945
798,1154
798,1364
798,1490
798,1527
798,1872
798,2156
798,2573
798,2578
798,2752
798,2997
798,3128
798,3181
798,3477
798,3557
798,3621
798,4033
798,4203
798,4609
798,4734
798,4950
799,804
799,818
799,984
799,1128
799,1169
799,1206
799,1290
799,1438
799,1938
799,1952
799,2146
799,2367
799,2573
799,3048
799,3378
799,3509
799,3577
799,3726
799,3962
799,4021
799,4185
799,4242
799,4464
799,4508
799,4568
799,4836
799,4864
800,1215
800,1350
800,1488
800,1593
800,1680
800,1884
800,1963
800,2003
800,2201
800,2239
800,2246
800,2289
800,2500
800,3308
800,3425
800,3621
800,3913
800,4100
800,4670
801,1213
801,1492
801,1650
801,2247
801,2569
801,2943
801,3416
801,3417
801,3524
801,3644
801,3831
801,3985
801,4006
801,4217
801,4240
801,4373
801,4414
801,4527
801,4588
801,4684
802,992
802,1141
802,1309
802,1618
802,1713
802,1798
802,1957
802,2003
802,2203
802,2246
802,2312
802,2708
802,2736
802,2760
802,3033
802,3036
802,3041
802,3136
802,3617
802,3774
802,3926
802,4085
802,4253
803,805
803,1201
803,1317
803,1706
803,1776
803,2146
803,2317
803,3101
803,3111
803,3857
803,4305
803,4599
803,4847
804,1050
804,1571
804,1606
804,1618
804,1822
804,1883
804,1891
804,2031
804,2079
804,2240
804,2719
804,2731
804,3118
804,3471
804,3761
804,3836
804,3885
804,3955
804,4295
804,4501
804,4515
805,864
805,1177
805,1179
805,1514
805,2132
805,2326
805,2329
805,2900
805,3114
805,3181
805,3310
805,3590
805,3992
805,4246
805,4479
805,4852
805,4964
806,1873
806,1985
806,2380
806,2852
806,2934
806,3217
806,3557
806,3594
806,4081
806,4283
806,4509
806,4959
807,933
807,1180
807,1208
807,1249
807,1423
807,1501
807,1678
807,2118
807,2312
807,2328
807,2624
807,2974
807,3113
807,3331
807,3929
807,4222
807,4381
807,4412
807,4588
807,4762
807,4925
808,835
808,881
808,980
808,1153
808,1258
808,1528
808,1734
808,1976
808,2303
808,2311
808,2345
808,3456
808,3585
808,3777
808,3780
808,4021
808,4154
808,4191
808,4242
808,4359
808,4427
808,4473
808,4497
808,4577
808,4851
808,4934
809,876
809,1088
809,1715
809,1733
809,1822
809,1934
809,1987
809,2781
809,2928
809,3082
809,3152
809,3157
809,3368
809,3372
809,3549
809,3887
809,4122
809,4192
809,4230
809,4391
809,4817
809,4931
810,1323
810,2748
810,2840
810,3093
810,3108
810,3248
810,3318
810,3528
810,3628
810,3850
810,3991
810,4211
810,4675
811,848
811,874
811,1294
811,1555
811,1792
811,1996
811,2087
811,2606
811,2780
811,2830
811,2925
811,2954
811,3223
811,3514
811,3521
811,3574
811,3696
811,3760
811,3975
812,848
812,873
812,948
812,1197
812,1202
812,1237
812,1507
812,2003
812,2071
812,2129
812,2155
812,2183
812,2287
812,2608
812,2813
812,2877
812,3005
812,3212
812,3291
812,3452
812,4076
812,4097
812,4126
812,4172
812,4417
812,4650
812,4805
812,4951
813,1168
813,1654
813,1661
813,1741
813,1871
813,1964
813,2005
813,2067
813,2343
813,2743
813,3078
813,3214
813,3561
813,3650
813,3751
813,3857
813,3893
813,3973
813,4363
813,4757
814,1376
814,1412
814,1502
814,1774
814,1890
814,2093
814,2616
814,2677
814,3530
814,3554
814,3813
814,4380
814,4414
814,4499
814,4629
814,4826
815,836
815,955
815,1072
815,1095
815,1443
815,1953
815,2106
815,2224
815,2254
815,2490
815,2547
815,2596
815,2649
815,2666
815,2715
815,2780
815,2887
815,2963
815,2987
815,3069
815,3070
815,3264
815,3402
815,3733
815,3744
815,3997
815,4133
815,4244
815,4756
815,4814
816,979
816,1193
816,1465
816,1630
816,2215
816,2348
816,2531
816,2726
816,2768
816,2836
816,2861
816,2890
816,3074
816,3084
816,3189
816,3492
816,3729
816,3754
816,3883
816,4149
816,4752
816,4891
816,4963
816,4976
817,895
817,913
817,963
817,1005
817,1098
817,1334
817,1342
817,2127
817,2143
817,2146
817,2206
817,2333
817,2869
817,3089
817,3363
817,3477
817,3708
817,4276
817,4461
817,4483
817,4967
818,1309
818,1917
818,2236
818,2266
818,2308
818,2563
818,2609
818,2677
818,2935
818,3152
818,3181
818,3550
818,3617
818,3664
818,4478
818,4508
818,4582
818,4589
818,4612
818,4767
818,4820
818,4870
818,4993
819,985
819,1511
819,1521
819,1976
819,2016
819,2355
819,2601
819,2607
819,2825
819,3446
819,3461
819,3479
819,3542
819,3908
819,3911
819,4183
819,4215
819,4866
820,840
820,870
820,953
820,972
820,1572
820,1696
820,1945
820,2158
820,2326
820,2385
820,2585
820,2957
820,3087
820,3148
820,3254
820,3414
820,3544
820,3571
820,3746
820,3774
820,3858
820,3938
820,4155
820,4158
820,4332
820,4345
820,4441
820,4465
820,4875
820,4916
820,4984
821,926
821,1549
821,1560
821,1745
821,1816
821,1967
821,2156
821,2177
821,2285
821,2433
821,2744
821,3089
821,3139
821,3208
821,3277
821,3355
821,3990
821,4215
822,893
822,1003
822,1081
822,1559
822,1635
822,1792
822,1857
822,1858
822,1893
822,1998
822,2130
822,2170
822,2193
822,2238
822,2349
822,2679
822,2924
822,3048
822,3173
822,3753
822,3763
822,3871
822,4022
822,4215
822,4270
822,4292
822,4325
822,4633
822,4967
823,1080
823,1296
823,1420
823,1872
823,2271
823,2679
823,3224
823,3356
823,3522
823,3655
823,3664
823,4012
823,4354
823,4366
823,4481
824,1007
824,1132
824,1168
824,1214
824,1325
824,1330
824,1583
824,2025
824,2086
824,2308
824,2534
824,2568
824,3304
824,3379
824,3606
824,3690
824,3771
824,4240
824,4346
824,4401
824,4649
825,827
825,1018
825,1293
825,1636
825,1670
825,1718
825,1778
825,1856
825,1933
825,2164
825,2188
825,2321
825,2537
825,3118
825,3174
825,3208
825,3537
825,3652
825,3683
825,3695
825,4033
825,4847
825,4961
826,943
826,1009
826,1076
826,1106
826,1372
826,1650
826,1758
826,1900
826,2400
826,2401
826,2476
826,2555
826,2794
826,3103
826,3403
826,4024
826,4393
826,4451
826,4718
826,4829
827,836
827,1181
827,1982
827,2092
827,2195
827,2403
827,2572
827,3183
827,3428
827,3647
827,3931
827,3939
827,3946
827,4104
827,4180
827,4299
827,4301
827,4352
827,4467
827,4669
827,4740
827,4762
828,1175
828,1658
828,1768
828,2151
828,2475
828,2885
828,2956
828,3358
828,3399
828,3528
828,3607
828,3738
828,3822
828,3849
828,4035
828,4102
828,4360
828,4465
828,4521
828,4851
828,4902
829,861
829,1280
829,1552
829,2042
829,2140
829,2207
829,2836
829,2874
829,2905
829,2994
829,3154
829,3278
829,3973
829,4086
829,4172
829,4568
829,4834
829,4881
830,1274
830,1713
830,1785
830,1992
830,2045
830,2182
830,2379
830,2438
830,2622
830,2628
830,2883
830,2977
830,3236
830,3394
830,3726
830,4125
830,4211
830,4473
830,4535
830,4629
831,840
831,989
831,1099
831,1158
831,1166
831,1177
831,1705
831,1850
831,2383
831,2424
831,2788
831,3033
831,3051
831,3323
831,3703
831,3809
831,4140
831,4203
831,4249
831,4481
831,4521
831,4742
832,964
832,1275
832,1282
832,1321
832,1436
832,1659
832,1666
832,1762
832,1768
832,1787
832,1818
832,1821
832,2497
832,2636
832,3187
832,3608
832,3755
832,3760
832,4291
832,4679
832,4879
832,4980
833,1062
833,1463
833,1496
833,1808
833,1853
833,1899
833,2523
833,2534
833,2697
833,3002
833,3023
833,3044
833,3046
833,3091
833,3720
833,3743
833,4146
833,4276
833,4519
833,4743
834,847
834,1238
834,1334
834,1577
834,2314
834,2372
834,2583
834,2832
834,3078
834,3643
834,3667
834,3700
834,4105
834,4337
834,4701
834,4741
834,4783
834,4847
835,896
835,915
835,1705
835,1729
835,1804
835,1825
835,2074
835,2212
835,2381
835,2551
835,2635
835,3075
835,3151
835,3192
835,3294
835,3338
835,3357
835,3420
835,3705
835,3814
835,4093
835,4162
835,4313
835,4410
835,4499
835,4626
835,4711
835,4943
836,905
836,1402
836,1564
836,1975
836,2422
836,2904
836,3023
836,3024
836,3202
836,3371
836,3463
836,3611
836,3974
836,4234
836,4320
836,4340
836,4402
836,4426
836,4931
837,1104
837,1238
837,1493
837,2145
837,2305
837,2534
837,2799
837,2903
837,2927
837,2935
837,3563
837,3702
837,3759
837,3803
837,3997
837,4308
837,4644
837,4755
837,4870
837,4872
837,4880
838,1041
838,1624
838,1639
838,2267
838,2277
838,2680
838,2956
838,3430
838,3440
838,3499
838,3776
838,3818
838,3981
838,4007
838,4270
838,4386
838,4397
839,897
839,1052
839,1073
839,1369
839,1410
839,1495
839,1596
839,2012
839,2153
839,2282
839,2312
839,2372
839,2510
839,2608
839,2738
839,2808
839,2982
839,3250
839,3331
839,3421
839,3822
839,3904
839,4107
839,4546
839,4575
839,4685
839,4907
840,1017
840,1122
840,1171
840,1446
840,1585
840,1961
840,2084
840,2452
840,2526
840,2773
840,2814
840,2827
840,3263
840,3453
840,3560
840,3567
840,3655
840,3688
840,3985
840,4167
840,4207
840,4483
840,4581
840,4843
840,4873
841,1189
841,1337
841,1883
841,2031
841,2102
841,2485
841,2717
841,2718
841,3164
841,3404
841,3825
841,3876
841,3957
841,4658
842,929
842,1251
842,1364
842,1675
842,1864
842,1974
842,2059
842,2699
842,2875
842,2992
842,3036
842,3421
842,3445
842,3501
842,3604
842,3750
842,4076
842,4132
842,4171
842,4268
842,4497
843,978
843,1329
843,1511
843,1525
843,1624
843,1737
843,1903
843,2588
843,2930
843,2941
843,3153
843,3417
843,3637
843,3961
843,4406
843,4752
843,4770
843,4799
843,4881
843,4972
844,890
844,1151
844,1348
844,1461
844,1522
844,1637
844,2266
844,2399
844,2653
844,2709
844,2744
844,2753
844,2891
844,3139
844,3350
844,3388
844,3818
844,3914
844,4014
844,4179
844,4187
844,4219
844,4380
844,4873
844,4997
845,947
845,1056
845,1156
845,1658
845,1825
845,1888
845,2180
845,2379
845,2544
845,2546
845,2639
845,2755
845,2821
845,2880
845,3112
845,3232
845,3368
845,3445
845,3571
845,3651
845,4082
845,4507
845,4531
845,4618
845,4633
845,4658
845,4723
846,866
846,932
846,965
846,1184
846,1210
846,1390
846,1655
846,1970
846,2111
846,2356
846,2395
846,2649
846,2776
846,2990
846,3108
846,3298
846,3323
846,3386
846,3582
846,3982
846,4497
846,4749
846,4768
846,4779
846,4882
846,4994
847,852
847,984
847,1186
847,1528
847,1572
847,1806
847,1871
847,1916
847,2087
847,2315
847,2335
847,3296
847,3310
847,3390
847,3576
847,4985
847,4995
848,1435
848,1648
848,1715
848,2128
848,2182
848,2221
848,2453
848,2805
848,2861
848,2987
848,2994
848,3622
848,4084
848,4223
848,4375
848,4461
848,4514
848,4736
849,932
849,942
849,992
849,1184
849,1367
849,1494
849,1926
849,2056
849,2165
849,2265
849,2325
849,2710
849,3107
849,3236
849,3450
849,3496
849,3985
849,4310
849,4583
850,871
850,881
850,919
850,1131
850,1146
850,1240
850,1331
850,1498
850,1791
850,1880
850,1997
850,2002
850,3018
850,3402
850,3539
850,3883
850,3901
850,4123
850,4124
850,4231
850,4381
850,4479
850,4724
850,4874
850,4924
850,4970
851,1129
851,1450
851,1546
851,1670
851,1676
851,1866
851,1923
851,1956
851,2216
851,2350
851,2865
851,3273
851,3575
851,3672
851,3767
851,4222
851,4257
851,4285
851,4416
851,4561
851,4671
851,4858
851,4901
852,860
852,870
852,956
852,1106
852,1126
852,1350
852,1514
852,1615
852,1646
852,1741
852,1823
852,2033
852,2338
852,2444
852,2456
852,2611
852,2641
852,2666
852,2677
852,2733
852,2746
852,2755
852,2835
852,3088
852,3129
852,3659
852,3680
852,3766
852,3873
852,4027
852,4090
852,4252
852,4321
852,4416
852,4482
852,4546
852,4594
852,4682
853,956
853,1023
853,1400
853,1501
853,1538
853,1588
853,1874
853,1988
853,1994
853,2139
853,2177
853,2327
853,2481
853,2575
853,2598
853,2754
853,2894
853,2995
853,3224
853,3443
853,3906
853,3963
853,4061
853,4317
853,4404
853,4614
853,4763
854,1282
854,1629
854,2087
854,2143
854,2209
854,2539
854,2543
854,2730
854,3516
854,3897
854,3964
854,4174
854,4508
854,4575
854,4745
854,4999
855,1184
855,1188
855,1196
855,1352
855,1570
855,1639
855,1669
855,1805
855,1976
855,2009
855,2219
855,2333
855,2380
855,2730
855,2765
855,3264
855,3712
855,3714
855,4320
855,4581
855,4630
855,4729
855,4868
855,4970
856,903
856,934
856,1258
856,1965
856,2071
856,2675
856,2727
856,3151
856,3368
856,3439
856,3512
856,3570
856,3857
856,4529
856,4589
857,903
857,1107
857,1305
857,1348
857,1410
857,1607
857,1640
857,1676
857,1757
857,1855
857,1959
857,2525
857,2586
857,2994
857,3083
857,4016
857,4305
857,4622
857,4895
858,1002
858,1061
858,1293
858,1904
858,2106
858,2239
858,2266
858,2851
858,3035
858,3168
858,3170
858,3213
858,3313
858,3343
858,3767
858,3795
858,3930
858,3963
858,4062
858,4261
858,4401
858,4439
858,4462
858,4835
859,924
859,1363
859,1572
859,1600
859,1805
859,1838
859,1938
859,2542
859,2561
859,2570
859,2705
859,2718
859,2955
859,3280
859,3294
859,3306
859,3448
859,3627
859,3683
859,3730
859,4084
859,4093
859,4505
859,4922
860,1329
860,1968
860,2248
860,2363
860,2497
860,2609
860,3151
860,3289
860,3576
860,3716
860,3808
860,3875
860,3945
860,4325
860,4789
860,4966
860,4996
861,894
861,1044
861,1395
861,1551
861,1582
861,1720
861,1874
861,1987
861,2189
861,2624
861,2692
861,3083
861,3093
861,3127
861,3247
861,3273
861,3457
861,3469
861,3850
861,4027
861,4457
861,4704
862,1215
862,1267
862,1368
862,1424
862,1800
862,2161
862,2289
862,2554
862,2633
862,2683
862,2732
862,2937
862,2964
862,3440
862,3623
862,3649
862,3729
862,3819
862,4195
862,4819
863,946
863,988
863,1159
863,1217
863,1302
863,1479
863,2041
863,2043
863,2367
863,2430
863,2447
863,2545
863,2589
863,3110
863,3294
863,3304
863,3345
863,3377
863,3389
863,3503
863,3513
863,3664
863,3781
863,3888
863,4045
863,4419
863,4527
863,4742
863,4878
864,1130
864,2154
864,2165
864,2345
864,2414
864,2902
864,3355
864,3387
864,3449
864,4146
864,4344
864,4355
864,4510
864,4528
864,4557
864,4599
864,4761
864,4792
865,1081
865,1199
865,1258
865,1263
865,1961
865,2065
865,2210
865,2233
865,2323
865,2379
865,2524
865,2537
865,2974
865,3148
865,3168
865,3193
865,3840
865,4082
865,4500
865,4687
866,1557
866,1835
866,1963
866,2530
866,2539
866,2625
866,2683
866,2952
866,3107
866,3171
866,3295
866,3453
866,3977
866,4002
866,4384
866,4490
866,4789
867,870
867,903
867,1159
867,1355
867,1381
867,1604
867,1794
867,1972
867,2254
867,2881
867,3442
867,3478
867,3578
867,3692
867,3699
867,3820
867,4092
867,4121
867,4529
867,4540
867,4711
868,897
868,1072
868,1301
868,1458
868,1896
868,2263
868,2344
868,2973
868,3017
868,3024
868,3167
868,3208
868,3547
868,3607
868,3769
868,3974
868,4187
868,4487
868,4551
868,4630
868,4729
868,4750
868,4771
869,1160
869,1260
869,1332
869,1448
869,1795
869,2232
869,2296
869,2365
869,2648
869,2825
869,3131
869,3356
869,4376
869,4920
869,4949
870,1636
870,1762
870,1878
870,2141
870,2189
870,2282
870,2342
870,2934
870,3252
870,3425
870,3484
870,3635
870,3636
870,3645
870,3651
870,4110
870,4453
870,4809
870,4921
870,4922
870,4975
871,956
871,1103
871,1372
871,1499
871,1619
871,1637
871,1897
871,2072
871,2105
871,2217
871,2422
871,2498
871,2512
871,2597
871,3341
871,3364
871,3655
871,3803
871,4394
871,4465
871,4800
871,4944
872,1213
872,1266
872,1280
872,1305
872,1431
872,1598
872,1723
872,2189
872,2217
872,2573
872,2575
872,2733
872,2801
872,3010
872,3327
872,3669
872,3954
872,4676
873,970
873,986
873,1271
873,1394
873,1571
873,1632
873,1764
873,2114
873,2137
873,2335
873,2348
873,2630
873,2955
873,3000
873,3285
873,3368
873,3407
873,3417
873,3467
873,3471
873,3513
873,3759
873,4021
873,4185
873,4433
873,4470
873,4494
873,4560
873,4850
873,4998
874,1109
874,1150
874,1368
874,1505
874,1662
874,1726
874,2170
874,2183
874,2357
874,2751
874,2813
874,2930
874,3184
874,3638
874,3665
874,3830
874,4210
874,4294
874,4540
874,4543
874,4836
874,4895
875,1061
875,1433
875,1538
875,1551
875,1985
875,2591
875,2936
875,2944
875,3150
875,3300
875,3337
875,4154
875,4441
875,4466
875,4513
875,4604
875,4757
875,4843
876,877
876,1394
876,1494
876,1763
876,2233
876,2375
876,2874
876,2901
876,3276
876,3706
876,3786
876,4018
876,4063
876,4141
876,4287
876,4303
876,4953
877,944
877,1195
877,1203
877,1212
877,1440
877,1570
877,1573
877,1725
877,2025
877,2085
877,2216
877,2320
877,2333
877,2513
877,2739
877,2796
877,2889
877,2977
877,3276
877,3345
877,3354
877,3582
877,3613
877,3966
877,4160
877,4199
877,4271
878,972
878,1253
878,1334
878,1585
878,1667
878,1972
878,2968
878,3025
878,3206
878,3316
878,3431
878,3585
878,3682
878,3705
878,3736
878,3837
878,3923
878,3931
878,4114
878,4181
878,4305
878,4492
878,4542
878,4577
878,4891
878,4915
878,4955
879,1037
879,1154
879,1189
879,1412
879,1466
879,1467
879,1701
879,2097
879,2207
879,2359
879,2390
879,2519
879,2564
879,2662
879,2898
879,2925
879,2960
879,3152
879,3310
879,3424
879,3570
879,3862
879,3943
879,4218
879,4292
880,1055
880,1387
880,1690
880,2252
880,2294
880,2342
880,2391
880,2624
880,2922
880,3268
880,3369
880,3499
880,3545
880,4168
880,4454
880,4633
881,1115
881,1127
881,1281
881,1668
881,1703
881,1806
881,1987
881,2088
881,2175
881,2468
881,2607
881,2608
881,3132
881,3288
881,3515
881,3744
881,3960
881,3986
881,4378
881,4417
881,4547
881,4869
882,1500
882,1689
882,1777
882,1837
882,2089
882,2317
882,3138
882,3465
882,3687
882,3935
882,4182
882,4222
883,1045
883,1614
883,1743
883,1881
883,1952
883,2247
883,2254
883,2268
883,2375
883,2426
883,2444
883,2599
883,3492
883,3598
883,4136
883,4245
883,4281
883,4294
883,4428
884,1046
884,1084
884,1118
884,1190
884,1284
884,1606
884,1910
884,2098
884,2111
884,2166
884,2193
884,2217
884,2491
884,2495
884,2567
884,2745
884,3240
884,3291
884,3491
884,3494
884,3520
884,3771
884,3807
884,3826
884,3833
884,4067
884,4235
884,4291
884,4302
884,4342
884,4518
884,4570
885,1541
885,1629
885,1730
885,1830
885,1873
885,2149
885,2269
885,2288
885,2663
885,2683
885,2962
885,2982
885,3232
885,3262
885,3532
885,3600
885,3648
885,3726
885,3825
885,4356
885,4466
885,4585
886,1027
886,1064
886,1127
886,1382
886,1391
886,1548
886,1642
886,1741
886,2180
886,2196
886,2237
886,2258
886,2273
886,2289
886,2393
886,2563
886,2636
886,2815
886,3987
886,4329
886,4945
887,953
887,1061
887,1172
887,1321
887,1428
887,1569
887,1636
887,1816
887,3129
887,3304
887,3332
887,3361
887,3597
887,3800
887,3803
887,3957
887,4543
887,4647
887,4764
888,1058
888,1169
888,1327
888,1802
888,1862
888,2169
888,2261
888,2861
888,2985
888,2993
888,3004
888,3340
888,3639
888,3797
888,4038
888,4203
888,4303
888,4557
889,972
889,1756
889,2085
889,2225
889,2370
889,2372
889,2822
889,2950
889,3336
889,3442
889,3479
889,3824
889,3965
889,4130
889,4324
889,4403
889,4534
889,4671
890,944
890,1386
890,1472
890,2039
890,2054
890,2191
890,2887
890,3055
890,3224
890,3270
890,3534
890,3919
890,3954
890,4213
890,4410
890,4521
890,4708
891,1541
891,1696
891,1888
891,1894
891,2054
891,2143
891,2250
891,2517
891,2771
891,2778
891,2986
891,3037
891,3066
891,3103
891,3106
891,3238
891,3306
891,3519
891,3573
891,3644
891,3726
891,4072
891,4366
891,4412
891,4531
892,1168
892,1190
892,1377
892,1568
892,1583
892,1653
892,1948
892,2177
892,2889
892,3093
892,3120
892,3122
892,3267
892,3843
892,3852
892,4052
892,4500
892,4504
892,4651
892,4740
892,4800
892,4960
893,968
893,996
893,1743
893,2087
893,2318
893,2382
893,3168
893,3721
893,4269
893,4868
893,4992
894,1145
894,1287
894,1290
894,1382
894,1552
894,1701
894,1856
894,2025
894,2046
894,2104
894,2249
894,2498
894,2757
894,2758
894,2873
894,2918
894,2986
894,3065
894,3756
894,3790
894,3866
894,3918
894,4092
894,4203
894,4290
894,4516
894,4538
894,4564
894,4638
895,909
895,1037
895,1110
895,1162
895,1677
895,2146
895,2564
895,3247
895,3741
895,3838
895,3993
895,4292
895,4294
895,4300
895,4349
895,4421
896,1365
896,1877
896,1913
896,2097
896,2293
896,2464
896,2482
896,2552
896,2750
896,2751
896,3361
896,3695
896,3919
896,4028
896,4269
896,4412
896,4454
896,4459
896,4674
897,922
897,1025
897,1135
897,1165
897,1213
897,1409
897,1482
897,1938
897,1987
897,1991
897,2054
897,2143
897,2311
897,2353
897,2390
897,3495
897,3897
897,3900
897,4570
897,4594
897,4684
897,4775
897,4805
898,931
898,980
898,1905
898,2031
898,2253
898,2370
898,2912
898,3647
898,3711
898,3913
898,3950
898,4021
898,4055
898,4095
898,4225
898,4358
898,4500
898,4593
898,4815
898,4939
899,925
899,1051
899,1332
899,1669
899,1949
899,2165
899,2214
899,2437
899,2442
899,2447
899,2486
899,2833
899,2906
899,2984
899,3279
899,3331
899,3361
899,3369
899,3499
899,3785
899,4169
899,4277
899,4343
899,4727
900,1437
900,1456
900,1523
900,2174
900,2633
900,3126
900,3210
900,3278
900,3474
900,3759
900,4094
900,4176
900,4330
900,4391
900,4398
900,4497
900,4681
900,4834
900,4866
900,4893
901,1514
901,1677
901,2144
901,2325
901,2557
901,2610
901,2650
901,2655
901,3198
901,3625
901,3981
901,4082
901,4279
901,4589
902,1493
902,1736
902,1958
902,2063
902,2283
902,2339
902,2420
902,2455
902,2900
902,2960
902,3246
902,3651
902,3686
902,3694
902,3873
902,3947
902,3957
902,4394
903,998
903,1061
903,1302
903,1396
903,1531
903,1701
903,2006
903,2128
903,2358
903,2578
903,2611
903,2630
903,2744
903,2797
903,3142
903,3297
903,3377
903,3381
903,3401
903,3522
903,3538
903,3574
903,3821
903,4142
903,4271
903,4339
903,4739
903,4850
903,4894
903,4935
904,1160
904,1216
904,1298
904,1342
904,1384
904,1639
904,1851
904,1860
904,1912
904,1971
904,2163
904,2537
904,2599
904,2833
904,2962
904,3229
904,3256
904,3555
904,3723
904,3770
904,3894
904,3982
904,4066
904,4411
904,4655
905,983
905,1122
905,1436
905,1917
905,1925
905,2315
905,2734
905,2865
905,3022
905,3036
905,3426
905,3610
905,3613
905,3762
905,4168
905,4270
905,4647
906,1150
906,1203
906,1378
906,1446
906,1560
906,1689
906,2090
906,2205
906,2359
906,2564
906,3291
906,3436
906,3522
906,3568
906,3604
906,3843
906,4124
906,4199
906,4221
906,4298
906,4316
906,4362
906,4751
907,1019
907,1360
907,1389
907,1579
907,1875
907,1983
907,2269
907,2296
907,2621
907,2703
907,2819
907,2825
907,2883
907,3306
907,3319
907,3386
907,3438
907,3757
907,3794
907,3843
907,3905
907,3916
907,3955
907,4032
907,4226
907,4332
907,4439
907,4478
907,4942
908,981
908,1611
908,1908
908,1945
908,2096
908,2674
908,3272
908,3370
908,4342
908,4408
908,4867
909,933
909,984
909,1077
909,1311
909,1653
909,1794
909,2226
909,2318
909,2394
909,2599
909,3199
909,3298
909,3401
909,4630
909,4829
909,4839
909,4899
909,4962
909,4980
910,1161
910,1300
910,1969
910,2007
910,2068
910,2296
910,2512
910,2598
910,2703
910,3101
910,3214
910,3257
910,3399
910,3488
910,3599
910,3664
910,3688
910,3804
910,3990
910,4402
910,4781
910,4792
911,1550
911,1849
911,2215
911,2230
911,2287
911,2642
911,2831
911,3058
911,3164
911,3185
911,4012
911,4104
911,4235
911,4573
911,4818
911,4918
912,1047
912,1534
912,1734
912,1864
912,1932
912,2525
912,3276
912,3297
912,3494
912,3818
912,3894
912,4172
912,4352
912,4424
912,4479
912,4516
912,4520
912,4681
912,4827
912,4922
913,1117
913,1339
913,1390
913,1570
913,1610
913,1866
913,2046
913,2102
913,2332
913,2461
913,2935
913,3045
913,3235
913,3511
913,3611
913,3637
913,3979
913,4287
913,4403
913,4526
913,4549
913,4693
914,965
914,1114
914,1310
914,1318
914,1396
914,1406
914,1492
914,1791
914,2309
914,2399
914,2717
914,2944
914,3221
914,3370
914,3572
914,3787
914,3809
914,3995
914,4008
914,4158
914,4319
914,4838
915,1186
915,1272
915,1872
915,1893
915,1934
915,2466
915,2527
915,2609
915,3182
915,3379
915,3463
915,3579
915,3814
915,3859
915,3931
915,4455
916,1070
916,1177
916,1505
916,1734
916,1738
916,1995
916,2280
916,2438
916,2445
916,2518
916,2592
916,2666
916,2714
916,2736
916,2937
916,3188
916,3588
916,3860
916,4656
916,4735
917,1405
917,1585
917,1594
917,1626
917,1652
917,1900
917,2330
917,2420
917,2504
917,2906
917,2925
917,3032
917,3130
917,3376
917,3469
917,3673
917,3988
917,4591
917,4615
917,4721
917,4779
917,4791
917,4940
918,1046
918,1121
918,1518
918,1757
918,2197
918,2322
918,2358
918,2495
918,2573
918,2647
918,3020
918,3122
918,3158
918,3200
918,3260
918,3483
918,3803
918,4021
918,4212
918,4541
918,4762
918,4931
919,986
919,1080
919,1288
919,1836
919,2160
919,2238
919,2807
919,3014
919,3093
919,3145
919,3448
919,3468
919,3483
919,3670
919,3684
919,4230
920,1010
920,1325
920,1382
920,1862
920,2666
920,2811
920,2882
920,3183
920,3197
920,3232
920,3564
920,3692
920,3828
920,4286
921,1004
921,1408
921,1605
921,1649
921,1710
921,2053
921,2169
921,2223
921,2338
921,2363
921,2929
921,2938
921,3225
921,3255
921,3401
921,3501
921,3686
921,3745
921,3848
921,3992
921,4112
921,4151
921,4183
921,4940
922,1132
922,1996
922,2501
922,3184
922,3266
922,3298
922,3840
922,3871
922,4328
922,4350
922,4612
923,991
923,999
923,1171
923,1532
923,2026
923,2108
923,2112
923,2525
923,2669
923,2853
923,2973
923,3164
923,3165
923,3172
923,3649
923,3993
923,4000
923,4073
923,4232
923,4506
923,4823
923,4952
924,1380
924,1632
924,1649
924,1674
924,1858
924,2098
924,2415
924,2623
924,2645
924,2709
924,3026
924,3181
924,3229
924,3528
924,3562
924,3847
924,3856
924,4044
924,4056
924,4200
924,4714
924,4797
924,4868
924,4901
924,4908
924,4982
925,1310
925,1455
925,1654
925,2176
925,2488
925,2589
925,2789
925,2870
925,2932
925,3228
925,3825
925,3831
925,4478
925,4525
925,4953
926,1064
926,1252
926,1608
926,1619
926,1723
926,1736
926,2074
926,2080
926,2209
926,2373
926,2421
926,2428
926,2711
926,2763
926,2806
926,3167
926,3280
926,3500
926,3516
926,3599
926,3789
926,3841
926,3884
926,4141
926,4311
926,4401
926,4956
927,1333
927,1684
927,1758
927,1949
927,2036
927,2046
927,2243
927,2363
927,2447
927,2495
927,2531
927,2580
927,2668
927,2744
927,3434
927,3481
927,3532
927,3675
927,3983
927,4028
927,4051
927,4414
928,1639
928,1743
928,1769
928,1771
928,1951
928,2201
928,2323
928,2447
928,2557
928,2598
928,2752
928,3044
928,3347
928,3381
928,3395
928,3540
928,3818
928,4313
928,4320
928,4452
928,4781
928,4961
929,1594
929,2058
929,2333
929,2378
929,2565
929,2825
929,3138
929,3190
929,3282
929,3541
929,3727
929,4195
929,4514
929,4832
929,4965
930,1670
930,1920
930,2059
930,2603
930,3083
930,3435
930,3470
930,3650
930,4456
930,4643
930,4793
931,979
931,1165
931,1215
931,1232
931,1301
931,1597
931,1699
931,1997
931,2016
931,2702
931,3107
931,3266
931,3519
931,3831
931,3873
931,3962
931,4057
931,4204
931,4325
931,4367
931,4396
931,4611
931,4892
932,1021
932,1078
932,1117
932,2129
932,2175
932,2408
932,2435
932,2474
932,2479
932,2498
932,2506
932,2548
932,2699
932,2785
932,2863
932,3099
932,3155
932,3255
932,3646
932,3895
932,4094
932,4397
932,4620
932,4650
932,4682
932,4757
933,1239
933,2178
933,2244
933,2335
933,2437
933,2536
933,2657
933,2714
933,2836
933,2883
933,2887
933,2999
933,3317
933,3710
933,3767
933,3955
933,4201
933,4274
933,4374
933,4464
933,4943
934,1004
934,1169
934,1563
934,1751
934,1897
934,1925
934,2060
934,2147
934,2307
934,3194
934,3276
934,3707
934,3866
934,3867
934,4069
934,4103
934,4115
934,4725
934,4971
935,981
935,1278
935,1351
935,1533
935,1635
935,1949
935,1958
935,2080
935,2267
935,2325
935,2527
935,2594
935,2604
935,2946
935,3280
935,3493
935,3522
935,3721
935,3792
935,4111
935,4184
935,4329
935,4677
935,4743
935,4859
935,4937
936,937
936,1888
936,1912
936,1966
936,2331
936,2711
936,2951
936,3475
936,3489
936,3788
936,3993
936,4306
936,4394
936,4978
936,4999
937,1351
937,1477
937,1570
937,1614
937,2472
937,2498
937,2554
937,3092
937,3140
937,3903
937,4054
937,4101
937,4485
937,4589
937,4684
937,4945
938,1111
938,1211
938,2091
938,2180
938,2284
938,2938
938,2980
938,2984
938,3364
938,3379
938,3403
938,3453
938,3530
938,3859
938,4077
938,4671
938,4750
938,4777
938,4799
938,4880
938,4901
938,4909
939,1074
939,1192
939,1227
939,1267
939,1584
939,2061
939,2144
939,2269
939,2317
939,2537
939,4486
939,4581
939,4589
939,4806
940,1058
940,1744
940,1897
940,2419
940,2467
940,2644
940,2705
940,2813
940,2993
940,3105
940,3225
940,3233
940,3282
940,3496
940,3693
940,4129
940,4648
940,4649
940,4703
940,4735
941,944
941,970
941,978
941,1049
941,1184
941,1261
941,1527
941,1848
941,2296
941,2336
941,2403
941,2496
941,2809
941,2872
941,3001
941,3101
941,3186
941,3370
941,3678
941,4172
941,4245
941,4534
941,4590
942,1000
942,1319
942,1369
942,1370
942,1566
942,1584
942,1587
942,1588
942,1613
942,2285
942,2394
942,2558
942,2623
942,2725
942,3105
942,3114
942,3244
942,3348
942,3495
942,3550
942,3750
942,4003
942,4260
942,4272
942,4451
942,4524
942,4719
942,4721
942,4751
942,4838
942,4990
943,1624
943,1726
943,2211
943,3291
943,3349
943,3747
943,3841
943,3873
943,4565
943,4583
943,4588
943,4786
944,984
944,993
944,1074
944,1473
944,1853
944,1874
944,1881
944,2031
944,2471
944,2483
944,2533
944,2876
944,3189
944,3223
944,3227
944,3349
944,3509
944,3704
944,3729
944,3854
944,4091
944,4117
944,4139
944,4186
944,4494
944,4641
944,4861
945,1072
945,1125
945,1142
945,1289
945,1423
945,1454
945,1497
945,1617
945,1647
945,1987
945,1990
945,2044
945,2358
945,2419
945,2533
945,2652
945,2892
945,3222
945,3676
945,3733
945,3753
945,4123
945,4144
945,4615
945,4694
946,1133
946,1465
946,1754
946,1814
946,1882
946,1922
946,1979
946,1990
946,2047
946,2178
946,2324
946,2650
946,2858
946,2978
946,3086
946,4338
946,4946
947,1867
947,2012
947,2412
947,2523
947,2965
947,3179
947,3340
947,3351
947,3445
947,3752
947,4029
947,4213
947,4242
947,4440
948,1229
948,1406
948,1559
948,1743
948,1760
948,1934
948,2081
948,2224
948,2265
948,2453
948,2487
948,2678
948,3518
948,3520
948,3543
948,3550
948,4016
948,4104
948,4509
948,4641
948,4933
948,4976
949,960
949,994
949,1086
949,1125
949,1347
949,1686
949,2032
949,2152
949,2469
949,3325
949,3591
949,3710
949,3742
949,4408
949,4657
949,4799
949,4807
950,1169
950,1188
950,1262
950,1378
950,1621
950,1851
950,2712
950,3303
950,3354
950,3741
950,4173
950,4265
950,4706
950,4803
950,4873
951,1081
951,1160
951,1583
951,1717
951,1975
951,2188
951,2342
951,2498
951,2659
951,3084
951,3157
951,3338
951,3715
951,4050
951,4123
951,4532
951,4534
951,4614
951,4619
951,4766
951,4953
951,4959
952,1164
952,1234
952,1241
952,1339
952,1526
952,1863
952,2765
952,2967
952,2989
952,3124
952,3169
952,3316
952,3371
952,3783
952,3809
952,4606
952,4789
953,1055
953,1072
953,1277
953,1359
953,1547
953,1675
953,1821
953,2672
953,2900
953,3132
953,3172
953,3497
953,3558
953,3715
953,3856
953,3898
953,3916
953,4216
953,4406
953,4502
953,4578
953,4607
953,4694
953,4785
953,4934
954,1089
954,1207
954,1465
954,1727
954,1830
954,2112
954,2143
954,2576
954,2829
954,2937
954,3167
954,3300
954,3444
954,3445
954,3602
954,3887
954,3943
954,4005
954,4024
954,4394
954,4859
955,1091
955,1302
955,1414
955,1605
955,1962
955,1994
955,2276
955,2316
955,2744
955,3286
955,3308
955,4132
955,4485
955,4601
955,4710
955,4930
955,4950
955,4979
956,1060
956,1087
956,1346
956,1376
956,1574
956,1739
956,1773
956,1997
956,2148
956,2404
956,2504
956,2508
956,2663
956,2901
956,3043
956,3277
956,3330
956,3491
956,3496
956,3678
956,3829
956,4160
956,4260
956,4632
956,4637
956,4756
956,4978
957,1453
957,1852
957,2031
957,2056
957,2589
957,2728
957,3000
957,3699
957,3816
957,3917
957,4056
957,4526
957,4610
957,4779
958,1591
958,1633
958,1716
958,1956
958,1986
958,2453
958,2933
958,3140
958,3292
958,3297
958,3638
958,3957
958,3961
958,4228
958,4280
958,4444
958,4498
958,4910
958,4921
959,1238
959,2017
959,2114
959,2833
959,2970
959,3142
959,3673
959,3676
959,3761
959,3787
959,4339
959,4359
959,4412
960,1076
960,1153
960,1411
960,1616
960,1962
960,2115
960,2319
960,3309
960,3391
960,3585
960,3802
960,3885
960,4100
960,4594
960,4803
960,4831
960,4878
960,4929
960,4973
960,4980
961,1104
961,1406
961,2240
961,2818
961,2852
961,2918
961,2927
961,2961
961,3014
961,3300
961,3301
961,3608
961,3795
961,3845
961,3863
961,3970
961,4152
961,4397
961,4455
961,4522
961,4914
962,1205
962,1452
962,1512
962,1747
962,1839
962,1843
962,1884
962,2013
962,2406
962,3054
962,3099
962,3245
962,3616
962,3823
962,4157
962,4374
962,4439
962,4451
962,4720
963,1013
963,1552
963,1596
963,1633
963,2393
963,2721
963,3658
963,3830
963,4375
963,4536
964,1081
964,1143
964,1211
964,1636
964,1921
964,1923
964,1982
964,2021
964,2201
964,2447
964,2533
964,2963
964,2975
964,2976
964,3301
964,3897
965,1208
965,1267
965,1737
965,1760
965,1943
965,2221
965,2528
965,3080
965,3172
965,3316
965,3958
965,4274
966,1005
966,1069
966,1075
966,1389
966,1495
966,1663
966,1683
966,1928
966,2137
966,2160
966,2177
966,2351
966,2374
966,2493
966,3452
966,3891
966,4117
966,4226
966,4665
966,4910
966,4964
967,1111
967,1146
967,1186
967,1269
967,1881
967,2371
967,2448
967,2722
967,2733
967,2765
967,2872
967,3033
967,3433
967,3450
967,3519
967,3834
967,4102
967,4130
967,4245
967,4373
967,4424
967,4509
968,1097
968,1244
968,1455
968,1487
968,1611
968,1755
968,1799
968,2272
968,2471
968,2688
968,2752
968,2813
968,2887
968,2969
968,3475
968,3642
968,4538
968,4593
968,4602
968,4604
968,4672
968,4799
969,1161
969,1331
969,1677
969,1778
969,2312
969,2321
969,2827
969,2932
969,3090
969,3309
969,3489
969,3504
969,3535
969,4082
969,4197
970,994
970,1441
970,1732
970,1882
970,1984
970,2004
970,2392
970,2627
970,2685
970,2755
970,2993
970,3376
970,3598
970,3744
970,3826
970,3874
970,3953
970,4503
970,4737
970,4898
970,4930
971,1090
971,1318
971,1825
971,1988
971,2240
971,2350
971,2808
971,2847
971,2888
971,2895
971,3148
971,3249
971,3367
971,3507
971,3824
971,3992
971,4013
971,4266
971,4392
971,4485
971,4717
972,1138
972,1511
972,1548
972,1577
972,1651
972,1989
972,2374
972,2437
972,2630
972,2896
972,3155
972,3537
972,3658
972,3742
972,3825
972,4313
972,4352
972,4749
973,987
973,1097
973,1279
973,1367
973,1427
973,1516
973,1593
973,1646
973,1777
973,1892
973,2018
973,2066
973,2173
973,2383
973,2764
973,2816
973,2969
973,3492
973,3749
973,3844
973,4581
973,4702
973,4727
973,4776
974,1383
974,1455
974,1661
974,1904
974,1955
974,2017
974,2082
974,2179
974,2230
974,2494
974,3048
974,3359
974,3378
974,3746
974,3798
974,3870
974,4083
974,4279
974,4427
974,4486
974,4590
974,4605
974,4782
975,1001
975,1131
975,1382
975,1723
975,1832
975,1958
975,2185
975,2220
975,2469
975,2570
975,2665
975,2769
975,2946
975,3089
975,3573
975,3701
975,3707
975,4686
975,4847
976,1200
976,1233
976,1397
976,1605
976,1674
976,1745
976,2068
976,2340
976,2386
976,2564
976,3036
976,3043
976,3156
976,3590
976,3803
976,3911
976,4251
976,4271
976,4344
976,4657
976,4739
976,4827
977,1155
977,1162
977,1214
977,1418
977,1452
977,1614
977,1689
977,1798
977,1814
977,2241
977,2358
977,2412
977,2477
977,2666
977,2772
977,2865
977,3501
977,3700
977,3973
977,4156
977,4278
977,4351
977,4995
978,1134
978,1263
978,1264
978,2122
978,2792
978,2933
978,3257
978,3261
978,3419
978,3732
978,3775
978,3899
978,4233
978,4682
978,4827
978,4925
979,1058
979,1380
979,2018
979,2171
979,2261
979,2617
979,2629
979,3093
979,3148
979,3301
979,3312
979,3927
979,4380
979,4632
979,4786
979,4857
980,1215
980,1375
980,1762
980,1885
980,2000
980,2507
980,2572
980,2629
980,2796
980,3271
980,3446
980,3497
980,3514
980,3629
980,3694
980,3740
980,3991
980,4066
980,4098
980,4422
980,4471
980,4707
981,1212
981,1527
981,2511
981,2656
981,2856
981,2932
981,3509
981,3662
981,3718
981,3819
981,3872
981,3989
981,4341
981,4376
981,4456
981,4489
981,4796
981,4842
982,1371
982,1456
982,1751
982,1911
982,2111
982,2355
982,2461
982,2467
982,2530
982,3066
982,3328
982,3381
982,4044
982,4050
982,4197
982,4375
982,4509
983,1104
983,1170
983,1336
983,1487
983,1593
983,1623
983,1696
983,1708
983,2036
983,2053
983,2104
983,2132
983,2965
983,3466
983,3525
983,3539
983,3756
983,3893
983,4038
983,4125
983,4163
983,4364
983,4383
983,4660
983,4750
983,4834
984,1014
984,1308
984,1403
984,1602
984,1860
984,1918
984,2072
984,2093
984,2332
984,2604
984,2609
984,3378
984,3413
984,3900
984,4021
984,4050
984,4086
985,1254
985,1258
985,1525
985,1722
985,1899
985,2222
985,2429
985,2920
985,2998
985,3087
985,3646
985,4043
985,4061
985,4246
985,4687
986,1203
986,1259
986,1361
986,1586
986,1878
986,2119
986,2279
986,2301
986,2686
986,2845
986,3243
986,3385
986,4021
986,4111
986,4219
986,4635
986,4728
986,4757
987,1252
987,1494
987,2151
987,2592
987,2959
987,2972
987,2985
987,3063
987,3153
987,3513
987,3579
987,3824
987,3856
987,3933
987,3938
987,4128
987,4346
987,4358
987,4862
988,1000
988,1016
988,1040
988,1380
988,1411
988,1447
988,1791
988,1985
988,2518
988,2588
988,2931
988,3221
988,3245
988,3764
988,3774
988,3982
988,4085
988,4138
988,4302
988,4313
988,4452
988,4563
988,4678
988,4878
988,4959
989,1025
989,1054
989,1184
989,1482
989,1796
989,1998
989,2258
989,2385
989,2754
989,2797
989,2975
989,3036
989,3236
989,3479
989,3709
989,3742
989,3953
989,3974
989,4188
989,4333
989,4346
989,4362
989,4550
989,4883
989,4895
990,1241
990,1518
990,1618
990,1949
990,1983
990,2088
990,2135
990,2215
990,2383
990,2651
990,2731
990,2912
990,3346
990,3536
990,3643
990,3707
990,4108
990,4273
990,4340
990,4404
990,4436
990,4565
990,4726
990,4774
990,4830
991,1012
991,1063
991,1131
991,1246
991,1790
991,1960
991,2031
991,2321
991,2431
991,3080
991,3254
991,3666
991,3825
991,3966
991,4382
991,4656
991,4849
992,1028
992,1064
992,1309
992,1317
992,1676
992,1971
992,2161
992,2238
992,2413
992,2415
992,2557
992,2579
992,2685
992,2851
992,2956
992,3071
992,3237
992,3636
992,3710
992,3905
992,3949
992,4067
992,4419
992,4552
992,4632
993,1160
993,1268
993,1632
993,1791
993,2153
993,2587
993,2764
993,3142
993,3188
993,3722
993,3963
993,4214
993,4261
993,4315
993,4403
993,4486
993,4503
993,4859
993,4910
994,1352
994,1601
994,1606
994,1625
994,1681
994,2667
994,2853
994,3034
994,3271
994,3474
994,3923
994,3974
994,4295
994,4303
994,4568
994,4723
995,1221
995,1333
995,1550
995,1651
995,1706
995,1739
995,1925
995,1939
995,2232
995,2328
995,2337
995,2603
995,3049
995,3077
995,3658
995,3727
995,3874
995,3936
995,4383
995,4551
995,4670
996,1043
996,1436
996,1501
996,1873
996,1882
996,2499
996,2527
996,2613
996,2653
996,3306
996,3670
996,3976
996,4212
996,4469
996,4674
996,4682
996,4914
997,1026
997,1278
997,1387
997,1682
997,1754
997,1765
997,1956
997,2339
997,2410
997,2571
997,2636
997,2731
997,3115
997,3145
997,3265
997,3275
997,3991
997,4024
997,4191
997,4362
997,4367
997,4415
997,4509
997,4634
997,4751
997,4841
997,4917
998,1082
998,1768
998,1835
998,1893
998,1928
998,2048
998,2347
998,2355
998,2369
998,2571
998,2646
998,2876
998,2976
998,3400
998,4351
998,4548
998,4797
999,1009
999,1199
999,1303
999,1319
999,1736
999,1925
999,2144
999,2220
999,2310
999,2374
999,2420
999,2534
999,2780
999,2932
999,3787
999,4019
999,4064
999,4116
999,4352
999,4903
1000,1037
1000,1147
1000,1779
1000,2231
1000,2237
1000,2487
1000,2846
1000,2847
1000,2862
1000,2960
1000,3295
1000,3309
1000,4035
1000,4104
1000,4537
1000,4712
1001,1090
1001,1971
1001,2062
1001,2506
1001,2619
1001,2700
1001,2705
1001,2937
1001,3412
1001,4209
1001,4415
1001,4532
1001,4596
1001,4702
1001,4716
1002,1148
1002,1658
1002,2285
1002,2330
1002,3073
1002,3187
1002,3244
1002,3651
1002,3695
1002,3842
1002,3939
1002,3982
1002,4012
1002,4124
1002,4336
1002,4490
1002,4614
1002,4942
1003,1264
1003,1334
1003,1592
1003,1933
1003,2040
1003,2048
1003,2152
1003,2171
1003,2524
1003,2557
1003,2796
1003,2928
1003,3264
1003,3413
1003,3697
1003,3760
1003,3824
1003,4039
1003,4200
1003,4375
1003,4453
1003,4478
1003,4882
1004,1156
1004,1161
1004,1216
1004,1241
1004,1246
1004,1288
1004,1357
1004,1493
1004,1729
1004,1873
1004,1906
1004,2049
1004,2202
1004,2455
1004,2772
1004,2790
1004,2841
1004,2925
1004,3135
1004,3160
1004,3289
1004,3490
1004,3566
1004,3579
1004,3705
1004,3923
1004,4130
1004,4200
1004,4265
1004,4580
1005,1029
1005,1471
1005,2177
1005,2281
1005,2798
1005,2898
1005,2917
1005,2972
1005,3743
1005,3755
1005,3905
1005,4574
1005,4739
1005,4762
1005,4793
1005,4970
1006,1007
1006,1135
1006,1179
1006,1244
1006,1422
1006,1437
1006,1780
1006,2138
1006,2164
1006,2690
1006,2788
1006,2916
1006,2949
1006,3105
1006,3204
1006,3263
1006,3331
1006,3740
1006,3825
1006,4066
1006,4443
1006,4536
1006,4853
1007,1177
1007,1294
1007,1977
1007,1986
1007,2791
1007,3197
1007,3390
1007,3410
1007,3613
1007,3904
1007,4400
1008,1242
1008,1324
1008,1609
1008,1650
1008,1836
1008,2444
1008,2511
1008,2667
1008,2761
1008,2773
1008,2938
1008,2982
1008,3022
1008,3326
1008,3699
1008,3834
1008,3939
1008,4704
1008,4832
1008,4939
1008,4997
1009,1244
1009,1421
1009,1480
1009,1789
1009,2098
1009,2180
1009,2382
1009,3014
1009,3034
1009,3084
1009,3176
1009,3326
1009,3672
1009,3859
1009,4043
1009,4750
1010,1228
1010,1270
1010,1603
1010,1622
1010,1922
1010,2352
1010,2355
1010,2713
1010,2913
1010,3168
1010,3210
1010,3486
1010,3490
1010,3718
1010,3758
1010,3770
1010,4514
1010,4714
1010,4760
1011,1195
1011,1344
1011,1412
1011,1677
1011,1686
1011,1906
1011,1953
1011,2303
1011,2446
1011,2487
1011,3184
1011,3572
1011,4414
1011,4812
1011,4900
1011,4993
1012,1185
1012,1274
1012,1277
1012,1366
1012,1524
1012,2139
1012,2425
1012,2427
1012,2807
1012,2886
1012,3112
1012,3696
1012,4280
1012,4373
1012,4452
1012,4667
1012,4681
1012,4740
1012,4832
1013,1107
1013,1745
1013,2373
1013,2626
1013,3247
1013,3279
1013,3581
1013,3858
1013,3868
1013,3907
1013,4222
1013,4451
1013,4547
1013,4550
1013,4848
1013,4918
1013,4932
1014,1034
1014,1060
1014,1173
1014,1355
1014,1638
1014,1919
1014,2294
1014,2354
1014,2627
1014,2647
1014,2747
1014,2860
1014,2926
1014,3112
1014,3146
1014,3602
1014,3742
1014,3967
1014,4248
1014,4266
1014,4510
1014,4719
1014,4967
1015,1428
1015,1534
1015,1616
1015,1688
1015,1722
1015,1872
1015,1954
1015,1987
1015,3039
1015,3618
1015,3773
1015,3934
1015,4011
1015,4172
1015,4196
1015,4228
1015,4543
1015,4967
1016,2395
1016,2498
1016,2644
1016,3545
1016,3563
1016,3677
1016,3734
1016,3974
1016,4045
1016,4221
1016,4258
1016,4956
1017,1227
1017,1550
1017,1584
1017,1689
1017,2387
1017,2516
1017,2936
1017,3000
1017,3136
1017,3190
1017,3290
1017,3427
1017,3547
1017,3607
1017,3876
1017,3877
1017,3944
1017,4351
1017,4793
1018,1075
1018,1255
1018,1322
1018,1830
1018,2084
1018,2497
1018,3103
1018,3374
1018,3476
1018,3530
1018,3671
1018,3815
1018,4263
1018,4391
1018,4791
1019,1115
1019,1147
1019,1239
1019,1497
1019,1576
1019,1835
1019,1982
1019,2480
1019,2596
1019,2864
1019,3744
1019,3766
1019,3851
1019,4052
1019,4171
1019,4320
1019,4722
1020,1206
1020,1364
1020,1533
1020,1783
1020,1804
1020,2529
1020,2735
1020,3124
1020,3595
1020,3669
1020,3820
1020,3843
1020,3993
1020,4031
1020,4096
1020,4247
1020,4737
1020,4813
1020,4974
1021,1046
1021,1565
1021,1808
1021,2085
1021,2265
1021,2504
1021,2517
1021,3021
1021,3167
1021,3267
1021,3924
1021,4328
1021,4854
1021,4925
1022,1279
1022,1563
1022,1731
1022,1917
1022,2092
1022,2370
1022,2481
1022,2551
1022,2575
1022,2640
1022,2668
1022,3102
1022,3225
1022,3331
1022,3374
1022,3646
1022,3923
1022,4066
1022,4082
1022,4129
1022,4137
1022,4292
1022,4613
1022,4642
1022,4751
1023,1156
1023,1826
1023,2064
1023,2369
1023,2613
1023,2676
1023,2972
1023,3325
1023,3391
1023,3631
1023,3710
1023,3737
1023,3841
1023,3945
1023,4112
1023,4385
1023,4689
1024,1027
1024,1138
1024,1317
1024,1422
1024,1755
1024,1974
1024,2289
1024,2372
1024,2414
1024,2516
1024,2550
1024,2553
1024,2573
1024,2670
1024,2814
1024,3088
1024,3399
1024,3695
1024,3750
1024,4229
1024,4579
1024,4800
1024,4884
1024,4988
1025,1706
1025,1851
1025,2415
1025,2528
1025,2539
1025,2600
1025,2755
1025,2889
1025,3033
1025,3534
1025,3897
1025,4074
1025,4306
1025,4497
1025,4686
1025,4852
1025,4967
1026,1615
1026,1795
1026,1821
1026,2564
1026,2808
1026,2950
1026,2974
1026,3136
1026,3371
1026,3432
1026,3612
1026,3875
1026,4314
1026,4375
1026,4560
1026,4866
1027,1126
1027,1573
1027,1634
1027,1691
1027,2253
1027,2277
1027,2436
1027,2463
1027,2482
1027,2726
1027,3340
1027,3774
1027,3791
1027,3838
1027,4324
1027,4817
1027,4833
1027,4896
1028,1038
1028,1091
1028,1181
1028,1187
1028,1506
1028,1606
1028,1641
1028,2171
1028,2190
1028,2250
1028,2726
1028,2740
1028,2926
1028,3099
1028,3119
1028,3154
1028,3196
1028,3419
1028,3711
1028,3730
1028,4098
1028,4125
1028,4199
1028,4228
1028,4442
1028,4529
1028,4674
1028,4698
1028,4857
1028,4896
1028,4939
1029,1124
1029,1141
1029,1353
1029,1437
1029,1949
1029,2262
1029,2559
1029,2784
1029,3616
1029,3694
1029,4436
1029,4437
1029,4506
1029,4772
1030,1346
1030,1381
1030,1462
1030,1621
1030,1669
1030,2037
1030,2284
1030,2352
1030,2367
1030,2754
1030,3246
1030,3253
1030,3255
1030,3755
1030,3790
1030,3890
1030,4062
1030,4182
1030,4239
1031,1260
1031,1313
1031,1430
1031,1470
1031,1599
1031,2117
1031,2136
1031,2218
1031,2879
1031,3093
1031,3346
1031,3483
1031,3969
1031,4563
1031,4564
1031,4720
1032,1147
1032,1266
1032,1321
1032,1496
1032,1702
1032,1810
1032,1893
1032,2068
1032,2107
1032,2167
1032,2304
1032,2791
1032,2950
1032,3204
1032,3765
1032,4011
1032,4071
1032,4106
1032,4734
1032,4828
1032,4945
1033,1234
1033,1239
1033,1256
1033,1624
1033,1941
1033,2010
1033,2089
1033,2202
1033,2405
1033,2583
1033,3069
1033,3196
1033,3304
1033,3635
1033,3806
1033,3844
1033,3850
1033,3954
1033,3974
1033,4530
1033,4571
1033,4876
1033,4884
1033,4896
1034,1180
1034,1480
1034,1555
1034,1615
1034,1928
1034,2152
1034,2587
1034,2589
1034,3658
1034,3878
1034,4158
1034,4165
1034,4311
1034,4454
1034,4509
1034,4514
1034,4841
1034,4923
1035,1122
1035,1412
1035,1805
1035,2120
1035,2145
1035,2320
1035,2361
1035,2407
1035,2526
1035,3366
1035,3433
1035,3521
1035,3549
1035,3917
1035,4091
1035,4150
1035,4697
1036,1204
1036,1847
1036,1877
1036,1966
1036,2114
1036,2654
1036,2691
1036,3201
1036,3213
1036,3443
1036,3463
1036,4027
1036,4162
1036,4373
1036,4661
1036,4702
1036,4842
1036,4873
1036,4918
1037,1117
1037,1220
1037,1293
1037,2521
1037,2621
1037,2703
1037,3354
1037,3793
1037,3809
1037,3825
1037,3858
1037,4047
1037,4461
1037,4732
1037,4821
1037,4824
1037,4938
1038,1092
1038,1570
1038,1756
1038,2036
1038,2067
1038,2090
1038,2271
1038,2407
1038,2595
1038,2935
1038,3163
1038,3516
1038,3733
1038,3746
1038,4029
1038,4231
1038,4547
1038,4957
1039,1051
1039,1158
1039,1660
1039,1901
1039,1994
1039,2108
1039,2208
1039,2603
1039,2726
1039,2757
1039,3398
1039,4013
1039,4058
1039,4118
1039,4262
1039,4309
1039,4430
1039,4676
1039,4880
1039,4913
1039,4928
1040,1086
1040,1143
1040,1251
1040,1289
1040,1347
1040,1398
1040,1709
1040,1899
1040,2116
1040,2420
1040,2536
1040,2547
1040,2884
1040,3153
1040,3227
1040,4110
1040,4126
1040,4674
1040,4850
1040,4955
1041,1049
1041,1377
1041,1618
1041,1823
1041,2036
1041,2110
1041,2123
1041,2175
1041,2186
1041,2210
1041,2239
1041,2446
1041,2452
1041,2477
1041,2627
1041,2695
1041,2932
1041,2945
1041,3395
1041,3922
1041,4088
1041,4332
1041,4386
1041,4658
1041,4808
1041,4887
1042,1645
1042,1733
1042,1774
1042,1881
1042,1989
1042,2027
1042,2121
1042,2704
1042,2740
1042,2841
1042,2852
1042,2942
1042,3143
1042,3282
1042,3523
1042,3748
1042,4315
1042,4389
1043,1447
1043,1822
1043,2605
1043,2908
1043,3464
1043,3489
1043,3760
1043,3780
1043,3821
1043,4039
1043,4319
1043,4939
1044,1323
1044,1571
1044,1602
1044,1777
1044,1779
1044,1953
1044,2187
1044,2359
1044,2548
1044,2628
1044,2747
1044,3084
1044,3404
1044,3473
1044,3679
1044,4146
1044,4229
1044,4351
1045,1049
1045,1192
1045,1255
1045,1398
1045,1685
1045,1690
1045,1880
1045,2202
1045,2712
1045,2881
1045,2957
1045,3246
1045,3283
1045,3538
1045,3638
1045,3742
1045,4652
1045,4950
1046,1100
1046,1228
1046,1513
1046,1614
1046,2486
1046,2609
1046,2947
1046,3110
1046,3543
1046,3669
1046,3745
1046,3904
1046,3915
1046,3961
1046,4071
1046,4369
1046,4767
1046,4992
1047,1064
1047,1385
1047,1790
1047,2035
1047,2122
1047,2229
1047,2268
1047,2344
1047,2682
1047,2704
1047,2758
1047,2779
1047,3084
1047,3107
1047,3649
1047,3990
1047,4170
1047,4267
1047,4268
1047,4441
1047,4691
1047,4702
1047,4714
1047,4737
1047,4872
1047,4894
1048,1212
1048,1570
1048,1587
1048,1779
1048,1856
1048,2490
1048,2659
1048,2994
1048,3122
1048,3182
1048,3518
1048,3814
1048,3890
1048,4004
1048,4305
1048,4470
1048,4498
1048,4624
1049,1110
1049,1160
1049,1500
1049,1660
1049,1781
1049,1802
1049,2113
1049,2320
1049,2337
1049,2567
1049,2822
1049,3179
1049,3233
1049,3346
1049,4284
1049,4457
1049,4488
1049,4840
1050,1152
1050,1201
1050,1601
1050,1676
1050,1718
1050,1853
1050,1867
1050,1920
1050,2046
1050,2454
1050,2457
1050,2596
1050,2775
1050,3211
1050,3350
1050,3383
1050,3478
1050,3986
1050,4240
1050,4247
1050,4986
1051,1341
1051,1793
1051,1892
1051,2000
1051,2118
1051,2207
1051,2391
1051,2402
1051,2587
1051,2655
1051,2825
1051,3128
1051,3374
1051,3752
1051,4061
1051,4129
1051,4375
1051,4559
1051,4624
1051,4922
1052,1340
1052,1522
1052,1576
1052,1868
1052,2073
1052,2157
1052,2181
1052,2248
1052,2316
1052,2338
1052,2362
1052,2608
1052,2831
1052,2919
1052,3024
1052,3059
1052,3068
1052,3351
1052,3388
1052,3782
1052,4720
1052,4727
1053,1059
1053,1192
1053,1607
1053,1687
1053,1724
1053,1951
1053,2193
1053,2560
1053,3056
1053,3100
1053,3364
1053,3434
1053,3469
1053,3744
1053,3808
1053,4278
1053,4465
1053,4606
1053,4715
1053,4717
1053,4765
1053,4972
1054,1315
1054,1752
1054,2033
1054,2642
1054,2742
1054,2840
1054,2887
1054,3571
1054,3615
1054,3714
1054,3756
1054,3898
1054,4256
1054,4304
1054,4356
1054,4600
1054,4897
1055,1163
1055,1247
1055,1252
1055,1254
1055,1301
1055,1510
1055,1727
1055,1877
1055,1928
1055,2000
1055,2061
1055,2197
1055,2672
1055,3459
1055,3517
1055,3611
1055,3632
1055,3750
1055,4035
1055,4236
1055,4374
1055,4784
1055,4996
1056,1295
1056,1420
1056,1990
1056,1998
1056,2420
1056,2808
1056,2951
1056,3025
1056,3166
1056,3397
1056,3490
1056,3663
1056,3751
1056,3843
1056,4361
1056,4993
1057,1697
1057,1709
1057,1822
1057,1837
1057,2398
1057,2566
1057,2621
1057,3242
1057,3351
1057,3376
1057,3580
1057,4187
1057,4199
1057,4322
1057,4489
1057,4535
1057,4611
1057,4723
1057,4750
1057,4904
1057,4938
1058,1190
1058,1507
1058,1762
1058,1982
1058,2318
1058,2927
1058,2942
1058,3436
1058,3449
1058,3535
1058,3678
1058,3693
1058,3769
1058,3774
1058,4102
1058,4396
1058,4429
1058,4449
1058,4490
1059,1130
1059,1190
1059,1331
1059,1338
1059,1631
1059,1640
1059,2743
1059,2892
1059,2908
1059,2924
1059,3002
1059,3092
1059,3386
1059,3440
1059,3450
1059,3626
1059,3635
1059,3684
1059,3941
1059,3986
1059,3989
1059,3997
1059,4154
1059,4191
1059,4264
1059,4414
1059,4620
1059,4778
1060,1133
1060,1151
1060,1174
1060,1305
1060,1378
1060,1820
1060,2375
1060,2485
1060,2795
1060,2862
1060,2863
1060,3335
1060,3654
1060,3802
1060,4449
1060,4602
1060,4998
1061,1201
1061,1279
1061,1319
1061,1345
1061,1393
1061,1677
1061,1723
1061,1737
1061,1801
1061,1858
1061,2284
1061,2570
1061,2844
1061,3032
1061,3136
1061,3288
1061,3572
1061,3661
1061,4408
1061,4512
1061,4566
1061,4649
1061,4814
1061,4904
1062,1255
1062,1541
1062,1750
1062,1865
1062,1936
1062,2030
1062,2042
1062,2107
1062,2228
1062,2310
1062,2341
1062,2703
1062,2743
1062,2945
1062,3010
1062,3035
1062,3201
1062,3208
1062,3382
1062,3442
1062,3678
1062,4031
1062,4512
1063,1064
1063,1095
1063,1175
1063,1464
1063,1536
1063,1642
1063,2224
1063,2234
1063,2314
1063,2489
1063,2807
1063,3374
1063,3655
1063,3780
1063,3943
1063,4319
1063,4593
1063,4785
1063,4884
1064,1290
1064,1884
1064,1929
1064,2110
1064,2514
1064,2679
1064,2748
1064,2947
1064,3121
1064,3297
1064,3366
1064,3486
1064,3515
1064,3552
1064,3848
1064,3881
1064,4121
1064,4235
1064,4279
1064,4502
1064,4921
1065,1080
1065,1597
1065,1824
1065,2465
1065,2573
1065,2604
1065,2629
1065,3355
1065,3408
1065,4475
1065,4824
1066,1605
1066,1898
1066,2015
1066,2026
1066,2033
1066,2117
1066,2245
1066,2410
1066,2452
1066,2476
1066,2781
1066,3316
1066,3537
1066,3549
1066,3570
1066,3609
1066,3986
1066,4050
1066,4089
1066,4159
1066,4194
1066,4433
1066,4749
1066,4981
1067,1086
1067,1145
1067,1333
1067,1457
1067,1479
1067,1610
1067,1970
1067,2589
1067,2665
1067,2706
1067,2885
1067,3472
1067,3851
1067,4386
1067,4421
1067,4843
1068,1544
1068,1647
1068,1935
1068,2121
1068,2284
1068,2300
1068,2368
1068,2394
1068,2486
1068,2556
1068,2990
1068,3043
1068,3055
1068,3407
1068,3602
1068,3642
1068,3892
1068,3964
1068,4193
1068,4393
1068,4630
1068,4684
1069,1086
1069,1365
1069,1948
1069,2083
1069,2673
1069,2727
1069,2826
1069,3103
1069,3387
1069,3444
1069,3746
1069,3762
1069,4383
1069,4531
1069,4610
1069,4630
1069,4702
1070,1526
1070,1647
1070,1706
1070,1736
1070,2063
1070,2453
1070,2502
1070,2603
1070,2814
1070,2984
1070,3144
1070,3242
1070,3379
1070,3815
1070,3866
1070,3918
1070,3921
1070,4067
1070,4249
1070,4318
1070,4598
1070,4703
1070,4759
1070,4775
1071,1284
1071,1850
1071,2521
1071,2531
1071,2667
1071,2867
1071,2894
1071,3034
1071,3714
1071,4121
1071,4376
1071,4399
1071,4730
1072,1105
1072,1214
1072,2849
1072,2927
1072,3216
1072,3300
1072,3478
1072,3506
1072,4302
1072,4310
1072,4311
1072,4503
1072,4606
1072,4704
1073,1472
1073,1473
1073,1500
1073,1589
1073,1645
1073,1670
1073,2398
1073,3338
1073,3891
1073,4186
1073,4272
1073,4443
1073,4607
1073,4678
1074,1207
1074,1214
1074,1454
1074,2008
1074,2053
1074,2648
1074,2671
1074,3118
1074,3122
1074,3311
1074,3330
1074,3485
1074,3863
1074,3874
1074,4278
1074,4582
1075,1086
1075,1196
1075,1366
1075,1701
1075,1871
1075,2297
1075,2417
1075,2493
1075,2741
1075,2825
1075,3075
1075,3112
1075,3142
1075,3178
1075,3360
1075,3373
1075,3623
1075,3883
1075,4192
1075,4491
1075,4544
1075,4617
1075,4748
1075,4926
1076,1285
1076,1328
1076,1465
1076,2185
1076,2580
1076,2739
1076,3235
1076,3290
1076,3295
1076,3320
1076,3427
1076,3441
1076,3569
1076,4323
1076,4389
1076,4460
1076,4832
1076,4920
1076,4978
1077,1403
1077,1412
1077,1508
1077,1529
1077,1531
1077,1764
1077,1878
1077,2028
1077,2102
1077,2373
1077,2510
1077,2632
1077,2895
1077,3011
1077,3198
1077,3723
1077,3966
1077,4035
1077,4419
1077,4435
1077,4452
1078,1955
1078,2158
1078,2247
1078,2644
1078,2914
1078,2939
1078,2943
1078,3243
1078,3442
1078,3554
1078,3590
1078,3655
1078,3706
1078,3754
1078,3957
1078,4018
1078,4678
1078,4698
1078,4766
1079,1093
1079,1137
1079,1326
1079,1824
1079,2125
1079,2241
1079,2273
1079,2352
1079,2995
1079,3119
1079,3356
1079,3366
1079,3405
1079,3569
1079,4470
1079,4656
1079,4761
1079,4896
1079,4910
1080,1116
1080,1237
1080,1668
1080,1693
1080,2234
1080,2675
1080,3483
1080,3573
1080,3854
1080,3915
1080,4170
1080,4335
1080,4368
1080,4529
1080,4664
1080,4686
1080,4776
1080,4938
1080,4984
1081,1340
1081,1515
1081,1863
1081,2221
1081,2524
1081,2689
1081,2836
1081,2942
1081,3226
1081,3258
1081,3996
1081,4713
1081,4755
1081,4819
1081,4866
1081,4881
1081,4998
1082,1296
1082,1459
1082,1473
1082,1649
1082,1878
1082,1961
1082,2028
1082,2120
1082,2377
1082,2894
1082,2963
1082,3130
1082,3196
1082,3345
1082,3443
1082,3971
1082,4000
1082,4141
1082,4328
1082,4526
1082,4632
1083,1147
1083,1242
1083,1501
1083,1588
1083,1642
1083,1809
1083,1813
1083,2292
1083,2408
1083,2449
1083,2634
1083,2664
1083,2693
1083,2962
1083,3016
1083,3092
1083,3164
1083,3252
1083,3467
1083,3596
1083,3765
1083,3830
1083,3847
1083,3872
1083,4178
1083,4542
1083,4752
1084,1217
1084,1220
1084,1701
1084,1733
1084,1777
1084,2033
1084,2184
1084,2231
1084,2429
1084,2488
1084,3002
1084,3029
1084,3196
1084,3226
1084,3487
1084,3726
1084,3742
1084,3821
1084,4022
1084,4069
1084,4256
1084,4628
1084,4770
1084,4937
1085,1140
1085,1208
1085,1714
1085,1758
1085,2460
1085,2566
1085,2593
1085,3079
1085,3623
1085,3702
1085,3705
1085,3984
1085,4076
1085,4258
1085,4418
1085,4515
1085,4752
1086,1368
1086,1648
1086,1717
1086,1807
1086,2086
1086,2269
1086,2848
1086,3085
1086,3152
1086,3193
1086,3245
1086,3611
1086,4125
1086,4706
1086,4725
1086,4809
1087,1142
1087,1192
1087,1201
1087,1228
1087,1322
1087,1591
1087,1593
1087,1751
1087,1810
1087,2456
1087,3138
1087,3391
1087,3459
1087,4376
1087,4516
1087,4623
1087,4973
1088,1256
1088,1296
1088,1386
1088,1606
1088,1637
1088,1679
1088,2222
1088,2236
1088,2440
1088,2662
1088,2719
1088,3338
1088,3407
1088,3840
1088,3972
1088,4204
1088,4437
1088,4454
1088,4484
1088,4827
1088,4892
1088,4966
1089,1594
1089,1783
1089,1898
1089,2015
1089,2235
1089,2314
1089,2395
1089,2605
1089,2670
1089,2715
1089,2757
1089,2896
1089,2923
1089,2993
1089,3206
1089,3266
1089,4145
1089,4318
1089,4483
1089,4642
1089,4864
1089,4885
1090,1092
1090,1654
1090,1724
1090,1833
1090,2856
1090,3084
1090,3155
1090,3328
1090,3635
1090,3844
1090,4609
1090,4687
1090,4729
1090,4831
1090,4865
1091,1523
1091,1612
1091,1734
1091,2522
1091,2725
1091,2910
1091,3203
1091,4045
1091,4562
1091,4675
1092,1253
1092,1290
1092,1309
1092,1322
1092,1807
1092,1892
1092,2265
1092,2589
1092,2725
1092,2769
1092,3186
1092,3445
1092,3595
1092,3742
1092,3792
1092,4217
1092,4707
1093,1106
1093,1184
1093,1228
1093,1764
1093,1877
1093,1965
1093,2055
1093,2293
1093,2304
1093,2329
1093,2468
1093,2571
1093,3363
1093,3449
1093,4456
1094,1214
1094,1526
1094,1606
1094,1679
1094,2074
1094,2293
1094,2578
1094,2815
1094,2849
1094,3059
1094,3091
1094,3143
1094,3300
1094,3429
1094,3910
1094,4063
1094,4177
1094,4200
1094,4367
1094,4435
1094,4924
1094,4941
1095,1227
1095,1357
1095,1704
1095,1833
1095,2155
1095,2208
1095,2287
1095,2458
1095,2475
1095,2592
1095,2667
1095,2913
1095,2961
1095,3018
1095,3482
1095,3591
1095,3699
1095,3855
1095,3908
1095,4170
1095,4209
1095,4251
1095,4891
1096,1700
1096,1702
1096,1889
1096,2066
1096,2200
1096,2668
1096,2680
1096,2754
1096,3841
1096,4051
1096,4270
1096,4349
1096,4357
1096,4419
1096,4693
1096,4953
1096,4987
1097,1312
1097,1944
1097,2404
1097,2527
1097,2730
1097,2844
1097,3085
1097,3178
1097,3234
1097,3242
1097,3432
1097,3978
1097,3987
1097,4345
1097,4737
1097,4985
1098,1184
1098,1194
1098,1305
1098,1460
1098,1606
1098,1608
1098,1667
1098,1814
1098,1867
1098,2061
1098,2122
1098,2131
1098,2600
1098,2991
1098,3048
1098,3244
1098,3284
1098,3319
1098,3706
1098,3759
1098,3808
1098,4029
1098,4280
1098,4578
1098,4976
1099,1466
1099,1525
1099,2360
1099,2471
1099,2805
1099,3058
1099,3663
1099,3848
1099,3944
1099,4231
1099,4565
1099,4673
1099,4961
1100,1264
1100,1388
1100,1429
1100,1640
1100,1768
1100,1890
1100,2100
1100,2688
1100,2882
1100,2911
1100,3024
1100,3296
1100,3358
1100,3371
1100,3720
1100,3785
1100,3793
1100,3856
1101,1103
1101,1121
1101,1162
1101,1441
1101,1582
1101,1643
1101,1689
1101,2020
1101,2028
1101,2269
1101,2300
1101,2309
1101,2459
1101,2542
1101,2915
1101,2916
1101,2959
1101,3128
1101,3327
1101,3687
1101,3807
1101,4132
1101,4639
1101,4899
1101,4950
1102,1110
1102,1437
1102,1680
1102,2119
1102,2992
1102,3190
1102,3847
1102,4246
1102,4832
1102,4875
1103,2130
1103,2363
1103,2668
1103,2780
1103,3698
1103,3938
1103,4382
1103,4955
1103,4986
1104,1169
1104,1330
1104,1602
1104,1936
1104,2120
1104,2289
1104,2350
1104,2439
1104,2494
1104,2510
1104,2667
1104,2810
1104,2998
1104,3274
1104,3319
1104,3743
1104,3795
1104,3869
1104,3942
1104,4591
1104,4606
1104,4789
1105,1196
1105,1905
1105,1954
1105,1971
1105,2385
1105,2451
1105,2460
1105,2853
1105,3013
1105,3420
1105,3719
1105,4037
1105,4098
1105,4182
1105,4326
1106,1320
1106,1547
1106,2030
1106,2083
1106,2162
1106,2331
1106,2419
1106,2922
1106,3267
1106,3370
1106,3719
1106,4123
1106,4269
1106,4405
1106,4880
1107,1202
1107,1224
1107,1306
1107,1383
1107,1760
1107,1769
1107,1846
1107,1910
1107,2203
1107,2483
1107,2827
1107,2897
1107,3002
1107,3216
1107,3230
1107,3411
1107,3544
1107,3655
1107,3702
1107,4159
1107,4384
1107,4468
1107,4618
1107,4687
1108,1115
1108,1157
1108,1285
1108,1555
1108,1851
1108,1942
1108,2029
1108,2254
1108,2349
1108,2393
1108,2401
1108,2498
1108,2908
1108,3158
1108,3213
1108,3521
1108,3734
1108,3862
1108,4092
1108,4156
1108,4269
1108,4316
1108,4322
1108,4336
1108,4380
1108,4464
1108,4498
1108,4621
1108,4640
1108,4662
1109,1183
1109,1239
1109,1269
1109,1544
1109,1808
1109,1930
1109,2024
1109,2222
1109,2429
1109,2439
1109,2632
1109,3132
1109,3384
1109,3574
1109,3637
1109,3736
1109,3737
1109,3851
1109,4046
1109,4147
1109,4365
1109,4671
1110,1145
1110,1471
1110,1883
1110,1964
1110,2083
1110,2088
1110,2206
1110,2561
1110,2586
1110,2840
1110,3022
1110,3044
1110,3321
1110,3500
1110,3639
1110,4004
1110,4024
1110,4534
1110,4718
1110,4997
1111,1320
1111,1360
1111,1788
1111,1840
1111,1857
1111,2062
1111,2103
1111,2439
1111,2491
1111,2584
1111,2650
1111,2746
1111,3090
1111,3120
1111,3363
1111,3645
1111,3743
1111,3952
1111,4016
1111,4312
1111,4343
1111,4709
1111,4739
1111,4769
1112,1192
1112,1322
1112,1347
1112,1496
1112,1735
1112,1787
1112,1992
1112,1994
1112,2230
1112,2238
1112,2809
1112,2825
1112,3252
1112,3633
1112,3968
1112,4044
1112,4105
1112,4345
1112,4455
1112,4687
1113,1321
1113,1627
1113,2109
1113,2613
1113,2982
1113,3187
1113,3430
1113,3502
1113,3533
1113,3574
1113,3679
1113,3807
1113,4424
1114,1424
1114,1576
1114,1811
1114,2188
1114,2302
1114,2381
1114,2552
1114,2626
1114,2690
1114,2796
1114,2866
1114,3154
1114,3166
1114,3200
1114,3329
1114,3350
1114,3382
1114,3387
1114,3536
1114,3689
1114,3894
1114,3944
1114,4255
1114,4258
1114,4437
1114,4544
1114,4545
1114,4889
1115,1417
1115,1661
1115,1894
1115,1999
1115,2114
1115,2148
1115,2381
1115,2387
1115,2588
1115,2637
1115,2934
1115,3869
1115,4429
1115,4522
1115,4736
1116,1117
1116,1177
1116,1272
1116,1381
1116,1520
1116,1738
1116,1899
1116,1963
1116,2035
1116,2040
1116,2172
1116,2726
1116,2881
1116,3576
1116,3721
1116,3992
1116,4035
1116,4595
1116,4603
1116,4708
1116,4773
1116,4883
1116,4910
1116,4939
1117,1152
1117,1258
1117,1328
1117,1683
1117,1838
1117,1892
1117,2545
1117,2946
1117,3006
1117,3657
1117,4364
1117,4752
1117,4773
1118,1342
1118,1560
1118,1577
1118,1926
1118,2433
1118,2606
1118,2854
1118,2979
1118,3069
1118,3077
1118,3157
1118,3319
1118,3493
1118,3801
1118,4096
1118,4523
1118,4576
1118,4909
1119,1312
1119,1704
1119,1814
1119,2251
1119,2276
1119,2382
1119,2536
1119,2640
1119,2834
1119,3088
1119,3233
1119,3547
1119,3691
1119,3907
1119,3961
1119,4141
1119,4239
1119,4412
1119,4439
1119,4492
1119,4578
1120,1210
1120,1554
1120,1734
1120,1762
1120,2415
1120,2474
1120,2686
1120,3578
1120,3619
1120,3716
1120,3949
1120,4308
1120,4313
1120,4320
1120,4791
1121,1196
1121,1271
1121,1296
1121,1530
1121,1615
1121,1729
1121,1944
1121,2006
1121,2309
1121,2418
1121,2453
1121,2539
1121,3159
1121,3211
1121,3392
1121,3449
1121,3643
1121,4198
1121,4362
1121,4482
1122,1148
1122,1348
1122,1596
1122,2130
1122,2242
1122,2734
1122,2815
1122,2922
1122,2935
1122,3283
1122,3833
1122,4194
1122,4630
1122,4677
1123,1158
1123,1446
1123,1584
1123,1682
1123,1857
1123,2142
1123,2147
1123,2153
1123,2363
1123,2531
1123,2578
1123,2807
1123,3096
1123,3364
1123,3411
1123,3725
1123,3940
1123,4007
1123,4353
1123,4388
1123,4389
1123,4700
1123,4954
1124,1243
1124,1802
1124,2699
1124,2775
1124,3223
1124,3613
1124,3718
1124,3763
1124,3868
1124,4009
1124,4118
1124,4690
1125,1150
1125,1163
1125,1383
1125,1534
1125,2096
1125,2254
1125,2291
1125,2468
1125,2676
1125,2830
1125,2865
1125,2943
1125,3890
1125,3953
1125,3989
1125,4182
1125,4443
1125,4679
1125,4953
1126,1183
1126,1293
1126,1362
1126,1407
1126,2146
1126,2386
1126,2813
1126,2969
1126,3009
1126,3180
1126,3539
1126,3587
1126,3806
1126,3837
1126,3855
1126,4028
1126,4227
1126,4415
1126,4718
1126,4802
1127,1665
1127,1951
1127,1957
1127,2500
1127,2700
1127,3058
1127,3117
1127,3261
1127,3267
1127,3632
1127,3823
1127,3858
1127,4203
1127,4231
1128,1670
1128,1894
1128,1997
1128,2052
1128,2090
1128,2832
1128,3071
1128,3078
1128,3196
1128,3686
1128,3812
1128,4034
1128,4122
1128,4453
1128,4924
1128,4959
1128,4978
1129,1312
1129,1827
1129,1958
1129,2215
1129,2356
1129,2429
1129,2633
1129,2850
1129,2947
1129,3621
1129,3729
1129,3957
1129,4034
1129,4167
1129,4261
1129,4297
1129,4612
1129,4697
1129,4812
1129,4960
1130,1408
1130,1611
1130,1799
1130,2657
1130,3183
1130,3645
1130,4252
1130,4357
1130,4768
1131,1562
1131,1564
1131,1595
1131,2006
1131,2497
1131,2811
1131,2944
1131,3085
1131,3123
1131,3656
1131,3748
1131,3856
1131,3981
1131,4385
1131,4446
1131,4480
1131,4877
1132,1172
1132,1559
1132,1681
1132,1691
1132,1787
1132,2064
1132,2247
1132,2270
1132,2678
1132,2760
1132,2840
1132,2842
1132,2940
1132,3712
1132,4317
1132,4612
1132,4861
1132,4952
1133,1455
1133,1721
1133,1990
1133,2091
1133,2199
1133,2255
1133,2380
1133,2389
1133,2462
1133,2592
1133,3003
1133,3109
1133,3502
1133,3512
1133,3591
1133,3817
1133,4033
1133,4192
1133,4457
1134,1168
1134,1217
1134,1831
1134,1835
1134,1918
1134,1928
1134,1996
1134,2247
1134,2438
1134,2442
1134,2495
1134,2575
1134,2645
1134,2903
1134,2964
1134,3412
1134,4192
1134,4240
1134,4741
1134,4828
1134,4846
1135,1277
1135,1302
1135,1389
1135,1427
1135,1479
1135,1483
1135,1622
1135,1921
1135,1967
1135,2241
1135,2415
1135,2769
1135,3068
1135,3235
1135,3252
1135,3380
1135,3478
1135,3500
1135,3510
1135,3609
1135,3749
1135,3852
1135,4013
1135,4202
1135,4593
1135,4702
1136,1333
1136,1373
1136,1781
1136,1824
1136,1923
1136,1933
1136,1965
1136,2104
1136,2199
1136,2232
1136,2440
1136,2903
1136,4407
1136,4580
1137,1229
1137,1500
1137,1582
1137,1585
1137,1840
1137,1875
1137,2028
1137,2208
1137,2251
1137,2266
1137,2486
1137,2489
1137,2553
1137,2635
1137,2853
1137,3117
1137,3265
1137,3267
1137,3486
1137,3755
1137,3827
1137,4470
1137,4875
1137,4902
1137,4974
1138,1570
1138,1611
1138,1612
1138,1793
1138,1817
1138,1866
1138,1928
1138,2530
1138,3576
1138,3660
1138,4022
1138,4115
1138,4235
1138,4285
1138,4326
1138,4404
1138,4601
1138,4714
1138,4758
1138,4815
1138,4923
1139,1435
1139,1732
1139,1824
1139,2003
1139,2214
1139,2452
1139,3147
1139,3777
1139,4027
1139,4126
1139,4277
1139,4295
1139,4527
1139,4611
1139,4625
1139,4717
1140,1272
1140,1606
1140,1621
1140,1740
1140,1821
1140,1869
1140,1994
1140,2108
1140,2459
1140,2494
1140,2826
1140,2972
1140,3263
1140,3310
1140,3351
1140,3668
1140,3672
1140,3734
1140,4110
1140,4185
1140,4266
1140,4632
1140,4941
1141,1608
1141,1956
1141,2053
1141,2183
1141,2253
1141,2262
1141,2438
1141,2444
1141,2556
1141,2620
1141,4032
1141,4163
1141,4203
1141,4322
1142,1293
1142,1398
1142,1417
1142,1459
1142,1684
1142,2509
1142,2556
1142,2622
1142,2753
1142,2901
1142,2938
1142,3106
1142,3250
1142,3381
1142,3661
1142,3745
1142,3923
1142,4161
1142,4204
1142,4230
1142,4422
1142,4841
1142,4906
1143,1265
1143,1948
1143,2054
1143,2165
1143,2526
1143,2632
1143,3005
1143,3231
1143,3325
1143,3740
1143,3983
1143,4000
1143,4554
1143,4948
1144,1286
1144,1291
1144,1810
1144,1866
1144,2026
1144,2362
1144,2371
1144,2809
1144,2990
1144,3309
1144,3715
1144,3897
1144,4124
1144,4687
1144,4719
1144,4802
1145,1240
1145,1276
1145,1325
1145,1576
1145,2116
1145,2229
1145,2534
1145,3153
1145,3495
1145,3650
1145,3746
1145,3836
1145,3839
1145,3842
1145,3867
1145,3974
1145,4142
1145,4250
1145,4483
1145,4996
1146,1525
1146,1597
1146,1675
1146,1904
1146,2208
1146,2337
1146,2875
1146,3080
1146,3228
1146,3740
1146,4223
1146,4273
1146,4355
1146,4517
1146,4664
1146,4680
1146,4681
1146,4963
1147,1377
1147,1660
1147,1876
1147,2064
1147,2137
1147,2303
1147,2421
1147,2502
1147,2765
1147,2981
1147,3191
1147,3381
1147,3442
1147,3529
1147,3702
1147,3730
1147,3978
1147,4282
1147,4431
1147,4819
1148,1535
1148,1612
1148,1828
1148,1868
1148,1912
1148,2058
1148,2111
1148,2112
1148,2554
1148,2572
1148,2655
1148,2757
1148,2834
1148,3178
1148,3350
1148,3512
1148,3775
1148,3986
1148,4028
1148,4111
1148,4138
1148,4244
1148,4286
1148,4680
1148,4970
1149,1193
1149,1203
1149,1836
1149,2334
1149,2396
1149,2470
1149,2637
1149,2671
1149,2878
1149,2931
1149,3214
1149,3295
1149,3586
1149,3758
1149,3814
1149,4369
1149,4595
1149,4600
1149,4892
1150,1705
1150,1776
1150,2247
1150,2371
1150,2702
1150,2707
1150,2978
1150,3271
1150,3618
1150,3945
1150,3994
1150,4092
1150,4093
1150,4500
1150,4889
1151,1512
1151,1726
1151,1890
1151,1912
1151,2074
1151,2218
1151,2331
1151,2365
1151,2617
1151,2622
1151,2669
1151,2873
1151,2887
1151,3180
1151,3600
1151,3897
1151,4091
1151,4157
1151,4519
1151,4591
1152,1558
1152,1682
1152,1850
1152,2044
1152,2049
1152,2194
1152,2336
1152,2833
1152,2965
1152,3073
1152,3400
1152,4206
1152,4246
1152,4526
1152,4734
1152,4861
1153,1226
1153,1330
1153,1438
1153,1569
1153,2436
1153,2812
1153,3180
1153,3476
1153,3812
1153,3861
1153,3915
1153,4781
1153,4948
1154,1484
1154,2334
1154,2613
1154,2679
1154,2944
1154,3091
1154,3119
1154,3161
1154,3261
1154,3867
1154,3962
1154,4053
1154,4070
1154,4566
1154,4571
1154,4638
1155,1239
1155,1291
1155,1964
1155,2163
1155,2277
1155,2929
1155,3569
1155,3781
1155,3805
1155,4409
1155,4572
1156,1232
1156,1247
1156,1575
1156,2826
1156,3056
1156,3327
1156,3449
1156,3575
1156,3857
1156,3888
1156,3925
1156,3947
1156,4217
1156,4321
1156,4747
1156,4789
1156,4839
1157,1318
1157,1498
1157,1601
1157,1699
1157,1800
1157,2111
1157,2595
1157,2687
1157,2869
1157,2928
1157,3005
1157,3476
1157,3746
1158,1226
1158,1561
1158,1633
1158,1834
1158,2108
1158,2169
1158,2493
1158,2684
1158,2710
1158,2831
1158,3297
1158,3748
1158,3913
1158,4125
1158,4139
1158,4357
1158,4742
1159,1277
1159,1879
1159,2007
1159,2138
1159,2437
1159,2455
1159,2535
1159,3043
1159,3214
1159,4766
1159,4803
1159,4928
1160,1273
1160,1472
1160,1647
1160,1935
1160,1961
1160,2019
1160,2202
1160,2265
1160,2311
1160,2371
1160,2437
1160,2703
1160,2763
1160,2781
1160,2823
1160,3174
1160,3235
1160,3270
1160,4267
1160,4405
1160,4597
1160,4616
1160,4714
1161,1221
1161,1269
1161,1310
1161,1601
1161,1760
1161,1792
1161,2333
1161,2488
1161,3085
1161,3603
1161,3795
1161,3951
1161,4151
1161,4197
1161,4263
1161,4334
1161,4570
1162,1312
1162,1360
1162,1421
1162,1572
1162,1758
1162,1888
1162,2751
1162,2976
1162,3220
1162,3527
1162,3665
1162,3752
1162,4285
1162,4336
1162,4579
1162,4800
1163,1621
1163,1848
1163,1849
1163,1895
1163,2047
1163,2119
1163,2144
1163,2145
1163,2222
1163,2370
1163,2618
1163,2798
1163,2885
1163,2907
1163,3079
1163,3374
1163,3430
1163,3537
1163,3585
1163,3703
1163,4050
1163,4066
1163,4157
1163,4228
1163,4470
1163,4477
1163,4532
1163,4591
1163,4613
1163,4865
1163,4869
1163,4938
1163,4960
1164,1526
1164,1849
1164,1926
1164,2359
1164,2416
1164,2548
1164,2638
1164,2661
1164,3013
1164,3153
1164,3492
1164,3666
1164,3867
1164,4113
1164,4293
1164,4346
1164,4436
1164,4698
1164,4705
1164,4848
1165,1313
1165,1542
1165,1613
1165,1859
1165,1934
1165,2035
1165,2145
1165,2156
1165,2195
1165,2264
1165,2326
1165,2439
1165,2721
1165,2850
1165,3184
1165,3366
1165,3381
1165,3548
1165,3660
1165,3674
1165,3905
1165,3990
1165,4118
1165,4370
1165,4462
1165,4486
1165,4609
1165,4618
1165,4871
1165,4908
1166,1230
1166,1540
1166,1912
1166,2239
1166,2827
1166,3106
1166,3193
1166,3862
1166,3936
1166,4294
1166,4795
1167,1323
1167,1758
1167,1829
1167,1968
1167,1991
1167,2005
1167,2088
1167,2434
1167,2496
1167,2503
1167,2550
1167,2594
1167,2847
1167,3031
1167,3338
1167,3374
1167,3756
1167,3958
1167,4034
1167,4308
1167,4322
1167,4847
1167,4860
1167,4922
1168,1344
1168,1439
1168,1569
1168,1600
1168,1664
1168,1877
1168,2046
1168,2372
1168,2675
1168,2849
1168,2917
1168,2961
1168,2968
1168,3207
1168,3428
1168,3678
1168,3705
1168,3767
1168,3991
1168,4107
1168,4237
1168,4429
1168,4630
1168,4849
1169,1309
1169,1453
1169,1480
1169,1515
1169,1644
1169,1647
1169,1675
1169,1716
1169,1912
1169,1923
1169,2261
1169,2404
1169,2430
1169,2965
1169,3044
1169,3216
1169,3356
1169,3689
1169,3781
1169,4097
1169,4253
1169,4261
1169,4429
1169,4442
1169,4468
1169,4498
1169,4652
1169,4763
1169,4793
1169,4858
1169,4915
1170,1960
1170,2322
1170,2345
1170,2627
1170,2938
1170,3092
1170,3165
1170,3495
1170,3717
1170,3783
1170,4261
1170,4320
1170,4604
1170,4658
1170,4713
1170,4788
1171,1303
1171,1400
1171,1972
1171,2035
1171,2521
1171,2660
1171,2782
1171,2919
1171,3350
1171,3989
1171,4227
1171,4723
1171,4825
1171,4888
1172,1188
1172,1189
1172,1339
1172,1915
1172,1937
1172,2125
1172,2175
1172,2423
1172,2621
1172,2675
1172,2983
1172,3131
1172,3422
1172,3619
1172,3803
1172,4037
1172,4584
1173,1210
1173,1500
1173,1580
1173,1988
1173,1993
1173,2101
1173,2249
1173,2522
1173,2727
1173,2938
1173,3140
1173,3326
1173,3744
1173,4200
1173,4246
1173,4405
1173,4653
1173,4671
1173,4753
1173,4782
1173,4976
1174,1560
1174,1602
1174,2167
1174,2385
1174,2389
1174,2423
1174,2637
1174,2732
1174,2833
1174,3048
1174,3297
1174,3325
1174,3552
1174,3693
1174,4265
1174,4301
1174,4342
1174,4471
1174,4552
1174,4644
1174,4902
1175,1271
1175,1416
1175,1662
1175,1853
1175,1861
1175,1890
1175,1919
1175,2086
1175,2146
1175,2169
1175,2660
1175,2927
1175,3662
1175,3864
1175,4101
1175,4540
1175,4944
1176,1359
1176,1556
1176,1613
1176,1661
1176,2007
1176,2113
1176,2157
1176,2229
1176,2357
1176,2698
1176,3255
1176,3431
1176,3521
1176,3721
1176,3757
1176,3966
1176,4278
1176,4387
1176,4420
1176,4466
1176,4528
1176,4684
1176,4842
1177,1178
1177,1425
1177,1473
1177,1986
1177,2143
1177,2167
1177,2269
1177,2600
1177,2668
1177,2691
1177,3243
1177,3575
1177,3966
1177,4466
1177,4798
1178,1180
1178,1197
1178,1301
1178,1575
1178,1937
1178,2056
1178,2719
1178,3143
1178,3203
1178,3289
1178,3598
1178,3653
1178,3754
1178,3988
1178,4706
1178,4834
1179,1212
1179,1336
1179,1498
1179,1533
1179,1534
1179,1638
1179,1776
1179,2233
1179,3052
1179,3144
1179,3159
1179,3344
1179,3745
1179,3931
1179,3951
1179,4248
1179,4526
1179,4695
1180,1257
1180,1585
1180,2028
1180,2415
1180,2967
1180,3475
1180,3523
1180,3870
1180,4048
1180,4165
1180,4556
1180,4582
1180,4989
1181,1184
1181,1202
1181,1208
1181,1527
1181,1916
1181,2060
1181,2664
1181,2940
1181,3476
1181,3609
1181,3767
1181,3877
1181,3912
1181,3983
1181,4200
1182,1208
1182,1214
1182,1275
1182,1331
1182,1724
1182,2790
1182,3314
1182,3372
1182,3804
1182,4255
1182,4409
1182,4657
1182,4755
1183,1280
1183,1458
1183,1483
1183,1668
1183,1958
1183,2301
1183,2637
1183,2828
1183,2894
1183,2950
1183,3272
1183,3411
1183,3979
1183,4028
1183,4479
1184,1863
1184,2157
1184,2678
1184,2966
1184,3109
1184,3370
1184,4171
1184,4288
1184,4320
1184,4341
1184,4573
1184,4787
1184,4820
1184,4823
1184,4874
1184,4899
1185,1500
1185,1671
1185,1763
1185,1783
1185,1820
1185,1941
1185,1972
1185,2209
1185,2425
1185,2434
1185,2829
1185,2961
1185,3004
1185,3237
1185,3365
1185,3691
1185,3747
1185,3849
1185,4575
1185,4755
1185,4782
1185,4865
1186,1332
1186,1451
1186,2000
1186,2085
1186,2388
1186,2539
1186,2665
1186,2775
1186,2892
1186,3007
1186,3015
1186,3136
1186,3303
1186,3315
1186,3332
1186,3701
1186,3800
1186,3974
1186,4285
1186,4541
1186,4568
1186,4659
1187,1431
1187,1634
1187,2329
1187,2356
1187,2517
1187,3446
1187,3587
1187,3761
1187,4212
1187,4495
1187,4555
1187,4826
1187,4919
1188,1463
1188,1464
1188,1479
1188,1751
1188,1765
1188,1922
1188,2679
1188,2972
1188,2991
1188,3280
1188,3379
1188,3599
1188,3605
1188,3661
1188,3872
1188,4063
1188,4073
1188,4224
1188,4416
1188,4466
1189,1388
1189,1478
1189,1520
1189,2101
1189,2308
1189,2460
1189,2521
1189,2879
1189,3168
1189,3435
1189,3438
1189,3562
1189,4011
1189,4030
1189,4098
1189,4460
1189,4698
1189,4956
1190,1634
1190,1697
1190,3331
1190,3434
1190,3612
1190,3699
1190,3742
1190,3966
1190,4097
1190,4118
1190,4931
1190,4941
1191,1327
1191,1578
1191,1689
1191,1788
1191,2025
1191,2176
1191,2758
1191,3154
1191,3801
1191,4191
1191,4293
1191,4544
1192,1472
1192,1567
1192,1581
1192,1582
1192,1661
1192,2010
1192,2282
1192,2424
1192,2724
1192,2924
1192,3180
1192,3285
1192,3318
1192,3479
1192,3488
1192,3767
1192,3781
1192,4329
1192,4408
1192,4547
1192,4675
1192,4780
1192,4915
1193,1529
1193,1661
1193,1946
1193,2454
1193,3648
1193,4049
1193,4073
1193,4103
1193,4378
1193,4616
1193,4994
1194,1499
1194,1798
1194,2070
1194,2099
1194,2471
1194,2617
1194,3069
1194,3301
1194,3446
1194,3706
1194,3759
1194,4231
1194,4471
1194,4657
1195,1463
1195,2424
1195,2520
1195,2701
1195,3159
1195,3248
1195,3942
1195,4374
1195,4409
1195,4612
1195,4810
1196,1733
1196,1781
1196,1945
1196,1959
1196,2051
1196,2433
1196,2631
1196,2854
1196,2930
1196,3008
1196,3027
1196,3117
1196,3341
1196,3985
1196,4105
1196,4634
1196,4714
1197,1272
1197,1426
1197,1624
1197,1634
1197,2478
1197,2534
1197,2775
1197,3017
1197,3159
1197,3492
1197,3579
1197,3888
1197,4029
1197,4150
1197,4296
1197,4434
1197,4466
1197,4559
1197,4728
1197,4775
1197,4802
1198,1261
1198,1346
1198,1351
1198,1415
1198,1561
1198,1685
1198,1754
1198,1765
1198,1772
1198,2076
1198,2089
1198,2481
1198,2747
1198,2751
1198,2860
1198,2977
1198,3019
1198,3129
1198,3250
1198,3279
1198,3440
1198,3485
1198,3675
1198,3807
1198,3991
1198,4345
1198,4390
1198,4653
1198,4970
1199,1451
1199,1453
1199,1465
1199,1503
1199,1541
1199,1732
1199,1839
1199,2046
1199,2060
1199,2254
1199,2376
1199,2617
1199,3047
1199,3730
1199,3811
1199,3904
1199,3985
1199,4244
1199,4276
1199,4334
1199,4413
1199,4550
1199,4740
1200,1348
1200,1445
1200,1453
1200,1530
1200,1728
1200,2028
1200,2349
1200,2920
1200,3188
1200,3197
1200,3320
1200,4288
1200,4289
1200,4986
1200,4987
1201,1545
1201,1659
1201,2000
1201,2094
1201,2123
1201,2271
1201,2300
1201,2436
1201,2525
1201,2611
1201,2850
1201,2865
1201,2897
1201,3100
1201,3287
1201,3531
1201,4235
1201,4251
1201,4632
1201,4766
1201,4784
1201,4979
1202,1248
1202,1252
1202,1354
1202,1382
1202,1691
1202,1844
1202,2010
1202,2168
1202,2396
1202,2546
1202,2776
1202,3095
1202,3366
1202,3514
1202,3558
1202,3671
1202,3772
1202,3812
1202,3834
1202,4012
1202,4107
1202,4127
1202,4641
1202,4723
1202,4755
1202,4786
1202,4858
1202,4890
1202,4910
1202,4992
1203,1845
1203,1904
1203,2132
1203,2449
1203,2505
1203,2633
1203,2861
1203,2927
1203,3001
1203,3015
1203,3149
1203,3456
1203,3854
1203,3966
1203,4120
1203,4868
1203,4916
1204,1325
1204,1762
1204,1985
1204,2120
1204,2220
1204,2498
1204,2833
1204,2915
1204,2991
1204,3087
1204,3298
1204,3317
1204,3903
1204,4874
1204,4906
1205,1349
1205,1472
1205,1612
1205,1752
1205,1775
1205,1921
1205,2013
1205,2167
1205,2313
1205,2335
1205,2478
1205,2661
1205,2724
1205,2782
1205,2834
1205,2919
1205,3485
1205,3739
1205,3769
1205,3921
1205,4058
1205,4244
1205,4393
1205,4722
1205,4892
1206,1258
1206,1291
1206,1314
1206,1492
1206,1507
1206,1745
1206,1949
1206,2310
1206,2334
1206,2661
1206,2725
1206,2741
1206,2797
1206,3094
1206,3145
1206,3699
1206,4114
1206,4161
1206,4323
1206,4427
1206,4806
1207,1262
1207,1343
1207,1960
1207,2340
1207,2400
1207,2411
1207,2610
1207,2944
1207,2975
1207,3001
1207,3046
1207,3205
1207,3322
1207,3399
1207,3504
1207,3608
1207,4575
1207,4844
1208,1428
1208,1696
1208,1741
1208,1801
1208,1866
1208,1941
1208,2045
1208,2072
1208,2422
1208,2534
1208,2540
1208,2751
1208,2878
1208,3309
1208,3620
1208,3736
1208,3791
1208,3817
1208,3838
1208,4045
1208,4155
1208,4405
1208,4618
1208,4692
1208,4761
1209,1228
1209,1267
1209,2028
1209,2255
1209,2380
1209,2925
1209,3362
1209,3846
1209,3877
1209,3930
1209,4486
1209,4571
1209,4777
1209,4963
1210,1463
1210,1817
1210,1910
1210,2056
1210,2314
1210,2362
1210,2545
1210,2689
1210,3251
1210,3613
1210,3630
1210,3667
1210,3765
1210,3828
1210,3928
1210,4354
1210,4434
1210,4489
1210,4548
1210,4858
1210,4976
1211,1394
1211,1888
1211,2027
1211,2066
1211,2094
1211,2258
1211,2472
1211,2601
1211,2712
1211,2771
1211,2869
1211,2963
1211,3154
1211,3309
1211,3876
1211,3918
1211,4224
1212,1858
1212,2016
1212,2032
1212,2190
1212,2208
1212,2263
1212,2470
1212,2950
1212,3185
1212,3213
1212,3301
1212,3811
1212,4189
1212,4220
1212,4479
1212,4653
1212,4655
1212,4691
1212,4878
1212,4893
1212,4917
1213,1225
1213,1322
1213,1326
1213,1436
1213,1700
1213,1750
1213,2232
1213,2319
1213,2342
1213,2364
1213,2367
1213,2836
1213,2947
1213,2964
1213,3518
1213,3868
1213,4108
1213,4131
1213,4284
1213,4338
1213,4523
1214,1887
1214,1915
1214,2088
1214,2195
1214,2902
1214,2961
1214,2977
1214,3155
1214,3527
1214,3774
1214,3813
1214,4246
1214,4344
1214,4548
1214,4629
1214,4775
1214,4821
1215,2198
1215,2818
1215,3118
1215,3215
1215,3599
1215,3605
1215,3648
1215,3770
1215,3884
1215,4063
1215,4176
1215,4352
1215,4387
1215,4638
1215,4988
1216,1528
1216,2037
1216,2056
1216,2264
1216,2302
1216,2705
1216,2771
1216,3263
1216,3293
1216,3626
1216,3851
1216,4031
1216,4100
1217,1263
1217,1463
1217,1959
1217,2088
1217,2709
1217,2806
1217,2973
1217,3152
1217,3179
1217,3431
1217,3465
1217,3886
1217,4187
1217,4188
1217,4304
1217,4344
1218,1340
1218,1504
1218,1506
1218,1954
1218,2144
1218,2280
1218,2364
1218,2371
1218,2451
1218,2475
1218,2629
1218,2883
1218,3281
1218,3396
1218,3545
1218,3895
1218,4158
1218,4319
1218,4344
1218,4630
1218,4683
1218,4765
1219,1497
1219,1808
1219,1821
1219,2254
1219,2334
1219,2398
1219,2453
1219,2678
1219,2887
1219,3603
1219,3997
1219,4972
1219,4976
1220,1293
1220,2083
1220,2100
1220,2621
1220,2867
1220,3113
1220,3150
1220,3342
1220,3344
1220,3440
1220,3480
1220,3718
1220,3791
1220,3887
1220,3998
1220,4010
1220,4361
1220,4365
1220,4378
1220,4660
1221,1345
1221,1356
1221,1592
1221,1599
1221,1880
1221,1914
1221,2654
1221,2710
1221,2837
1221,3748
1221,3886
1221,4048
1221,4071
1221,4082
1221,4192
1221,4212
1221,4216
1221,4249
1221,4278
1221,4430
1221,4474
1221,4675
1222,1370
1222,1746
1222,1832
1222,1970
1222,2222
1222,2343
1222,2524
1222,3070
1222,3520
1222,3629
1222,3717
1222,3764
1222,3832
1222,4066
1222,4500
1222,4637
1222,4703
1222,4722
1222,4838
1223,1253
1223,1646
1223,1789
1223,2006
1223,2267
1223,2276
1223,2845
1223,3117
1223,3579
1223,3618
1223,3640
1223,3700
1223,3887
1223,3948
1223,4153
1223,4448
1223,4761
1224,1464
1224,1670
1224,1885
1224,1995
1224,2056
1224,2061
1224,2158
1224,2499
1224,2564
1224,2695
1224,3013
1224,3093
1224,4004
1224,4042
1224,4244
1224,4330
1224,4423
1224,4739
1224,4866
1225,1405
1225,1502
1225,1675
1225,2063
1225,2295
1225,2450
1225,2481
1225,2492
1225,2957
1225,3184
1225,3195
1225,3366
1225,3421
1225,3764
1225,3799
1225,4223
1225,4746
1225,4995
1226,1355
1226,1891
1226,1914
1226,2126
1226,2177
1226,2260
1226,2290
1226,2295
1226,2473
1226,2571
1226,2594
1226,2871
1226,2944
1226,3058
1226,3365
1226,3563
1226,3722
1226,3836
1226,4082
1226,4693
1226,4884
1226,4970
1226,4974
1227,1755
1227,1773
1227,1867
1227,2058
1227,2075
1227,2145
1227,2242
1227,2252
1227,2376
1227,2711
1227,2798
1227,3604
1227,3607
1227,3828
1227,3832
1227,3889
1227,3893
1227,4093
1227,4127
1227,4454
1227,4702
1228,1490
1228,1863
1228,2225
1228,2543
1228,2789
1228,2830
1228,2837
1228,2864
1228,3190
1228,3486
1228,3572
1228,3929
1228,3965
1228,4002
1228,4021
1228,4313
1228,4434
1229,1402
1229,1467
1229,1632
1229,2015
1229,2491
1229,2614
1229,2911
1229,2928
1229,2945
1229,2990
1229,3102
1229,3642
1229,4214
1229,4742
1229,4940
1230,1376
1230,1656
1230,1686
1230,1825
1230,1910
1230,2019
1230,2113
1230,2209
1230,2583
1230,2888
1230,2929
1230,2938
1230,2960
1230,3303
1230,3409
1230,4028
1230,4091
1230,4161
1230,4528
1230,4630
1230,4811
1230,4813
1230,4995
1231,1297
1231,1378
1231,1608
1231,1775
1231,2020
1231,2082
1231,2324
1231,2339
1231,2676
1231,2811
1231,3184
1231,3263
1231,4164
1231,4266
1231,4297
1231,4666
1232,1272
1232,1429
1232,1517
1232,1635
1232,1709
1232,1919
1232,1921
1232,2047
1232,2230
1232,2302
1232,2455
1232,2610
1232,2909
1232,2974
1232,3249
1232,3318
1232,3568
1232,3627
1232,3823
1232,4086
1232,4395
1232,4504
1232,4705
1232,4767
1232,4946
1233,1292
1233,1312
1233,1494
1233,1793
1233,2055
1233,2164
1233,2172
1233,2246
1233,2828
1233,2927
1233,3148
1233,3270
1233,3456
1233,3480
1233,3536
1233,3723
1233,3792
1233,4571
1233,4603
1233,4639
1233,4857
1234,1426
1234,1642
1234,1773
1234,1834
1234,1843
1234,1995
1234,2015
1234,2112
1234,2680
1234,3327
1234,3525
1234,3660
1234,3956
1234,4034
1234,4480
1234,4754
1234,4786
1234,4939
1234,4981
1235,1685
1235,1814
1235,1818
1235,2171
1235,2431
1235,2699
1235,2890
1235,3080
1235,3153
1235,3219
1235,3479
1235,3742
1235,4067
1235,4309
1235,4390
1235,4416
1235,4453
1235,4458
1235,4607
1235,4699
1235,4852
1235,4907
1236,1326
1236,1346
1236,1392
1236,1544
1236,2068
1236,2755
1236,3102
1236,3130
1236,3325
1236,3549
1236,3779
1236,3780
1236,4137
1236,4161
1236,4186
1236,4624
1236,4701
1236,4714
1236,4861
1236,4904
1236,4922
1236,4949
1237,1646
1237,1788
1237,1791
1237,1899
1237,2002
1237,2018
1237,2248
1237,2278
1237,2460
1237,2628
1237,2860
1237,2943
1237,3229
1237,3325
1237,3389
1237,3605
1237,4093
1237,4183
1237,4433
1237,4546
1237,4586
1237,4739
1237,4816
1237,4832
1237,4955
1237,4968
1238,1296
1238,1492
1238,1520
1238,1662
1238,1805
1238,1872
1238,1944
1238,2086
1238,2237
1238,2420
1238,2497
1238,2828
1238,2868
1238,2946
1238,2952
1238,2969
1238,2973
1238,3462
1238,3584
1238,3612
1238,3897
1238,3929
1238,4101
1238,4186
1238,4353
1238,4372
1238,4551
1238,4561
1238,4702
1238,4851
1238,4943
1238,4968
1239,1965
1239,2143
1239,2178
1239,2284
1239,2607
1239,2730
1239,3076
1239,3108
1239,3299
1239,3556
1239,3816
1239,3893
1239,3897
1239,4131
1239,4322
1239,4327
1239,4360
1239,4608
1240,1339
1240,1556
1240,1586
1240,1664
1240,2037
1240,2356
1240,2424
1240,2543
1240,2559
1240,2579
1240,3095
1240,3102
1240,3435
1240,3524
1240,3594
1240,4069
1240,4335
1240,4537
1240,4739
1240,4988
1241,1658
1241,1665
1241,1841
1241,2162
1241,2406
1241,2930
1241,3355
1241,3423
1241,3752
1241,3946
1241,4099
1241,4762
1242,2013
1242,2122
1242,2216
1242,2434
1242,2450
1242,2471
1242,2613
1242,2843
1242,3112
1242,3219
1242,3265
1242,3722
1242,3890
1242,3934
1242,3985
1242,4032
1242,4109
1242,4216
1242,4237
1242,4723
1242,4833
1243,1384
1243,1649
1243,1731
1243,2007
1243,2050
1243,2115
1243,2369
1243,2445
1243,2687
1243,2796
1243,2894
1243,2997
1243,3134
1243,3288
1243,3401
1243,3559
1243,3623
1243,3803
1243,3817
1243,4044
1243,4327
1243,4483
1243,4489
1243,4849
1244,1367
1244,1567
1244,1615
1244,2100
1244,2439
1244,3097
1244,3349
1244,3405
1244,3571
1244,3616
1244,3704
1244,3757
1244,3774
1244,3815
1244,4005
1244,4523
1244,4538
1244,4878
1245,1457
1245,1682
1245,1756
1245,1788
1245,2122
1245,2133
1245,2340
1245,2464
1245,2526
1245,2587
1245,2688
1245,2749
1245,2924
1245,2957
1245,3173
1245,3328
1245,3693
1245,3723
1245,3743
1245,3813
1245,3903
1245,3919
1245,4070
1245,4114
1245,4329
1245,4970
1246,1324
1246,1337
1246,1430
1246,1451
1246,1678
1246,2166
1246,2409
1246,2535
1246,2706
1246,2766
1246,2892
1246,2931
1246,3042
1246,3249
1246,3766
1246,4002
1246,4038
1246,4124
1246,4197
1246,4311
1246,4474
1246,4597
1247,1430
1247,1550
1247,1555
1247,1665
1247,1670
1247,2019
1247,2062
1247,2064
1247,2214
1247,2379
1247,2411
1247,2517
1247,3033
1247,3264
1247,3464
1247,3479
1247,3533
1247,3595
1247,4067
1247,4332
1247,4727
1247,4789
1247,4933
1248,1590
1248,1939
1248,2006
1248,2183
1248,2381
1248,3008
1248,3498
1248,3509
1248,3572
1248,3573
1248,3581
1248,3821
1248,4014
1248,4019
1248,4556
1248,4871
1249,1784
1249,2081
1249,2097
1249,2134
1249,2162
1249,2252
1249,2257
1249,2375
1249,2419
1249,2565
1249,3081
1249,3112
1249,3337
1249,3513
1249,3521
1249,3531
1249,3610
1249,3673
1249,3866
1249,3880
1249,3918
1249,3935
1249,3961
1249,4053
1249,4152
1249,4339
1249,4446
1249,4915
1250,1886
1250,2216
1250,2324
1250,3213
1250,3963
1250,3987
1250,4391
1250,4894
1250,4979
1251,1771
1251,1826
1251,2174
1251,2363
1251,2960
1251,3040
1251,3088
1251,3129
1251,3389
1251,3513
1251,3586
1251,3702
1251,3841
1251,4049
1251,4053
1251,4126
1251,4297
1251,4553
1251,4973
1251,4975
1252,1275
1252,1499
1252,1648
1252,1716
1252,1805
1252,2018
1252,2170
1252,2388
1252,2452
1252,3296
1252,3617
1252,4055
1252,4137
1252,4264
1252,4327
1252,4359
1252,4807
1252,4870
1253,1482
1253,1510
1253,1749
1253,1864
1253,1916
1253,2014
1253,2072
1253,2091
1253,2095
1253,2151
1253,2463
1253,2503
1253,2801
1253,2825
1253,3056
1253,3136
1253,3230
1253,3957
1253,4233
1253,4305
1253,4344
1253,4362
1253,4802
1254,1613
1254,1889
1254,2054
1254,2239
1254,2284
1254,2515
1254,2597
1254,2947
1254,3106
1254,3111
1254,3352
1254,3507
1254,3727
1254,3983
1254,4069
1254,4121
1254,4360
1254,4440
1254,4886
1254,4891
1254,4895
1255,1461
1255,1533
1255,1556
1255,1577
1255,2025
1255,2254
1255,2349
1255,2568
1255,2787
1255,3055
1255,3062
1255,3176
1255,3326
1255,3395
1255,3909
1255,3982
1255,4534
1255,4559
1255,4713
1256,1402
1256,1536
1256,1808
1256,2232
1256,2707
1256,3051
1256,3111
1256,3193
1256,3243
1256,3444
1256,3515
1256,3631
1256,4338
1256,4407
1256,4517
1256,4697
1256,4706
1256,4768
1257,1427
1257,2254
1257,2266
1257,2804
1257,2919
1257,3186
1257,3299
1257,3534
1257,3896
1257,4356
1257,4811
1258,1481
1258,1955
1258,2052
1258,2099
1258,2198
1258,2208
1258,2230
1258,2256
1258,2983
1258,3079
1258,3089
1258,3330
1258,3595
1258,3881
1258,3972
1258,4304
1258,4367
1258,4385
1258,4600
1258,4676
1258,4697
1258,4762
1258,4957
1259,1329
1259,1486
1259,1656
1259,1745
1259,2116
1259,2641
1259,2667
1259,3219
1259,3319
1259,3327
1259,3910
1259,3982
1259,4060
1259,4516
1260,1330
1260,1857
1260,2258
1260,2266
1260,2395
1260,2569
1260,2603
1260,2811
1260,2825
1260,3130
1260,3215
1260,3233
1260,3291
1260,3514
1260,3518
1260,3668
1260,3675
1260,3781
1260,3904
1260,4145
1260,4297
1260,4410
1260,4653
1261,1378
1261,1382
1261,1530
1261,1730
1261,1914
1261,2070
1261,2187
1261,2663
1261,3032
1261,3234
1261,3607
1261,3822
1261,3953
1261,3971
1261,4277
1261,4346
1261,4949
1262,1400
1262,1418
1262,1579
1262,1654
1262,1891
1262,2285
1262,2403
1262,2624
1262,2715
1262,2898
1262,2981
1262,3399
1262,3433
1262,3495
1262,3773
1262,3968
1262,4005
1262,4099
1262,4437
1262,4980
1263,1272
1263,1307
1263,1347
1263,1954
1263,1963
1263,2121
1263,2161
1263,2546
1263,2624
1263,2752
1263,3103
1263,3419
1263,3464
1263,3753
1263,4361
1263,4543
1263,4771
1264,1715
1264,1718
1264,1722
1264,1885
1264,1946
1264,2057
1264,2107
1264,2252
1264,2850
1264,2901
1264,2937
1264,3050
1264,3405
1264,3558
1264,3832
1264,4302
1264,4373
1264,4708
1264,4930
1265,1521
1265,1618
1265,1744
1265,1798
1265,1866
1265,1921
1265,2286
1265,2335
1265,2345
1265,2384
1265,2580
1265,2581
1265,2591
1265,2634
1265,2647
1265,3096
1265,3321
1265,3406
1265,3463
1265,3485
1265,3606
1265,3623
1265,3798
1265,3829
1265,3862
1265,3911
1265,3962
1265,4033
1265,4242
1265,4374
1265,4774
1265,4826
1266,1354
1266,1650
1266,1748
1266,2105
1266,2267
1266,2390
1266,2794
1266,2809
1266,2912
1266,3495
1266,3793
1266,4164
1266,4276
1266,4322
1266,4329
1266,4619
1267,1403
1267,1467
1267,1790
1267,2180
1267,2341
1267,3120
1267,3464
1267,3776
1267,4139
1267,4397
1267,4595
1267,4835
1268,2231
1268,2459
1268,2476
1268,2554
1268,2557
1268,2577
1268,2617
1268,3128
1268,3149
1268,3289
1268,3504
1268,4111
1268,4124
1268,4190
1268,4214
1268,4255
1268,4422
1268,4623
1268,4764
1268,4825
1268,4884
1268,4948
1269,1277
1269,1901
1269,2097
1269,2147
1269,2850
1269,3013
1269,3405
1269,3866
1269,4442
1269,4467
1269,4480
1269,4705
1270,1522
1270,2098
1270,2387
1270,3101
1270,3710
1270,3719
1270,4384
1270,4594
1270,4608
1270,4954
1271,1361
1271,1429
1271,1583
1271,2658
1271,2731
1271,2919
1271,2958
1271,3020
1271,3345
1271,3365
1271,3475
1271,3485
1271,3516
1271,3685
1271,4278
1272,1397
1272,2016
1272,2096
1272,2146
1272,2478
1272,2556
1272,2837
1272,2909
1272,3470
1272,3667
1272,3759
1272,4439
1272,4442
1272,4447
1272,4613
1272,4776
1273,1754
1273,1798
1273,2528
1273,2692
1273,2800
1273,2813
1273,2990
1273,3053
1273,3321
1273,3663
1273,3797
1273,4058
1273,4258
1273,4291
1273,4303
1273,4349
1273,4543
1273,4655
1273,4675
1273,4845
1274,1300
1274,1443
1274,1679
1274,1686
1274,2559
1274,2695
1274,3508
1274,3523
1274,3751
1274,3995
1274,4458
1274,4538
1274,4772
1274,4787
1275,1728
1275,2442
1275,2696
1275,2878
1275,3093
1275,3144
1275,3230
1275,3387
1275,3416
1275,3578
1275,3599
1275,3774
1275,3884
1275,3967
1275,4217
1275,4643
1275,4774
1275,4880
1275,4906
1275,4920
1275,4973
1275,4974
1276,1426
1276,1458
1276,1988
1276,2223
1276,2485
1276,2687
1276,2760
1276,2796
1276,2813
1276,2868
1276,2981
1276,3052
1276,3443
1276,3638
1276,3776
1276,3945
1276,4139
1276,4432
1276,4440
1276,4619
1277,1452
1277,1692
1277,1731
1277,1848
1277,1963
1277,2925
1277,3371
1277,3442
1277,4241
1277,4523
1277,4537
1277,4713
1277,4914
1278,1315
1278,1326
1278,1378
1278,1550
1278,1717
1278,1757
1278,1804
1278,2042
1278,2367
1278,2734
1278,2779
1278,2953
1278,2954
1278,3061
1278,3289
1278,3372
1278,3376
1278,3461
1278,3725
1278,3934
1278,4027
1278,4519
1278,4680
1278,4876
1278,4951
1279,1425
1279,1506
1279,1667
1279,1908
1279,2025
1279,2390
1279,2535
1279,2587
1279,2589
1279,2792
1279,2977
1279,3596
1279,3690
1279,3989
1279,4218
1279,4610
1279,4626
1280,1292
1280,1540
1280,2253
1280,2263
1280,2407
1280,2455
1280,3023
1280,3146
1280,3253
1280,3397
1280,3440
1280,3479
1280,3600
1280,3696
1280,4369
1280,4385
1280,4825
1281,1491
1281,1524
1281,1850
1281,1999
1281,2023
1281,2456
1281,2628
1281,2825
1281,2896
1281,2951
1281,3785
1281,3962
1281,4098
1281,4310
1281,4995
1282,1335
1282,2032
1282,2086
1282,2420
1282,3008
1282,3105
1282,3143
1282,3228
1282,3886
1282,4011
1282,4285
1282,4404
1282,4546
1282,4640
1282,4794
1283,1410
1283,2147
1283,2162
1283,2241
1283,2413
1283,2775
1283,2875
1283,3113
1283,3461
1283,3511
1283,3512
1283,3534
1283,3538
1283,3726
1283,3943
1283,4092
1283,4305
1283,4329
1283,4493
1283,4581
1283,4838
1283,4864
1283,4998
1284,1364
1284,1468
1284,1515
1284,1518
1284,1650
1284,1815
1284,2082
1284,2203
1284,2253
1284,2508
1284,2932
1284,3017
1284,3067
1284,3191
1284,3531
1284,3618
1284,3633
1284,4223
1284,4258
1284,4291
1284,4320
1284,4771
1284,4913
1284,4966
1285,1620
1285,1780
1285,1918
1285,2276
1285,2323
1285,2801
1285,3005
1285,3204
1285,3245
1285,3658
1285,4009
1285,4094
1285,4113
1285,4588
1285,4813
1285,4823
1285,4826
1285,4872
1286,1602
1286,1676
1286,2163
1286,2231
1286,2438
1286,3190
1286,3355
1286,3656
1286,3691
1286,3754
1286,3910
1286,3945
1286,3959
1286,4185
1286,4243
1286,4298
1286,4507
1286,4763
1286,4842
1287,1670
1287,1783
1287,1982
1287,2000
1287,2277
1287,2346
1287,2407
1287,2737
1287,2844
1287,2868
1287,3075
1287,3339
1287,3524
1287,3543
1287,3617
1287,4153
1287,4335
1287,4542
1287,4624
1288,1704
1288,1840
1288,1940
1288,2128
1288,2623
1288,2654
1288,2927
1288,3138
1288,3160
1288,3313
1288,3555
1288,3580
1288,3855
1288,4092
1288,4413
1288,4526
1288,4548
1288,4671
1288,4672
1288,4802
1289,1639
1289,1672
1289,1788
1289,1795
1289,1953
1289,2138
1289,2307
1289,2435
1289,2496
1289,2725
1289,2778
1289,2840
1289,3274
1289,3309
1289,3311
1289,3345
1289,3440
1289,3469
1289,3818
1289,3864
1289,4032
1289,4067
1289,4136
1289,4600
1290,1309
1290,1326
1290,1420
1290,1473
1290,1512
1290,1544
1290,1628
1290,1923
1290,2459
1290,2538
1290,2811
1290,2977
1290,2995
1290,3136
1290,3375
1290,3447
1290,3714
1290,3770
1290,3933
1290,4046
1290,4210
1290,4296
1290,4513
1290,4542
1290,4600
1290,4601
1290,4831
1291,1342
1291,1536
1291,1566
1291,2410
1291,2624
1291,3606
1291,3790
1291,3994
1291,4230
1291,4282
1291,4297
1291,4308
1291,4804
1291,4839
1292,1321
1292,1755
1292,2184
1292,2853
1292,2946
1292,2975
1292,3315
1292,3421
1292,3693
1292,3946
1292,4280
1292,4476
1292,4582
1292,4697
1292,4788
1292,4853
1292,4872
1293,1435
1293,1445
1293,1574
1293,1959
1293,2111
1293,2315
1293,2539
1293,2593
1293,2685
1293,2817
1293,3185
1293,3530
1293,3555
1293,3584
1293,3762
1293,4272
1293,4366
1293,4631
1293,4715
1293,4868
1294,1375
1294,2158
1294,2433
1294,2512
1294,2529
1294,2543
1294,2594
1294,2867
1294,2897
1294,3061
1294,3203
1294,3373
1294,3416
1294,3426
1294,3637
1294,4256
1294,4310
1294,4635
1294,4667
1294,4736
1294,4847
1295,1775
1295,1903
1295,2218
1295,2325
1295,2457
1295,2523
1295,2674
1295,2678
1295,2753
1295,3051
1295,3217
1295,3649
1295,3823
1295,3852
1295,3937
1295,4228
1295,4816
1295,4967
1296,1507
1296,1758
1296,1881
1296,1987
1296,2026
1296,2190
1296,2288
1296,2304
1296,2793
1296,2851
1296,2944
1296,2958
1296,3205
1296,3279
1296,4472
1296,4562
1296,4914
1296,4965
1296,4971
1297,1308
1297,1310
1297,1781
1297,2615
1297,2620
1297,2918
1297,3072
1297,3170
1297,3406
1297,3660
1297,3688
1297,4663
1298,1372
1298,1525
1298,3835
1298,3863
1298,4158
1298,4658
1298,4673
1298,4789
1299,1321
1299,1399
1299,1937
1299,1977
1299,2141
1299,2311
1299,2318
1299,2349
1299,2376
1299,2485
1299,2972
1299,3020
1299,3100
1299,3139
1299,3224
1299,3313
1299,3453
1299,3807
1299,3865
1299,3891
1299,3960
1299,3972
1299,4319
1299,4853
1299,4986
1300,1515
1300,1520
1300,1593
1300,1640
1300,1915
1300,2285
1300,2420
1300,2469
1300,2578
1300,2725
1300,2735
1300,2964
1300,3009
1300,3048
1300,3386
1300,3476
1300,3507
1300,3517
1300,3606
1300,3664
1300,3739
1300,3833
1300,4034
1300,4154
1300,4345
1300,4521
1300,4579
1300,4725
1301,1325
1301,1727
1301,1755
1301,1857
1301,1970
1301,2142
1301,2312
1301,2547
1301,2788
1301,2936
1301,3337
1301,3648
1301,3794
1301,3996
1301,4023
1301,4034
1301,4228
1301,4296
1301,4317
1301,4562
1302,1385
1302,1590
1302,1688
1302,1779
1302,1847
1302,1909
1302,1992
1302,2386
1302,2413
1302,2464
1302,2666
1302,2725
1302,2759
1302,2944
1302,3038
1302,3147
1302,3869
1302,3983
1302,4168
1302,4286
1302,4402
1302,4884
1302,4980
1303,1542
1303,1822
1303,2434
1303,2653
1303,2773
1303,2829
1303,2898
1303,2934
1303,3097
1303,3186
1303,4076
1303,4588
1303,4733
1303,4756
1303,4856
1303,4884
1303,4945
1304,1657
1304,1662
1304,1791
1304,1855
1304,2091
1304,2520
1304,2697
1304,2743
1304,2923
1304,3170
1304,3247
1304,3522
1304,3789
1304,3983
1304,4033
1304,4217
1304,4447
1304,4604
1304,4632
1304,4729
1305,1377
1305,1457
1305,1565
1305,1633
1305,2158
1305,2420
1305,2661
1305,3125
1305,3183
1305,3956
1305,4006
1305,4085
1305,4408
1306,1834
1306,1908
1306,2416
1306,2451
1306,2502
1306,2879
1306,3473
1306,3706
1306,3739
1306,3768
1306,3803
1306,3822
1306,4169
1306,4285
1306,4329
1306,4381
1306,4657
1306,4873
1307,1432
1307,2082
1307,2216
1307,2320
1307,2724
1307,2788
1307,3572
1307,3693
1307,3717
1307,4163
1307,4401
1307,4624
1307,4687
1307,4730
1307,4814
1308,1537
1308,1543
1308,1628
1308,1967
1308,2124
1308,2179
1308,2248
1308,2582
1308,2932
1308,3029
1308,3160
1308,3209
1308,3391
1308,3559
1308,3637
1308,3700
1308,3716
1308,3826
1308,4230
1308,4544
1308,4582
1308,4693
1308,4960
1309,1695
1309,1877
1309,1960
1309,2757
1309,2943
1309,2945
1309,2981
1309,3650
1309,3806
1309,3899
1309,3955
1309,3990
1309,4054
1309,4062
1309,4179
1309,4717
1310,1345
1310,1369
1310,1774
1310,2200
1310,2352
1310,2368
1310,2829
1310,2859
1310,3108
1310,3722
1310,3988
1310,4046
1310,4068
1310,4106
1310,4375
1310,4544
1310,4682
1310,4896
1311,1413
1311,1647
1311,2015
1311,2038
1311,2731
1311,2804
1311,3021
1311,3317
1311,3369
1311,3477
1311,3643
1311,3652
1311,3745
1311,3801
1311,3922
1311,4064
1311,4181
1311,4336
1311,4592
1311,4710
1311,4875
1312,1876
1312,1998
1312,2298
1312,2400
1312,2757
1312,2814
1312,2949
1312,3489
1312,3616
1312,3662
1312,3770
1312,3877
1312,4085
1312,4349
1312,4350
1312,4547
1312,4562
1312,4964
1313,1461
1313,2003
1313,2065
1313,2277
1313,2309
1313,2429
1313,2696
1313,2904
1313,3140
1313,3261
1313,3544
1313,3864
1313,4164
1313,4287
1313,4370
1313,4377
1313,4432
1314,1506
1314,1543
1314,1693
1314,1710
1314,1959
1314,2021
1314,2092
1314,2277
1314,2759
1314,2874
1314,3725
1314,3791
1314,3827
1314,3867
1314,4222
1314,4659
1314,4779
1315,1337
1315,1396
1315,1440
1315,1467
1315,1558
1315,1589
1315,1990
1315,2011
1315,2187
1315,2470
1315,2508
1315,2576
1315,2821
1315,2934
1315,4243
1315,4371
1316,1410
1316,2146
1316,2340
1316,2423
1316,2614
1316,2689
1316,3068
1316,3099
1316,3157
1316,3197
1316,3508
1316,3990
1316,4064
1316,4212
1316,4845
1316,4864
1316,4967
1317,1358
1317,1361
1317,1369
1317,1692
1317,1703
1317,1720
1317,1970
1317,2172
1317,2231
1317,2286
1317,2649
1317,2984
1317,3188
1317,3376
1317,3606
1317,4070
1317,4213
1318,1607
1318,1781
1318,2440
1318,2570
1318,2946
1318,2983
1318,3445
1318,3731
1318,3867
1318,3868
1318,3925
1318,3964
1318,4365
1318,4486
1318,4547
1318,4890
1319,1717
1319,1725
1319,1798
1319,1908
1319,2309
1319,2625
1319,2948
1319,3061
1319,3128
1319,3241
1319,3722
1319,3880
1319,4051
1319,4151
1319,4348
1319,4577
1319,4719
1319,4843
1320,1385
1320,1525
1320,1526
1320,1551
1320,1579
1320,1639
1320,2071
1320,2163
1320,2224
1320,2270
1320,2312
1320,2534
1320,2605
1320,2664
1320,2930
1320,2933
1320,3203
1320,3449
1320,3559
1320,3660
1320,3888
1320,3988
1320,4036
1320,4176
1320,4253
1320,4513
1320,4625
1320,4654
1320,4740
1320,4761
1320,4990
1321,1372
1321,1457
1321,1525
1321,1649
1321,1714
1321,1784
1321,1859
1321,1955
1321,2165
1321,2203
1321,2207
1321,2465
1321,2476
1321,2619
1321,2816
1321,3192
1321,3193
1321,3932
1321,4111
1321,4515
1321,4607
1322,2222
1322,2379
1322,2545
1322,2615
1322,2742
1322,2825
1322,3156
1322,3492
1322,3645
1322,3842
1322,4716
1322,4862
1322,4912
1322,4981
1323,1374
1323,1709
1323,2140
1323,2738
1323,3254
1323,3458
1323,3555
1323,4015
1323,4576
1323,4618
1323,4725
1324,1560
1324,1610
1324,1653
1324,1885
1324,2089
1324,2500
1324,2553
1324,3131
1324,3162
1324,3871
1324,4020
1324,4023
1324,4101
1324,4257
1324,4363
1324,4700
1325,1396
1325,1481
1325,1638
1325,1659
1325,1737
1325,1738
1325,1756
1325,2008
1325,2202
1325,2493
1325,2572
1325,2781
1325,2988
1325,3434
1325,3785
1325,3961
1325,3978
1325,4161
1325,4201
1325,4360
1325,4434
1325,4446
1325,4658
1326,1833
1326,1839
1326,2163
1326,2201
1326,2253
1326,2484
1326,2545
1326,2764
1326,3078
1326,3115
1326,3448
1326,3890
1326,3922
1326,3923
1326,3956
1326,4035
1326,4090
1326,4099
1326,4345
1326,4576
1326,4642
1326,4677
1327,1389
1327,1417
1327,1418
1327,1422
1327,1831
1327,2020
1327,2179
1327,2347
1327,2985
1327,3139
1327,3493
1327,3608
1327,3786
1327,4078
1327,4119
1327,4452
1327,4689
1327,4989
1328,1397
1328,1583
1328,1705
1328,1713
1328,1732
1328,1967
1328,2206
1328,2404
1328,2471
1328,2960
1328,3032
1328,3042
1328,3073
1328,3075
1328,3204
1328,3279
1328,3319
1328,3518
1328,3678
1328,3843
1328,4276
1328,4352
1328,4474
1328,4527
1329,1411
1329,1692
1329,1774
1329,1776
1329,2385
1329,2522
1329,2560
1329,3540
1329,3553
1329,4019
1329,4082
1329,4141
1329,4147
1329,4152
1329,4173
1329,4195
1329,4905
1330,1406
1330,1522
1330,1556
1330,1583
1330,1899
1330,2013
1330,2574
1330,2839
1330,2895
1330,3070
1330,3155
1330,3164
1330,3211
1330,3388
1330,3637
1330,4122
1330,4525
1330,4865
1331,1852
1331,1920
1331,2089
1331,2220
1331,2282
1331,3537
1331,3551
1331,3768
1331,3770
1331,3970
1331,4477
1331,4512
1331,4642
1331,4717
1332,1702
1332,1707
1332,1963
1332,2178
1332,2194
1332,2316
1332,2554
1332,2602
1332,3492
1332,3684
1332,4276
1333,1385
1333,1622
1333,1712
1333,1782
1333,2033
1333,2160
1333,2368
1333,2823
1333,4333
1333,4426
1334,1670
1334,1675
1334,1819
1334,2057
1334,2376
1334,2505
1334,2555
1334,2706
1334,2846
1334,2931
1334,3212
1334,3403
1334,3507
1334,3763
1334,3820
1334,3967
1334,3982
1334,4200
1334,4207
1334,4285
1334,4332
1334,4529
1334,4922
1335,1491
1335,1628
1335,1746
1335,1748
1335,2125
1335,2791
1335,2851
1335,3087
1335,3181
1335,3710
1335,4446
1335,4579
1335,4660
1335,4776
1336,1611
1336,1925
1336,2107
1336,2121
1336,2458
1336,2629
1336,3372
1336,3575
1336,3662
1336,3727
1336,3751
1336,3877
1336,4103
1336,4294
1336,4299
1336,4337
1336,4524
1336,4684
1336,4977
1337,1602
1337,2148
1337,2299
1337,2325
1337,2599
1337,2736
1337,2944
1337,3359
1337,3565
1337,3891
1337,4364
1337,4689
1338,1474
1338,1694
1338,1839
1338,1941
1338,2014
1338,2219
1338,2265
1338,2802
1338,2904
1338,2996
1338,3119
1338,3582
1338,3791
1338,3847
1338,4175
1338,4289
1338,4459
1338,4496
1338,4524
1338,4591
1338,4843
1338,4861
1338,4911
1339,1433
1339,1628
1339,1690
1339,2033
1339,2053
1339,2290
1339,2313
1339,2597
1339,2835
1339,2837
1339,3386
1339,3429
1339,3521
1339,3607
1339,3626
1339,3702
1339,4177
1339,4208
1339,4223
1339,4653
1339,4852
1340,1521
1340,1889
1340,2321
1340,2518
1340,2558
1340,2802
1340,3058
1340,3118
1340,3134
1340,3373
1340,3434
1340,3451
1340,3622
1340,4012
1340,4024
1340,4041
1340,4059
1340,4171
1340,4255
1340,4355
1340,4535
1341,1546
1341,1672
1341,1757
1341,2112
1341,2390
1341,2413
1341,2423
1341,2602
1341,2806
1341,3162
1341,3426
1341,3616
1341,3830
1341,4147
1341,4164
1341,4233
1341,4864
1342,1344
1342,1762
1342,1881
1342,2220
1342,2262
1342,2301
1342,2322
1342,2376
1342,2995
1342,3073
1342,3208
1342,3387
1342,3396
1342,3468
1342,3604
1342,3741
1342,4325
1342,4558
1342,4720
1342,4735
1343,1459
1343,2102
1343,2306
1343,2722
1343,2743
1343,2909
1343,3035
1343,3222
1343,3265
1343,3345
1343,3385
1343,3692
1343,4582
1343,4592
1343,4914
1344,2147
1344,2426
1344,2559
1344,2713
1344,2762
1344,2889
1344,3564
1344,3773
1344,3788
1344,3922
1344,3951
1344,4091
1344,4181
1344,4232
1344,4280
1344,4365
1344,4582
1344,4699
1344,4912
1345,1696
1345,1727
1345,1780
1345,1915
1345,2009
1345,2400
1345,2466
1345,2543
1345,2561
1345,2629
1345,2722
1345,2764
1345,2843
1345,3374
1345,3433
1345,3456
1345,3805
1345,3840
1345,4430
1345,4615
1345,4689
1345,4967
1346,1769
1346,1988
1346,2503
1346,2856
1346,3069
1346,3106
1346,3161
1346,3162
1346,3182
1346,3239
1346,3429
1346,3726
1346,3962
1346,4114
1346,4122
1346,4145
1346,4245
1346,4707
1346,4925
1347,1498
1347,1760
1347,1811
1347,2030
1347,2121
1347,2222
1347,2319
1347,2367
1347,2593
1347,2703
1347,2853
1347,3028
1347,3097
1347,3435
1347,4021
1347,4205
1347,4255
1347,4878
1348,1474
1348,1556
1348,1664
1348,1912
1348,1926
1348,2045
1348,2121
1348,2192
1348,2302
1348,2355
1348,2787
1348,3192
1348,3308
1348,3372
1348,3460
1348,3551
1348,4336
1348,4359
1348,4875
1349,1375
1349,1413
1349,1718
1349,1931
1349,2023
1349,2144
1349,2342
1349,2992
1349,3014
1349,3093
1349,3192
1349,3248
1349,3273
1349,3527
1349,3891
1349,4131
1350,1799
1350,1952
1350,2178
1350,2222
1350,2506
1350,2845
1350,3278
1350,3355
1350,3378
1350,3642
1350,3789
1350,3961
1350,4146
1350,4570
1350,4585
1350,4759
1350,4889
1351,1394
1351,1532
1351,1801
1351,1873
1351,1944
1351,2194
1351,2324
1351,2679
1351,3174
1351,3331
1351,3459
1351,3830
1351,3983
1351,4039
1351,4625
1351,4970
1352,1806
1352,1875
1352,1955
1352,2554
1352,2603
1352,2661
1352,2723
1352,2895
1352,3021
1352,3084
1352,3125
1352,3452
1352,3858
1352,4175
1352,4257
1352,4478
1352,4887
1353,1405
1353,1508
1353,1574
1353,1648
1353,1883
1353,2000
1353,2072
1353,2287
1353,2400
1353,2500
1353,2631
1353,2877
1353,2984
1353,2997
1353,3050
1353,3071
1353,3135
1353,3381
1353,3608
1353,3971
1353,4576
1354,1970
1354,2019
1354,2185
1354,2237
1354,2307
1354,2503
1354,2953
1354,3092
1354,3218
1354,3663
1354,3908
1354,4157
1354,4240
1354,4248
1354,4439
1354,4463
1354,4594
1354,4715
1354,4828
1354,4858
1354,4975
1355,1449
1355,1771
1355,2194
1355,2232
1355,2332
1355,2412
1355,2667
1355,2876
1355,2918
1355,2941
1355,3015
1355,3057
1355,3125
1355,3408
1355,3489
1355,3512
1355,3572
1355,3854
1355,3958
1355,3972
1355,4007
1355,4194
1355,4328
1355,4404
1355,4759
1355,4805
1356,1368
1356,1372
1356,1435
1356,1436
1356,1806
1356,1831
1356,1840
1356,2276
1356,2376
1356,2641
1356,2779
1356,2865
1356,2902
1356,3737
1356,3863
1356,4073
1356,4223
1356,4331
1356,4478
1356,4502
1356,4848
1357,1433
1357,1488
1357,1601
1357,1605
1357,1656
1357,2070
1357,2200
1357,2269
1357,2318
1357,2478
1357,2777
1357,2817
1357,3404
1357,3408
1357,3579
1357,3645
1357,3835
1357,3845
1357,4042
1357,4322
1357,4457
1357,4482
1357,4650
1357,4746
1358,1744
1358,1824
1358,1944
1358,2557
1358,2670
1358,2817
1358,2869
1358,2874
1358,3596
1358,3794
1358,3924
1358,3943
1358,4580
1358,4805
1358,4810
1358,4934
1358,4951
1359,1717
1359,1946
1359,1970
1359,2325
1359,2390
1359,2628
1359,2849
1359,2859
1359,2882
1359,2953
1359,2964
1359,3321
1359,3337
1359,3362
1359,4095
1359,4154
1359,4333
1359,4575
1359,4902
1360,1409
1360,1421
1360,1428
1360,1714
1360,1747
1360,1963
1360,2068
1360,2089
1360,2419
1360,2425
1360,2517
1360,2815
1360,2944
1360,3012
1360,3477
1360,3546
1360,3654
1360,3674
1360,3980
1360,4632
1360,4757
1360,4927
1361,1777
1361,2110
1361,2180
1361,2236
1361,2491
1361,2525
1361,2574
1361,2696
1361,2836
1361,3470
1361,3507
1361,3839
1361,3934
1361,3947
1361,3955
1361,3966
1361,4040
1361,4369
1361,4374
1361,4690
1361,4713
1361,4743
1361,4818
1361,4821
1361,4832
1361,4918
1362,1424
1362,1885
1362,1886
1362,1926
1362,2249
1362,2324
1362,2376
1362,2625
1362,2654
1362,2778
1362,2812
1362,2996
1362,3359
1362,3369
1362,3418
1362,3429
1362,4361
1362,4521
1362,4752
1362,4806
1362,4842
1363,1453
1363,1654
1363,1749
1363,1849
1363,1883
1363,2261
1363,2284
1363,2426
1363,2463
1363,2523
1363,2558
1363,2834
1363,2960
1363,3092
1363,3259
1363,3459
1363,3644
1363,3702
1363,3739
1363,3836
1363,3887
1363,3958
1363,4418
1363,4483
1363,4626
1363,4641
1363,4725
1363,4794
1363,4906
1364,1472
1364,1582
1364,1710
1364,1725
1364,1891
1364,2179
1364,2517
1364,2578
1364,2739
1364,3278
1364,3315
1364,3349
1364,3432
1364,3439
1364,3467
1364,3581
1364,4154
1364,4178
1364,4342
1365,1598
1365,2040
1365,2518
1365,2785
1365,2959
1365,3361
1365,3387
1365,3458
1365,3469
1365,3666
1365,3756
1365,3794
1365,3873
1365,3943
1365,4889
1365,4962
1366,1547
1366,1786
1366,2192
1366,2301
1366,2345
1366,2365
1366,2768
1366,3112
1366,3150
1366,3619
1366,3737
1366,4036
1366,4256
1366,4420
1366,4422
1366,4424
1366,4502
1367,1491
1367,1630
1367,1632
1367,1774
1367,1796
1367,1874
1367,2033
1367,2474
1367,2589
1367,2922
1367,3173
1367,3373
1367,3816
1367,3825
1367,4156
1367,4161
1367,4162
1368,1464
1368,1561
1368,1709
1368,2017
1368,2340
1368,2425
1368,2877
1368,2983
1368,3077
1368,3140
1368,3254
1368,3261
1368,3447
1368,3539
1368,3652
1368,3926
1368,4266
1368,4272
1368,4548
1369,1432
1369,1593
1369,1633
1369,1721
1369,1936
1369,2696
1369,2798
1369,2952
1369,3295
1369,3677
1369,3895
1369,4333
1369,4511
1369,4621
1369,4832
1370,1419
1370,1447
1370,1525
1370,1587
1370,1728
1370,1888
1370,2120
1370,2288
1370,2302
1370,2383
1370,2552
1370,2598
1370,2712
1370,2777
1370,3122
1370,3264
1370,3686
1370,3806
1370,3947
1370,4163
1370,4374
1370,4434
1370,4858
1370,4900
1370,4986
1371,2002
1371,2125
1371,2412
1371,2552
1371,2650
1371,3397
1371,3984
1371,4162
1371,4562
1371,4685
1371,4693
1372,1373
1372,1829
1372,1858
1372,2477
1372,2698
1372,3049
1372,3094
1372,3428
1372,3646
1372,4394
1372,4439
1372,4666
1372,4874
1372,4875
1372,4883
1373,1615
1373,2320
1373,3043
1373,3190
1373,3525
1373,4022
1373,4161
1373,4396
1373,4492
1373,4512
1373,4604
1373,4734
1373,4789
1373,4800
1373,4876
1374,1516
1374,1767
1374,2017
1374,2135
1374,2298
1374,2358
1374,2626
1374,2751
1374,2821
1374,2897
1374,3196
1374,3401
1374,3479
1374,3509
1374,3729
1374,3743
1374,4110
1374,4444
1375,1382
1375,1692
1375,1791
1375,1807
1375,1844
1375,2068
1375,2233
1375,2413
1375,2637
1375,2887
1375,2889
1375,2998
1375,3071
1375,3427
1375,3981
1375,3984
1375,4162
1375,4234
1375,4572
1375,4765
1376,1637
1376,1852
1376,1993
1376,2287
1376,2608
1376,3099
1376,3219
1376,3246
1376,3269
1376,3411
1376,3642
1376,3654
1376,3944
1376,4528
1377,1774
1377,2086
1377,2142
1377,2181
1377,2275
1377,2384
1377,2582
1377,3315
1377,3605
1377,3796
1377,3930
1377,3973
1377,4478
1377,4632
1377,4925
1377,4943
1377,4961
1378,1587
1378,1967
1378,1975
1378,2228
1378,2256
1378,2360
1378,2380
1378,2765
1378,3020
1378,3265
1378,3377
1378,3615
1378,4018
1378,4539
1378,4540
1378,4577
1378,4869
1379,1469
1379,1473
1379,1490
1379,1662
1379,1809
1379,2245
1379,2377
1379,2404
1379,2616
1379,2628
1379,2884
1379,3484
1379,3785
1379,4039
1379,4093
1379,4180
1379,4254
1379,4569
1379,4630
1379,4955
1380,1631
1380,1734
1380,1859
1380,1882
1380,1928
1380,2517
1380,3077
1380,3089
1380,3294
1380,3391
1380,3897
1380,4492
1381,1413
1381,2289
1381,2410
1381,3519
1381,3709
1381,3851
1381,3897
1381,4003
1381,4066
1381,4419
1381,4695
1382,1645
1382,1718
1382,1724
1382,1958
1382,2001
1382,2047
1382,2433
1382,2491
1382,2504
1382,2626
1382,2992
1382,3098
1382,3155
1382,3244
1382,3688
1382,3787
1382,3799
1382,3845
1382,4039
1382,4368
1382,4777
1383,1420
1383,1650
1383,1814
1383,1871
1383,2077
1383,2214
1383,2752
1383,2850
1383,3296
1383,3573
1383,3901
1383,3928
1383,4375
1383,4435
1383,4525
1383,4691
1383,4993
1384,1580
1384,1803
1384,1839
1384,1908
1384,1927
1384,1997
1384,2173
1384,2662
1384,2810
1384,2964
1384,3153
1384,3261
1384,3614
1384,3891
1384,4022
1384,4063
1384,4107
1384,4329
1385,1401
1385,1679
1385,1923
1385,2208
1385,2271
1385,2365
1385,2438
1385,2510
1385,2803
1385,3337
1385,3597
1385,3717
1385,3971
1385,4027
1385,4144
1385,4163
1385,4424
1385,4453
1385,4808
1386,1768
1386,1823
1386,1925
1386,2278
1386,2429
1386,2520
1386,2668
1386,2724
1386,2995
1386,3231
1386,3308
1386,3316
1386,3421
1386,3467
1386,3485
1386,3544
1386,3550
1386,3790
1386,3835
1386,4637
1387,1620
1387,2248
1387,2409
1387,2665
1387,2760
1387,3001
1387,3189
1387,3327
1387,3374
1387,3854
1387,4396
1387,4453
1387,4610
1387,4719
1388,1689
1388,1706
1388,1827
1388,2364
1388,2662
1388,2898
1388,2961
1388,3050
1388,3276
1388,3473
1388,3491
1388,3694
1388,4180
1388,4268
1388,4329
1388,4336
1388,4360
1388,4580
1389,1661
1389,1731
1389,1780
1389,1974
1389,2292
1389,2826
1389,2917
1389,3057
1389,3077
1389,3174
1389,3354
1389,3457
1389,3579
1389,3584
1389,4051
1389,4551
1389,4971
1390,1405
1390,1427
1390,1452
1390,1594
1390,1990
1390,2064
1390,2218
1390,2427
1390,2432
1390,3258
1390,3669
1390,4010
1390,4022
1390,4238
1390,4312
1390,4798
1390,4891
1390,4968
1391,1763
1391,2234
1391,2275
1391,2325
1391,2692
1391,3456
1391,3550
1391,3607
1391,3940
1391,3971
1391,4357
1391,4457
1391,4492
1391,4773
1391,4838
1391,4961
1392,1689
1392,1767
1392,1939
1392,2060
1392,2195
1392,2623
1392,2861
1392,2872
1392,2970
1392,3481
1392,3525
1392,3998
1392,4142
1392,4234
1392,4276
1392,4677
1392,4830
1392,4841
1392,4883
1393,1397
1393,1410
1393,2087
1393,2237
1393,2334
1393,2390
1393,2592
1393,2605
1393,2813
1393,3002
1393,3110
1393,3483
1393,3597
1393,3757
1393,4037
1393,4071
1393,4458
1393,4564
1393,4591
1393,4628
1393,4765
1394,1806
1394,1809
1394,1895
1394,1941
1394,1954
1394,2011
1394,2167
1394,2725
1394,2733
1394,2927
1394,3028
1394,3074
1394,3599
1394,3868
1394,3929
1394,4037
1394,4117
1394,4120
1394,4293
1394,4314
1394,4566
1395,2075
1395,2123
1395,2257
1395,2274
1395,2571
1395,2764
1395,3044
1395,3142
1395,3178
1395,3214
1395,4082
1395,4112
1395,4119
1395,4413
1395,4518
1395,4546
1395,4638
1395,4982
1396,1503
1396,1587
1396,1913
1396,2272
1396,2778
1396,2787
1396,2833
1396,2935
1396,3003
1396,3024
1396,3166
1396,3458
1396,3462
1396,3467
1396,3487
1396,3601
1396,3709
1396,3992
1396,4227
1396,4496
1396,4598
1396,4854
1396,4970
1397,1564
1397,1702
1397,1722
1397,1910
1397,2070
1397,2082
1397,2117
1397,2121
1397,2241
1397,2351
1397,2398
1397,2435
1397,2453
1397,2495
1397,2602
1397,2879
1397,2916
1397,2989
1397,3176
1397,3180
1397,3705
1397,3813
1397,4241
1397,4417
1398,1575
1398,1579
1398,2405
1398,2721
1398,2972
1398,3142
1398,3293
1398,3348
1398,3382
1398,3722
1398,4074
1398,4689
1399,1423
1399,1430
1399,1488
1399,1531
1399,1642
1399,1731
1399,1950
1399,2038
1399,2066
1399,2074
1399,2615
1399,2792
1399,2942
1399,3070
1399,3343
1399,4387
1399,4388
1399,4468
1399,4536
1399,4666
1399,4918
1400,1458
1400,1597
1400,1863
1400,2044
1400,2171
1400,2260
1400,2312
1400,2403
1400,2649
1400,2820
1400,3309
1400,3536
1400,3614
1400,3815
1400,3952
1400,3985
1400,4620
1400,4968
1401,1922
1401,2038
1401,2136
1401,2209
1401,2689
1401,2759
1401,2830
1401,2840
1401,2871
1401,2930
1401,2947
1401,3049
1401,3317
1401,3618
1401,4145
1401,4152
1401,4170
1401,4295
1401,4448
1401,4664
1401,4731
1401,4766
1401,4822
1402,1537
1402,1667
1402,1798
1402,1870
1402,1947
1402,2056
1402,2372
1402,2834
1402,3021
1402,3381
1402,3480
1402,3794
1402,3984
1402,4035
1402,4092
1402,4370
1402,4635
1402,4700
1402,4760
1403,1418
1403,1714
1403,2232
1403,2366
1403,2808
1403,2888
1403,3064
1403,3153
1403,3190
1403,3202
1403,3478
1403,3930
1403,3948
1403,3994
1403,3996
1403,4066
1403,4105
1403,4144
1403,4227
1403,4228
1403,4261
1403,4700
1403,4770
1404,1934
1404,1936
1404,2374
1404,2419
1404,2579
1404,2633
1404,2675
1404,2991
1404,3277
1404,3698
1404,3816
1404,4120
1404,4153
1404,4438
1404,4736
1404,4803
1405,1576
1405,1580
1405,1970
1405,1987
1405,1996
1405,2001
1405,2805
1405,3241
1405,3356
1405,3953
1405,4297
1405,4336
1405,4457
1405,4729
1405,4869
1405,4937
1406,1408
1406,1682
1406,2059
1406,2599
1406,2663
1406,3322
1406,3573
1406,3969
1406,4146
1406,4247
1406,4342
1406,4556
1406,4570
1406,4865
1406,4888
1407,1715
1407,1913
1407,1922
1407,2131
1407,2564
1407,2569
1407,2885
1407,3300
1407,3348
1407,4162
1407,4842
1408,2115
1408,2155
1408,2528
1408,2874
1408,3084
1408,3161
1408,3204
1408,3223
1408,3452
1408,3640
1408,3980
1408,4447
1408,4767
1409,1427
1409,1532
1409,1850
1409,2251
1409,2433
1409,2496
1409,2525
1409,2651
1409,2687
1409,2832
1409,2928
1409,3302
1409,3602
1409,3641
1409,3773
1409,3789
1409,3869
1409,4053
1409,4219
1409,4663
1409,4962
1410,1430
1410,1677
1410,1821
1410,1828
1410,1997
1410,2037
1410,2052
1410,2353
1410,2384
1410,2644
1410,2679
1410,3175
1410,3351
1410,3426
1410,3492
1410,3929
1410,4002
1410,4085
1410,4457
1410,4647
1410,4747
1410,4767
1410,4914
1411,1646
1411,2061
1411,2082
1411,2300
1411,2589
1411,2619
1411,2771
1411,2803
1411,3101
1411,3198
1411,3204
1411,3355
1411,3380
1411,3387
1411,3613
1411,3626
1411,3654
1411,3679
1411,4219
1411,4704
1411,4753
1411,4781
1412,1452
1412,1852
1412,1912
1412,1949
1412,2472
1412,2987
1412,3224
1412,3351
1412,3390
1412,3437
1412,3476
1412,3930
1412,4394
1412,4782
1412,4986
1413,1819
1413,2050
1413,2348
1413,2896
1413,3088
1413,3099
1413,3130
1413,3180
1413,3276
1413,3332
1413,3407
1413,3474
1413,4351
1413,4620
1413,4627
1413,4678
1413,4928
1414,1467
1414,1831
1414,2252
1414,2735
1414,2757
1414,2910
1414,3181
1414,3290
1414,3302
1414,3489
1414,3886
1414,4540
1414,4664
1414,4721
1415,1531
1415,1578
1415,1583
1415,1770
1415,2401
1415,2443
1415,2490
1415,2568
1415,2893
1415,3233
1415,3234
1415,3319
1415,3549
1415,3649
1415,3877
1415,4169
1415,4432
1415,4485
1415,4737
1416,1477
1416,1795
1416,1814
1416,1925
1416,2022
1416,2250
1416,2315
1416,2827
1416,2847
1416,3367
1416,3548
1416,3565
1416,3747
1416,3760
1416,3883
1416,3934
1416,4121
1416,4327
1416,4361
1416,4572
1416,4637
1416,4851
1416,4896
1416,4984
1417,1557
1417,1687
1417,1984
1417,2247
1417,2418
1417,2697
1417,3177
1417,3186
1417,3626
1417,3947
1417,3964
1417,4011
1417,4044
1417,4045
1417,4571
1417,4644
1417,4854
1418,1539
1418,1758
1418,1885
1418,1953
1418,2144
1418,2761
1418,2822
1418,3073
1418,3906
1418,3920
1418,4146
1418,4176
1418,4198
1418,4389
1418,4488
1418,4869
1418,4888
1419,1578
1419,1764
1419,2039
1419,2377
1419,2395
1419,2437
1419,2561
1419,2613
1419,2745
1419,2787
1419,3381
1419,3656
1419,3790
1419,4313
1419,4354
1419,4391
1419,4420
1419,4518
1419,4956
1420,1442
1420,2291
1420,2609
1420,2695
1420,2892
1420,2940
1420,3098
1420,3374
1420,3560
1420,3737
1420,4365
1420,4866
1420,4886
1421,1639
1421,1715
1421,1899
1421,1964
1421,1975
1421,2056
1421,2095
1421,2806
1421,3006
1421,3189
1421,3513
1421,3608
1421,3671
1421,3739
1421,4063
1421,4175
1422,1962
1422,2280
1422,2584
1422,2698
1422,2763
1422,3333
1422,3616
1422,3638
1422,3714
1422,3756
1422,3762
1422,3864
1422,3871
1422,3894
1422,3997
1422,4012
1422,4043
1422,4087
1422,4311
1422,4315
1422,4426
1422,4458
1422,4952
1423,1448
1423,1506
1423,1895
1423,2346
1423,2667
1423,2985
1423,3296
1423,3484
1423,3510
1423,3722
1423,4040
1423,4158
1423,4200
1423,4323
1423,4758
1423,4943
1424,1594
1424,1596
1424,1835
1424,1853
1424,2123
1424,2127
1424,2446
1424,2593
1424,2698
1424,2761
1424,3046
1424,3056
1424,3167
1424,3410
1424,3570
1424,3725
1424,3770
1424,3811
1424,3842
1424,4061
1424,4172
1424,4178
1424,4584
1424,4646
1424,4845
1424,4987
1425,1650
1425,1653
1425,1874
1425,2026
1425,2322
1425,2499
1425,2565
1425,2676
1425,3279
1425,3804
1425,3925
1425,4264
1425,4486
1425,4581
1425,4745
1425,4942
1426,1639
1426,1642
1426,2311
1426,2456
1426,3156
1426,3378
1426,3530
1426,3625
1426,4129
1426,4143
1426,4187
1426,4206
1426,4223
1426,4622
1426,4666
1426,4968
1426,4979
1427,1542
1427,1642
1427,1950
1427,2015
1427,2788
1427,3058
1427,3226
1427,3229
1427,3335
1427,3753
1427,3761
1427,4113
1427,4182
1427,4195
1427,4681
1427,4963
1428,1462
1428,1526
1428,1883
1428,2304
1428,2463
1428,2604
1428,2657
1428,2672
1428,2792
1428,3590
1428,3703
1428,4235
1428,4436
1428,4504
1428,4932
1428,4937
1429,1435
1429,1633
1429,1814
1429,1867
1429,2211
1429,2731
1429,2784
1429,3047
1429,3373
1429,4296
1429,4329
1429,4366
1429,4442
1429,4682
1429,4741
1429,4850
1430,1501
1430,1544
1430,1784
1430,1812
1430,2014
1430,2204
1430,2208
1430,2292
1430,2925
1430,2947
1430,3066
1430,3418
1430,3583
1430,3634
1430,3991
1430,4038
1430,4139
1430,4418
1430,4427
1430,4763
1430,4800
1431,1700
1431,1726
1431,1752
1431,1783
1431,2396
1431,2643
1431,3313
1431,3754
1431,4123
1431,4242
1431,4318
1431,4915
1431,4984
1432,1551
1432,1729
1432,1877
1432,2094
1432,2348
1432,2398
1432,2754
1432,2989
1432,3166
1432,3223
1432,3227
1432,3266
1432,3596
1432,3816
1432,3968
1432,4105
1432,4293
1432,4325
1432,4366
1432,4377
1432,4522
1433,1557
1433,1608
1433,1736
1433,1929
1433,2043
1433,2310
1433,2363
1433,2570
1433,2729
1433,2796
1433,2884
1433,2919
1433,3160
1433,3259
1433,3516
1433,3644
1433,3659
1433,3963
1433,4120
1433,4132
1433,4252
1433,4358
1433,4608
1433,4609
1433,4643
1433,4864
1434,1533
1434,1906
1434,2080
1434,2210
1434,2256
1434,2281
1434,2382
1434,2888
1434,3334
1434,3651
1434,3712
1434,4192
1434,4366
1434,4579
1434,4593
1434,4945
1435,1576
1435,1661
1435,1662
1435,1725
1435,1886
1435,2109
1435,2125
1435,2233
1435,2250
1435,2304
1435,2338
1435,2547
1435,2599
1435,2681
1435,2706
1435,2731
1435,3088
1435,3153
1435,3240
1435,3255
1435,3256
1435,3483
1435,3989
1435,4046
1435,4198
1435,4410
1435,4630
1435,4735
1435,4947
1436,1668
1436,1676
1436,1704
1436,1749
1436,1783
1436,1796
1436,2040
1436,2497
1436,2685
1436,2786
1436,2921
1436,2959
1436,3654
1436,3909
1436,3935
1436,4156
1436,4265
1436,4320
1436,4467
1436,4753
1436,4755
1437,1551
1437,2255
1437,2329
1437,2460
1437,2488
1437,2507
1437,2703
1437,2898
1437,3070
1437,3175
1437,3298
1437,3888
1437,3912
1437,4196
1437,4431
1437,4521
1437,4573
1437,4620
1437,4896
1437,4982
1438,1811
1438,2371
1438,2565
1438,2770
1438,2999
1438,3399
1438,3436
1438,3456
1438,3507
1438,3632
1438,3684
1438,3871
1438,4208
1438,4348
1438,4420
1438,4918
1439,1907
1439,2117
1439,2216
1439,2233
1439,2566
1439,2765
1439,3005
1439,3258
1439,3530
1439,3693
1439,3930
1439,3997
1439,4260
1439,4383
1439,4599
1439,4698
1439,4709
1439,4851
1439,4864
1440,2045
1440,2260
1440,2837
1440,2849
1440,2885
1440,2890
1440,2915
1440,3525
1440,3749
1440,3804
1440,4062
1440,4137
1440,4164
1440,4359
1440,4382
1440,4569
1440,4675
1440,4688
1440,4877
1440,4915
1440,4922
1441,2161
1441,2382
1441,2544
1441,2640
1441,2809
1441,2850
1441,2985
1441,3347
1441,3408
1441,3603
1441,3607
1441,4151
1441,4487
1441,4919
1442,1713
1442,1874
1442,2225
1442,2686
1442,3022
1442,3237
1442,3317
1442,3646
1442,3661
1442,3824
1442,4248
1442,4510
1442,4805
1443,1461
1443,1707
1443,1920
1443,1929
1443,2369
1443,2387
1443,2515
1443,3008
1443,3225
1443,3226
1443,3323
1443,3328
1443,3448
1443,3603
1443,3943
1443,4045
1443,4172
1443,4186
1443,4451
1443,4693
1443,4913
1444,1574
1444,1853
1444,2064
1444,2520
1444,2842
1444,2899
1444,3251
1444,3309
1444,3483
1444,3488
1444,3520
1444,3773
1444,3780
1444,3988
1444,4433
1444,4773
1444,4975
1445,1492
1445,1504
1445,1661
1445,1719
1445,2087
1445,2582
1445,2686
1445,2876
1445,3113
1445,3704
1445,3939
1445,4084
1445,4123
1446,1518
1446,1939
1446,1967
1446,2227
1446,2293
1446,2841
1446,2853
1446,2938
1446,3332
1446,3524
1446,3780
1446,4091
1446,4143
1446,4390
1447,1557
1447,1805
1447,1937
1447,2125
1447,2229
1447,3013
1447,3838
1447,3860
1447,3964
1447,4209
1447,4347
1447,4370
1447,4410
1447,4467
1447,4480
1448,1524
1448,1598
1448,1813
1448,1849
1448,2396
1448,2460
1448,2837
1448,2865
1448,3174
1448,3226
1448,3253
1448,3513
1448,3626
1448,3880
1448,4163
1448,4286
1448,4353
1448,4369
1448,4586
1448,4632
1448,4823
1448,4932
1448,4969
1449,1488
1449,1527
1449,2121
1449,2162
1449,2223
1449,2254
1449,2617
1449,2801
1449,2870
1449,2964
1449,3672
1449,3695
1449,3763
1449,3917
1449,4047
1449,4222
1449,4648
1449,4658
1449,4986
1450,1595
1450,1941
1450,2598
1450,2608
1450,2975
1450,3363
1450,3369
1450,3678
1450,3685
1450,3787
1450,4171
1450,4235
1450,4460
1450,4817
1450,4865
1450,4963
1450,4984
1451,1708
1451,2250
1451,2789
1451,2867
1451,3001
1451,3194
1451,3268
1451,3309
1451,3479
1451,3593
1451,3665
1451,3813
1451,4055
1451,4657
1451,4674
1451,4965
1452,1749
1452,1951
1452,2088
1452,2100
1452,2933
1452,3300
1452,3445
1452,3601
1452,3887
1452,4042
1452,4284
1452,4364
1452,4479
1452,4940
1453,1493
1453,1503
1453,1811
1453,2024
1453,2571
1453,3182
1453,3536
1453,3596
1453,3776
1453,3848
1453,4630
1453,4723
1453,4824
1454,1476
1454,1964
1454,2427
1454,2496
1454,2528
1454,2748
1454,2950
1454,3072
1454,3115
1454,3169
1454,3379
1454,3532
1454,3577
1454,3834
1454,4329
1454,4338
1454,4713
1454,4840
1455,1475
1455,1666
1455,1709
1455,1735
1455,1968
1455,2374
1455,2656
1455,2757
1455,2982
1455,3315
1455,3643
1455,3648
1455,3661
1455,3909
1455,4243
1455,4441
1456,1746
1456,1758
1456,1806
1456,2087
1456,2201
1456,2586
1456,2638
1456,2780
1456,3273
1456,3292
1456,3639
1456,3864
1456,3922
1456,4063
1456,4414
1456,4731
1457,1511
1457,1589
1457,1597
1457,2209
1457,2357
1457,2874
1457,2989
1457,3061
1457,3204
1457,3410
1457,4017
1457,4045
1457,4554
1457,4647
1457,4735
1458,1543
1458,1698
1458,2104
1458,2292
1458,2488
1458,2520
1458,3040
1458,3539
1458,3774
1458,4002
1458,4038
1458,4254
1458,4313
1458,4570
1458,4627
1458,4672
1458,4954
1459,1568
1459,1701
1459,1942
1459,2097
1459,2260
1459,2503
1459,2704
1459,2974
1459,3465
1459,3759
1459,3808
1459,3878
1459,3976
1459,3981
1459,3983
1459,4247
1459,4305
1459,4544
1460,1510
1460,2313
1460,2755
1460,2757
1460,3652
1460,4553
1460,4554
1460,4794
1460,4945
1461,1480
1461,1514
1461,1736
1461,1809
1461,1859
1461,1985
1461,2069
1461,2188
1461,2273
1461,2321
1461,2326
1461,2376
1461,2730
1461,2994
1461,3012
1461,3308
1461,3344
1461,3393
1461,3405
1461,3556
1461,3601
1461,3611
1461,3951
1461,4120
1461,4666
1461,4745
1462,1519
1462,1579
1462,1708
1462,1734
1462,1891
1462,2245
1462,2387
1462,2403
1462,2467
1462,2633
1462,2697
1462,3203
1462,3436
1462,3838
1462,3984
1462,4018
1462,4183
1462,4238
1462,4949
1463,2481
1463,2540
1463,3340
1463,3628
1463,3991
1463,4241
1463,4418
1463,4494
1463,4596
1463,4779
1463,4781
1464,1751
1464,2023
1464,2040
1464,2070
1464,2176
1464,2360
1464,2372
1464,2705
1464,3462
1464,3552
1464,3561
1464,4112
1464,4388
1464,4462
1464,4590
1465,1633
1465,1713
1465,2705
1465,2804
1465,3218
1465,3518
1465,3837
1465,4178
1465,4214
1465,4501
1465,4628
1465,4758
1465,4766
1465,4937
1465,4970
1466,1815
1466,2091
1466,2130
1466,3000
1466,3042
1466,4084
1466,4298
1467,1732
1467,1856
1467,2222
1467,2567
1467,2871
1467,3400
1467,3434
1467,3630
1467,4299
1467,4398
1467,4439
1467,4575
1467,4646
1467,4903
1467,4926
1468,1524
1468,1565
1468,1952
1468,2058
1468,2065
1468,2067
1468,2087
1468,2339
1468,2731
1468,2746
1468,2750
1468,2912
1468,3067
1468,3088
1468,3279
1468,3417
1468,3785
1468,3862
1468,4149
1468,4187
1468,4385
1468,4471
1468,4582
1468,4824
1468,4975
1469,1857
1469,2056
1469,2066
1469,2075
1469,2077
1469,2103
1469,2571
1469,2776
1469,2863
1469,2994
1469,2998
1469,3168
1469,3322
1469,4763
1469,4991
1470,1854
1470,2142
1470,2359
1470,2436
1470,2466
1470,2708
1470,2798
1470,2949
1470,2975
1470,3144
1470,3164
1470,3195
1470,3723
1470,3831
1470,4085
1470,4107
1470,4176
1470,4530
1470,4539
1470,4769
1470,4783
1470,4839
1471,1579
1471,1614
1471,1789
1471,1873
1471,2123
1471,2204
1471,3014
1471,3545
1471,3658
1471,3774
1471,4071
1471,4298
1471,4801
1472,1552
1472,1986
1472,2037
1472,2457
1472,2677
1472,2889
1472,3501
1472,3935
1472,4073
1472,4133
1472,4134
1472,4255
1472,4306
1472,4565
1473,1823
1473,1918
1473,1930
1473,1951
1473,2456
1473,2838
1473,2889
1473,3288
1473,3347
1473,3463
1473,3519
1473,3722
1473,3842
1473,4359
1473,4381
1473,4417
1473,4494
1473,4783
1473,4818
1474,1540
1474,1550
1474,1635
1474,1918
1474,2105
1474,2233
1474,2424
1474,2858
1474,2888
1474,3042
1474,3065
1474,3083
1474,3164
1474,3311
1474,3905
1474,3994
1474,4107
1474,4262
1474,4394
1474,4435
1474,4440
1474,4761
1475,1476
1475,1611
1475,1902
1475,2033
1475,2112
1475,2127
1475,2156
1475,2259
1475,2332
1475,2539
1475,2567
1475,2593
1475,2918
1475,3087
1475,3206
1475,4093
1475,4231
1475,4249
1475,4367
1475,4835
1476,1514
1476,1560
1476,1600
1476,1872
1476,2032
1476,2211
1476,2390
1476,2960
1476,3374
1476,3381
1476,3447
1476,3878
1476,4264
1476,4455
1476,4574
1476,4877
1476,4951
1477,1686
1477,1793
1477,1847
1477,1880
1477,1940
1477,1952
1477,2305
1477,2384
1477,2895
1477,3109
1477,3171
1477,3328
1477,3344
1477,3606
1477,3809
1477,3984
1477,4145
1477,4273
1477,4330
1477,4585
1478,1716
1478,1848
1478,2129
1478,2215
1478,2254
1478,2263
1478,2302
1478,2892
1478,2994
1478,3141
1478,3347
1478,3461
1478,4116
1478,4638
1478,4654
1478,4815
1478,4882
1478,4915
1479,1539
1479,1689
1479,1781
1479,2641
1479,2653
1479,2917
1479,2998
1479,3035
1479,3224
1479,3393
1479,3664
1479,3683
1479,3924
1479,3979
1479,4763
1479,4765
1480,1675
1480,1907
1480,1968
1480,1980
1480,2293
1480,2453
1480,2598
1480,2637
1480,2951
1480,3090
1480,3266
1480,3401
1480,3518
1480,3650
1480,3662
1480,3819
1480,4201
1480,4535
1480,4744
1480,4897
1481,1643
1481,1865
1481,1878
1481,1971
1481,2067
1481,2321
1481,2509
1481,2761
1481,3032
1481,3038
1481,3093
1481,3270
1481,3381
1481,4037
1481,4295
1481,4489
1481,4574
1481,4765
1481,4828
1481,4869
1481,4970
1482,1657
1482,1910
1482,1952
1482,2156
1482,2236
1482,2392
1482,2572
1482,2808
1482,3032
1482,3210
1482,3261
1482,3507
1482,3806
1482,3859
1482,4007
1482,4117
1482,4344
1482,4543
1482,4794
1482,4815
1483,1505
1483,1562
1483,1597
1483,2269
1483,2418
1483,2433
1483,2620
1483,3004
1483,3030
1483,3862
1483,3866
1483,4019
1483,4075
1483,4328
1483,4647
1483,4892
1484,1566
1484,1840
1484,2244
1484,2251
1484,2504
1484,2525
1484,2529
1484,3204
1484,3320
1484,3681
1484,3691
1484,4285
1484,4305
1484,4757
1484,4796
1484,4900
1485,1769
1485,1787
1485,2073
1485,2452
1485,2696
1485,2756
1485,3208
1485,3542
1485,4062
1485,4377
1485,4829
1485,4836
1485,4874
1486,1599
1486,1973
1486,2139
1486,2279
1486,2298
1486,2312
1486,2458
1486,2610
1486,3167
1486,3593
1486,3833
1486,3836
1486,4135
1486,4594
1486,4653
1486,4751
1486,4789
1486,4853
1487,1956
1487,1997
1487,2315
1487,2316
1487,2375
1487,2710
1487,2735
1487,2866
1487,3031
1487,3201
1487,3307
1487,3594
1487,3597
1487,3623
1487,4056
1487,4584
1487,4735
1488,1899
1488,2107
1488,2174
1488,2353
1488,2562
1488,2573
1488,2599
1488,2849
1488,2863
1488,3465
1488,3617
1488,3661
1488,3927
1488,3971
1488,4048
1488,4068
1488,4160
1488,4256
1488,4396
1488,4425
1488,4651
1488,4812
1488,4965
1489,1629
1489,1888
1489,1902
1489,2081
1489,2124
1489,2387
1489,2745
1489,2932
1489,2987
1489,3705
1489,3855
1489,4043
1489,4288
1489,4591
1489,4814
1489,4979
1490,2279
1490,2377
1490,2404
1490,2509
1490,2740
1490,3133
1490,3140
1490,3180
1490,3284
1490,3539
1490,3730
1490,3755
1490,3872
1490,4356
1490,4701
1490,4793
1491,1536
1491,1571
1491,1825
1491,2036
1491,2295
1491,2329
1491,2635
1491,2708
1491,2847
1491,2924
1491,3104
1491,3179
1491,3226
1491,3264
1491,3398
1491,3412
1491,3604
1491,3616
1491,3799
1491,3820
1491,4446
1491,4726
1491,4869
1491,4889
1491,4938
1492,1677
1492,2412
1492,2816
1492,2873
1492,3520
1492,3560
1492,3594
1492,3711
1492,3768
1492,3983
1492,4346
1492,4801
1492,4929
1493,1770
1493,1871
1493,1891
1493,1958
1493,2502
1493,2602
1493,2734
1493,2756
1493,2920
1493,3130
1493,3133
1493,3341
1493,3411
1493,3774
1493,3917
1493,4414
1493,4462
1493,4816
1494,1682
1494,1933
1494,2129
1494,2156
1494,2181
1494,2932
1494,3126
1494,3217
1494,3236
1494,3328
1494,3605
1494,3712
1494,4656
1494,4679
1494,4693
1494,4722
1494,4777
1494,4829
1495,1981
1495,2077
1495,2086
1495,2277
1495,2295
1495,2605
1495,3163
1495,3244
1495,3281
1495,3296
1495,3645
1495,4224
1495,4901
1496,1629
1496,1898
1496,1926
1496,2036
1496,2196
1496,2377
1496,2581
1496,2731
1496,2800
1496,2804
1496,2848
1496,3119
1496,3339
1496,4026
1496,4629
1496,4688
1496,4908
1496,4985
1497,1532
1497,1601
1497,1741
1497,2802
1497,3500
1497,3612
1497,3818
1497,3938
1497,3963
1497,4368
1497,4398
1497,4502
1498,1573
1498,1748
1498,1995
1498,2052
1498,2559
1498,2585
1498,2706
1498,2758
1498,3058
1498,3133
1498,3170
1498,3357
1498,3385
1498,3432
1498,4776
1499,1544
1499,1634
1499,1736
1499,1767
1499,1841
1499,2045
1499,2198
1499,2423
1499,2986
1499,3099
1499,3198
1499,3305
1499,3759
1499,3915
1499,4222
1499,4971
1500,1604
1500,1763
1500,2139
1500,2336
1500,2661
1500,3142
1500,3228
1500,3306
1500,4074
1500,4447
1500,4749
1501,1509
1501,2063
1501,2134
1501,2389
1501,2418
1501,2426
1501,2525
1501,2635
1501,2732
1501,3412
1501,3641
1501,3941
1501,4147
1501,4210
1501,4432
1501,4683
1501,4844
1501,4974
1502,1534
1502,1578
1502,1782
1502,1816
1502,2453
1502,2470
1502,2628
1502,2672
1502,3063
1502,3289
1502,3297
1502,3340
1502,3573
1502,3598
1502,3743
1502,4332
1503,1568
1503,1611
1503,1763
1503,1902
1503,2094
1503,2200
1503,2511
1503,2779
1503,3018
1503,3027
1503,3096
1503,3402
1503,3667
1503,3759
1503,3782
1503,4167
1503,4495
1503,4876
1504,1719
1504,1951
1504,2141
1504,2230
1504,2299
1504,2808
1504,2999
1504,3275
1504,3361
1504,3387
1504,4015
1504,4435
1504,4459
1504,4918
1505,1541
1505,1600
1505,1720
1505,1864
1505,2281
1505,2349
1505,3046
1505,3093
1505,3642
1505,4052
1505,4167
1505,4651
1505,4664
1505,4801
1505,4826
1506,1757
1506,1935
1506,1979
1506,2234
1506,2939
1506,3122
1506,3411
1506,3631
1506,4445
1506,4634
1507,2200
1507,2347
1507,2731
1507,2966
1507,3077
1507,3139
1507,3597
1507,3775
1507,3787
1507,3955
1507,4001
1507,4019
1507,4480
1507,4904
1507,4967
1508,1513
1508,1719
1508,1846
1508,1926
1508,1966
1508,2024
1508,2229
1508,2595
1508,2683
1508,2695
1508,2970
1508,3183
1508,3255
1508,3413
1508,3467
1508,4004
1508,4169
1508,4217
1508,4242
1508,4327
1508,4552
1508,4749
1508,4880
1508,4908
1508,4917
1509,1670
1509,1719
1509,1809
1509,1843
1509,2013
1509,2297
1509,2320
1509,2416
1509,2927
1509,3262
1509,3290
1509,3592
1509,3719
1509,3761
1509,3768
1509,3812
1509,3821
1509,3902
1509,4096
1509,4608
1509,4769
1509,4967
1510,1514
1510,1583
1510,2381
1510,2455
1510,2482
1510,2487
1510,3090
1510,3213
1510,3338
1510,3594
1510,3891
1510,3996
1510,4080
1510,4464
1510,4641
1510,4714
1510,4826
1511,1635
1511,1641
1511,1839
1511,2312
1511,2668
1511,2824
1511,2830
1511,2907
1511,3237
1511,3662
1511,3858
1511,3964
1511,3970
1511,4512
1511,4590
1511,4728
1512,1645
1512,1944
1512,2108
1512,2378
1512,2469
1512,2510
1512,2894
1512,3123
1512,3140
1512,3505
1512,3548
1512,3848
1512,3852
1512,3877
1512,3962
1512,4596
1513,1756
1513,2783
1513,3125
1513,3190
1513,3241
1513,3363
1513,3564
1513,3647
1513,4000
1513,4163
1513,4167
1513,4403
1513,4504
1513,4810
1513,4820
1514,1868
1514,2105
1514,2182
1514,2193
1514,2242
1514,2363
1514,2466
1514,2832
1514,2994
1514,3294
1514,3508
1514,3651
1514,3989
1514,4015
1514,4171
1514,4366
1514,4842
1515,1810
1515,2034
1515,2133
1515,2190
1515,2784
1515,2820
1515,2997
1515,3253
1515,3298
1515,3331
1515,3519
1515,3618
1515,3841
1515,4064
1515,4099
1515,4116
1515,4245
1515,4298
1515,4499
1515,4764
1516,1644
1516,1655
1516,1696
1516,1697
1516,2376
1516,2421
1516,2676
1516,2723
1516,3155
1516,3164
1516,3234
1516,3353
1516,3389
1516,3501
1516,3502
1516,4143
1516,4193
1516,4202
1516,4250
1516,4397
1516,4591
1516,4859
1517,1561
1517,1953
1517,2066
1517,2244
1517,2269
1517,2725
1517,2779
1517,2791
1517,2865
1517,2954
1517,3095
1517,3520
1517,3713
1517,3872
1517,4111
1517,4181
1518,1529
1518,1583
1518,1664
1518,1949
1518,2020
1518,2351
1518,2820
1518,2938
1518,3088
1518,3419
1518,3537
1518,3601
1518,4276
1518,4394
1518,4943
1518,4960
1519,1794
1519,1806
1519,2192
1519,2300
1519,2526
1519,2701
1519,3456
1519,3463
1519,3489
1519,3772
1519,3779
1519,3948
1519,4079
1519,4088
1519,4526
1519,4818
1519,4896
1520,1553
1520,1646
1520,1924
1520,2179
1520,2191
1520,2378
1520,2668
1520,2763
1520,3042
1520,3302
1520,3626
1520,3633
1520,3847
1520,3977
1520,4191
1520,4300
1520,4345
1520,4595
1520,4967
1521,1631
1521,1705
1521,1785
1521,1799
1521,1888
1521,2208
1521,2294
1521,3215
1521,3249
1521,3404
1521,3432
1521,3468
1521,4052
1521,4320
1521,4752
1521,4901
1522,1647
1522,1780
1522,2072
1522,2210
1522,2237
1522,2268
1522,2867
1522,2954
1522,3214
1522,3356
1522,3437
1522,3473
1522,3628
1522,3873
1522,4221
1522,4307
1522,4419
1522,4502
1522,4542
1522,4783
1522,4923
1523,1588
1523,1778
1523,1797
1523,2134
1523,2164
1523,2187
1523,2198
1523,2231
1523,2386
1523,2414
1523,2693
1523,3433
1523,3497
1523,3726
1523,3853
1523,4241
1523,4636
1523,4650
1524,2119
1524,2490
1524,2639
1524,2688
1524,3038
1524,3558
1524,3583
1524,3711
1524,3797
1524,4287
1524,4376
1524,4543
1525,1909
1525,2308
1525,2658
1525,2823
1525,2980
1525,2991
1525,3281
1525,3495
1525,3669
1525,4153
1525,4288
1525,4368
1525,4657
1526,1729
1526,2028
1526,2262
1526,2543
1526,2631
1526,2785
1526,3398
1526,3517
1526,3587
1526,4606
1526,4632
1527,1653
1527,1702
1527,1809
1527,1823
1527,1847
1527,1877
1527,2154
1527,2284
1527,2314
1527,2484
1527,2848
1527,3719
1527,3999
1527,4012
1527,4063
1527,4097
1527,4198
1527,4734
1527,4759
1527,4903
1527,4997
1528,2120
1528,2388
1528,2478
1528,2530
1528,2576
1528,2719
1528,2740
1528,2871
1528,3208
1528,3302
1528,3551
1528,3707
1528,3861
1528,4056
1528,4145
1528,4225
1528,4455
1528,4775
1528,4804
1529,1554
1529,1619
1529,1628
1529,1691
1529,1693
1529,1726
1529,1764
1529,1926
1529,1928
1529,2566
1529,2611
1529,2802
1529,2923
1529,3247
1529,3376
1529,3465
1529,3544
1529,3607
1529,3896
1529,3984
1529,4077
1529,4424
1529,4448
1529,4826
1529,4835
1530,1699
1530,1744
1530,1832
1530,2124
1530,2209
1530,2315
1530,2323
1530,2478
1530,2484
1530,2574
1530,2632
1530,2838
1530,3238
1530,3430
1530,3455
1530,3530
1530,3538
1530,3709
1530,3856
1530,3898
1530,4022
1530,4196
1530,4205
1530,4219
1530,4625
1530,4906
1531,1714
1531,2073
1531,2076
1531,2165
1531,2239
1531,2546
1531,2699
1531,3124
1531,3244
1531,3669
1531,4076
1531,4196
1531,4197
1531,4469
1531,4674
1531,4787
1531,4820
1531,4910
1532,2055
1532,2084
1532,2104
1532,2167
1532,2405
1532,2536
1532,3044
1532,3338
1532,3536
1532,3566
1532,3709
1532,3869
1532,3897
1532,4829
1532,4918
1533,1535
1533,1648
1533,2169
1533,2312
1533,2346
1533,2489
1533,2537
1533,2574
1533,2882
1533,3343
1533,3430
1533,3443
1533,3526
1533,3567
1533,3710
1533,4114
1533,4207
1533,4422
1533,4444
1533,4510
1534,1701
1534,2110
1534,2213
1534,2220
1534,2486
1534,2536
1534,2688
1534,4262
1534,4745
1534,4794
1535,1810
1535,1818
1535,2012
1535,2170
1535,2453
1535,2500
1535,2572
1535,2884
1535,3061
1535,3105
1535,3120
1535,3366
1535,4082
1535,4253
1535,4276
1535,4490
1535,4920
1535,4965
1535,4970
1535,4981
1536,1544
1536,1796
1536,2016
1536,2048
1536,2327
1536,2443
1536,2491
1536,2769
1536,2887
1536,3194
1536,3196
1536,3277
1536,3896
1536,3997
1536,4199
1536,4231
1536,4380
1536,4458
1536,4536
1536,4568
1536,4825
1536,4944
1537,1876
1537,2094
1537,2259
1537,2454
1537,2473
1537,2903
1537,3000
1537,3170
1537,3362
1537,3681
1537,3700
1537,3755
1537,4249
1537,4461
1537,4479
1537,4522
1537,4791
1538,1667
1538,1729
1538,1860
1538,1941
1538,2367
1538,2510
1538,2569
1538,2876
1538,3088
1538,3586
1538,3639
1538,3640
1538,3732
1538,3870
1538,4044
1538,4561
1538,4614
1538,4855
1538,4952
1538,4975
1539,1654
1539,2111
1539,2408
1539,2628
1539,2700
1539,2900
1539,2952
1539,2966
1539,3094
1539,3868
1539,3973
1539,4266
1539,4450
1539,4525
1539,4718
1540,2003
1540,2253
1540,2446
1540,2485
1540,2635
1540,2657
1540,2695
1540,2741
1540,2846
1540,2973
1540,3141
1540,3640
1540,4080
1540,4415
1540,4791
1541,1844
1541,2244
1541,2296
1541,2372
1541,2383
1541,2407
1541,2445
1541,2628
1541,2756
1541,3087
1541,3213
1541,3490
1541,3932
1541,4082
1541,4383
1541,4883
1541,4895
1542,1572
1542,2065
1542,2084
1542,2417
1542,2561
1542,2794
1542,3149
1542,3311
1542,3564
1542,3844
1542,3905
1542,4062
1542,4405
1542,4437
1542,4635
1542,4818
1543,1710
1543,1770
1543,2848
1543,2912
1543,2956
1543,3017
1543,3312
1543,3515
1543,3516
1543,3709
1543,3892
1543,4058
1543,4251
1543,4397
1543,4427
1543,4936
1544,1755
1544,1929
1544,2089
1544,2108
1544,2360
1544,2426
1544,3145
1544,3220
1544,3487
1544,3758
1544,3884
1544,4209
1544,4242
1544,4390
1544,4812
1544,4846
1544,4874
1545,1649
1545,1771
1545,1842
1545,1923
1545,1977
1545,2405
1545,2414
1545,2591
1545,2793
1545,3112
1545,3157
1545,3187
1545,3211
1545,3226
1545,3364
1545,3745
1545,3885
1545,3987
1545,4031
1545,4062
1545,4593
1545,4805
1545,4936
1546,1909
1546,2623
1546,2798
1546,2905
1546,3232
1546,3542
1546,3790
1546,3807
1546,4137
1546,4204
1546,4410
1546,4589
1546,4741
1546,4821
1547,2604
1547,2637
1547,2660
1547,2686
1547,2893
1547,3001
1547,3219
1547,3482
1547,3512
1547,3830
1547,3842
1547,3954
1547,4048
1547,4166
1547,4204
1547,4389
1547,4533
1548,1624
1548,1782
1548,1994
1548,2161
1548,2213
1548,2602
1548,2768
1548,2781
1548,2798
1548,2971
1548,3233
1548,3318
1548,3685
1548,3693
1548,4401
1548,4793
1548,4843
1549,2163
1549,2240
1549,2434
1549,2539
1549,2604
1549,2824
1549,2945
1549,3051
1549,3151
1549,3415
1549,3656
1549,3982
1549,4119
1549,4260
1549,4348
1549,4356
1549,4510
1549,4887
1549,4895
1550,1690
1550,2137
1550,2146
1550,2426
1550,2513
1550,2840
1550,3034
1550,3085
1550,3258
1550,3487
1550,3680
1550,3936
1550,4261
1550,4511
1550,4951
1551,1827
1551,1860
1551,2346
1551,2369
1551,2429
1551,2621
1551,3471
1551,3669
1551,3889
1551,3901
1551,4158
1551,4234
1551,4381
1551,4492
1551,4622
1551,4777
1551,4975
1552,1956
1552,1974
1552,2022
1552,2161
1552,2163
1552,2644
1552,2699
1552,2738
1552,3029
1552,3264
1552,3375
1552,3693
1552,3783
1552,3867
1552,4379
1552,4415
1552,4593
1552,4727
1552,4875
1552,4892
1553,1989
1553,1990
1553,2321
1553,2467
1553,2582
1553,2663
1553,3104
1553,3131
1553,3403
1553,3447
1553,3576
1553,4043
1553,4343
1553,4556
1553,4870
1554,1614
1554,2308
1554,2325
1554,2344
1554,2518
1554,2715
1554,2751
1554,2886
1554,2955
1554,3128
1554,3310
1554,4082
1554,4334
1554,4685
1554,4884
1555,1825
1555,1874
1555,1985
1555,2164
1555,2761
1555,2771
1555,2969
1555,3136
1555,3193
1555,4523
1555,4550
1555,4558
1556,1659
1556,1667
1556,2250
1556,2363
1556,2671
1556,2699
1556,2999
1556,3025
1556,3171
1556,3275
1556,3348
1556,3364
1556,3398
1556,3442
1556,3731
1556,4049
1556,4295
1556,4486
1557,1574
1557,1618
1557,2029
1557,2119
1557,2474
1557,2603
1557,2731
1557,3122
1557,3200
1557,3254
1557,3255
1557,3497
1557,3676
1557,3691
1557,3754
1557,3880
1557,3933
1557,4009
1557,4040
1557,4041
1557,4071
1557,4275
1557,4341
1557,4425
1557,4504
1557,4525
1557,4550
1557,4562
1557,4704
1557,4727
1558,2001
1558,2282
1558,2310
1558,2393
1558,2408
1558,4297
1558,4593
1558,4604
1558,4675
1558,4711
1558,4901
1559,1726
1559,1998
1559,2104
1559,2367
1559,2788
1559,3093
1559,3166
1559,3215
1559,3261
1559,3315
1559,3695
1559,4196
1559,4305
1559,4941
1560,1669
1560,1734
1560,1827
1560,1913
1560,2435
1560,3500
1560,3828
1560,3947
1560,4331
1560,4336
1560,4594
1561,1574
1561,1773
1561,1856
1561,1911
1561,1917
1561,1940
1561,2090
1561,2138
1561,2259
1561,2313
1561,2396
1561,2410
1561,2597
1561,2813
1561,3267
1561,3586
1561,3626
1561,3755
1561,3856
1561,4288
1561,4477
1561,4537
1561,4884
1561,4915
1561,4928
1561,4980
1561,4999
1562,1600
1562,1911
1562,2042
1562,2198
1562,2275
1562,2492
1562,2911
1562,2937
1562,3618
1562,3887
1562,4522
1562,4594
1562,4738
1563,1741
1563,1844
1563,1885
1563,2638
1563,3436
1563,3440
1563,3607
1563,3748
1563,4089
1563,4158
1563,4564
1563,4715
1563,4909
1563,4942
1564,1631
1564,1725
1564,2123
1564,2505
1564,2745
1564,2845
1564,2861
1564,2953
1564,3266
1564,3306
1564,3396
1564,3466
1564,3803
1564,3861
1564,3863
1564,3874
1564,3980
1564,4002
1564,4156
1564,4251
1564,4270
1564,4348
1564,4487
1564,4511
1564,4581
1564,4773
1564,4824
1564,4982
1564,4996
1565,1931
1565,1981
1565,2313
1565,2624
1565,2691
1565,2696
1565,2736
1565,2928
1565,3257
1565,3265
1565,3398
1565,3709
1565,4056
1565,4143
1565,4534
1565,4649
1565,4668
1565,4752
1565,4819
1566,1673
1566,2126
1566,2155
1566,2522
1566,2696
1566,2750
1566,2769
1566,3078
1566,3431
1566,3697
1566,3722
1566,3943
1566,3956
1566,4112
1566,4414
1566,4450
1566,4488
1566,4788
1567,1989
1567,2038
1567,2223
1567,2247
1567,2283
1567,2364
1567,2791
1567,3395
1567,3401
1567,3650
1567,3697
1567,4001
1567,4042
1567,4861
1568,1978
1568,2111
1568,2135
1568,2512
1568,2578
1568,2642
1568,2900
1568,2961
1568,3017
1568,3370
1568,3541
1568,3622
1568,3786
1568,3788
1568,3801
1568,3830
1568,3831
1568,4064
1568,4425
1568,4680
1568,4954
1568,4994
1569,1637
1569,1826
1569,2047
1569,2725
1569,3006
1569,3023
1569,3076
1569,3243
1569,3335
1569,3394
1569,3414
1569,3586
1569,3589
1569,3981
1569,4053
1569,4106
1569,4159
1569,4215
1570,1738
1570,1754
1570,1787
1570,1832
1570,2218
1570,2328
1570,2665
1570,2775
1570,3213
1570,3244
1570,3676
1570,3800
1570,3884
1570,4080
1570,4338
1570,4484
1570,4559
1570,4565
1570,4707
1570,4936
1570,4962
1571,1675
1571,1890
1571,2159
1571,2773
1571,3008
1571,3109
1571,3196
1571,3323
1571,3385
1571,3855
1571,3932
1571,4094
1572,1936
1572,2020
1572,2202
1572,2493
1572,2819
1572,3080
1572,3119
1572,3490
1572,3534
1572,4063
1572,4444
1573,1769
1573,2231
1573,2342
1573,2352
1573,2504
1573,2932
1573,3168
1573,3192
1573,3226
1573,3329
1573,3427
1573,3555
1573,4213
1573,4250
1573,4287
1573,4329
1573,4461
1573,4871
1574,1745
1574,2012
1574,2139
1574,2316
1574,2404
1574,2526
1574,2659
1574,2665
1574,2691
1574,3191
1574,3228
1574,3284
1574,3418
1574,3509
1574,3666
1574,3699
1574,3737
1574,3817
1574,4018
1574,4217
1574,4232
1574,4428
1574,4518
1574,4728
1574,4850
1575,1803
1575,1813
1575,1856
1575,1947
1575,2022
1575,2328
1575,2357
1575,2595
1575,2635
1575,2769
1575,2951
1575,3014
1575,3026
1575,3123
1575,3139
1575,3374
1575,4352
1575,4368
1575,4492
1575,4538
1575,4663
1575,4707
1575,4961
1576,1643
1576,1670
1576,1788
1576,1866
1576,1942
1576,2303
1576,2477
1576,3024
1576,3107
1576,3609
1576,3626
1576,3894
1576,3952
1576,4018
1576,4100
1576,4238
1576,4597
1577,1597
1577,1708
1577,1782
1577,2086
1577,2513
1577,2839
1577,2925
1577,3146
1577,3297
1577,3329
1577,3781
1577,3960
1577,4096
1577,4124
1577,4158
1577,4269
1577,4474
1577,4624
1577,4676
1577,4759
1577,4895
1578,1650
1578,2258
1578,2288
1578,2431
1578,2506
1578,2878
1578,2887
1578,2955
1578,3317
1578,3407
1578,3981
1578,4217
1578,4223
1578,4257
1578,4337
1578,4631
1578,4857
1579,1854
1579,1907
1579,2283
1579,2336
1579,2626
1579,2982
1579,3645
1579,4353
1579,4433
1579,4455
1579,4533
1580,1741
1580,1823
1580,2754
1580,3252
1580,3488
1580,3529
1580,3617
1580,3858
1580,3867
1580,4234
1580,4308
1580,4523
1580,4663
1580,4766
1580,4948
1581,1687
1581,1737
1581,1994
1581,2278
1581,2677
1581,2788
1581,2881
1581,2888
1581,3258
1581,3598
1581,3767
1581,4176
1581,4212
1581,4684
1581,4905
1581,4983
1582,1633
1582,1807
1582,1895
1582,2235
1582,2692
1582,3093
1582,3194
1582,3302
1582,3765
1582,3786
1582,3792
1582,3975
1582,4115
1582,4293
1582,4484
1582,4527
1582,4822
1582,4867
1582,4914
1582,4980
1583,1852
1583,2487
1583,2557
1583,2674
1583,2748
1583,2964
1583,3131
1583,3275
1583,3345
1583,3408
1583,3628
1583,3660
1583,4154
1583,4372
1583,4570
1583,4673
1583,4776
1583,4906
1583,4943
1584,1933
1584,2501
1584,2516
1584,2666
1584,2734
1584,3089
1584,3381
1584,3666
1584,3953
1584,4207
1584,4236
1584,4411
1584,4858
1584,4945
1585,1671
1585,1877
1585,1966
1585,2207
1585,2309
1585,2478
1585,2908
1585,2946
1585,3014
1585,3113
1585,3140
1585,3280
1585,3531
1585,3936
1585,4034
1585,4095
1585,4127
1586,1891
1586,1960
1586,1999
1586,2024
1586,2139
1586,2141
1586,2260
1586,2453
1586,2538
1586,2572
1586,2950
1586,3161
1586,3235
1586,3851
1586,3907
1586,4070
1586,4325
1586,4514
1586,4553
1586,4916
1587,2025
1587,2194
1587,2436
1587,2657
1587,2722
1587,2790
1587,3007
1587,3160
1587,3258
1587,3539
1587,3540
1587,4051
1587,4529
1587,4623
1587,4704
1587,4868
1588,1827
1588,1882
1588,2124
1588,2371
1588,2474
1588,2476
1588,2522
1588,2556
1588,2579
1588,2604
1588,2713
1588,2752
1588,3385
1588,3724
1588,3756
1588,4152
1588,4159
1589,1900
1589,2299
1589,2517
1589,2824
1589,3092
1589,3100
1589,3312
1589,3377
1589,3436
1589,3626
1589,4017
1589,4303
1589,4549
1589,4551
1589,4696
1589,4866
1589,4940
1590,1678
1590,2101
1590,2349
1590,2435
1590,2462
1590,2732
1590,2758
1590,2782
1590,2974
1590,3174
1590,3616
1590,3969
1590,3983
1590,4270
1590,4682
1591,1643
1591,1851
1591,2147
1591,2527
1591,2895
1591,2900
1591,3645
1591,3655
1591,3915
1591,3982
1591,4001
1591,4006
1591,4210
1591,4985
1591,4994
1592,1834
1592,1868
1592,1876
1592,1901
1592,1911
1592,1958
1592,2184
1592,2652
1592,2695
1592,2741
1592,2877
1592,2903
1592,3015
1592,3166
1592,3174
1592,3717
1592,3737
1592,3796
1592,3906
1592,4372
1592,4423
1593,1753
1593,2071
1593,2294
1593,2550
1593,2942
1593,2989
1593,3109
1593,3341
1593,3410
1593,3508
1593,3725
1593,3745
1593,3824
1593,4033
1593,4494
1593,4850
1594,1711
1594,1798
1594,1822
1594,1987
1594,2119
1594,2647
1594,2650
1594,3079
1594,3171
1594,3195
1594,3490
1594,3527
1594,3565
1594,3852
1594,4010
1594,4050
1594,4094
1594,4423
1594,4662
1594,4668
1594,4676
1594,4712
1594,4903
1594,4992
1595,1705
1595,2034
1595,2150
1595,2339
1595,2395
1595,2432
1595,2703
1595,2804
1595,2988
1595,3075
1595,3198
1595,3262
1595,3331
1595,3698
1595,3758
1595,3818
1595,4433
1595,4470
1595,4629
1596,1599
1596,2020
1596,2268
1596,2391
1596,3116
1596,3207
1596,3317
1596,3421
1596,3490
1596,3964
1596,4108
1597,1615
1597,2093
1597,2175
1597,2773
1597,2818
1597,2838
1597,3407
1597,3456
1597,3595
1597,3841
1597,4262
1597,4331
1597,4561
1597,4587
1597,4664
1597,4709
1597,4722
1597,4832
1598,2094
1598,2137
1598,2147
1598,2375
1598,2469
1598,2708
1598,3827
1598,3980
1598,4385
1598,4718
1599,2537
1599,2548
1599,2631
1599,3340
1599,3903
1599,3972
1599,4043
1599,4141
1599,4306
1599,4466
1600,1612
1600,1689
1600,1693
1600,1746
1600,1802
1600,1926
1600,2150
1600,2444
1600,2455
1600,2762
1600,2899
1600,3243
1600,3768
1600,3948
1600,4342
1600,4821
1600,4947
1601,1805
1601,1881
1601,1979
1601,2069
1601,2436
1601,2548
1601,2648
1601,2738
1601,3581
1601,3680
1601,3778
1601,3815
1601,4038
1601,4052
1601,4134
1601,4193
1601,4740
1602,2086
1602,2088
1602,2363
1602,2416
1602,2493
1602,2499
1602,2973
1602,3247
1602,3554
1602,3820
1602,4099
1602,4135
1602,4199
1602,4206
1602,4262
1602,4723
1602,4981
1603,2013
1603,2222
1603,2351
1603,2421
1603,2824
1603,2913
1603,3049
1603,3303
1603,3831
1603,3920
1603,4155
1603,4191
1603,4293
1603,4562
1603,4784
1603,4825
1604,1738
1604,1876
1604,2182
1604,2232
1604,2474
1604,2503
1604,2511
1604,2671
1604,2857
1604,2944
1604,2967
1604,3277
1604,3384
1604,3767
1604,3802
1604,3987
1604,4312
1604,4369
1604,4522
1604,4528
1604,4931
1605,1632
1605,1655
1605,1667
1605,2006
1605,2027
1605,2325
1605,2487
1605,2508
1605,2544
1605,2702
1605,2841
1605,2884
1605,3081
1605,3562
1605,4284
1605,4370
1605,4804
1605,4939
1606,1697
1606,1745
1606,1778
1606,1903
1606,2058
1606,2152
1606,2283
1606,2676
1606,2829
1606,3072
1606,3219
1606,3291
1606,3399
1606,3627
1606,3666
1606,3777
1606,3947
1606,4147
1606,4230
1606,4455
1606,4488
1606,4586
1606,4768
1606,4941
1607,1613
1607,2270
1607,2277
1607,2514
1607,2551
1607,2598
1607,3021
1607,3488
1607,3489
1607,3507
1607,3602
1607,3628
1607,4136
1607,4141
1607,4367
1607,4412
1607,4417
1607,4456
1607,4915
1608,1622
1608,1667
1608,2360
1608,2609
1608,2772
1608,2986
1608,3021
1608,3153
1608,3273
1608,3356
1608,3429
1608,3627
1608,3915
1608,4090
1608,4293
1608,4537
1608,4573
1608,4681
1608,4728
1608,4733
1608,4738
1608,4899
1609,1650
1609,1883
1609,2259
1609,2267
1609,2394
1609,2627
1609,3045
1609,3597
1609,3682
1609,3737
1609,3908
1609,3913
1609,4291
1609,4460
1609,4787
1609,4916
1610,1649
1610,2182
1610,2425
1610,2560
1610,2682
1610,2738
1610,2828
1610,2885
1610,3112
1610,3196
1610,3244
1610,3266
1610,3286
1610,3700
1610,3908
1610,4007
1610,4228
1610,4296
1610,4470
1610,4572
1610,4622
1610,4636
1610,4660
1610,4680
1610,4948
1611,1861
1611,1985
1611,2322
1611,2617
1611,2986
1611,3009
1611,3082
1611,3387
1611,3485
1611,3527
1611,3560
1611,3995
1611,4338
1611,4347
1611,4480
1612,1614
1612,1705
1612,1725
1612,1873
1612,2043
1612,2077
1612,2095
1612,2122
1612,2618
1612,3277
1612,3288
1612,3315
1612,3672
1612,3682
1612,3810
1612,4043
1612,4094
1612,4239
1612,4984
1613,1741
1613,1835
1613,1950
1613,2062
1613,2163
1613,2864
1613,2886
1613,3218
1613,3363
1613,3406
1613,3436
1613,3629
1613,3749
1613,3902
1613,3904
1613,4729
1613,4746
1613,4832
1613,4965
1614,1697
1614,1977
1614,2244
1614,2593
1614,2800
1614,3041
1614,3133
1614,3363
1614,3742
1614,3774
1614,3944
1614,3966
1614,3972
1614,4120
1614,4269
1614,4310
1614,4347
1614,4785
1615,1672
1615,1816
1615,1963
1615,2217
1615,2231
1615,2315
1615,2357
1615,2576
1615,2794
1615,2950
1615,3458
1615,3547
1615,3557
1615,3748
1615,3842
1615,3976
1615,4106
1615,4179
1615,4203
1615,4232
1615,4332
1615,4918
1616,1642
1616,1959
1616,2180
1616,2192
1616,2231
1616,2278
1616,2501
1616,2625
1616,3588
1616,3618
1616,3749
1616,3814
1616,4036
1616,4493
1616,4675
1616,4841
1616,4848
1616,4939
1617,1775
1617,1821
1617,2268
1617,2448
1617,2498
1617,2583
1617,2659
1617,2716
1617,2838
1617,3168
1617,3221
1617,3440
1617,3538
1617,3628
1617,3989
1617,4236
1617,4472
1617,4625
1617,4675
1617,4893
1618,1726
1618,1792
1618,1845
1618,1877
1618,1921
1618,2074
1618,2264
1618,2485
1618,2535
1618,3255
1618,3430
1618,3515
1618,3688
1618,3816
1618,4218
1618,4540
1619,1677
1619,1699
1619,1714
1619,1803
1619,1879
1619,2132
1619,2181
1619,2326
1619,2342
1619,3099
1619,3103
1619,3158
1619,3409
1619,3587
1619,3741
1619,4005
1619,4218
1619,4225
1619,4718
1619,4735
1619,4916
1620,1670
1620,1736
1620,1926
1620,1992
1620,2276
1620,2349
1620,2700
1620,2757
1620,3103
1620,3129
1620,3276
1620,3377
1620,3664
1620,3769
1620,3834
1620,3855
1620,3899
1620,4440
1620,4577
1620,4877
1621,1648
1621,1754
1621,1849
1621,2017
1621,2088
1621,2154
1621,2247
1621,2565
1621,2594
1621,2811
1621,3079
1621,3200
1621,3249
1621,3266
1621,3440
1621,3529
1621,3533
1621,3535
1621,3649
1621,3713
1621,3783
1621,3855
1621,4132
1621,4215
1621,4414
1622,1778
1622,2309
1622,2669
1622,2698
1622,3074
1622,3337
1622,4025
1622,4050
1622,4215
1622,4503
1622,4831
1622,4895
1623,1703
1623,1990
1623,1995
1623,2132
1623,2270
1623,2583
1623,2677
1623,3317
1623,3450
1623,3539
1623,3603
1623,3764
1623,4189
1623,4517
1623,4562
1623,4565
1623,4586
1623,4939
1624,1962
1624,2637
1624,2758
1624,3042
1624,3092
1624,3095
1624,3414
1624,3541
1624,3930
1624,4572
1624,4952
1625,1635
1625,1992
1625,2007
1625,2070
1625,2590
1625,3063
1625,3298
1625,3381
1625,3481
1625,3555
1625,3740
1625,4265
1625,4314
1625,4963
1626,1769
1626,1792
1626,2144
1626,2248
1626,2744
1626,2766
1626,3027
1626,3131
1626,3198
1626,3319
1626,3570
1626,3573
1626,3704
1626,3846
1626,4067
1626,4351
1626,4537
1626,4638
1626,4834
1626,4940
1627,1658
1627,1902
1627,2212
1627,2303
1627,2383
1627,2599
1627,2617
1627,2619
1627,2752
1627,3055
1627,3067
1627,3129
1627,3554
1627,3572
1627,3646
1627,3688
1627,3785
1627,3881
1627,4002
1627,4186
1627,4332
1627,4591
1627,4816
1627,4901
1627,4937
1628,1665
1628,1711
1628,1764
1628,1825
1628,2345
1628,2358
1628,2638
1628,2682
1628,2700
1628,2784
1628,2941
1628,3485
1628,4197
1628,4620
1628,4772
1629,1666
1629,1885
1629,2204
1629,2467
1629,2670
1629,2718
1629,2971
1629,2996
1629,3139
1629,3647
1629,3828
1629,4339
1629,4724
1629,4794
1630,1642
1630,2049
1630,2337
1630,2524
1630,2553
1630,2557
1630,2869
1630,3011
1630,3093
1630,3281
1630,3442
1630,3882
1630,4059
1630,4161
1630,4172
1630,4518
1630,4528
1630,4879
1630,4892
1630,4951
1630,4982
1631,1942
1631,2160
1631,2791
1631,2899
1631,3141
1631,3414
1631,3559
1631,4025
1631,4111
1631,4255
1631,4315
1631,4507
1631,4623
1631,4674
1631,4857
1631,4894
1632,1841
1632,2183
1632,2194
1632,2205
1632,2489
1632,3022
1632,3601
1632,3854
1632,3992
1632,4103
1632,4144
1632,4157
1632,4621
1633,1840
1633,1865
1633,1971
1633,2185
1633,2821
1633,2881
1633,3112
1633,3165
1633,3301
1633,3424
1633,3453
1633,3497
1633,3549
1633,3725
1633,3732
1633,3879
1633,3891
1633,4692
1634,1836
1634,1925
1634,2057
1634,2611
1634,2633
1634,2906
1634,3237
1634,3260
1634,3293
1634,3408
1634,3465
1634,3532
1634,3576
1634,3627
1634,3964
1634,4534
1634,4755
1635,1648
1635,1908
1635,2280
1635,2667
1635,2723
1635,3064
1635,3288
1635,3461
1635,3697
1635,3703
1635,3772
1635,3788
1635,3947
1635,3984
1635,4117
1635,4226
1635,4546
1635,4683
1635,4788
1635,4838
1635,4911
1635,4918
1635,4959
1636,1698
1636,1760
1636,1824
1636,2173
1636,2734
1636,2894
1636,3061
1636,3067
1636,3219
1636,3364
1636,3735
1636,4167
1636,4194
1636,4230
1636,4375
1636,4551
1636,4690
1637,2003
1637,2185
1637,2515
1637,2658
1637,3250
1637,3360
1637,3723
1637,3774
1637,3911
1637,4049
1637,4414
1637,4452
1637,4489
1637,4725
1637,4973
1638,1776
1638,1798
1638,2027
1638,2157
1638,2243
1638,2335
1638,2635
1638,2636
1638,2879
1638,2892
1638,3005
1638,3011
1638,3042
1638,3045
1638,3054
1638,3525
1638,3572
1638,3797
1638,3949
1638,4034
1638,4185
1638,4519
1638,4827
1639,1758
1639,1773
1639,1827
1639,2205
1639,2713
1639,3445
1639,3453
1639,3599
1639,3833
1639,4302
1639,4333
1639,4663
1639,4716
1639,4720
1639,4747
1639,4798
1639,4931
1640,2078
1640,2661
1640,2903
1640,3188
1640,3194
1640,3541
1640,3964
1640,4467
1640,4539
1640,4553
1640,4868
1640,4985
1641,1769
1641,2568
1641,2607
1641,2827
1641,3219
1641,3306
1641,3353
1641,3540
1641,3643
1641,4423
1641,4450
1641,4556
1641,4660
1641,4750
1641,4838
1642,1702
1642,1823
1642,2021
1642,2134
1642,2151
1642,2202
1642,2279
1642,2283
1642,2890
1642,2918
1642,3172
1642,3606
1642,3705
1642,4031
1642,4088
1642,4255
1642,4550
1643,1819
1643,1913
1643,2183
1643,2207
1643,2210
1643,2215
1643,2357
1643,2941
1643,3017
1643,3516
1643,3600
1643,3687
1643,3940
1643,3985
1643,4053
1643,4085
1643,4827
1644,1662
1644,2048
1644,2392
1644,2431
1644,2822
1644,2967
1644,3198
1644,3199
1644,3283
1644,3789
1644,3844
1644,3970
1644,4010
1644,4229
1644,4246
1644,4264
1644,4320
1644,4706
1644,4789
1644,4964
1645,1892
1645,1915
1645,1939
1645,2039
1645,2283
1645,2559
1645,2679
1645,2721
1645,2932
1645,3259
1645,3264
1645,3293
1645,3454
1645,3591
1645,3616
1645,3812
1645,4032
1645,4788
1645,4823
1646,1711
1646,1814
1646,2192
1646,2359
1646,2416
1646,2574
1646,2864
1646,2906
1646,3099
1646,3199
1646,3352
1646,3512
1646,3551
1646,3622
1646,4139
1646,4763
1647,1944
1647,1961
1647,2138
1647,2413
1647,2969
1647,3265
1647,3411
1647,3626
1647,3654
1647,4046
1647,4153
1647,4225
1647,4445
1647,4898
1648,1649
1648,1655
1648,1712
1648,1873
1648,2009
1648,2026
1648,2415
1648,2566
1648,2680
1648,2749
1648,2769
1648,2796
1648,2882
1648,3201
1648,3453
1648,3764
1648,3885
1648,3939
1648,4267
1648,4403
1648,4438
1648,4577
1648,4751
1649,1879
1649,2247
1649,2313
1649,2815
1649,3577
1649,3660
1649,3668
1649,3730
1649,4070
1649,4098
1649,4123
1649,4144
1649,4352
1649,4365
1649,4493
1649,4607
1649,4871
1649,4984
1650,1651
1650,2089
1650,2165
1650,2309
1650,2414
1650,2643
1650,2742
1650,3041
1650,3384
1650,3400
1650,3676
1650,3692
1650,3757
1650,4054
1650,4252
1650,4449
1650,4689
1650,4799
1650,4832
1650,4939
1651,1762
1651,2378
1651,2573
1651,2599
1651,2680
1651,2729
1651,2830
1651,2940
1651,2948
1651,3182
1651,3375
1651,3489
1651,3744
1651,4359
1651,4838
1651,4980
1652,1675
1652,1842
1652,1920
1652,1963
1652,2012
1652,2016
1652,2238
1652,2593
1652,3112
1652,3417
1652,3445
1652,3505
1652,3573
1652,3736
1652,3745
1652,4101
1652,4219
1652,4338
1652,4467
1652,4737
1652,4909
1653,2072
1653,2085
1653,2182
1653,2471
1653,2585
1653,2676
1653,2689
1653,2788
1653,2828
1653,3135
1653,3349
1653,3623
1653,3785
1653,3809
1653,4013
1653,4344
1653,4525
1653,4635
1653,4852
1653,4911
1653,4991
1654,2244
1654,2459
1654,2586
1654,3028
1654,3112
1654,3302
1654,3431
1654,4001
1654,4774
1654,4992
1655,1815
1655,1945
1655,1991
1655,2002
1655,2167
1655,3045
1655,3159
1655,3180
1655,3192
1655,3263
1655,3308
1655,3582
1655,3660
1655,3762
1655,3823
1655,4417
1655,4476
1655,4480
1656,1733
1656,1757
1656,2024
1656,2084
1656,2117
1656,2703
1656,2789
1656,2801
1656,2890
1656,2901
1656,3090
1656,3129
1656,3141
1656,3250
1656,3296
1656,3386
1656,4167
1656,4296
1656,4448
1656,4938
1656,4974
1657,1694
1657,1797
1657,2530
1657,2560
1657,2812
1657,2865
1657,3060
1657,3224
1657,3258
1657,3302
1657,3363
1657,3845
1657,3901
1657,3982
1657,4005
1657,4900
1658,2190
1658,2226
1658,2481
1658,2525
1658,2745
1658,3424
1658,3666
1658,3730
1658,4287
1658,4458
1658,4665
1658,4806
1658,4983
1659,1908
1659,2077
1659,2199
1659,2418
1659,2635
1659,2835
1659,2893
1659,2980
1659,3159
1659,3197
1659,3336
1659,3497
1659,4132
1659,4273
1659,4319
1659,4403
1659,4435
1659,4489
1659,4539
1659,4615
1659,4693
1659,4875
1660,1776
1660,1778
1660,1868
1660,1955
1660,2933
1660,2961
1660,3073
1660,3104
1660,3262
1660,3304
1660,3395
1660,3641
1660,3642
1660,3996
1660,4712
1660,4831
1660,4852
1661,1841
1661,2246
1661,2430
1661,2702
1661,3089
1661,3192
1661,3437
1661,3524
1661,3899
1661,4042
1661,4170
1661,4192
1661,4412
1661,4826
1662,1684
1662,1919
1662,2093
1662,2414
1662,2508
1662,2509
1662,2545
1662,2666
1662,2734
1662,2956
1662,3013
1662,3316
1662,3456
1662,3568
1662,3781
1662,3876
1662,4121
1662,4478
1662,4883
1663,1853
1663,1892
1663,1970
1663,2164
1663,2628
1663,2747
1663,3141
1663,3183
1663,3775
1663,3829
1663,3836
1663,3937
1663,4018
1663,4473
1663,4539
1663,4599
1663,4809
1664,1853
1664,1973
1664,1976
1664,2038
1664,2192
1664,2334
1664,2500
1664,2552
1664,2650
1664,2707
1664,2763
1664,2822
1664,3508
1664,3515
1664,3617
1664,3623
1664,3817
1664,3820
1664,3865
1664,3976
1664,4448
1665,1727
1665,1886
1665,1953
1665,1975
1665,1986
1665,2185
1665,2386
1665,2562
1665,2692
1665,2699
1665,3406
1665,3695
1665,3699
1665,4140
1665,4543
1666,1713
1666,2222
1666,2230
1666,2563
1666,2605
1666,2844
1666,2847
1666,2874
1666,3014
1666,3154
1666,3836
1666,4063
1666,4091
1666,4115
1666,4612
1666,4660
1666,4744
1666,4783
1666,4790
1666,4819
1667,1730
1667,2052
1667,2147
1667,2232
1667,2398
1667,2832
1667,2837
1667,2979
1667,2994
1667,3172
1667,3233
1667,3825
1667,3918
1667,4053
1667,4204
1667,4243
1667,4287
1667,4412
1667,4416
1667,4423
1667,4654
1667,4680
1667,4883
1668,1849
1668,2019
1668,2166
1668,2293
1668,2383
1668,2452
1668,2954
1668,3025
1668,3675
1668,4330
1668,4409
1668,4507
1668,4648
1668,4657
1668,4840
1668,4868
1669,1831
1669,1848
1669,2033
1669,2168
1669,2241
1669,2374
1669,2499
1669,3047
1669,3095
1669,3202
1669,3328
1669,3420
1669,3678
1669,3726
1669,3838
1669,3864
1669,3879
1669,4120
1669,4129
1669,4542
1669,4544
1669,4666
1670,1710
1670,2114
1670,2235
1670,2359
1670,2488
1670,2687
1670,2756
1670,2905
1670,3014
1670,3021
1670,3240
1670,3492
1670,3549
1670,3623
1670,3900
1670,3996
1670,4035
1670,4108
1670,4135
1670,4226
1670,4377
1670,4448
1670,4547
1670,4787
1671,1764
1671,1797
1671,2009
1671,2376
1671,2981
1671,3181
1671,3276
1671,3744
1671,3991
1671,4119
1671,4366
1672,1728
1672,2110
1672,2507
1672,3083
1672,3338
1672,3446
1672,3465
1672,3560
1672,3760
1672,3764
1672,3967
1672,4278
1672,4302
1672,4324
1672,4327
1672,4524
1672,4643
1673,1947
1673,2121
1673,2348
1673,3454
1673,3475
1673,3775
1673,4035
1673,4604
1674,1774
1674,1865
1674,1875
1674,1964
1674,2665
1674,2928
1674,3103
1674,3107
1674,3638
1674,3687
1674,4069
1674,4117
1674,4125
1674,4196
1674,4858
1675,1727
1675,1946
1675,2194
1675,2429
1675,2635
1675,2694
1675,3044
1675,3136
1675,3235
1675,3838
1675,3958
1675,4015
1675,4220
1675,4400
1675,4936
1676,1875
1676,1891
1676,2240
1676,2424
1676,2706
1676,2775
1676,2883
1676,2972
1676,3250
1676,3570
1676,3680
1676,4226
1676,4649
1676,4695
1676,4968
1677,2084
1677,2258
1677,2314
1677,2547
1677,2642
1677,2698
1677,2773
1677,2945
1677,2992
1677,3300
1677,3410
1677,3498
1677,3539
1677,3810
1677,4007
1677,4075
1677,4227
1677,4330
1677,4493
1677,4750
1677,4943
1678,1746
1678,1912
1678,2165
1678,2347
1678,2366
1678,2588
1678,2719
1678,2791
1678,2958
1678,2971
1678,2976
1678,3349
1678,3420
1678,3729
1678,3845
1678,4142
1678,4901
1678,4953
1678,4990
1679,1692
1679,2215
1679,2900
1679,3111
1679,3452
1679,3487
1679,3820
1679,3884
1679,3934
1679,4015
1679,4068
1679,4402
1679,4633
1679,4707
1679,4813
1680,1785
1680,1921
1680,2479
1680,2533
1680,2579
1680,2633
1680,3108
1680,3186
1680,3258
1680,3305
1680,3473
1680,3538
1680,3667
1680,3750
1680,3791
1680,3968
1680,4031
1680,4172
1680,4389
1680,4598
1680,4780
1680,4878
1680,4971
1681,1824
1681,1975
1681,1981
1681,2409
1681,2461
1681,2858
1681,3181
1681,4347
1681,4533
1681,4691
1681,4783
1681,4831
1681,4955
1681,4959
1682,2033
1682,2035
1682,2214
1682,2880
1682,2956
1682,3234
1682,3251
1682,3333
1682,3438
1682,3578
1682,3779
1682,4215
1682,4362
1682,4518
1682,4525
1682,4561
1682,4581
1682,4788
1682,4834
1683,1825
1683,1934
1683,2167
1683,2311
1683,2549
1683,2707
1683,2729
1683,2862
1683,2918
1683,3797
1683,4069
1683,4157
1683,4572
1683,4740
1683,4745
1684,2463
1684,2697
1684,2949
1684,3390
1684,3520
1684,3581
1684,3668
1684,3720
1684,3875
1684,3919
1684,4397
1684,4494
1684,4654
1684,4686
1684,4804
1684,4897
1685,2129
1685,2296
1685,2387
1685,2416
1685,2951
1685,3529
1685,3558
1685,3675
1685,3867
1685,4210
1685,4327
1685,4330
1685,4444
1685,4559
1685,4581
1685,4632
1685,4822
1686,1963
1686,2038
1686,2226
1686,2380
1686,2386
1686,2606
1686,2615
1686,2633
1686,2766
1686,2825
1686,3064
1686,3141
1686,3717
1686,3764
1686,3916
1686,4621
1686,4678
1686,4770
1686,4867
1686,4984
1687,2237
1687,2251
1687,2531
1687,2757
1687,2933
1687,3262
1687,3322
1687,4137
1687,4171
1687,4290
1687,4352
1687,4964
1688,1933
1688,2372
1688,2384
1688,2797
1688,2861
1688,3432
1688,3631
1688,3722
1688,3732
1688,3805
1688,3820
1688,4011
1688,4018
1688,4100
1688,4328
1688,4536
1688,4539
1689,2093
1689,2705
1689,2783
1689,3785
1689,4070
1689,4290
1689,4473
1689,4659
1689,4979
1690,2427
1690,2543
1690,2643
1690,2709
1690,2859
1690,2965
1690,3296
1690,3398
1690,3948
1690,4003
1690,4017
1690,4172
1690,4264
1690,4481
1690,4907
1690,4943
1691,1749
1691,1775
1691,1906
1691,2023
1691,2069
1691,2153
1691,2439
1691,2475
1691,2513
1691,2900
1691,3182
1691,3434
1691,3469
1691,3571
1691,3619
1691,4041
1691,4075
1691,4200
1691,4411
1691,4661
1692,1706
1692,2374
1692,2552
1692,3706
1692,3743
1692,3744
1692,4302
1692,4923
1693,2786
1693,2918
1693,2954
1693,3033
1693,3168
1693,3240
1693,3556
1693,3649
1693,3767
1693,3949
1693,4012
1693,4043
1693,4311
1693,4359
1693,4477
1693,4996
1694,1893
1694,2166
1694,2719
1694,3038
1694,3385
1694,3621
1694,4151
1694,4159
1694,4303
1694,4484
1695,2119
1695,2304
1695,2409
1695,2469
1695,2717
1695,2862
1695,2902
1695,3181
1695,3774
1695,3820
1695,4515
1695,4579
1695,4635
1695,4648
1695,4760
1695,4829
1696,2263
1696,2379
1696,2532
1696,2588
1696,2635
1696,2863
1696,3199
1696,3306
1696,3619
1696,3785
1696,3791
1696,3852
1696,3863
1696,3955
1696,4037
1696,4106
1696,4322
1696,4376
1696,4583
1696,4677
1696,4712
1696,4748
1697,2052
1697,2191
1697,2505
1697,2909
1697,2986
1697,3119
1697,3411
1697,3632
1697,3676
1697,3837
1697,4604
1697,4654
1697,4685
1697,4749
1698,1757
1698,2101
1698,2258
1698,2288
1698,2590
1698,2620
1698,2692
1698,2809
1698,2830
1698,3204
1698,3680
1698,3809
1698,3894
1698,3900
1698,3921
1698,3991
1698,4146
1698,4191
1698,4695
1699,1709
1699,2564
1699,2722
1699,2733
1699,3051
1699,3079
1699,3323
1699,3638
1699,3642
1699,3748
1699,3984
1699,4248
1699,4338
1699,4628
1699,4650
1699,4663
1699,4700
1699,4756
1699,4918
1699,4958
1700,2182
1700,2286
1700,2700
1700,2705
1700,2867
1700,2899
1700,3155
1700,3221
1700,3230
1700,3283
1700,3401
1700,3445
1700,3741
1700,4301
1700,4307
1700,4338
1700,4353
1700,4414
1700,4490
1700,4658
1700,4686
1700,4850
1701,1786
1701,2462
1701,2499
1701,2579
1701,2747
1701,2779
1701,2892
1701,3087
1701,3390
1701,3506
1701,3559
1701,3574
1701,3612
1701,3630
1701,3675
1701,4205
1701,4738
1701,4751
1701,4918
1701,4941
1701,4954
1702,1874
1702,1960
1702,2128
1702,2203
1702,2262
1702,2321
1702,2520
1702,2536
1702,2656
1702,2812
1702,3083
1702,3198
1702,3533
1702,3569
1702,4185
1702,4270
1702,4346
1702,4539
1702,4749
1703,1713
1703,1830
1703,2036
1703,2165
1703,2473
1703,3210
1703,3404
1703,3573
1703,3898
1703,4016
1703,4331
1703,4398
1703,4504
1703,4673
1703,4726
1703,4796
1703,4908
1704,1798
1704,2110
1704,2379
1704,2446
1704,3389
1704,3551
1704,3598
1704,3738
1704,3875
1704,4000
1704,4068
1704,4241
1704,4570
1704,4640
1704,4951
1705,1746
1705,1784
1705,1830
1705,1857
1705,1962
1705,2182
1705,2452
1705,2909
1705,3083
1705,3209
1705,3254
1705,3950
1705,4230
1705,4270
1705,4448
1705,4571
1705,4611
1705,4993
1705,4999
1706,1726
1706,1827
1706,1948
1706,2318
1706,2455
1706,2719
1706,2754
1706,2889
1706,3511
1706,4012
1706,4104
1706,4316
1706,4495
1706,4499
1706,4660
1706,4824
1706,4889
1707,1972
1707,2125
1707,2514
1707,2618
1707,2748
1707,2802
1707,3350
1707,3706
1707,4243
1707,4288
1707,4519
1707,4563
1708,2065
1708,2775
1708,2817
1708,2922
1708,3276
1708,3385
1708,3438
1708,3572
1708,3759
1708,3773
1708,4042
1708,4045
1708,4164
1708,4211
1708,4413
1708,4416
1708,4477
1708,4699
1709,1777
1709,1798
1709,1877
1709,1964
1709,2097
1709,2246
1709,2383
1709,2607
1709,2786
1709,2953
1709,3235
1709,3270
1709,3383
1709,3766
1709,4115
1709,4120
1709,4341
1709,4545
1709,4753
1709,4964
1710,2207
1710,2235
1710,2320
1710,2425
1710,2529
1710,2695
1710,2745
1710,2806
1710,2941
1710,3042
1710,3381
1710,3396
1710,3715
1710,3729
1710,4187
1710,4322
1710,4336
1710,4376
1710,4743
1710,4863
1710,4891
1710,4928
1711,1717
1711,2193
1711,2198
1711,2238
1711,2614
1711,2623
1711,3331
1711,3785
1711,4288
1711,4457
1711,4608
1711,4704
1711,4929
1712,1742
1712,2207
1712,2273
1712,2310
1712,2409
1712,2485
1712,2672
1712,2787
1712,2902
1712,3084
1712,3302
1712,3363
1712,3658
1712,4031
1712,4074
1712,4258
1712,4274
1712,4633
1712,4814
1713,1840
1713,2034
1713,2231
1713,2258
1713,2556
1713,2800
1713,3171
1713,3297
1713,3638
1713,3811
1713,3865
1713,3910
1713,4343
1714,1953
1714,2147
1714,2269
1714,2843
1714,2898
1714,3060
1714,3263
1714,3463
1714,3573
1714,4143
1714,4188
1714,4240
1714,4931
1714,4996
1715,1852
1715,1918
1715,2019
1715,2063
1715,2354
1715,2646
1715,2831
1715,3109
1715,3122
1715,3401
1715,3407
1715,3803
1715,3823
1715,3890
1715,4888
1716,1763
1716,1923
1716,2097
1716,2303
1716,2554
1716,2701
1716,2815
1716,2910
1716,3210
1716,3237
1716,3304
1716,3410
1716,3433
1716,3465
1716,3673
1716,3958
1716,4142
1717,1913
1717,1993
1717,2019
1717,2151
1717,2169
1717,2257
1717,2421
1717,2440
1717,2663
1717,2825
1717,3026
1717,3410
1717,3424
1717,3535
1717,3645
1717,4025
1717,4084
1717,4183
1717,4764
1717,4875
1718,2161
1718,2592
1718,2721
1718,2891
1718,3112
1718,3654
1718,3834
1718,4039
1718,4237
1718,4279
1718,4661
1718,4832
1719,1981
1719,3112
1719,3203
1719,3323
1719,3351
1719,3503
1719,4194
1720,1812
1720,1816
1720,1863
1720,2608
1720,2671
1720,2695
1720,2698
1720,2718
1720,2862
1720,3305
1720,3664
1720,3670
1720,4139
1720,4193
1720,4206
1720,4275
1720,4717
1720,4757
1720,4884
1720,4910
1720,4972
1720,4994
1721,1738
1721,1806
1721,2206
1721,2224
1721,2573
1721,2687
1721,3720
1721,3730
1721,3757
1721,3940
1721,4396
1721,4578
1722,1741
1722,1793
1722,2410
1722,2692
1722,3011
1722,3234
1722,3273
1722,3288
1722,3511
1722,3789
1722,3915
1722,4109
1722,4244
1722,4250
1722,4435
1722,4536
1722,4674
1722,4691
1723,1749
1723,2465
1723,2500
1723,2705
1723,2840
1723,3761
1723,4006
1723,4383
1723,4658
1723,4704
1723,4723
1723,4806
1723,4906
1723,4992
1724,1873
1724,1989
1724,2546
1724,2765
1724,2787
1724,3104
1724,4020
1724,4184
1724,4240
1724,4608
1724,4649
1724,4693
1724,4837
1725,2104
1725,2380
1725,2386
1725,2497
1725,2997
1725,3021
1725,4217
1725,4235
1725,4620
1726,1790
1726,2002
1726,2295
1726,2331
1726,2526
1726,3047
1726,3076
1726,3123
1726,3315
1726,3321
1726,3497
1726,3542
1726,3912
1726,3917
1726,4287
1726,4447
1726,4736
1726,4772
1727,1807
1727,1908
1727,2220
1727,2374
1727,2408
1727,2464
1727,2547
1727,3113
1727,3287
1727,3312
1727,3551
1727,3578
1727,3920
1727,4110
1727,4146
1727,4440
1727,4572
1728,1884
1728,2043
1728,2367
1728,2611
1728,2626
1728,2702
1728,2759
1728,2900
1728,3051
1728,3199
1728,3275
1728,3518
1728,3641
1728,4177
1728,4377
1728,4512
1728,4558
1728,4563
1728,4706
1729,2119
1729,2203
1729,2437
1729,2455
1729,2526
1729,2821
1729,3087
1729,3371
1729,3491
1729,3712
1729,3718
1729,3804
1729,3933
1729,4011
1729,4443
1729,4542
1729,4633
1729,4666
1729,4865
1729,4951
1730,1756
1730,1915
1730,1932
1730,2023
1730,2025
1730,2044
1730,2300
1730,2311
1730,2481
1730,2652
1730,2746
1730,2793
1730,2917
1730,3325
1730,3362
1730,3464
1730,3705
1730,3927
1730,4317
1731,1781
1731,2041
1731,2056
1731,2216
1731,2290
1731,2494
1731,2901
1731,3321
1731,3428
1731,3753
1731,3861
1731,3990
1731,4261
1731,4517
1731,4546
1731,4637
1731,4987
1732,1746
1732,1802
1732,1974
1732,2181
1732,2395
1732,2592
1732,2801
1732,2882
1732,3608
1732,3788
1732,4213
1732,4264
1732,4524
1732,4615
1732,4754
1732,4859
1732,4937
1733,1790
1733,1900
1733,1993
1733,2353
1733,2401
1733,2535
1733,2639
1733,2697
1733,2732
1733,2802
1733,2892
1733,2959
1733,3053
1733,3181
1733,3212
1733,3315
1733,4363
1733,4590
1733,4773
1734,2242
1734,2314
1734,2397
1734,2612
1734,2873
1734,3113
1734,3143
1734,3605
1734,3617
1734,3759
1734,4059
1734,4436
1735,2178
1735,2311
1735,2361
1735,2475
1735,2482
1735,2622
1735,2624
1735,2890
1735,2978
1735,3333
1735,3384
1735,3592
1735,3677
1735,4346
1735,4675
1736,1774
1736,1941
1736,2371
1736,3038
1736,3048
1736,3516
1736,3578
1736,3809
1736,3986
1736,4114
1736,4213
1736,4299
1736,4521
1736,4774
1737,1881
1737,2138
1737,2552
1737,2658
1737,2665
1737,3151
1737,3160
1737,3195
1737,3426
1737,3429
1737,3439
1737,3759
1737,4038
1737,4396
1737,4412
1737,4416
1737,4651
1737,4678
1737,4780
1738,1761
1738,2179
1738,2236
1738,2465
1738,2550
1738,2725
1738,2900
1738,2909
1738,3029
1738,3173
1738,4241
1738,4259
1738,4429
1738,4670
1739,1823
1739,2019
1739,2038
1739,2138
1739,2339
1739,2614
1739,2624
1739,2839
1739,2956
1739,3138
1739,3231
1739,3593
1739,3701
1739,3762
1739,4364
1739,4398
1739,4424
1739,4427
1739,4506
1739,4512
1739,4576
1739,4593
1739,4914
1739,4931
1740,2211
1740,2295
1740,2347
1740,2943
1740,3102
1740,3289
1740,3314
1740,3318
1740,3322
1740,3556
1740,3619
1740,4247
1740,4345
1741,1977
1741,2482
1741,2746
1741,3214
1741,3405
1741,3420
1741,3715
1741,4319
1741,4551
1741,4661
1741,4708
1741,4808
1742,1783
1742,1824
1742,2031
1742,2642
1742,2681
1742,2699
1742,2724
1742,2808
1742,3072
1742,3325
1742,3334
1742,3361
1742,3387
1742,3480
1742,3578
1742,3649
1742,4026
1742,4053
1742,4226
1742,4249
1742,4412
1742,4664
1742,4676
1742,4854
1743,1792
1743,1813
1743,2320
1743,2349
1743,2390
1743,2765
1743,3185
1743,3458
1743,3762
1743,4183
1743,4236
1743,4351
1743,4624
1744,1980
1744,2184
1744,2310
1744,2383
1744,2441
1744,2503
1744,2699
1744,2895
1744,3016
1744,3039
1744,3414
1744,3513
1744,3535
1744,3554
1744,3652
1744,3997
1744,4091
1744,4258
1744,4357
1744,4470
1744,4503
1744,4711
1744,4980
1745,1781
1745,2047
1745,2068
1745,2167
1745,2288
1745,2340
1745,2488
1745,2563
1745,2629
1745,2716
1745,3532
1745,3576
1745,3688
1745,3870
1745,4125
1745,4271
1745,4294
1746,2030
1746,2145
1746,2265
1746,2309
1746,2313
1746,2530
1746,2798
1746,2993
1746,2996
1746,3277
1746,3560
1746,3810
1746,3827
1746,3864
1746,3886
1746,3909
1746,3988
1746,4259
1746,4356
1746,4549
1746,4857
1746,4896
1747,1958
1747,2030
1747,2093
1747,2151
1747,2216
1747,2373
1747,2553
1747,2589
1747,2752
1747,2815
1747,2891
1747,3332
1747,3349
1747,3585
1747,3848
1747,4250
1747,4254
1747,4275
1747,4479
1747,4545
1747,4623
1747,4696
1748,1803
1748,2301
1748,2451
1748,2456
1748,2532
1748,2807
1748,2811
1748,3374
1748,3401
1748,3417
1748,3811
1748,4169
1748,4186
1748,4307
1748,4475
1748,4576
1748,4595
1748,4627
1748,4682
1749,1759
1749,1967
1749,2151
1749,2234
1749,2346
1749,2556
1749,2808
1749,3057
1749,3126
1749,3165
1749,3433
1749,3486
1749,3545
1749,4186
1749,4229
1749,4292
1749,4638
1749,4683
1749,4818
1749,4960
1750,1860
1750,2257
1750,2782
1750,3503
1750,3519
1750,3771
1750,4291
1750,4373
1750,4965
1751,1805
1751,1948
1751,2820
1751,3096
1751,3145
1751,3158
1751,3160
1751,3507
1751,3517
1751,3714
1751,3771
1751,3837
1751,3852
1751,3967
1751,4083
1751,4084
1751,4305
1751,4871
1751,4923
1752,1779
1752,1897
1752,1954
1752,2429
1752,2513
1752,2553
1752,2582
1752,3107
1752,3322
1752,3334
1752,3568
1752,3729
1752,3928
1752,4032
1752,4493
1753,2135
1753,2525
1753,3063
1753,3231
1753,3403
1753,3436
1753,3791
1753,3848
1753,4480
1753,4550
1753,4972
1754,1793
1754,2080
1754,2264
1754,2329
1754,2349
1754,3250
1754,3654
1754,3803
1754,3987
1754,3989
1754,4065
1754,4118
1754,4409
1754,4555
1754,4868
1755,2487
1755,2805
1755,2926
1755,3335
1755,3557
1755,3597
1755,3618
1755,3850
1755,4273
1755,4621
1756,1963
1756,2023
1756,2711
1756,2798
1756,3115
1756,3201
1756,3267
1756,3403
1756,3619
1756,3672
1756,3939
1756,4006
1756,4238
1756,4424
1756,4442
1756,4483
1756,4504
1756,4559
1756,4831
1756,4833
1756,4834
1757,1817
1757,1989
1757,2531
1757,3187
1757,3385
1757,3815
1757,3824
1757,4045
1757,4324
1757,4764
1757,4765
1757,4832
1757,4833
1758,1821
1758,1857
1758,2000
1758,2055
1758,2279
1758,2377
1758,2399
1758,2617
1758,2701
1758,3439
1758,3505
1758,3749
1758,3908
1758,3983
1758,4070
1758,4659
1758,4788
1759,2007
1759,2198
1759,2250
1759,2537
1759,2805
1759,2849
1759,3155
1759,3180
1759,3314
1759,3334
1759,3533
1759,3665
1759,3959
1759,4830
1759,4845
1760,2009
1760,2097
1760,2107
1760,2444
1760,2669
1760,2725
1760,3286
1760,3366
1760,3417
1760,3705
1760,3724
1760,3971
1760,4026
1760,4131
1760,4198
1760,4236
1760,4288
1760,4492
1760,4758
1760,4851
1761,1829
1761,1861
1761,2101
1761,2222
1761,2244
1761,2528
1761,3115
1761,3381
1761,3617
1761,3740
1761,3763
1761,3789
1761,4037
1761,4186
1761,4372
1761,4736
1762,2137
1762,2222
1762,2337
1762,2536
1762,2741
1762,3206
1762,3242
1762,3318
1762,3473
1762,3679
1762,3835
1762,3951
1762,4074
1762,4299
1762,4343
1762,4604
1762,4665
1762,4688
1762,4993
1763,1956
1763,2352
1763,2504
1763,2800
1763,2824
1763,2889
1763,2979
1763,3369
1763,3560
1763,3619
1763,3667
1763,3686
1763,3728
1763,4088
1763,4241
1763,4263
1763,4361
1763,4788
1763,4822
1764,2081
1764,3262
1764,3324
1764,3662
1764,3680
1764,3695
1764,3716
1764,3874
1764,3895
1764,3920
1764,3975
1764,4004
1764,4017
1764,4302
1764,4380
1764,4404
1764,4763
1764,4767
1764,4865
1765,1864
1765,1906
1765,2229
1765,2350
1765,2401
1765,2815
1765,2951
1765,3061
1765,3551
1765,4143
1765,4145
1765,4655
1765,4745
1765,4936
1766,1895
1766,1956
1766,2139
1766,2574
1766,2643
1766,2947
1766,3085
1766,3254
1766,3268
1766,3280
1766,3406
1766,3826
1766,3904
1766,3995
1766,4042
1766,4306
1766,4396
1766,4580
1766,4914
1766,4948
1767,2129
1767,2134
1767,2580
1767,2621
1767,2719
1767,3098
1767,3286
1767,3330
1767,3409
1767,3678
1767,3899
1767,3952
1767,4021
1767,4078
1767,4110
1767,4380
1767,4549
1767,4623
1767,4686
1768,1855
1768,2104
1768,2218
1768,2536
1768,2557
1768,3036
1768,3160
1768,3379
1768,3698
1768,3822
1768,4027
1768,4410
1768,4474
1768,4755
1768,4761
1769,1799
1769,1841
1769,1962
1769,2496
1769,2555
1769,2563
1769,2777
1769,2974
1769,3182
1769,3802
1769,3897
1769,4183
1769,4203
1769,4216
1769,4337
1769,4349
1769,4491
1769,4656
1769,4752
1769,4864
1770,1910
1770,2003
1770,2214
1770,2564
1770,2634
1770,2678
1770,2779
1770,2912
1770,3325
1770,3386
1770,3388
1770,4165
1770,4325
1770,4416
1770,4831
1770,4842
1771,1886
1771,1941
1771,1984
1771,2067
1771,2122
1771,2250
1771,2801
1771,3582
1771,3839
1771,4172
1771,4209
1771,4670
1771,4741
1771,4763
1771,4912
1771,4928
1772,2193
1772,2643
1772,2886
1772,2950
1772,3159
1772,3224
1772,3271
1772,3402
1772,3740
1772,4259
1772,4346
1772,4582
1772,4656
1772,4849
1773,1873
1773,1897
1773,1914
1773,2735
1773,3538
1773,3631
1773,3847
1773,4163
1773,4208
1773,4221
1773,4224
1773,4252
1773,4379
1774,1862
1774,1929
1774,2057
1774,2125
1774,2242
1774,2258
1774,2531
1774,2653
1774,2955
1774,3029
1774,3204
1774,3395
1774,3581
1774,4618
1774,4824
1775,1796
1775,2020
1775,2208
1775,2468
1775,3115
1775,3818
1775,4443
1775,4668
1775,4712
1776,1915
1776,2063
1776,2120
1776,2121
1776,2201
1776,2575
1776,2640
1776,2642
1776,3120
1776,3157
1776,3242
1776,3308
1776,3591
1776,3939
1776,3963
1776,4070
1776,4244
1776,4520
1776,4927
1777,1911
1777,1981
1777,2209
1777,2287
1777,2434
1777,2763
1777,2988
1777,3027
1777,3277
1777,3316
1777,3490
1777,4058
1777,4242
1777,4315
1777,4349
1777,4526
1777,4951
1778,2009
1778,2024
1778,2047
1778,2219
1778,2378
1778,2894
1778,3032
1778,3129
1778,3185
1778,3464
1778,3631
1778,3758
1778,3865
1778,3872
1778,4204
1778,4501
1778,4746
1778,4774
1778,4808
1778,4997
1779,1792
1779,1870
1779,2016
1779,2042
1779,2122
1779,2159
1779,2572
1779,2578
1779,2742
1779,2892
1779,3108
1779,3690
1779,3769
1779,3901
1779,3987
1779,4269
1779,4325
1779,4564
1779,4687
1779,4823
1779,4883
1780,1840
1780,2108
1780,2335
1780,2364
1780,2501
1780,2537
1780,2547
1780,3137
1780,3206
1780,3231
1780,3383
1780,3562
1780,4102
1780,4426
1780,4508
1780,4511
1780,4838
1781,1887
1781,2066
1781,2134
1781,2350
1781,2372
1781,3090
1781,3191
1781,3447
1781,3519
1781,3894
1781,4025
1781,4422
1781,4790
1781,4837
1782,2089
1782,2176
1782,2340
1782,2531
1782,2637
1782,2652
1782,2906
1782,3055
1782,3080
1782,3440
1782,3620
1782,3744
1782,3959
1782,4532
1782,4540
1782,4638
1782,4872
1783,1850
1783,2686
1783,2738
1783,2743
1783,2848
1783,2878
1783,3009
1783,3327
1783,3505
1783,3581
1783,3639
1783,3736
1783,3979
1783,4346
1783,4384
1783,4538
1783,4792
1783,4928
1784,2330
1784,2396
1784,2428
1784,2556
1784,2949
1784,2952
1784,2999
1784,3087
1784,3274
1784,3293
1784,4121
1784,4136
1784,4547
1784,4850
1784,4917
1785,2030
1785,2044
1785,2894
1785,2915
1785,2963
1785,2989
1785,3292
1785,3402
1785,3419
1785,3473
1785,3637
1785,3761
1785,3789
1785,4098
1785,4219
1785,4870
1785,4887
1785,4966
1786,1979
1786,2098
1786,2149
1786,2555
1786,2617
1786,3000
1786,3343
1786,3852
1786,3964
1786,3970
1786,4359
1787,1973
1787,2160
1787,2294
1787,3132
1787,3253
1787,3273
1787,3638
1787,4322
1787,4690
1787,4732
1787,4904
1788,2405
1788,2634
1788,2865
1788,3513
1788,3522
1788,3884
1788,4107
1788,4304
1788,4519
1788,4797
1788,4834
1789,1799
1789,1912
1789,2168
1789,2396
1789,2439
1789,2845
1789,2859
1789,3033
1789,3174
1789,3348
1789,3434
1789,3623
1789,3648
1789,3721
1789,3762
1789,3795
1789,3897
1789,3965
1789,4281
1789,4287
1789,4312
1789,4467
1789,4532
1789,4621
1789,4701
1789,4927
1790,1813
1790,2002
1790,2215
1790,2373
1790,2606
1790,2629
1790,2811
1790,3037
1790,3143
1790,3280
1790,3589
1790,3758
1790,3820
1790,3874
1790,4062
1790,4077
1790,4212
1790,4451
1790,4514
1790,4640
1790,4649
1790,4714
1790,4849
1791,2161
1791,2192
1791,2495
1791,2562
1791,2881
1791,3248
1791,3310
1791,3446
1791,3553
1791,3679
1791,3710
1791,3744
1791,3914
1791,3918
1791,4090
1791,4777
1791,4979
1792,1876
1792,1944
1792,1998
1792,2049
1792,2190
1792,2559
1792,2604
1792,2839
1792,2986
1792,3011
1792,3048
1792,3095
1792,3203
1792,3204
1792,3245
1792,3384
1792,3413
1792,3561
1792,3798
1792,3947
1792,4331
1792,4527
1792,4614
1792,4638
1792,4856
1793,1950
1793,2432
1793,2781
1793,3149
1793,3244
1793,3300
1793,3336
1793,3419
1793,3440
1793,3465
1793,3494
1793,3511
1793,3613
1793,3698
1793,3754
1793,3819
1793,3863
1793,3929
1793,4023
1793,4096
1793,4116
1793,4516
1793,4593
1794,1809
1794,2119
1794,2218
1794,2367
1794,2473
1794,2771
1794,2785
1794,2870
1794,2953
1794,3738
1794,4171
1794,4736
1794,4931
1794,4937
1794,4963
1795,2284
1795,2286
1795,2416
1795,2662
1795,3386
1795,3468
1795,3935
1795,3997
1795,4058
1795,4166
1795,4407
1795,4886
1795,4905
1796,2205
1796,2319
1796,2572
1796,2645
1796,2773
1796,2825
1796,3123
1796,3199
1796,3875
1796,3973
1796,4628
1797,2134
1797,2453
1797,2841
1797,2930
1797,2973
1797,3019
1797,3147
1797,3453
1797,3824
1797,3867
1797,3911
1797,3936
1797,4022
1797,4407
1797,4667
1797,4711
1798,1910
1798,1920
1798,2015
1798,2220
1798,2321
1798,3068
1798,3430
1798,3503
1798,3658
1798,3799
1798,3897
1798,4346
1798,4541
1798,4601
1798,4615
1798,4737
1798,4927
1799,1861
1799,2152
1799,2201
1799,2230
1799,2370
1799,2538
1799,2698
1799,2822
1799,3207
1799,3403
1799,3430
1799,3521
1799,3661
1799,3665
1799,3668
1799,3724
1799,3894
1799,3986
1799,4066
1799,4105
1799,4997
1800,2474
1800,2825
1800,3238
1800,3543
1800,3632
1800,3662
1800,3829
1800,4130
1800,4197
1800,4204
1800,4477
1800,4537
1800,4796
1800,4886
1800,4964
1801,2048
1801,2146
1801,2275
1801,2538
1801,2539
1801,2939
1801,3021
1801,3115
1801,3237
1801,3339
1801,3368
1801,3607
1801,3738
1801,3923
1801,3985
1801,4315
1801,4514
1801,4671
1801,4816
1801,4929
1802,1909
1802,2064
1802,2148
1802,2227
1802,2338
1802,2345
1802,2439
1802,2457
1802,2534
1802,2736
1802,3004
1802,3340
1802,3641
1802,3733
1802,3832
1802,3892
1802,4069
1802,4347
1802,4416
1802,4830
1802,4887
1802,4906
1803,1818
1803,1884
1803,2012
1803,2376
1803,2434
1803,2445
1803,2622
1803,2651
1803,2689
1803,3579
1803,3677
1803,3975
1803,4121
1803,4198
1803,4260
1803,4311
1803,4387
1803,4657
1803,4831
1804,1842
1804,2024
1804,2184
1804,2232
1804,2348
1804,2352
1804,2398
1804,2561
1804,2858
1804,3057
1804,3167
1804,3408
1804,3445
1804,3648
1804,3770
1804,4011
1804,4061
1804,4249
1804,4346
1804,4652
1804,4670
1805,2483
1805,2533
1805,2572
1805,2641
1805,2659
1805,2980
1805,3017
1805,3424
1805,3558
1805,4207
1805,4287
1805,4542
1806,1870
1806,1887
1806,2003
1806,2109
1806,2142
1806,2407
1806,2576
1806,2756
1806,3280
1806,3286
1806,3292
1806,3540
1806,3769
1806,3801
1806,4786
1806,4810
1806,4981
1807,1927
1807,2016
1807,2284
1807,2546
1807,3135
1807,3329
1807,3605
1807,3809
1807,4141
1807,4309
1807,4347
1807,4522
1807,4566
1807,4693
1807,4877
1808,1847
1808,1883
1808,2012
1808,2096
1808,2579
1808,2756
1808,2984
1808,3253
1808,3899
1808,4356
1808,4585
1808,4759
1808,4846
1809,2075
1809,2177
1809,2358
1809,2589
1809,3425
1809,3699
1809,3737
1809,3792
1809,3939
1809,4226
1809,4295
1809,4660
1809,4914
1810,2063
1810,2113
1810,2228
1810,2246
1810,2327
1810,2381
1810,2789
1810,2812
1810,3388
1810,3459
1810,3541
1810,3632
1810,3677
1810,3853
1810,4045
1810,4048
1810,4529
1810,4582
1811,1839
1811,1951
1811,2411
1811,2635
1811,2906
1811,2924
1811,3058
1811,3307
1811,3459
1811,3504
1811,3521
1811,3531
1811,3537
1811,3580
1811,4056
1811,4198
1811,4552
1811,4590
1811,4780
1811,4879
1811,4920
1812,2071
1812,2168
1812,2234
1812,2279
1812,2288
1812,2575
1812,2638
1812,2748
1812,2763
1812,2828
1812,3183
1812,3206
1812,3213
1812,3249
1812,3606
1812,3642
1812,3886
1812,4054
1812,4162
1812,4305
1812,4505
1812,4874
1812,4972
1812,4991
1813,1829
1813,1960
1813,1966
1813,2001
1813,2082
1813,2357
1813,2505
1813,2510
1813,2543
1813,2561
1813,2892
1813,3241
1813,3658
1813,3998
1813,4116
1813,4532
1814,2079
1814,2223
1814,2251
1814,2350
1814,2359
1814,2604
1814,2966
1814,2982
1814,3424
1814,3590
1814,3610
1814,3670
1814,3997
1814,4051
1814,4126
1814,4974
1815,2086
1815,2472
1815,2500
1815,2542
1815,2688
1815,2692
1815,3041
1815,3330
1815,3559
1815,3664
1815,3896
1815,4047
1815,4267
1815,4301
1815,4356
1815,4393
1815,4437
1815,4713
1815,4879
1815,4895
1815,4978
1816,2947
1816,3463
1816,4803
1817,2278
1817,2696
1817,2905
1817,3115
1817,3291
1817,3644
1817,3940
1817,4040
1817,4204
1817,4247
1817,4504
1817,4960
1817,4976
1818,2351
1818,2609
1818,2663
1818,2843
1818,2878
1818,2943
1818,3067
1818,3804
1818,4057
1818,4091
1818,4293
1818,4298
1818,4625
1818,4744
1818,4846
1819,2442
1819,2638
1819,2877
1819,3187
1819,3404
1819,3450
1819,3467
1819,3682
1819,3771
1819,3847
1819,3939
1819,4071
1819,4135
1819,4146
1819,4194
1819,4301
1819,4436
1819,4588
1820,2036
1820,2236
1820,2352
1820,2624
1820,2776
1820,2923
1820,3713
1820,4379
1820,4389
1820,4427
1820,4583
1820,4857
1821,1851
1821,2730
1821,2770
1821,2878
1821,2939
1821,3538
1821,3726
1821,4027
1821,4152
1821,4228
1821,4381
1821,4457
1821,4495
1821,4758
1821,4820
1821,4832
1822,2190
1822,2502
1822,2659
1822,3250
1822,3484
1822,3892
1822,3917
1822,3926
1822,4017
1822,4142
1822,4756
1822,4986
1822,4995
1823,1963
1823,2077
1823,2096
1823,2258
1823,2366
1823,2697
1823,2716
1823,2903
1823,2997
1823,3215
1823,3245
1823,3321
1823,3615
1823,3907
1823,4004
1823,4042
1823,4087
1823,4208
1823,4386
1823,4485
1823,4585
1823,4591
1823,4805
1824,1828
1824,2627
1824,2670
1824,2999
1824,3672
1824,3733
1824,3997
1824,4067
1824,4073
1824,4088
1824,4330
1824,4334
1824,4541
1824,4769
1825,1865
1825,2000
1825,2275
1825,2415
1825,2936
1825,3106
1825,3213
1825,3383
1825,3850
1825,3903
1825,4047
1825,4174
1825,4206
1825,4226
1825,4669
1825,4873
1826,1857
1826,2503
1826,2628
1826,2839
1826,3062
1826,3687
1826,3730
1826,3742
1826,4314
1826,4446
1826,4743
1826,4790
1827,1856
1827,2080
1827,2109
1827,2292
1827,2334
1827,2381
1827,2396
1827,2871
1827,3088
1827,3580
1827,3681
1827,3820
1827,3889
1827,4246
1827,4359
1827,4414
1827,4803
1827,4826
1827,4963
1828,1964
1828,1975
1828,2002
1828,2194
1828,2293
1828,2396
1828,2512
1828,2929
1828,3074
1828,3369
1828,3511
1828,3841
1828,3891
1828,4036
1828,4256
1828,4291
1828,4397
1828,4460
1828,4716
1829,1902
1829,2030
1829,3005
1829,3122
1829,3197
1829,3482
1829,3592
1829,3742
1829,3859
1829,3933
1829,4157
1829,4183
1829,4187
1829,4269
1829,4306
1829,4893
1829,4946
1830,1996
1830,2147
1830,2165
1830,2343
1830,2843
1830,2902
1830,2968
1830,3010
1830,3133
1830,3349
1830,3517
1830,3616
1830,3855
1830,3999
1830,4521
1830,4691
1831,1944
1831,1993
1831,2079
1831,2082
1831,2478
1831,2620
1831,3040
1831,3430
1831,3644
1831,3802
1831,3907
1832,1863
1832,2083
1832,2381
1832,2456
1832,2717
1832,2794
1832,2831
1832,3046
1832,3082
1832,3482
1832,3760
1832,3872
1832,4068
1832,4159
1832,4172
1832,4280
1832,4441
1832,4535
1832,4885
1832,4981
1833,1953
1833,2609
1833,2771
1833,2787
1833,2824
1833,3185
1833,3193
1833,3308
1833,3450
1833,3632
1833,3949
1833,3955
1833,3991
1833,4071
1833,4085
1833,4110
1833,4389
1833,4563
1833,4705
1834,2091
1834,2168
1834,2380
1834,2699
1834,3374
1834,3446
1834,3472
1834,4121
1834,4285
1834,4295
1834,4342
1834,4425
1834,4908
1835,1946
1835,2043
1835,2132
1835,2280
1835,2344
1835,2551
1835,2578
1835,3083
1835,3121
1835,3154
1835,3776
1835,3818
1835,3970
1835,4736
1835,4799
1836,1937
1836,1953
1836,2040
1836,2287
1836,2305
1836,2350
1836,2624
1836,2701
1836,2845
1836,2889
1836,3010
1836,3222
1836,3335
1836,3521
1836,3787
1836,3879
1836,4423
1836,4504
1836,4505
1836,4744
1836,4994
1837,2050
1837,2299
1837,2668
1837,2798
1837,3440
1837,3484
1837,3718
1837,4029
1837,4094
1837,4128
1837,4194
1837,4321
1837,4496
1837,4644
1837,4675
1837,4717
1837,4776
1837,4897
1838,1939
1838,2400
1838,2440
1838,2586
1838,2662
1838,2664
1838,3147
1838,3267
1838,3540
1838,3578
1838,3638
1838,3684
1838,4179
1838,4213
1838,4216
1838,4330
1838,4699
1838,4734
1838,4844
1838,4983
1839,2055
1839,2320
1839,2361
1839,2626
1839,2684
1839,2707
1839,2815
1839,2816
1839,2872
1839,3110
1839,3112
1839,3168
1839,3194
1839,3243
1839,3519
1839,3821
1839,3870
1839,4084
1839,4376
1839,4810
1840,1915
1840,2339
1840,2375
1840,2423
1840,2526
1840,2621
1840,2778
1840,3102
1840,3603
1840,3685
1840,3712
1841,1842
1841,2049
1841,2422
1841,2442
1841,2889
1841,3193
1841,3198
1841,3520
1841,3566
1841,3853
1841,4885
1841,4889
1841,4891
1842,2716
1842,2750
1842,2921
1842,3056
1842,3154
1842,3597
1842,3617
1842,3633
1842,3683
1842,3895
1842,4476
1842,4798
1843,1994
1843,2554
1843,2620
1843,2662
1843,2789
1843,3662
1843,3848
1843,4087
1843,4294
1843,4525
1843,4574
1843,4726
1843,4945
1844,1983
1844,1984
1844,2046
1844,2263
1844,2430
1844,2797
1844,2886
1844,3173
1844,3299
1844,3821
1844,3861
1844,3985
1844,4055
1844,4098
1844,4100
1844,4180
1844,4399
1844,4454
1844,4681
1844,4834
1845,2124
1845,2163
1845,2261
1845,2339
1845,2489
1845,2510
1845,2905
1845,3032
1845,3146
1845,3300
1845,3684
1845,3809
1845,3914
1845,4815
1845,4907
1846,2167
1846,2200
1846,2242
1846,2395
1846,2453
1846,2931
1846,2951
1846,3055
1846,3224
1846,3253
1846,3359
1846,3542
1846,3827
1846,3831
1846,3911
1846,4003
1846,4516
1846,4786
1846,4805
1846,4939
1846,4947
1847,2119
1847,2556
1847,2965
1847,3214
1847,3895
1847,4085
1847,4746
1848,2069
1848,2152
1848,2231
1848,2822
1848,3064
1848,3779
1848,3838
1848,3872
1848,4033
1848,4288
1848,4838
1848,4846
1848,4865
1849,1943
1849,2052
1849,2387
1849,2530
1849,2676
1849,3555
1849,3649
1849,3799
1849,3879
1849,4260
1849,4281
1849,4295
1849,4311
1849,4387
1849,4411
1849,4537
1849,4742
1849,4845
1850,1858
1850,1954
1850,2845
1850,2869
1850,2874
1850,3287
1850,3392
1850,3434
1850,4816
1850,4890
1851,2155
1851,2312
1851,2422
1851,2494
1851,2498
1851,2675
1851,2914
1851,3446
1851,3612
1851,3792
1851,4766
1851,4913
1852,1896
1852,2109
1852,2182
1852,2298
1852,2395
1852,2660
1852,2935
1852,2950
1852,3169
1852,3198
1852,3207
1852,3232
1852,3250
1852,3499
1852,3704
1852,3705
1852,4169
1852,4870
1852,4961
1853,2038
1853,2087
1853,2206
1853,2389
1853,2977
1853,2992
1853,3075
1853,3238
1853,3595
1853,3608
1853,3704
1853,3844
1853,3875
1853,4242
1853,4248
1853,4281
1853,4536
1854,2846
1854,3047
1854,3154
1854,3247
1854,3278
1854,3303
1854,3328
1854,3419
1854,3466
1854,3684
1854,3753
1854,3850
1854,4126
1854,4144
1854,4453
1854,4455
1854,4534
1854,4660
1854,4893
1854,4965
1855,1861
1855,2506
1855,2669
1855,2786
1855,2976
1855,2982
1855,3176
1855,3222
1855,3579
1855,3745
1855,3846
1855,3972
1855,4021
1855,4270
1855,4462
1855,4798
1855,4813
1855,4830
1856,2050
1856,2307
1856,2333
1856,2687
1856,2804
1856,2915
1856,2954
1856,3104
1856,3327
1856,3564
1856,4631
1856,4794
1857,2112
1857,2197
1857,2329
1857,2445
1857,2810
1857,2964
1857,2983
1857,3033
1857,3217
1857,3587
1857,3706
1857,3854
1857,4341
1857,4351
1857,4771
1857,4909
1858,1956
1858,2021
1858,2177
1858,2503
1858,2659
1858,2715
1858,2761
1858,3552
1858,3577
1858,3683
1858,3914
1858,4358
1858,4673
1858,4693
1858,4742
1858,4958
1859,1897
1859,2053
1859,2362
1859,2464
1859,2545
1859,2572
1859,2611
1859,2839
1859,2846
1859,3123
1859,3342
1859,3443
1859,3735
1859,3826
1859,3852
1859,3910
1859,4071
1859,4196
1860,1868
1860,2246
1860,2300
1860,2343
1860,2557
1860,2825
1860,3438
1860,3489
1860,3527
1860,3963
1860,4448
1860,4565
1860,4803
1861,1996
1861,2398
1861,2936
1861,2978
1861,3512
1861,3556
1861,3864
1861,3971
1861,3993
1861,4081
1861,4135
1861,4448
1861,4508
1861,4982
1862,2295
1862,2918
1862,3112
1862,3256
1862,3389
1862,3444
1862,3529
1862,3745
1862,3814
1862,3901
1862,3944
1862,4024
1862,4338
1862,4680
1863,2187
1863,2357
1863,2438
1863,2441
1863,2595
1863,2776
1863,2785
1863,2839
1863,2954
1863,3007
1863,3344
1863,3392
1863,3499
1863,3567
1863,4223
1863,4270
1863,4533
1863,4595
1863,4983
1864,2127
1864,2246
1864,2260
1864,2740
1864,2910
1864,2973
1864,3808
1864,4140
1864,4680
1864,4681
1864,4871
1865,1965
1865,1979
1865,2026
1865,2183
1865,2484
1865,2666
1865,2956
1865,3035
1865,3080
1865,3109
1865,3339
1865,4139
1865,4308
1865,4572
1865,4951
1866,2191
1866,2663
1866,2684
1866,2842
1866,2935
1866,3126
1866,3340
1866,3375
1866,3438
1866,4415
1866,4630
1867,2115
1867,2122
1867,2552
1867,2798
1867,2845
1867,2977
1867,3088
1867,3466
1867,3468
1867,3557
1867,3917
1867,3951
1867,4123
1867,4165
1867,4269
1867,4291
1867,4814
1868,2080
1868,2127
1868,2604
1868,2968
1868,3062
1868,3126
1868,3147
1868,3373
1868,3491
1868,3612
1868,3942
1868,4007
1868,4387
1868,4655
1868,4688
1868,4832
1868,4981
1869,2107
1869,2309
1869,2646
1869,2675
1869,3290
1869,3525
1869,3713
1869,4122
1869,4196
1869,4225
1869,4376
1869,4437
1869,4476
1869,4490
1869,4535
1869,4619
1869,4692
1869,4889
1869,4892
1870,1887
1870,2012
1870,2075
1870,2154
1870,2370
1870,2517
1870,2537
1870,2856
1870,3168
1870,3486
1870,3689
1870,3752
1870,3871
1870,4143
1870,4161
1870,4264
1870,4426
1870,4515
1870,4635
1870,4799
1871,2138
1871,2767
1871,2912
1871,3278
1871,3322
1871,3363
1871,3483
1871,3489
1871,3609
1871,3805
1871,3808
1871,3825
1871,3847
1871,3890
1871,4155
1871,4482
1871,4531
1871,4595
1871,4605
1872,1928
1872,2046
1872,2179
1872,2236
1872,2403
1872,2648
1872,2949
1872,3065
1872,3196
1872,3323
1872,3407
1872,3490
1872,3947
1872,4040
1872,4470
1872,4494
1872,4568
1872,4677
1872,4810
1872,4942
1872,4943
1872,4971
1873,1955
1873,1978
1873,2053
1873,2059
1873,2522
1873,2573
1873,3117
1873,3863
1873,4089
1873,4319
1873,4404
1873,4722
1874,2139
1874,2542
1874,3090
1874,3105
1874,3125
1874,4109
1874,4202
1874,4264
1874,4332
1874,4540
1875,2183
1875,2389
1875,2625
1875,2809
1875,2814
1875,3058
1875,3123
1875,3283
1875,3742
1875,3750
1875,3857
1875,3949
1875,4290
1875,4347
1875,4567
1875,4569
1875,4673
1876,2403
1876,2485
1876,2969
1876,2985
1876,3284
1876,3357
1876,3371
1876,3701
1876,4145
1876,4228
1876,4416
1876,4505
1876,4642
1876,4735
1876,4983
1877,2421
1877,2425
1877,2457
1877,2565
1877,2646
1877,2998
1877,3112
1877,3208
1877,3539
1877,3553
1877,3570
1877,3764
1877,4187
1877,4199
1877,4399
1877,4492
1877,4505
1877,4615
1877,4676
1877,4809
1877,4813
1878,2509
1878,2530
1878,2685
1878,2718
1878,2939
1878,3195
1878,3393
1878,3420
1878,3467
1878,3658
1878,3743
1878,3776
1878,4000
1878,4525
1878,4700
1878,4953
1879,1949
1879,2048
1879,2208
1879,2316
1879,2783
1879,2853
1879,3251
1879,3338
1879,3475
1879,3571
1879,3690
1879,3860
1879,3980
1879,4035
1879,4080
1879,4085
1880,2090
1880,2184
1880,2383
1880,2448
1880,3148
1880,3348
1880,3352
1880,3514
1880,3901
1880,4083
1880,4129
1880,4347
1880,4528
1880,4739
1880,4742
1881,1904
1881,1966
1881,2000
1881,2159
1881,2621
1881,3067
1881,3761
1881,3885
1881,3921
1881,3962
1881,4585
1881,4662
1881,4731
1881,4902
1881,4998
1882,2154
1882,2440
1882,2753
1882,2840
1882,3372
1882,3684
1882,4019
1882,4264
1882,4820
1882,4830
1883,1929
1883,2139
1883,2181
1883,2449
1883,2515
1883,3232
1883,3603
1883,3780
1883,4003
1883,4316
1883,4561
1883,4774
1883,4979
1884,2000
1884,2046
1884,2524
1884,2858
1884,3198
1884,3207
1884,3299
1884,3401
1884,3528
1884,4685
1884,4747
1884,4755
1884,4863
1884,4970
1885,1890
1885,1955
1885,2077
1885,2105
1885,2112
1885,2173
1885,2186
1885,2282
1885,2694
1885,2809
1885,2927
1885,3830
1885,3981
1885,4421
1885,4431
1885,4676
1886,1929
1886,2266
1886,2325
1886,2417
1886,2509
1886,2631
1886,2656
1886,2900
1886,3109
1886,3573
1886,3835
1886,3925
1886,4542
1886,4567
1886,4901
1886,4960
1887,2027
1887,2155
1887,2323
1887,2334
1887,2902
1887,2909
1887,2968
1887,3058
1887,3136
1887,3280
1887,3526
1887,3690
1887,3709
1887,3779
1887,3868
1887,4196
1887,4312
1887,4583
1887,4792
1887,4806
1887,4849
1888,2139
1888,2187
1888,2255
1888,2353
1888,2401
1888,2432
1888,2778
1888,3567
1888,3691
1888,3717
1888,3756
1888,3965
1888,4196
1888,4336
1888,4546
1888,4569
1889,1941
1889,2164
1889,2238
1889,2636
1889,2741
1889,3199
1889,3338
1889,3486
1889,3784
1889,3897
1889,4266
1889,4268
1889,4665
1890,2111
1890,2138
1890,2289
1890,2381
1890,2629
1890,2735
1890,2783
1890,3111
1890,3215
1890,3320
1890,3526
1890,3569
1890,3570
1890,3730
1890,4139
1890,4168
1890,4332
1890,4472
1890,4645
1891,2127
1891,2559
1891,2918
1891,3342
1891,3462
1891,3771
1891,3831
1891,3882
1891,3884
1891,3977
1891,4191
1891,4385
1891,4476
1891,4603
1891,4679
1892,2053
1892,2086
1892,2327
1892,2487
1892,2936
1892,3358
1892,3713
1892,4094
1892,4481
1892,4762
1892,4907
1892,4912
1892,4923
1893,1894
1893,1925
1893,2091
1893,2123
1893,2127
1893,2356
1893,2469
1893,2789
1893,2856
1893,3207
1893,3316
1893,3363
1893,3439
1893,3686
1893,3762
1893,3819
1893,3895
1893,4247
1893,4357
1893,4583
1893,4816
1894,2533
1894,2625
1894,3655
1894,4043
1894,4375
1894,4455
1894,4510
1894,4618
1894,4674
1894,4757
1894,4933
1895,2083
1895,2323
1895,2652
1895,2799
1895,3240
1895,3260
1895,3833
1895,3868
1895,3872
1895,4059
1895,4382
1895,4734
1895,4922
1896,2220
1896,2304
1896,2578
1896,2673
1896,2802
1896,3138
1896,3228
1896,3357
1896,3815
1896,3927
1896,3983
1896,4040
1896,4202
1896,4247
1896,4323
1896,4400
1896,4640
1896,4847
1896,4871
1896,4993
1897,2087
1897,2106
1897,2130
1897,2750
1897,2766
1897,2929
1897,3538
1897,3630
1897,4024
1897,4039
1897,4197
1897,4251
1897,4329
1897,4363
1897,4526
1897,4599
1897,4607
1898,2151
1898,2347
1898,2544
1898,2769
1898,2861
1898,2924
1898,2927
1898,2982
1898,3127
1898,3183
1898,3289
1898,3579
1898,3767
1898,3890
1898,4470
1898,4506
1898,4742
1898,4885
1898,4904
1899,2025
1899,2276
1899,2704
1899,2787
1899,3304
1899,3504
1899,3731
1899,4019
1899,4053
1899,4296
1899,4979
1900,2125
1900,2286
1900,2721
1900,3053
1900,3421
1900,3462
1900,3486
1900,3533
1900,3594
1900,3649
1900,3722
1900,3943
1900,4096
1900,4305
1900,4642
1901,1971
1901,2115
1901,2241
1901,2397
1901,2429
1901,2460
1901,3028
1901,3045
1901,3285
1901,3480
1901,3709
1901,3762
1901,3777
1901,4089
1901,4258
1901,4466
1901,4796
1902,1913
1902,2031
1902,2582
1902,3182
1902,3464
1902,3513
1902,3727
1902,3736
1902,3798
1902,3853
1902,4011
1902,4197
1903,2296
1903,2424
1903,2489
1903,2678
1903,3147
1903,3371
1903,3445
1903,3501
1903,3706
1903,3733
1903,3929
1903,4008
1903,4198
1903,4229
1903,4264
1903,4347
1903,4368
1903,4431
1903,4592
1903,4804
1903,4845
1903,4855
1903,4898
1903,4980
1904,1967
1904,2015
1904,2084
1904,2196
1904,2369
1904,2382
1904,2389
1904,2463
1904,2847
1904,3031
1904,3127
1904,3284
1904,3328
1904,3403
1904,3490
1904,4137
1904,4188
1904,4654
1905,2213
1905,2273
1905,2275
1905,2280
1905,2655
1905,2673
1905,2766
1905,2800
1905,3029
1905,3400
1905,3409
1905,3442
1905,3586
1905,3928
1905,4337
1905,4419
1905,4420
1905,4878
1905,4973
1906,2146
1906,2147
1906,2158
1906,2774
1906,2839
1906,3098
1906,3141
1906,3349
1906,3569
1906,3942
1906,4118
1906,4281
1906,4297
1906,4729
1906,4847
1907,2263
1907,2350
1907,2426
1907,2476
1907,2548
1907,2749
1907,2776
1907,2826
1907,3070
1907,3224
1907,3270
1907,3312
1907,3667
1907,3685
1907,3814
1907,4594
1907,4993
1908,2452
1908,2695
1908,2715
1908,3057
1908,3152
1908,3154
1908,3265
1908,3522
1908,3557
1908,3615
1908,3674
1908,3697
1908,4001
1908,4250
1908,4284
1908,4292
1908,4366
1908,4417
1908,4434
1908,4636
1909,1924
1909,2117
1909,2124
1909,2205
1909,2457
1909,2652
1909,3100
1909,3191
1909,3201
1909,3240
1909,3299
1909,3435
1909,3581
1909,4380
1909,4432
1909,4555
1909,4657
1909,4722
1909,4832
1909,4835
1909,4852
1910,2050
1910,2174
1910,2231
1910,2724
1910,2892
1910,3005
1910,3053
1910,3350
1910,3768
1910,3835
1910,3895
1910,4212
1910,4259
1910,4797
1910,4874
1910,4931
1911,2240
1911,2415
1911,2472
1911,3117
1911,3470
1911,4109
1911,4244
1911,4274
1911,4438
1911,4439
1911,4567
1911,4634
1911,4661
1911,4714
1911,4985
1912,1926
1912,1945
1912,2462
1912,2784
1912,2930
1912,2946
1912,3128
1912,3369
1912,3515
1912,3526
1912,3583
1912,3861
1912,4437
1912,4468
1912,4740
1912,4820
1912,4848
1912,4999
1913,2053
1913,2078
1913,2124
1913,2160
1913,2265
1913,2538
1913,2590
1913,2613
1913,2636
1913,2856
1913,2887
1913,2925
1913,2977
1913,3133
1913,3196
1913,3344
1913,3471
1913,3592
1913,3660
1913,3757
1913,3883
1913,3939
1913,4041
1913,4111
1913,4414
1913,4631
1914,2077
1914,2151
1914,2163
1914,2603
1914,2841
1914,3187
1914,4639
1914,4749
1914,4806
1914,4912
1915,2011
1915,2244
1915,2383
1915,2962
1915,3138
1915,3184
1915,3265
1915,3407
1915,3699
1915,3864
1915,3975
1915,4144
1915,4605
1915,4660
1915,4762
1915,4787
1915,4884
1915,4925
1915,4926
1916,2190
1916,2252
1916,2430
1916,2460
1916,3281
1916,3530
1916,3618
1916,3630
1916,4293
1916,4520
1916,4539
1916,4645
1917,2349
1917,2854
1917,2929
1917,3109
1917,3186
1917,3244
1917,3424
1917,3656
1917,3867
1917,4581
1917,4671
1917,4768
1917,4793
1917,4913
1918,2226
1918,2283
1918,2320
1918,2802
1918,2830
1918,3123
1918,3211
1918,3272
1918,3562
1918,4015
1918,4029
1918,4111
1918,4440
1918,4501
1918,4509
1918,4662
1918,4688
1918,4737
1918,4850
1918,4859
1918,4933
1919,2364
1919,2514
1919,2771
1919,2788
1919,2875
1919,2907
1919,3086
1919,3154
1919,3539
1919,3961
1919,4090
1919,4200
1919,4222
1919,4468
1919,4898
1920,1977
1920,2006
1920,2022
1920,2099
1920,2647
1920,3404
1920,4002
1920,4066
1920,4179
1920,4555
1920,4861
1921,2255
1921,2313
1921,2542
1921,2831
1921,2926
1921,3028
1921,3209
1921,3394
1921,3432
1921,3522
1921,3523
1921,3530
1921,3570
1921,3790
1921,3833
1921,4055
1921,4136
1921,4223
1921,4224
1921,4550
1921,4976
1922,1962
1922,2096
1922,2142
1922,2154
1922,2443
1922,2572
1922,2767
1922,2846
1922,3090
1922,3107
1922,3292
1922,3355
1922,3486
1922,3552
1922,3605
1922,3983
1922,3993
1922,4026
1922,4067
1922,4158
1922,4195
1922,4224
1922,4776
1922,4913
1923,1949
1923,2174
1923,2555
1923,2568
1923,2583
1923,2872
1923,3167
1923,3316
1923,3409
1923,3580
1923,3812
1923,3956
1923,3986
1923,4259
1923,4497
1923,4634
1923,4881
1923,4950
1923,4997
1924,2119
1924,2146
1924,2413
1924,2503
1924,2646
1924,2701
1924,2906
1924,3270
1924,3835
1924,3851
1924,3921
1924,4006
1924,4109
1924,4455
1925,2242
1925,2853
1925,2920
1925,3229
1925,3522
1925,4691
1925,4700
1925,4702
1925,4711
1925,4742
1926,2154
1926,2213
1926,2719
1926,2784
1926,4014
1926,4116
1926,4160
1926,4164
1926,4244
1926,4621
1927,1956
1927,2139
1927,2266
1927,2329
1927,2380
1927,2443
1927,2502
1927,2520
1927,2531
1927,2584
1927,2622
1927,2645
1927,2709
1927,3519
1927,4093
1927,4365
1927,4501
1927,4778
1928,2116
1928,2124
1928,2268
1928,2320
1928,2421
1928,2861
1928,3000
1928,3101
1928,3308
1928,3529
1928,4007
1928,4034
1928,4380
1928,4437
1928,4561
1928,4631
1928,4640
1928,4793
1929,1981
1929,2221
1929,2566
1929,2605
1929,2920
1929,2949
1929,3053
1929,3109
1929,3881
1929,4013
1929,4061
1929,4142
1929,4260
1929,4573
1929,4591
1930,2637
1930,2645
1930,2912
1930,2995
1930,3153
1930,3279
1930,3382
1930,3630
1930,4089
1930,4148
1930,4392
1930,4713
1930,4778
1930,4941
1931,2085
1931,2164
1931,2841
1931,3063
1931,3183
1931,3378
1931,3580
1931,3671
1931,3805
1931,4069
1931,4335
1931,4405
1931,4418
1931,4477
1931,4653
1931,4857
1932,1947
1932,2325
1932,2386
1932,2408
1932,2654
1932,3043
1932,3147
1932,3635
1932,3677
1932,3703
1932,3770
1932,3817
1932,4182
1932,4451
1932,4544
1932,4548
1933,2237
1933,2636
1933,2987
1933,3379
1933,3410
1933,3519
1933,4319
1933,4371
1933,4450
1933,4613
1933,4974
1934,1959
1934,2202
1934,2266
1934,2441
1934,2467
1934,2635
1934,2715
1934,2732
1934,2743
1934,2800
1934,2895
1934,2979
1934,3040
1934,3359
1934,4190
1934,4243
1934,4248
1934,4649
1934,4984
1935,2041
1935,2123
1935,2261
1935,2374
1935,2897
1935,2899
1935,3195
1935,3694
1935,3760
1935,3846
1935,3938
1935,4136
1935,4170
1935,4181
1935,4384
1935,4471
1935,4513
1935,4754
1935,4864
1935,4960
1936,2425
1936,2442
1936,2599
1936,2668
1936,2781
1936,2962
1936,3219
1936,3293
1936,3330
1936,3574
1936,3784
1936,3952
1936,4098
1936,4107
1936,4124
1936,4543
1936,4688
1937,1942
1937,2020
1937,2047
1937,2051
1937,2054
1937,2370
1937,2629
1937,2888
1937,3447
1937,3550
1937,4268
1937,4580
1937,4732
1938,1973
1938,2104
1938,2186
1938,2661
1938,2950
1938,2953
1938,3236
1938,3786
1938,3947
1938,4122
1938,4504
1939,2115
1939,2205
1939,2343
1939,2474
1939,2729
1939,2953
1939,3601
1939,3624
1939,3865
1939,4195
1939,4334
1939,4532
1939,4586
1939,4621
1939,4650
1939,4695
1939,4990
1940,2010
1940,2248
1940,2323
1940,2600
1940,2624
1940,2659
1940,2707
1940,2892
1940,3379
1940,3619
1940,4286
1940,4463
1940,4916
1940,4973
1941,2667
1941,2969
1941,3118
1941,3444
1941,3659
1941,4158
1941,4187
1941,4290
1941,4543
1941,4568
1942,1963
1942,2140
1942,2938
1942,3314
1942,3322
1942,3515
1942,3728
1942,3921
1942,3934
1942,4029
1942,4910
1943,2030
1943,2186
1943,2920
1943,3139
1943,3400
1943,3406
1943,3738
1943,3767
1943,4361
1943,4365
1943,4453
1943,4616
1943,4811
1944,2385
1944,2396
1944,2479
1944,2619
1944,2936
1944,3195
1944,3221
1944,3333
1944,3358
1944,3933
1944,4405
1944,4564
1944,4885
1944,4989
1945,2212
1945,2341
1945,2396
1945,2522
1945,2941
1945,3443
1945,3516
1945,3557
1945,3597
1945,3653
1945,4343
1945,4525
1945,4547
1945,4601
1945,4621
1945,4777
1945,4886
1946,2136
1946,2377
1946,2393
1946,3710
1946,3912
1946,3979
1946,4310
1946,4319
1946,4459
1946,4638
1946,4819
1946,4839
1947,2123
1947,2370
1947,2444
1947,2733
1947,2761
1947,2892
1947,2973
1947,3082
1947,3529
1947,3687
1947,3840
1947,4446
1947,4478
1948,1951
1948,2006
1948,2319
1948,2354
1948,2445
1948,2614
1948,3078
1948,3114
1948,3165
1948,3693
1948,3694
1948,3850
1948,4160
1948,4184
1948,4241
1948,4302
1948,4505
1948,4560
1948,4662
1948,4727
1948,4851
1948,4971
1949,2433
1949,2733
1949,2775
1949,2919
1949,2953
1949,3152
1949,3194
1949,3201
1949,3234
1949,3447
1949,3848
1949,3998
1949,4024
1949,4496
1949,4735
1949,4758
1949,4772
1950,1974
1950,2146
1950,2214
1950,2371
1950,3106
1950,3116
1950,3446
1950,3574
1950,3581
1950,4432
1950,4687
1950,4796
1950,4809
1950,4811
1951,2201
1951,2430
1951,2680
1951,2805
1951,3326
1951,3331
1951,3372
1951,3601
1951,3617
1951,3974
1951,4206
1951,4507
1951,4599
1951,4693
1951,4843
1951,4948
1952,1982
1952,2418
1952,2670
1952,2775
1952,2781
1952,2783
1952,2874
1952,3080
1952,3081
1952,3449
1952,3674
1952,3798
1952,4133
1952,4434
1952,4547
1952,4600
1952,4675
1952,4955
1953,2440
1953,2802
1953,3111
1953,3402
1953,3426
1953,3496
1953,3942
1953,4612
1953,4820
1953,4860
1954,2617
1954,3110
1954,3294
1954,3348
1954,3652
1954,3727
1954,3968
1954,4404
1954,4483
1954,4660
1955,2112
1955,2683
1955,3625
1955,3929
1955,3964
1955,4139
1955,4192
1955,4468
1955,4537
1956,2100
1956,2749
1956,3024
1956,3561
1956,3687
1956,3774
1956,4160
1956,4195
1956,4521
1956,4693
1957,2050
1957,2303
1957,2441
1957,2502
1957,2585
1957,2705
1957,2863
1957,3022
1957,3207
1957,3228
1957,3862
1957,3931
1957,4014
1957,4343
1957,4386
1957,4675
1957,4729
1957,4783
1958,1987
1958,2061
1958,2173
1958,2406
1958,2671
1958,2822
1958,3346
1958,3599
1958,3667
1958,3699
1958,3906
1958,4012
1958,4126
1958,4158
1958,4187
1958,4299
1958,4581
1958,4592
1959,2890
1959,2922
1959,3421
1959,3706
1959,3967
1959,4073
1959,4172
1959,4962
1960,2140
1960,2194
1960,2357
1960,2438
1960,2586
1960,2794
1960,2840
1960,3147
1960,3174
1960,3266
1960,3381
1960,3757
1960,3878
1960,4649
1960,4655
1961,2005
1961,2242
1961,2474
1961,2546
1961,2577
1961,2887
1961,2907
1961,3307
1961,3766
1961,4077
1961,4418
1961,4762
1961,4800
1962,2252
1962,2268
1962,2300
1962,2326
1962,2487
1962,2621
1962,3211
1962,3228
1962,3338
1962,3731
1962,3767
1962,3925
1962,4039
1962,4278
1962,4332
1962,4784
1962,4851
1963,2462
1963,2560
1963,2622
1963,2770
1963,3153
1963,3241
1963,3345
1963,3387
1963,3772
1963,3778
1963,4183
1963,4288
1963,4425
1963,4614
1963,4748
1964,2131
1964,2166
1964,2175
1964,2417
1964,2493
1964,2685
1964,3305
1964,3847
1964,3893
1964,4171
1964,4208
1964,4744
1964,4917
1964,4987
1965,2177
1965,2676
1965,2678
1965,3034
1965,3043
1965,3680
1965,3749
1965,3883
1965,4050
1965,4574
1965,4928
1965,4969
1966,2042
1966,2074
1966,2122
1966,2250
1966,2419
1966,2501
1966,2611
1966,2650
1966,3190
1966,3485
1966,3716
1966,3851
1966,4248
1966,4283
1966,4509
1966,4742
1966,4794
1966,4874
1966,4997
1967,2083
1967,2125
1967,2382
1967,2411
1967,2556
1967,2787
1967,2933
1967,3114
1967,3115
1967,3198
1967,3211
1967,3386
1967,3395
1967,3511
1967,3829
1967,3899
1967,4149
1967,4373
1967,4400
1967,4503
1967,4888
1967,4965
1968,2214
1968,2898
1968,2977
1968,3243
1968,3254
1968,3350
1968,3439
1968,3883
1968,3957
1968,4119
1968,4186
1968,4240
1968,4327
1968,4686
1968,4785
1968,4927
1969,2031
1969,2033
1969,2403
1969,2474
1969,2632
1969,2639
1969,2769
1969,2807
1969,2829
1969,3030
1969,3045
1969,3586
1969,3605
1969,3966
1969,4309
1969,4667
1969,4733
1970,2036
1970,2043
1970,2181
1970,2972
1970,3025
1970,3076
1970,3309
1970,3582
1970,3876
1970,4423
1970,4568
1970,4585
1970,4617
1970,4999
1971,2026
1971,2219
1971,2314
1971,2547
1971,2808
1971,2869
1971,2999
1971,3151
1971,4320
1971,4428
1971,4646
1972,2319
1972,2454
1972,2541
1972,2617
1972,3064
1972,3081
1972,3356
1972,3364
1972,3506
1972,3879
1972,3922
1972,4125
1972,4196
1972,4410
1972,4587
1972,4801
1972,4823
1972,4885
1973,2036
1973,2258
1973,2275
1973,2397
1973,2538
1973,2608
1973,2752
1973,3552
1973,3607
1973,3751
1973,4234
1973,4238
1973,4347
1973,4653
1974,1984
1974,2037
1974,2133
1974,2284
1974,2370
1974,2410
1974,2859
1974,2927
1974,2987
1974,3358
1974,3444
1974,3620
1974,3712
1974,4079
1974,4320
1974,4673
1974,4714
1974,4779
1974,4836
1974,4885
1974,4897
1975,2064
1975,2190
1975,2215
1975,2412
1975,2582
1975,2814
1975,2884
1975,3282
1975,3285
1975,3683
1975,3716
1975,3734
1975,4110
1975,4252
1975,4501
1975,4631
1975,4973
1976,1999
1976,2025
1976,2618
1976,3054
1976,3858
1976,3949
1976,4166
1976,4408
1976,4481
1976,4690
1977,2142
1977,2637
1977,3265
1977,3500
1977,3664
1977,3749
1977,3756
1977,4025
1977,4319
1977,4326
1977,4819
1978,2481
1978,2522
1978,3117
1978,3228
1978,3337
1978,3422
1978,3900
1978,4055
1978,4337
1978,4542
1978,4855
1978,4922
1979,2039
1979,2282
1979,2763
1979,2764
1979,2808
1979,2853
1979,3207
1979,3229
1979,3256
1979,3438
1979,4030
1979,4221
1979,4235
1979,4391
1979,4540
1979,4594
1979,4600
1979,4904
1979,4929
1980,2043
1980,2061
1980,2126
1980,2269
1980,2278
1980,2581
1980,2962
1980,3174
1980,3190
1980,3376
1980,3625
1980,3806
1980,3888
1980,3928
1980,4191
1980,4594
1980,4604
1980,4954
1981,2062
1981,2335
1981,2457
1981,2557
1981,2898
1981,2972
1981,3007
1981,3102
1981,3749
1981,4295
1981,4347
1981,4364
1981,4683
1981,4871
1982,2194
1982,2381
1982,2477
1982,2687
1982,2773
1982,3049
1982,3238
1982,3381
1982,3492
1982,3553
1982,3672
1982,3794
1982,3990
1982,4301
1982,4456
1982,4634
1982,4692
1982,4808
1983,2969
1983,3400
1983,3735
1983,3761
1983,3854
1983,3966
1983,3983
1983,4824
1984,2060
1984,2149
1984,2461
1984,2653
1984,2660
1984,3021
1984,3272
1984,3481
1984,3517
1984,4054
1984,4152
1984,4345
1984,4516
1984,4743
1984,4863
1984,4891
1985,1986
1985,2025
1985,2204
1985,2413
1985,2441
1985,2806
1985,2853
1985,3670
1985,3680
1985,3781
1985,4009
1985,4028
1985,4074
1985,4155
1985,4215
1985,4541
1985,4749
1985,4947
1986,2123
1986,2396
1986,2565
1986,2683
1986,2791
1986,2923
1986,2937
1986,3136
1986,3258
1986,3308
1986,4312
1986,4313
1986,4958
1987,2241
1987,2260
1987,2914
1987,3156
1987,3317
1987,3464
1987,3547
1987,3756
1987,3775
1987,3904
1987,3938
1987,4039
1987,4084
1987,4114
1987,4241
1987,4397
1987,4634
1987,4864
1988,2138
1988,2537
1988,2635
1988,3142
1988,3247
1988,3360
1988,3867
1988,4153
1988,4317
1988,4346
1988,4584
1988,4675
1988,4685
1988,4694
1988,4798
1988,4814
1989,2035
1989,2633
1989,2727
1989,2748
1989,2848
1989,2852
1989,2937
1989,2941
1989,2978
1989,3116
1989,3425
1989,3543
1989,3654
1989,3708
1989,3772
1989,3855
1989,3901
1989,3939
1989,4024
1989,4248
1989,4339
1989,4388
1990,2211
1990,2263
1990,2312
1990,2424
1990,2604
1990,2743
1990,3085
1990,3097
1990,3235
1990,3273
1990,3356
1990,3677
1990,3882
1990,4037
1990,4174
1990,4186
1990,4360
1990,4448
1991,2414
1991,2825
1991,3574
1991,3867
1991,4280
1991,4555
1991,4582
1991,4622
1992,2631
1992,3062
1992,3226
1992,3481
1992,3533
1992,3570
1992,3738
1992,3985
1992,4255
1992,4299
1992,4474
1992,4532
1992,4602
1992,4639
1992,4755
1993,2058
1993,2244
1993,2565
1993,2819
1993,2899
1993,2910
1993,3052
1993,3117
1993,3304
1993,3376
1993,4239
1993,4576
1994,2193
1994,2200
1994,2229
1994,2261
1994,2579
1994,2786
1994,3239
1994,3671
1994,3921
1994,3982
1994,4238
1994,4745
1995,2090
1995,2223
1995,2246
1995,2311
1995,2359
1995,2586
1995,2742
1995,2760
1995,3390
1995,3436
1995,3528
1995,4157
1995,4230
1995,4337
1995,4360
1995,4399
1995,4424
1995,4776
1996,2352
1996,3402
1996,3597
1996,4045
1996,4377
1996,4551
1996,4925
1997,2127
1997,2332
1997,2557
1997,2817
1997,2821
1997,3945
1997,4365
1997,4425
1997,4808
1998,2082
1998,2500
1998,2591
1998,2642
1998,2947
1998,3041
1998,3260
1998,3394
1998,3905
1998,4549
1998,4628
1998,4773
1999,2152
1999,2420
1999,2584
1999,3018
1999,3273
1999,3306
1999,3997
1999,4006
1999,4085
1999,4216
1999,4229
1999,4432
1999,4455
1999,4467
1999,4618
1999,4731
2000,2356
2000,2363
2000,2770
2000,2951
2000,2973
2000,3138
2000,3377
2000,3436
2000,3488
2000,3489
2000,3519
2000,3665
2000,3693
2000,3730
2000,4007
2000,4137
2000,4203
2000,4229
2000,4259
2000,4687
2000,4981
2001,2120
2001,2150
2001,2180
2001,2188
2001,2394
2001,2472
2001,2583
2001,2821
2001,3002
2001,3140
2001,3823
2001,4294
2001,4298
2001,4365
2001,4566
2001,4596
2001,4974
2002,2363
2002,2514
2002,2687
2002,2745
2002,3572
2002,4177
2002,4413
2002,4443
2002,4595
2002,4684
2003,2056
2003,2119
2003,2216
2003,2362
2003,2852
2003,2897
2003,2904
2003,3026
2003,3104
2003,3108
2003,3279
2003,3458
2003,4008
2003,4012
2003,4053
2003,4170
2003,4186
2003,4285
2003,4303
2003,4333
2003,4474
2003,4614
2003,4659
2004,2042
2004,2090
2004,2499
2004,2513
2004,2583
2004,3044
2004,3145
2004,3236
2004,3319
2004,3347
2004,3505
2004,3538
2004,3627
2004,4189
2004,4466
2004,4545
2004,4678
2004,4732
2004,4757
2004,4762
2004,4774
2004,4877
2005,2116
2005,2878
2005,3065
2005,3170
2005,3312
2005,3894
2005,3937
2005,3995
2005,4846
2005,4884
2005,4943
2006,2115
2006,2271
2006,2405
2006,2411
2006,2489
2006,2636
2006,2842
2006,3238
2006,3294
2006,3348
2006,3470
2006,4037
2006,4096
2006,4362
2007,2244
2007,2324
2007,2339
2007,2513
2007,2755
2007,2891
2007,3259
2007,3317
2007,3350
2007,3963
2007,4071
2007,4224
2007,4545
2007,4629
2007,4827
2007,4863
2008,2438
2008,2639
2008,2670
2008,2875
2008,2994
2008,3165
2008,3223
2008,3381
2008,3508
2008,3553
2008,3570
2008,3581
2008,4182
2008,4221
2008,4339
2008,4468
2008,4656
2008,4796
2009,2329
2009,2588
2009,2702
2009,2722
2009,3380
2009,3535
2009,3734
2009,3968
2009,4442
2009,4686
2009,4846
2010,2126
2010,2272
2010,2290
2010,2327
2010,2344
2010,2463
2010,2666
2010,2675
2010,2853
2010,2927
2010,3048
2010,3060
2010,3257
2010,3263
2010,3838
2010,4143
2010,4189
2010,4201
2010,4371
2010,4382
2010,4554
2010,4644
2010,4670
2010,4876
2011,2608
2011,2649
2011,2843
2011,3305
2011,3311
2011,4079
2011,4180
2011,4217
2011,4232
2011,4594
2011,4997
2012,2040
2012,2096
2012,2476
2012,2561
2012,3901
2012,4051
2012,4185
2012,4259
2013,2351
2013,2360
2013,2382
2013,2384
2013,2452
2013,2940
2013,3032
2013,3060
2013,3177
2013,3586
2013,4159
2013,4726
2013,4776
2013,4854
2013,4859
2013,4975
2014,2044
2014,2045
2014,2142
2014,2214
2014,2368
2014,2483
2014,2508
2014,2830
2014,2918
2014,3054
2014,3061
2014,3433
2014,3893
2014,4062
2014,4285
2014,4343
2015,2105
2015,2142
2015,2233
2015,2265
2015,2707
2015,2820
2015,3039
2015,3345
2015,3442
2015,3707
2015,3835
2015,4001
2015,4155
2015,4213
2015,4356
2015,4667
2015,4907
2015,4948
2015,4964
2016,2116
2016,2308
2016,2402
2016,2641
2016,2654
2016,3155
2016,3279
2016,3394
2016,3507
2016,3512
2016,3601
2016,3707
2016,4333
2016,4434
2016,4581
2016,4657
2016,4817
2017,2392
2017,2452
2017,2501
2017,2605
2017,3011
2017,3195
2017,3266
2017,3614
2017,3657
2017,3689
2017,3935
2017,3968
2017,4048
2017,4287
2017,4301
2017,4701
2018,2030
2018,2040
2018,2043
2018,2570
2018,2977
2018,3172
2018,3212
2018,3599
2018,3824
2018,3875
2018,3951
2018,4191
2018,4206
2018,4439
2018,4728
2018,4762
2018,4781
2018,4844
2019,2188
2019,2365
2019,2458
2019,2480
2019,3237
2019,3604
2019,3806
2019,3981
2019,4194
2019,4297
2019,4386
2019,4538
2019,4946
2020,2302
2020,2445
2020,2506
2020,2536
2020,2589
2020,2697
2020,2722
2020,2843
2020,2882
2020,3419
2020,3788
2020,3813
2020,4258
2020,4711
2021,2048
2021,2316
2021,2376
2021,2798
2021,2950
2021,3109
2021,3254
2021,3551
2021,3728
2021,3822
2021,4354
2021,4466
2022,2050
2022,2069
2022,2084
2022,3109
2022,3465
2022,3878
2022,4019
2022,4055
2022,4162
2022,4493
2022,4532
2022,4947
2023,2131
2023,2259
2023,2720
2023,2882
2023,3133
2023,3941
2023,3998
2023,4342
2023,4701
2023,4764
2023,4800
2023,4964
2024,2303
2024,2503
2024,2626
2024,2764
2024,2837
2024,2949
2024,3025
2024,3258
2024,4505
2024,4704
2025,2129
2025,2588
2025,2735
2025,2768
2025,3052
2025,3116
2025,3512
2025,3735
2025,3782
2025,3887
2025,4454
2025,4620
2025,4894
2025,4970
2026,2054
2026,2470
2026,2667
2026,2695
2026,2968
2026,3402
2026,3595
2026,4027
2026,4078
2026,4424
2026,4775
2026,4780
2027,2322
2027,2394
2027,2491
2027,2650
2027,2761
2027,2786
2027,2803
2027,2925
2027,2968
2027,3159
2027,3169
2027,3918
2027,4029
2027,4070
2027,4333
2027,4546
2027,4762
2028,2073
2028,2335
2028,2709
2028,2774
2028,3291
2028,3563
2028,3680
2028,3744
2028,3746
2028,4027
2028,4095
2028,4215
2028,4345
2028,4534
2028,4788
2028,4875
2028,4988
2029,2088
2029,2108
2029,2122
2029,2160
2029,2381
2029,2775
2029,3344
2029,3428
2029,3609
2029,3800
2029,3888
2029,3958
2029,4849
2029,4990
2030,2096
2030,2301
2030,2662
2030,3217
2030,3255
2030,3359
2030,3433
2030,3598
2030,3779
2030,4117
2030,4379
2031,2306
2031,2619
2031,2653
2031,2784
2031,3227
2031,3430
2031,3455
2031,3503
2031,3649
2031,3656
2031,3894
2031,3903
2031,4110
2031,4575
2031,4642
2031,4886
2032,2170
2032,2419
2032,2628
2032,2720
2032,3295
2032,3516
2032,4356
2032,4946
2033,2241
2033,2379
2033,2427
2033,2516
2033,2639
2033,2783
2033,2785
2033,2802
2033,3124
2033,3343
2033,3521
2033,3889
2033,4236
2033,4681
2033,4754
2033,4886
2033,4955
2034,2497
2034,2706
2034,3201
2034,3348
2034,3373
2034,3503
2034,3681
2034,3792
2034,4309
2034,4332
2034,4364
2034,4396
2034,4735
2034,4783
2034,4888
2035,2151
2035,2441
2035,2828
2035,2962
2035,3005
2035,3262
2035,3321
2035,3701
2035,4372
2035,4730
2036,2402
2036,2840
2036,3639
2036,3665
2036,3737
2036,4282
2036,4578
2036,4661
2037,2200
2037,2433
2037,2665
2037,3152
2037,3568
2037,3721
2037,3753
2037,3845
2037,4086
2037,4119
2037,4417
2038,2092
2038,2290
2038,2318
2038,2446
2038,2686
2038,3329
2038,3495
2038,3688
2038,4089
2038,4264
2038,4705
2038,4767
2038,4852
2039,2113
2039,2227
2039,2292
2039,2913
2039,3056
2039,3217
2039,3350
2039,3435
2039,4174
2039,4330
2039,4405
2039,4448
2039,4643
2039,4689
2039,4750
2040,2088
2040,2122
2040,2209
2040,2473
2040,2722
2040,2872
2040,3105
2040,3348
2040,3527
2040,3673
2040,3674
2040,3797
2040,4060
2040,4539
2040,4651
2040,4803
2041,2474
2041,3276
2041,3537
2041,3616
2041,3758
2041,3900
2041,4035
2041,4222
2041,4769
2041,4894
2041,4974
2042,2063
2042,2375
2042,3076
2042,3123
2042,3362
2042,3363
2042,4157
2042,4484
2042,4883
2042,4902
2043,2358
2043,2415
2043,2484
2043,2652
2043,2687
2043,3033
2043,3070
2043,3347
2043,3559
2043,3646
2043,3703
2043,3736
2043,3772
2043,4037
2043,4422
2043,4919
2044,2053
2044,2338
2044,2654
2044,2709
2044,2744
2044,2769
2044,3195
2044,3815
2044,4176
2044,4424
2045,2156
2045,2185
2045,2387
2045,2613
2045,2785
2045,3223
2045,3331
2045,3350
2045,3595
2045,3709
2045,4415
2045,4949
2046,2368
2046,2770
2046,2973
2046,2988
2046,3776
2046,4010
2046,4206
2046,4262
2046,4475
2046,4582
2046,4734
2046,4767
2046,4841
2047,2390
2047,2782
2047,2923
2047,2928
2047,2990
2047,3001
2047,3304
2047,3471
2047,3490
2047,3513
2047,3585
2047,3614
2047,3794
2047,3867
2047,4092
2047,4649
2047,4889
2047,4913
2047,4922
2047,4925
2048,2338
2048,2716
2048,3170
2048,3247
2048,3481
2048,3658
2048,4146
2049,2407
2049,2780
2049,3308
2049,3461
2049,3468
2049,3536
2049,3618
2049,3669
2049,4014
2049,4683
2049,4840
2049,4899
2050,2086
2050,2224
2050,2264
2050,2291
2050,2311
2050,2458
2050,2710
2050,3239
2050,3703
2050,3867
2050,3917
2050,4210
2050,4219
2050,4514
2050,4520
2050,4524
2050,4542
2050,4645
2051,2210
2051,2561
2051,2569
2051,2759
2051,2775
2051,2832
2051,3180
2051,3339
2051,3484
2051,3685
2051,4214
2051,4414
2051,4593
2051,4740
2051,4826
2051,4994
2052,2193
2052,2562
2052,2767
2052,2823
2052,2852
2052,2860
2052,2902
2052,3159
2052,3173
2052,3261
2052,3428
2052,3790
2052,3900
2052,4177
2052,4324
2052,4526
2052,4629
2052,4641
2053,2497
2053,2554
2053,2907
2053,2987
2053,3320
2053,3566
2053,4092
2053,4274
2053,4468
2054,2081
2054,2206
2054,2349
2054,2464
2054,3155
2054,3247
2054,3315
2054,3438
2054,3441
2054,3447
2054,4265
2054,4667
2054,4793
2055,2192
2055,2295
2055,3134
2055,3444
2055,3513
2055,3703
2055,3814
2055,3950
2055,3962
2055,4279
2055,4661
2055,4688
2056,2315
2056,2397
2056,2491
2056,2653
2056,2749
2056,3126
2056,3361
2056,3439
2056,3528
2056,3538
2056,3605
2056,4026
2056,4069
2056,4114
2056,4131
2056,4148
2056,4363
2056,4432
2056,4625
2056,4804
2057,2261
2057,2269
2057,2795
2057,2961
2057,2993
2057,3098
2057,3641
2057,3683
2057,3882
2057,3962
2057,4242
2057,4598
2057,4612
2057,4836
2057,4897
2058,2345
2058,2565
2058,2710
2058,3213
2058,3539
2058,3614
2058,3629
2058,3756
2058,3942
2058,3981
2058,4023
2058,4063
2058,4069
2058,4168
2058,4274
2058,4454
2058,4772
2059,2068
2059,2522
2059,2729
2059,2870
2059,3067
2059,3101
2059,3436
2059,3685
2059,3748
2059,4219
2059,4315
2059,4372
2059,4381
2059,4586
2059,4636
2059,4680
2059,4897
2059,4899
2060,2102
2060,2556
2060,2650
2060,2706
2060,2770
2060,3175
2060,3489
2060,3528
2060,3539
2060,4356
2060,4552
2060,4571
2060,4814
2060,4832
2060,4847
2061,2201
2061,2427
2061,2681
2061,2942
2061,3108
2061,3301
2061,3343
2061,3571
2061,4036
2061,4052
2061,4356
2061,4394
2061,4400
2061,4545
2061,4590
2061,4608
2061,4732
2061,4905
2061,4944
2062,2592
2062,3227
2062,3238
2062,3295
2062,3782
2062,4370
2062,4446
2062,4610
2062,4772
2062,4981
2063,2349
2063,2563
2063,2607
2063,2841
2063,2989
2063,3245
2063,3419
2063,3834
2063,4134
2063,4253
2063,4323
2063,4860
2064,2187
2064,2709
2064,2747
2064,2774
2064,3198
2064,3360
2064,3371
2064,3506
2064,4025
2064,4062
2064,4077
2064,4140
2064,4256
2064,4294
2064,4343
2064,4512
2064,4783
2065,2324
2065,2477
2065,2590
2065,2636
2065,3341
2065,3686
2065,4495
2065,4905
2066,2573
2066,2675
2066,2753
2066,2824
2066,3168
2066,3232
2066,3267
2066,3475
2066,3853
2066,3922
2066,3975
2066,4224
2066,4620
2067,2317
2067,2397
2067,2493
2067,2693
2067,2700
2067,2851
2067,3008
2067,3186
2067,3398
2067,3985
2067,4088
2067,4155
2067,4318
2067,4881
2068,2091
2068,3029
2068,3189
2068,3227
2068,3414
2068,3512
2068,3567
2068,3598
2068,3749
2068,3891
2068,4159
2068,4253
2069,2119
2069,2164
2069,2633
2069,2890
2069,3318
2069,3486
2069,3581
2069,3699
2069,3717
2069,4223
2069,4247
2069,4377
2069,4481
2069,4543
2069,4826
2069,4957
2070,2425
2070,2711
2070,2904
2070,2911
2070,3160
2070,3234
2070,3386
2070,3495
2070,3496
2070,3565
2070,3695
2070,4299
2070,4803
2070,4829
2070,4905
2071,2077
2071,2795
2071,2967
2071,2971
2071,4373
2071,4398
2072,2102
2072,2209
2072,2272
2072,2756
2072,2862
2072,3353
2072,3921
2072,3938
2072,4249
2072,4287
2072,4445
2072,4816
2073,2284
2073,2530
2073,2651
2073,2825
2073,2920
2073,2990
2073,3116
2073,3490
2073,3662
2073,3780
2073,4075
2073,4169
2073,4748
2073,4935
2074,2295
2074,2454
2074,2489
2074,2530
2074,3151
2074,3154
2074,4000
2074,4342
2074,4460
2074,4617
2074,4693
2074,4709
2075,2225
2075,2230
2075,2408
2075,2452
2075,2486
2075,2489
2075,2491
2075,2525
2075,2528
2075,2576
2075,2806
2075,3201
2075,3421
2075,3580
2075,3936
2075,3998
2075,4299
2075,4493
2075,4901
2075,4917
2075,4962
2076,2087
2076,2092
2076,2370
2076,2566
2076,3027
2076,3317
2076,3340
2076,3395
2076,3826
2076,3878
2076,3959
2076,4013
2076,4685
2076,4941
2077,2442
2077,2840
2077,2922
2077,3231
2077,3415
2077,3422
2077,3720
2077,3742
2077,3859
2077,4078
2077,4220
2077,4258
2077,4305
2077,4375
2077,4415
2077,4596
2077,4779
2077,4966
2078,2081
2078,2238
2078,2503
2078,2934
2078,3010
2078,3190
2078,3535
2078,3616
2078,3873
2078,4972
2079,2334
2079,2717
2079,2865
2079,3259
2079,3361
2079,3539
2079,3547
2079,3967
2079,4008
2079,4097
2079,4441
2079,4444
2079,4569
2079,4672
2080,2134
2080,2140
2080,3081
2080,3126
2080,3885
2080,4226
2080,4415
2080,4701
2080,4745
2080,4996
2081,2918
2081,3047
2081,3060
2081,3199
2081,3300
2081,3361
2081,3486
2081,3892
2081,3999
2081,4018
2081,4478
2081,4631
2081,4821
2082,2225
2082,2429
2082,2666
2082,2718
2082,2720
2082,2759
2082,2886
2082,2992
2082,2993
2082,3192
2082,3375
2082,3575
2082,3707
2082,3813
2082,3910
2082,4407
2082,4465
2082,4584
2082,4591
2082,4662
2082,4697
2082,4722
2082,4770
2082,4874
2083,2099
2083,2250
2083,2258
2083,2352
2083,2626
2083,2735
2083,3424
2083,3627
2083,3737
2083,3810
2083,3946
2083,3976
2083,4143
2083,4226
2083,4279
2083,4970
2084,2089
2084,2570
2084,2621
2084,2991
2084,3452
2084,4580
2084,4665
2084,4830
2085,2428
2085,2458
2085,2606
2085,2782
2085,3506
2085,3519
2085,3600
2085,3765
2085,3868
2085,3923
2085,4059
2085,4062
2085,4332
2086,2362
2086,2365
2086,2382
2086,2607
2086,2802
2086,3179
2086,3297
2086,3703
2086,3771
2086,3793
2086,3797
2086,4031
2086,4116
2086,4228
2086,4316
2086,4403
2086,4801
2087,2450
2087,2506
2087,2638
2087,2746
2087,2757
2087,3267
2087,3416
2087,3683
2087,3723
2087,3959
2087,4656
2087,4702
2087,4933
2088,2118
2088,2346
2088,2875
2088,2884
2088,3165
2088,3340
2088,3559
2088,3602
2088,3966
2088,4034
2088,4416
2088,4491
2088,4496
2088,4550
2088,4564
2089,2344
2089,2354
2089,2408
2089,2490
2089,3176
2089,3295
2089,3680
2089,3739
2089,3787
2089,3791
2089,4510
2089,4575
2089,4780
2089,4848
2089,4898
2090,2190
2090,2200
2090,2810
2090,2864
2090,3262
2090,3558
2090,3612
2090,3775
2090,3808
2090,4019
2090,4118
2090,4264
2090,4287
2090,4431
2090,4514
2090,4750
2090,4959
2091,2220
2091,2402
2091,2905
2091,2954
2091,2955
2091,3113
2091,3168
2091,3329
2091,3549
2091,3736
2091,3942
2091,4065
2091,4078
2092,2183
2092,2283
2092,2536
2092,2596
2092,2850
2092,2936
2092,3263
2092,3325
2092,3757
2092,3770
2092,3983
2092,4217
2092,4340
2092,4976
2092,4988
2093,2218
2093,2340
2093,2946
2093,3211
2093,3246
2093,3268
2093,3334
2093,3583
2093,3719
2093,3811
2093,3851
2093,4152
2093,4271
2093,4370
2093,4469
2093,4501
2093,4634
2094,2166
2094,2400
2094,2845
2094,3064
2094,3143
2094,4581
2094,4793
2094,4969
2094,4986
2095,2285
2095,2327
2095,2407
2095,2463
2095,2541
2095,2650
2095,2848
2095,2955
2095,3210
2095,3328
2095,3488
2095,3524
2095,3556
2095,3630
2095,3639
2095,3678
2095,3712
2095,4024
2095,4151
2095,4208
2095,4373
2096,2196
2096,2316
2096,2436
2096,2574
2096,2685
2096,2692
2096,2752
2096,2756
2096,2886
2096,3059
2096,3428
2096,3523
2096,3600
2096,3630
2096,3682
2096,3960
2096,4010
2096,4095
2096,4185
2096,4243
2096,4313
2096,4371
2096,4424
2097,2191
2097,2315
2097,2438
2097,2440
2097,2464
2097,2941
2097,2980
2097,2988
2097,3088
2097,3191
2097,3693
2097,3715
2097,4335
2097,4447
2097,4807
2098,2161
2098,3065
2098,3211
2098,3304
2098,3918
2098,4006
2098,4126
2098,4191
2098,4280
2098,4338
2098,4406
2098,4531
2098,4586
2098,4940
2099,2580
2099,2595
2099,3096
2099,3131
2099,3284
2099,3557
2099,3666
2099,3691
2099,3868
2099,3887
2099,3986
2099,4190
2099,4255
2099,4463
2100,2142
2100,2285
2100,2464
2100,3019
2100,3134
2100,3543
2100,3912
2100,3944
2100,4353
2100,4440
2100,4596
2100,4628
2100,4649
2100,4946
2100,4982
2101,2276
2101,2283
2101,2585
2101,2885
2101,3310
2101,3630
2101,3793
2101,3976
2101,4005
2102,2182
2102,2315
2102,2410
2102,2533
2102,3405
2102,3691
2102,3694
2102,3994
2102,4007
2102,4649
2103,2133
2103,2213
2103,2409
2103,2461
2103,2901
2103,2928
2103,3002
2103,3015
2103,3104
2103,3611
2103,3618
2103,3659
2103,3716
2103,4131
2103,4234
2103,4266
2103,4379
2103,4410
2103,4783
2103,4827
2103,4830
2103,4986
2104,2159
2104,2338
2104,2521
2104,2620
2104,2745
2104,2863
2104,2957
2104,3460
2104,3949
2104,3965
2104,4192
2104,4199
2104,4451
2104,4550
2104,4947
2105,2122
2105,2384
2105,2535
2105,2673
2105,2818
2105,3863
2105,4003
2105,4100
2105,4205
2105,4860
2105,4995
2106,2223
2106,2247
2106,2357
2106,2444
2106,2559
2106,3391
2106,3446
2106,3485
2106,3555
2106,3769
2106,3811
2106,3826
2106,4276
2106,4327
2106,4498
2106,4659
2106,4933
2107,2202
2107,2396
2107,2793
2107,3347
2107,3387
2107,3401
2107,3594
2107,3678
2107,3694
2107,4094
2107,4215
2107,4347
2107,4395
2107,4471
2107,4564
2107,4648
2107,4744
2108,2432
2108,2686
2108,3040
2108,3043
2108,3079
2108,3251
2108,3590
2108,3634
2108,4020
2108,4303
2108,4316
2108,4549
2109,2219
2109,2571
2109,2583
2109,2643
2109,2736
2109,2744
2109,2752
2109,3340
2109,4109
2109,4271
2109,4499
2109,4582
2109,4640
2109,4819
2110,2120
2110,2124
2110,2323
2110,2394
2110,2443
2110,2594
2110,2930
2110,3183
2110,3455
2110,3766
2110,3838
2110,4157
2110,4229
2110,4541
2110,4595
2110,4623
2110,4804
2110,4873
2110,4926
2110,4949
2110,4955
2111,2684
2111,2740
2111,2848
2111,3237
2111,3262
2111,3402
2111,3526
2111,3582
2111,3622
2111,3683
2111,3894
2111,3939
2111,4064
2111,4121
2111,4434
2111,4662
2111,4910
2112,2113
2112,2431
2112,2614
2112,2656
2112,2799
2112,2842
2112,2998
2112,3163
2112,3699
2112,3719
2112,3801
2112,3911
2112,3977
2112,4038
2112,4404
2112,4598
2112,4703
2112,4725
2112,4888
2113,2667
2113,2986
2113,3072
2113,3265
2113,3394
2113,3465
2113,3466
2113,3492
2113,3513
2113,3591
2113,3841
2113,4020
2113,4113
2113,4491
2113,4642
2114,2235
2114,3027
2114,3086
2114,3093
2114,3493
2114,3747
2114,4197
2114,4237
2114,4452
2114,4661
2114,4704
2114,4735
2115,2463
2115,2767
2115,3232
2115,3645
2115,4341
2115,4409
2115,4603
2115,4770
2115,4771
2115,4892
2116,2224
2116,2699
2116,2766
2116,2937
2116,2967
2116,2998
2116,3063
2116,3168
2116,3178
2116,3411
2116,3580
2116,3738
2116,3739
2116,3865
2116,4035
2116,4227
2116,4277
2116,4649
2116,4878
2116,4985
2117,2174
2117,2674
2117,2692
2117,2980
2117,3098
2117,3162
2117,3331
2117,3402
2117,3659
2117,3798
2117,4033
2117,4090
2117,4104
2117,4598
2117,4790
2117,4910
2118,2573
2118,2587
2118,2607
2118,2971
2118,3420
2118,3583
2118,4359
2118,4373
2118,4638
2118,4899
2119,2158
2119,2257
2119,2457
2119,2556
2119,3122
2119,3215
2119,3241
2119,3328
2119,3374
2119,3442
2119,3675
2119,3701
2119,3794
2119,3846
2119,3995
2119,4263
2119,4346
2119,4459
2119,4470
2120,2264
2120,2555
2120,2575
2120,2725
2120,3016
2120,3337
2120,4057
2120,4111
2120,4238
2120,4444
2120,4469
2120,4700
2120,4869
2121,2359
2121,2512
2121,2773
2121,3049
2121,3306
2121,3738
2121,4054
2121,4476
2122,2123
2122,2384
2122,2400
2122,2996
2122,3020
2122,3075
2122,3568
2122,3817
2122,3861
2122,4230
2122,4281
2122,4530
2123,2155
2123,2233
2123,2669
2123,2972
2123,3211
2123,3228
2123,3424
2123,3591
2123,3798
2123,3811
2123,3843
2123,4015
2123,4314
2123,4731
2123,4941
2124,2505
2124,2564
2124,2633
2124,2978
2124,3034
2124,3281
2124,3483
2124,3595
2124,3751
2124,4095
2124,4106
2124,4110
2124,4209
2124,4449
2124,4805
2124,4827
2124,4919
2125,2199
2125,2238
2125,2249
2125,2331
2125,2378
2125,2483
2125,2823
2125,3030
2125,3159
2125,3255
2125,3321
2125,3509
2125,3720
2125,3774
2125,3845
2125,3931
2125,4098
2125,4393
2125,4428
2125,4445
2125,4470
2125,4599
2125,4639
2125,4699
2125,4962
2125,4985
2126,2192
2126,2320
2126,2449
2126,2674
2126,2931
2126,3275
2126,3806
2126,4081
2126,4101
2126,4121
2126,4130
2126,4405
2126,4676
2126,4731
2126,4823
2126,4980
2127,2176
2127,2507
2127,2526
2127,2579
2127,2624
2127,3275
2127,3991
2127,4120
2127,4217
2127,4278
2127,4509
2127,4642
2127,4794
2127,4896
2127,4948
2128,2287
2128,2427
2128,2697
2128,2922
2128,3115
2128,3265
2128,3303
2128,3566
2128,3927
2128,3938
2128,4264
2128,4267
2128,4397
2128,4627
2128,4733
2128,4771
2128,4821
2129,2186
2129,2280
2129,2357
2129,2410
2129,2450
2129,2670
2129,2943
2129,3522
2129,3557
2129,3859
2129,4391
2129,4585
2129,4639
2129,4668
2129,4712
2129,4883
2129,4914
2129,4972
2129,4982
2130,2559
2130,2742
2130,2777
2130,2902
2130,2953
2130,3150
2130,3495
2130,3576
2130,3888
2130,3898
2130,4119
2130,4136
2130,4348
2130,4475
2130,4571
2130,4869
2131,2141
2131,2235
2131,2302
2131,2510
2131,2577
2131,2708
2131,2732
2131,2882
2131,3784
2131,4062
2131,4411
2131,4445
2131,4476
2131,4500
2131,4517
2131,4728
2131,4896
2132,2405
2132,3012
2132,3203
2132,3250
2132,3438
2132,3478
2132,3492
2132,3720
2132,3725
2132,3807
2132,3941
2132,4042
2132,4388
2132,4776
2132,4787
2132,4827
2132,4858
2132,4870
2132,4875
2132,4893
2132,4963
2133,2340
2133,2420
2133,2542
2133,2796
2133,3079
2133,3169
2133,3563
2133,3573
2133,3593
2133,3615
2133,3728
2133,3875
2133,4189
2133,4352
2133,4364
2133,4482
2133,4621
2133,4846
2134,2425
2134,2436
2134,3334
2134,4128
2134,4170
2134,4205
2134,4367
2134,4443
2134,4684
2134,4997
2135,2593
2135,2978
2135,3029
2135,3064
2135,3244
2135,3672
2135,3719
2135,3753
2135,4055
2135,4190
2135,4395
2135,4633
2135,4689
2136,2175
2136,2208
2136,2306
2136,2546
2136,2851
2136,2854
2136,2901
2136,2903
2136,3166
2136,3226
2136,3584
2136,3738
2136,3805
2136,3813
2136,3984
2136,4158
2136,4211
2136,4326
2137,2380
2137,2399
2137,2460
2137,2634
2137,3096
2137,3586
2137,3720
2137,3724
2137,3766
2137,3810
2137,3849
2137,4458
2137,4629
2137,4703
2137,4740
2137,4929
2138,2580
2138,3112
2138,3303
2138,3361
2138,3447
2138,3685
2138,4272
2138,4450
2138,4471
2138,4557
2138,4672
2138,4925
2138,4970
2139,2687
2139,2780
2139,2788
2139,2934
2139,3559
2139,3918
2139,3987
2139,4095
2139,4156
2139,4366
2139,4379
2139,4449
2139,4474
2139,4757
2139,4762
2139,4798
2140,2319
2140,2565
2140,2673
2140,2762
2140,2831
2140,2993
2140,3170
2140,3352
2140,3670
2140,4090
2140,4140
2140,4282
2140,4339
2140,4383
2140,4392
2140,4480
2140,4556
2140,4873
2140,4978
2140,4984
2141,2333
2141,2401
2141,2517
2141,2573
2141,2640
2141,2761
2141,3121
2141,3279
2141,3294
2141,3524
2141,3891
2141,4271
2141,4314
2141,4802
2141,4877
2141,4940
2142,2298
2142,3056
2142,3242
2142,3689
2142,4061
2142,4075
2142,4232
2142,4308
2142,4355
2142,4433
2142,4485
2142,4516
2142,4561
2142,4570
2142,4616
2143,2325
2143,2534
2143,2660
2143,2748
2143,2759
2143,2811
2143,3002
2143,3080
2143,3297
2143,3443
2143,3505
2143,3930
2143,3981
2143,4047
2143,4222
2143,4652
2143,4694
2143,4932
2144,2759
2144,3231
2144,3465
2144,3528
2144,3786
2144,3932
2144,4150
2144,4568
2144,4975
2145,2721
2145,3147
2145,3183
2145,3539
2145,3927
2145,3986
2145,4269
2145,4500
2145,4651
2146,2166
2146,2287
2146,2346
2146,2826
2146,2869
2146,2974
2146,3212
2146,3575
2146,3725
2146,3821
2146,4003
2146,4277
2146,4691
2146,4696
2146,4942
2146,4959
2147,2227
2147,2420
2147,2484
2147,2658
2147,2859
2147,3852
2147,3900
2147,3939
2147,4156
2147,4162
2147,4294
2147,4347
2147,4407
2148,2406
2148,2455
2148,2697
2148,3182
2148,3503
2148,3871
2148,3930
2148,4008
2148,4071
2148,4328
2148,4436
2148,4543
2148,4554
2148,4608
2148,4806
2148,4817
2149,2534
2149,2701
2149,2781
2149,3001
2149,3212
2149,3214
2149,3360
2149,3672
2149,3921
2149,4012
2149,4151
2149,4321
2149,4431
2149,4484
2149,4660
2149,4700
2149,4709
2150,2234
2150,2423
2150,2831
2150,2838
2150,2987
2150,3222
2150,3559
2150,3641
2150,3827
2150,3875
2150,3952
2150,4151
2150,4650
2150,4832
2151,2996
2151,3023
2151,3134
2151,3181
2151,3190
2151,3242
2151,3274
2151,3294
2151,3630
2151,3831
2151,3850
2151,4415
2151,4880
2151,4940
2152,2166
2152,2660
2152,3076
2152,3079
2152,3082
2152,3242
2152,3662
2152,3681
2152,3696
2152,3839
2152,3869
2152,4010
2152,4166
2152,4246
2152,4279
2152,4951
2153,2156
2153,2232
2153,2268
2153,2829
2153,3060
2153,3204
2153,3230
2153,3660
2153,3675
2153,3776
2153,3978
2153,4202
2153,4474
2153,4574
2153,4646
2154,2159
2154,2409
2154,2706
2154,3063
2154,3162
2154,3216
2154,3799
2154,3934
2154,3959
2154,4146
2154,4376
2154,4577
2154,4614
2154,4728
2155,3009
2155,3178
2155,3564
2155,3783
2155,4553
2155,4579
2155,4771
2155,4877
2155,4883
2156,2212
2156,2302
2156,2307
2156,2621
2156,2644
2156,2756
2156,2819
2156,2836
2156,2935
2156,3403
2156,3528
2156,3590
2156,3693
2156,4010
2156,4226
2156,4642
2156,4666
2156,4793
2156,4881
2156,4962
2157,2287
2157,2453
2157,2555
2157,2612
2157,2654
2157,2787
2157,2820
2157,3147
2157,3488
2157,3682
2157,3875
2157,3989
2157,4145
2157,4289
2157,4475
2157,4608
2157,4762
2157,4873
2158,2277
2158,2406
2158,2733
2158,2800
2158,2887
2158,2915
2158,3254
2158,3259
2158,3303
2158,3462
2158,3548
2158,3710
2158,3732
2158,4075
2158,4275
2158,4538
2158,4648
2158,4699
2159,2174
2159,2226
2159,2250
2159,2390
2159,2462
2159,2732
2159,2876
2159,3138
2159,3474
2159,3545
2159,3854
2159,4175
2159,4220
2159,4290
2159,4562
2159,4572
2159,4633
2160,2320
2160,2495
2160,2859
2160,3222
2160,3299
2160,3325
2160,3455
2160,3650
2160,3660
2160,3855
2160,4010
2160,4126
2160,4316
2160,4472
2160,4526
2160,4718
2160,4721
2160,4927
2161,2374
2161,3067
2161,3182
2161,3357
2161,3400
2161,3413
2161,3489
2161,3561
2161,3900
2161,4135
2161,4212
2161,4228
2161,4236
2161,4257
2161,4733
2161,4947
2162,2180
2162,2220
2162,2294
2162,2300
2162,2433
2162,2441
2162,2976
2162,3367
2162,3811
2162,3943
2162,4075
2162,4313
2162,4757
2162,4830
2162,4921
2163,2231
2163,2334
2163,2682
2163,3253
2163,3783
2163,3800
2163,3820
2163,4030
2163,4072
2163,4550
2163,4584
2163,4892
2164,2327
2164,2530
2164,2644
2164,2675
2164,2779
2164,3135
2164,3247
2164,3617
2164,3716
2164,3876
2164,3981
2164,4070
2164,4153
2164,4317
2164,4509
2164,4536
2165,2243
2165,2624
2165,2736
2165,2785
2165,3038
2165,3104
2165,3670
2165,3911
2165,3954
2165,4924
2166,2397
2166,2534
2166,2599
2166,3173
2166,3468
2166,3800
2166,3984
2166,4091
2166,4321
2166,4446
2166,4576
2166,4813
2166,4969
2166,4989
2167,2401
2167,2576
2167,2627
2167,3288
2167,3297
2167,3440
2167,3549
2167,3551
2167,3732
2167,4056
2167,4372
2167,4399
2167,4524
2167,4645
2167,4650
2167,4659
2168,2200
2168,2368
2168,2418
2168,2593
2168,2621
2168,4118
2168,4131
2168,4184
2168,4289
2168,4807
2169,2376
2169,2412
2169,2640
2169,2785
2169,2805
2169,3026
2169,3050
2169,3101
2169,3127
2169,3197
2169,3430
2169,3646
2169,3797
2169,3993
2169,4258
2169,4508
2169,4681
2169,4780
2170,2385
2170,3127
2170,3225
2170,3592
2170,3732
2170,3805
2170,4002
2170,4027
2170,4171
2170,4411
2170,4987
2171,2414
2171,2636
2171,2943
2171,3169
2171,3171
2171,3192
2171,3317
2171,3479
2171,3590
2171,3733
2171,4124
2171,4378
2171,4432
2171,4455
2171,4551
2171,4906
2172,2312
2172,2486
2172,2697
2172,2837
2172,3132
2172,3985
2172,4145
2172,4211
2172,4685
2172,4724
2173,2206
2173,2597
2173,2615
2173,2830
2173,2970
2173,3974
2173,4157
2173,4327
2173,4497
2173,4551
2173,4685
2173,4828
2173,4884
2173,4913
2174,2332
2174,2413
2174,2416
2174,2606
2174,2609
2174,2636
2174,2844
2174,2885
2174,2929
2174,3289
2174,3430
2174,3508
2174,3920
2174,4024
2174,4073
2174,4231
2175,2548
2175,2685
2175,2695
2175,2827
2175,2996
2175,3184
2175,3210
2175,3223
2175,3439
2175,3497
2175,3593
2175,3786
2175,3828
2175,4002
2175,4177
2175,4276
2175,4645
2175,4710
2175,4771
2176,2434
2176,2464
2176,2644
2176,2783
2176,2864
2176,2962
2176,2971
2176,2978
2176,3086
2176,3455
2176,3469
2176,3665
2176,3869
2176,3922
2176,3954
2176,4119
2176,4285
2176,4744
2176,4864
2177,2305
2177,2321
2177,2596
2177,2642
2177,2977
2177,3101
2177,3212
2177,3374
2177,3678
2177,3870
2177,3989
2177,4165
2177,4243
2177,4606
2177,4820
2177,4842
2177,4972
2178,2217
2178,3362
2178,3700
2178,4323
2178,4897
2178,4961
2178,4968
2179,2418
2179,2613
2179,2650
2179,2877
2179,2995
2179,3118
2179,3406
2179,4126
2179,4174
2179,4325
2179,4441
2179,4506
2179,4585
2180,2233
2180,2937
2180,2938
2180,2972
2180,3039
2180,3093
2180,3239
2180,3428
2180,3662
2180,3779
2180,4336
2180,4341
2180,4356
2180,4523
2180,4661
2180,4782
2181,2828
2181,2912
2181,2958
2181,3218
2181,3392
2181,3959
2181,4020
2181,4027
2181,4136
2181,4261
2181,4591
2181,4779
2181,4824
2182,2235
2182,2367
2182,2373
2182,2390
2182,2679
2182,2868
2182,2889
2182,3008
2182,3223
2182,3314
2182,3513
2182,3900
2182,4307
2183,2380
2183,2416
2183,2678
2183,2689
2183,2787
2183,2868
2183,2913
2183,3050
2183,4414
2183,4521
2183,4536
2183,4926
2184,2809
2184,2997
2184,3220
2184,3345
2184,3633
2184,4233
2184,4329
2184,4374
2184,4532
2184,4593
2185,2300
2185,2475
2185,2649
2185,2657
2185,2794
2185,2804
2185,3099
2185,3291
2185,3297
2185,3384
2185,3445
2185,4849
2185,4883
2186,2460
2186,2630
2186,2911
2186,3161
2186,4198
2186,4576
2186,4580
2186,4599
2187,2258
2187,2429
2187,2779
2187,2788
2187,2908
2187,3296
2187,3554
2187,3795
2187,4064
2187,4319
2187,4397
2187,4398
2187,4829
2187,4841
2187,4922
2188,2525
2188,2535
2188,2757
2188,2823
2188,3318
2188,3455
2188,3530
2188,3756
2188,3902
2188,3917
2188,4489
2188,4910
2189,2474
2189,2629
2189,2735
2189,2809
2189,3107
2189,3119
2189,3158
2189,3162
2189,3258
2189,3523
2189,3592
2189,3631
2189,3695
2189,3856
2189,4053
2189,4085
2189,4095
2189,4420
2189,4625
2189,4857
2189,4938
2190,2634
2190,2773
2190,2782
2190,2805
2190,2849
2190,3079
2190,3156
2190,3360
2190,3583
2190,4039
2190,4081
2190,4263
2190,4573
2191,3104
2191,3738
2191,4046
2191,4200
2191,4281
2191,4767
2191,4805
2191,4953
2192,2212
2192,2730
2192,3473
2192,3566
2192,3608
2192,3811
2192,4021
2192,4076
2192,4733
2192,4900
2193,2661
2193,2804
2193,3031
2193,3076
2193,3136
2193,3173
2193,3247
2193,3411
2193,3699
2193,3704
2193,3862
2193,3878
2193,3897
2193,3937
2193,4047
2193,4645
2193,4933
2194,2889
2194,3219
2194,3281
2194,3335
2194,3481
2194,3534
2194,3838
2194,4046
2194,4099
2194,4880
2194,4976
2195,2346
2195,2513
2195,2796
2195,2964
2195,3103
2195,3374
2195,3740
2195,4391
2195,4602
2195,4845
2195,4933
2195,4999
2196,2295
2196,2735
2196,2832
2196,3070
2196,3326
2196,3671
2196,3815
2196,3901
2196,4152
2196,4277
2196,4557
2196,4720
2196,4935
2197,2240
2197,2277
2197,2792
2197,3068
2197,3078
2197,3717
2197,4000
2197,4132
2197,4565
2197,4694
2198,2261
2198,2868
2198,2979
2198,3304
2198,3873
2198,4087
2198,4108
2198,4308
2198,4526
2198,4724
2198,4801
2198,4813
2198,4861
2198,4947
2199,2743
2199,2871
2199,2948
2199,3056
2199,3167
2199,3286
2199,3710
2199,3953
2199,4245
2199,4303
2199,4316
2199,4328
2199,4413
2199,4813
2200,2219
2200,2286
2200,2491
2200,2905
2200,2932
2200,2937
2200,3196
2200,3221
2200,3562
2200,3797
2200,3826
2200,3898
2200,4202
2200,4575
2200,4760
2201,2227
2201,2454
2201,2537
2201,2994
2201,3379
2201,3551
2201,3808
2201,4280
2201,4411
2201,4636
2201,4835
2201,4889
2201,4977
2202,2447
2202,2628
2202,2751
2202,2793
2202,2892
2202,2944
2202,3211
2202,3353
2202,3427
2202,3587
2202,3796
2202,4212
2202,4347
2202,4725
2202,4987
2202,4989
2203,2923
2203,3050
2203,3085
2203,3520
2203,3541
2203,3652
2203,3654
2203,4278
2203,4376
2203,4400
2203,4567
2203,4734
2203,4739
2204,2225
2204,2313
2204,3189
2204,3238
2204,3269
2204,3363
2204,3640
2204,3722
2204,3812
2204,3833
2204,3843
2204,3890
2204,4306
2204,4531
2204,4680
2204,4749
2204,4762
2204,4784
2204,4792
2205,2606
2205,2642
2205,3012
2205,3204
2205,3650
2205,3749
2205,4421
2205,4445
2205,4464
2206,2481
2206,2851
2206,2880
2206,2985
2206,3247
2206,3320
2206,3548
2206,3730
2206,4096
2206,4099
2206,4851
2206,4938
2207,2219
2207,3137
2207,3527
2207,3850
2207,3986
2207,4024
2207,4351
2207,4381
2207,4447
2207,4480
2207,4496
2207,4552
2207,4661
2207,4837
2207,4933
2208,2293
2208,2326
2208,2589
2208,2697
2208,3052
2208,3494
2208,3729
2208,3797
2208,3804
2208,3920
2208,4168
2208,4229
2208,4791
2208,4841
2208,4992
2209,2238
2209,2307
2209,2556
2209,2607
2209,2633
2209,2801
2209,2952
2209,3027
2209,3183
2209,3262
2209,3718
2209,3819
2209,4027
2209,4344
2209,4502
2209,4515
2209,4548
2209,4563
2209,4928
2210,2644
2210,3124
2210,3603
2210,3619
2210,3696
2210,3978
2210,4135
2210,4283
2210,4333
2210,4387
2210,4546
2210,4612
2210,4662
2210,4971
2211,2263
2211,2421
2211,2562
2211,2616
2211,2783
2211,2834
2211,3001
2211,3015
2211,3022
2211,3063
2211,3196
2211,3750
2211,4234
2211,4654
2212,2280
2212,2476
2212,2844
2212,3292
2212,3592
2212,3907
2212,4266
2212,4460
2212,4561
2212,4678
2212,4709
2212,4795
2212,4855
2212,4881
2212,4896
2213,2294
2213,2537
2213,2589
2213,2858
2213,2913
2213,3308
2213,3433
2213,3640
2213,3811
2213,3902
2213,4083
2213,4152
2213,4276
2213,4306
2213,4512
2213,4834
2214,2468
2214,2480
2214,2793
2214,3027
2214,3331
2214,3349
2214,3467
2214,3762
2214,3822
2214,3883
2214,3919
2214,4035
2214,4215
2214,4593
2214,4726
2214,4934
2215,2257
2215,2814
2215,3542
2215,4266
2215,4356
2215,4615
2216,2245
2216,2575
2216,3065
2216,3515
2216,3520
2216,3842
2216,3872
2216,3878
2216,3960
2216,4036
2216,4707
2217,2507
2217,2579
2217,2888
2217,3138
2217,3426
2217,3638
2217,3709
2217,3873
2217,4254
2217,4819
2217,4859
2218,2546
2218,2917
2218,3023
2218,3049
2218,3312
2218,3359
2218,3441
2218,3688
2218,3891
2218,4923
2218,4983
2219,2365
2219,2513
2219,2521
2219,3123
2219,3727
2219,4057
2219,4128
2219,4578
2219,4770
2220,2596
2220,2991
2220,3676
2220,4075
2220,4456
2220,4524
2221,2717
2221,2834
2221,3128
2221,3131
2221,3248
2221,3262
2221,3340
2221,3557
2221,3859
2221,3895
2221,3896
2221,3941
2221,3967
2221,4040
2221,4156
2221,4238
2221,4272
2221,4584
2221,4723
2221,4884
2221,4887
2221,4930
2221,4982
2221,4995
2222,2253
2222,3247
2222,3547
2222,3594
2222,4143
2222,4185
2222,4529
2222,4816
2222,4820
2222,4870
2222,4996
2223,2234
2223,2347
2223,2575
2223,2588
2223,2673
2223,2768
2223,3025
2223,3165
2223,4059
2223,4897
2223,4972
2224,2386
2224,2456
2224,2481
2224,2510
2224,2924
2224,3284
2224,4010
2224,4439
2224,4884
2225,2787
2225,3334
2225,3455
2225,3716
2225,3751
2225,4033
2225,4287
2225,4363
2225,4542
2225,4707
2225,4762
2225,4770
2226,3047
2226,3072
2226,3373
2226,3382
2226,3555
2226,3872
2226,3959
2226,4047
2226,4269
2226,4340
2226,4382
2226,4918
2227,2302
2227,2382
2227,2800
2227,2905
2227,3062
2227,3347
2227,3473
2227,3553
2227,3706
2227,3837
2227,4134
2227,4178
2227,4438
2227,4984
2228,2582
2228,2917
2228,3299
2228,3534
2228,3862
2228,3882
2228,3944
2228,4122
2228,4147
2228,4301
2228,4369
2228,4466
2228,4551
2228,4609
2228,4720
2229,2256
2229,2572
2229,2764
2229,2840
2229,3007
2229,3048
2229,3062
2229,3600
2229,4282
2229,4389
2229,4849
2230,2244
2230,2304
2230,2583
2230,2654
2230,2898
2230,3205
2230,3451
2230,3482
2230,3809
2230,3988
2230,4150
2230,4303
2230,4371
2230,4721
2230,4769
2230,4897
2231,2483
2231,2636
2231,3267
2231,3370
2231,3414
2231,3708
2231,4264
2231,4504
2231,4521
2231,4526
2231,4866
2231,4967
2232,2628
2232,2631
2232,2682
2232,2888
2232,3233
2232,3235
2232,3369
2232,3384
2232,3449
2232,3609
2232,3701
2232,3824
2232,3891
2232,3981
2232,4333
2232,4539
2232,4547
2233,2419
2233,2428
2233,3162
2233,3415
2233,3661
2233,3794
2233,3965
2233,4021
2233,4535
2233,4624
2234,2361
2234,2436
2234,2620
2234,2720
2234,2736
2234,2881
2234,3065
2234,3373
2234,3469
2234,3699
2234,4131
2234,4313
2234,4315
2234,4566
2234,4720
2234,4824
2234,4881
2234,4983
2235,2265
2235,2360
2235,2682
2235,3105
2235,3511
2235,3516
2235,3524
2235,3545
2235,3597
2235,3716
2235,3841
2235,4075
2235,4130
2235,4147
2235,4200
2235,4535
2235,4574
2235,4969
2235,4988
2236,2622
2236,2666
2236,2726
2236,2787
2236,3117
2236,3331
2236,3546
2236,3660
2236,3878
2236,3905
2236,3998
2236,4210
2236,4288
2236,4448
2236,4935
2237,3110
2237,3189
2237,3207
2237,3237
2237,3264
2237,3678
2237,3751
2237,4100
2237,4323
2237,4498
2237,4591
2238,2298
2238,2361
2238,2716
2238,2744
2238,3748
2238,4081
2238,4204
2238,4619
2238,4675
2238,4978
2239,2399
2239,2538
2239,2623
2239,2927
2239,2955
2239,3057
2239,3432
2239,3765
2239,3785
2239,3876
2239,4080
2239,4301
2240,2298
2240,2395
2240,2654
2240,2805
2240,2869
2240,3600
2240,3976
2240,4017
2240,4069
2240,4254
2240,4511
2240,4906
2240,4984
2241,2849
2241,3225
2241,3377
2241,3583
2241,4354
2241,4481
2241,4702
2241,4723
2241,4807
2242,2333
2242,2623
2242,2679
2242,3285
2242,3532
2242,3539
2242,3662
2242,3679
2242,3712
2242,3780
2242,3990
2242,3999
2242,4308
2242,4610
2242,4679
2243,2348
2243,2428
2243,2646
2243,2762
2243,2828
2243,3474
2243,3567
2243,3970
2243,3975
2243,4019
2243,4600
2243,4657
2243,4808
2243,4948
2244,2443
2244,2689
2244,2738
2244,2857
2244,3259
2244,3650
2244,4060
2244,4249
2244,4507
2244,4555
2244,4619
2245,2474
2245,2723
2245,2760
2245,2911
2245,3089
2245,3114
2245,3216
2245,3473
2245,3773
2245,3821
2245,3822
2245,4046
2245,4119
2245,4672
2245,4863
2246,2432
2246,2529
2246,2726
2246,2985
2246,3576
2246,4057
2246,4137
2246,4325
2246,4821
2247,2278
2247,2328
2247,2452
2247,2652
2247,2708
2247,2967
2247,3289
2247,3341
2247,3409
2247,3553
2247,3865
2247,4227
2247,4335
2247,4939
2248,2519
2248,2568
2248,2821
2248,2834
2248,3027
2248,3037
2248,3177
2248,3260
2248,3695
2248,3724
2248,3857
2248,4206
2248,4293
2248,4545
2248,4568
2248,4873
2249,2361
2249,2756
2249,2968
2249,3005
2249,3089
2249,3103
2249,3126
2249,3169
2249,3386
2249,3779
2249,3993
2249,3999
2249,4081
2249,4561
2249,4599
2249,4889
2250,2338
2250,2621
2250,2659
2250,2911
2250,2913
2250,3020
2250,3255
2250,3363
2250,3442
2250,3557
2250,3584
2250,3727
2250,3884
2250,3895
2250,4413
2250,4987
2251,2355
2251,2505
2251,2783
2251,2797
2251,2960
2251,3074
2251,3865
2251,4165
2251,4317
2251,4476
2251,4587
2251,4757
2252,2335
2252,2680
2252,2688
2252,2811
2252,3429
2252,3575
2252,3630
2252,3811
2252,4051
2252,4582
2252,4641
2252,4827
2253,2401
2253,2446
2253,2466
2253,2532
2253,2780
2253,2892
2253,3143
2253,3201
2253,3261
2253,3290
2253,3397
2253,3407
2253,3647
2253,3722
2253,4185
2253,4292
2253,4313
2253,4357
2253,4396
2253,4575
2253,4685
2253,4927
2254,2536
2254,3079
2254,3240
2254,3701
2254,3978
2254,4141
2254,4673
2254,4736
2255,2389
2255,2419
2255,2602
2255,2900
2255,2936
2255,3023
2255,3070
2255,3074
2255,3278
2255,3550
2255,3555
2255,3675
2255,3880
2255,3978
2255,4186
2255,4364
2255,4882
2256,2291
2256,2666
2256,2846
2256,3057
2256,3170
2256,3403
2256,3461
2256,3523
2256,4352
2256,4408
2256,4843
2257,2421
2257,2508
2257,2893
2257,3112
2257,3675
2257,3862
2257,4235
2257,4315
2257,4443
2257,4545
2257,4798
2258,2419
2258,2700
2258,2726
2258,2872
2258,2995
2258,3106
2258,3255
2258,3552
2258,3613
2258,4109
2258,4249
2258,4606
2258,4635
2258,4704
2259,2558
2259,2610
2259,2615
2259,2934
2259,3053
2259,3267
2259,3901
2259,4038
2259,4347
2259,4490
2259,4530
2259,4632
2259,4827
2260,2279
2260,2370
2260,3035
2260,3172
2260,3452
2260,3733
2260,4194
2260,4366
2260,4519
2260,4721
2260,4837
2261,2486
2261,2729
2261,2821
2261,2882
2261,2985
2261,3309
2261,3480
2261,3590
2261,3710
2261,3925
2261,3968
2261,4204
2261,4323
2261,4987
2262,2343
2262,2540
2262,2569
2262,2654
2262,2799
2262,3172
2262,3257
2262,3285
2262,3615
2262,3755
2262,3875
2262,3909
2262,4144
2262,4282
2262,4448
2262,4753
2263,2427
2263,2462
2263,2862
2263,2966
2263,3673
2263,3733
2263,3943
2263,4071
2263,4283
2263,4404
2263,4521
2263,4725
2263,4980
2264,2396
2264,2574
2264,2769
2264,3183
2264,3355
2264,3885
2264,4040
2264,4519
2264,4520
2264,4763
2265,2338
2265,2379
2265,2403
2265,2606
2265,3002
2265,3207
2265,3609
2265,3635
2265,4203
2265,4235
2265,4273
2265,4314
2265,4732
2266,2394
2266,3064
2266,3726
2266,4030
2266,4332
2266,4455
2266,4670
2266,4775
2267,2411
2267,2599
2267,2797
2267,3146
2267,3298
2267,3850
2267,4229
2267,4886
2267,4975
2268,2516
2268,2579
2268,3051
2268,3314
2268,3315
2268,3402
2268,3425
2268,4096
2268,4189
2268,4700
2268,4765
2268,4766
2268,4928
2269,2677
2269,2710
2269,2887
2269,3114
2269,3242
2269,3849
2269,3931
2269,4018
2269,4570
2269,4633
2269,4862
2269,4871
2269,4944
2270,2322
2270,2489
2270,2490
2270,2615
2270,2693
2270,3101
2270,3593
2270,3611
2270,3734
2270,3770
2270,4393
2270,4977
2271,2309
2271,2405
2271,2482
2271,3196
2271,3243
2271,3598
2271,3613
2271,3704
2271,3933
2271,4342
2271,4760
2271,4785
2271,4943
2271,4959
2272,2459
2272,2831
2272,2907
2272,3071
2272,3227
2272,3228
2272,3248
2272,3271
2272,3296
2272,3424
2272,3436
2272,3664
2272,3813
2272,3961
2272,4097
2272,4762
2273,2562
2273,2763
2273,2859
2273,2946
2273,3044
2273,3190
2273,3424
2273,3496
2273,3550
2273,3698
2273,4335
2273,4556
2273,4970
2273,4982
2274,2848
2274,2852
2274,2879
2274,2920
2274,3070
2274,3650
2274,3677
2274,3769
2274,3805
2274,4315
2274,4319
2274,4522
2274,4625
2275,2377
2275,2813
2275,2956
2275,3689
2275,3731
2275,4968
2276,2299
2276,2465
2276,2471
2276,2672
2276,2722
2276,3052
2276,3208
2276,4226
2276,4299
2276,4471
2276,4611
2276,4633
2276,4726
2276,4978
2277,2987
2277,3057
2277,3243
2277,3296
2277,3421
2277,3555
2277,4054
2277,4115
2277,4479
2277,4694
2277,4707
2277,4787
2277,4875
2278,2297
2278,2772
2278,2839
2278,2959
2278,3047
2278,3106
2278,3325
2278,3498
2278,3858
2278,4130
2278,4375
2278,4432
2278,4759
2278,4896
2279,2467
2279,3011
2279,3146
2279,3213
2279,3315
2279,3458
2279,3514
2279,3660
2279,3679
2279,3692
2279,3874
2279,4088
2279,4216
2279,4310
2279,4542
2279,4543
2279,4867
2279,4923
2280,2652
2280,2728
2280,3005
2280,3256
2280,3275
2280,3388
2280,3529
2280,3542
2280,3657
2280,3772
2280,4322
2280,4730
2280,4805
2280,4880
2281,2300
2281,2769
2281,2954
2281,2958
2281,2987
2281,3245
2281,3424
2281,3843
2281,3944
2281,4007
2281,4017
2281,4090
2281,4267
2281,4329
2282,2437
2282,4034
2282,4090
2282,4128
2282,4325
2282,4388
2283,2550
2283,2695
2283,2718
2283,3063
2283,3459
2283,3628
2283,3660
2283,3816
2283,3913
2283,4001
2283,4187
2283,4939
2284,2445
2284,2584
2284,2772
2284,2997
2284,3233
2284,3434
2284,3794
2284,3883
2284,4590
2284,4635
2284,4691
2284,4812
2284,4903
2285,3017
2285,3060
2285,3351
2285,3471
2285,3527
2285,3568
2285,4003
2285,4024
2285,4316
2286,2306
2286,2487
2286,2637
2286,2814
2286,3107
2286,3142
2286,3302
2286,3895
2286,3942
2286,4232
2286,4280
2286,4516
2286,4841
2286,4904
2287,2426
2287,2717
2287,3446
2287,3500
2287,3554
2287,3653
2287,3885
2287,4053
2287,4100
2287,4285
2287,4391
2287,4621
2288,2402
2288,2536
2288,2606
2288,2756
2288,2826
2288,2962
2288,3008
2288,3036
2288,3235
2288,3535
2288,3852
2288,3988
2288,4298
2288,4386
2288,4419
2288,4467
2288,4525
2288,4897
2288,4920
2289,2512
2289,2753
2289,2809
2289,3007
2289,3151
2289,3229
2289,3328
2289,3565
2289,3686
2289,3852
2289,4111
2289,4395
2289,4513
2289,4581
2290,2676
2290,2877
2290,4290
2290,4661
2290,4804
2291,2530
2291,2833
2291,2853
2291,2957
2291,3880
2291,3923
2291,4378
2291,4466
2291,4536
2291,4860
2291,4985
2292,2530
2292,2813
2292,3111
2292,3169
2292,3248
2292,3715
2292,3994
2292,4092
2292,4180
2292,4640
2292,4657
2292,4776
2292,4812
2292,4972
2292,4990
2293,2767
2293,2968
2293,3070
2293,3160
2293,3216
2293,3244
2293,3267
2293,3273
2293,3806
2293,3809
2293,4030
2293,4406
2293,4785
2294,2311
2294,3007
2294,3061
2294,3284
2294,3400
2294,3634
2294,3792
2294,3880
2294,3897
2294,4154
2294,4489
2294,4518
2294,4635
2294,4647
2294,4710
2294,4849
2294,4921
2294,4979
2295,2353
2295,2587
2295,2651
2295,2674
2295,2757
2295,2801
2295,2878
2295,3072
2295,3251
2295,3379
2295,3409
2295,3461
2295,3546
2295,3753
2295,3867
2295,4047
2295,4377
2295,4568
2295,4582
2295,4898
2296,2352
2296,2363
2296,2677
2296,2802
2296,2877
2296,3317
2296,3523
2296,3537
2296,3813
2296,3928
2296,4205
2296,4210
2296,4338
2296,4986
2297,2533
2297,2718
2297,2764
2297,2855
2297,3194
2297,3352
2297,3555
2297,3672
2297,3717
2297,3802
2297,4272
2297,4324
2297,4673
2297,4775
2298,2725
2298,2846
2298,2923
2298,3323
2298,3352
2298,3527
2298,4512
2298,4842
2299,2606
2299,2766
2299,2837
2299,2937
2299,3020
2299,3070
2299,3093
2299,3296
2299,3498
2299,3656
2299,4011
2299,4111
2299,4152
2299,4269
2299,4462
2299,4523
2299,4676
2299,4813
2300,2508
2300,2595
2300,2774
2300,2895
2300,3294
2300,3300
2300,3337
2300,3347
2300,3503
2300,3617
2300,3708
2300,3764
2300,3798
2300,3817
2300,3833
2300,4088
2300,4142
2300,4199
2300,4398
2300,4483
2300,4488
2300,4561
2300,4583
2300,4640
2300,4802
2300,4855
2301,2634
2301,3034
2301,3196
2301,3363
2301,3568
2301,3571
2301,3632
2301,3752
2301,3835
2301,4048
2301,4071
2301,4510
2301,4784
2301,4869
2301,4968
2302,2684
2302,3183
2302,3185
2302,3655
2302,3692
2302,3929
2302,3939
2302,4379
2302,4551
2303,2492
2303,2518
2303,2720
2303,2725
2303,2737
2303,2744
2303,2840
2303,3180
2303,3244
2303,3314
2303,3766
2303,3951
2303,4117
2303,4139
2303,4593
2303,4746
2303,4982
2304,2379
2304,2583
2304,3220
2304,3424
2304,3691
2304,3733
2304,3771
2304,3965
2304,3974
2304,4009
2304,4151
2304,4244
2304,4385
2304,4760
2305,2578
2305,2762
2305,3086
2305,3202
2305,3482
2305,3678
2305,3710
2305,3760
2305,3931
2305,4797
2305,4807
2306,2336
2306,2530
2306,3274
2306,3313
2306,3503
2306,3528
2306,3574
2306,3931
2306,3945
2306,4145
2306,4222
2306,4303
2306,4315
2306,4324
2306,4502
2306,4534
2306,4708
2306,4975
2307,2457
2307,2504
2307,2511
2307,2731
2307,3208
2307,3245
2307,3624
2307,4157
2307,4487
2308,2388
2308,2567
2308,2766
2308,3092
2308,3121
2308,3420
2308,3558
2308,3570
2308,4307
2308,4330
2309,2457
2309,2508
2309,2694
2309,3029
2309,3131
2309,3949
2309,4165
2309,4344
2309,4383
2309,4732
2309,4991
2310,2624
2310,3118
2310,3203
2310,3604
2310,3670
2310,3738
2310,4108
2310,4146
2310,4504
2311,2363
2311,2476
2311,2683
2311,2691
2311,3422
2311,3443
2311,3681
2311,4680
2312,2334
2312,2763
2312,2908
2312,3074
2312,3223
2312,3379
2312,3447
2312,3567
2312,3752
2312,3771
2312,3827
2312,3912
2312,4881
2313,2489
2313,3090
2313,3127
2313,3215
2313,3256
2313,3348
2313,3829
2313,3957
2313,4074
2313,4241
2313,4851
2314,2391
2314,2605
2314,3071
2314,3114
2314,3159
2314,3187
2314,3577
2314,3707
2314,4012
2314,4202
2314,4252
2314,4265
2314,4344
2314,4351
2314,4584
2314,4841
2315,2354
2315,2493
2315,2828
2315,3098
2315,3222
2315,3314
2315,3476
2315,3502
2315,3544
2315,3656
2315,3660
2315,3690
2315,4331
2315,4398
2315,4591
2315,4732
2315,4976
2316,2464
2316,2889
2316,3052
2316,3652
2316,3689
2316,3881
2316,4052
2316,4494
2316,4869
2317,2346
2317,2719
2317,3393
2317,4392
2318,2365
2318,2451
2318,2535
2318,2554
2318,2596
2318,2730
2318,2781
2318,3186
2318,3267
2318,3741
2318,3905
2318,4358
2318,4555
2319,2483
2319,3307
2319,3330
2319,3460
2319,3598
2319,3604
2319,3826
2319,3899
2319,3916
2319,4008
2319,4049
2319,4338
2319,4638
2319,4826
2319,4941
2319,4959
2320,2405
2320,2638
2320,2707
2320,2758
2320,2781
2320,3413
2320,3486
2320,3754
2320,3919
2320,3989
2320,4101
2320,4252
2320,4346
2320,4413
2320,4553
2320,4932
2321,2450
2321,2558
2321,2765
2321,2848
2321,3280
2321,3385
2321,3462
2321,3491
2321,3798
2321,4214
2321,4301
2321,4603
2321,4681
2321,4725
2321,4796
2322,2568
2322,2662
2322,2813
2322,2934
2322,2960
2322,3006
2322,3096
2322,3145
2322,3238
2322,3325
2322,3540
2322,3991
2322,4076
2322,4178
2322,4643
2322,4880
2323,2491
2323,2495
2323,2527
2323,2600
2323,2806
2323,2814
2323,2819
2323,2886
2323,3066
2323,3320
2323,3465
2323,3525
2323,3580
2323,3605
2323,3789
2323,3800
2323,3844
2323,3876
2323,3923
2323,4092
2323,4422
2324,2460
2324,2836
2324,2911
2324,3325
2324,3412
2324,3656
2324,3746
2324,3841
2324,3891
2324,4180
2324,4206
2324,4242
2324,4616
2324,4776
2324,4854
2324,4884
2324,4946
2324,4999
2325,2379
2325,2427
2325,2460
2325,2911
2325,3188
2325,3263
2325,3551
2325,3576
2325,3626
2325,3969
2325,3977
2325,3979
2325,4083
2325,4251
2325,4296
2325,4346
2325,4730
2326,2762
2326,3012
2326,3123
2326,3264
2326,3267
2326,3498
2326,3987
2326,4184
2326,4217
2326,4367
2326,4581
2326,4848
2326,4885
2327,2406
2327,2561
2327,2658
2327,2743
2327,3154
2327,3648
2327,4056
2327,4215
2327,4531
2327,4654
2328,2450
2328,2709
2328,2957
2328,3564
2328,3591
2328,3854
2328,3882
2328,4358
2328,4505
2328,4907
2329,2527
2329,2626
2329,2701
2329,2723
2329,2938
2329,3309
2329,3310
2329,3385
2329,3567
2329,3715
2329,3736
2329,3886
2329,3929
2329,4089
2329,4106
2329,4164
2329,4191
2329,4294
2329,4623
2329,4797
2329,4896
2329,4904
2329,4920
2330,2399
2330,2403
2330,2656
2330,2683
2330,2761
2330,2828
2330,2841
2330,2884
2330,2955
2330,3034
2330,3737
2330,4036
2330,4118
2330,4215
2330,4652
2331,2402
2331,2454
2331,2476
2331,2630
2331,2964
2331,2981
2331,2991
2331,3043
2331,3269
2331,3541
2331,3613
2331,4216
2331,4820
2331,4880
2332,2675
2332,2891
2332,3157
2332,3315
2332,3448
2332,4214
2332,4256
2332,4632
2333,2510
2333,2667
2333,2875
2333,3850
2333,4158
2333,4307
2333,4457
2333,4573
2333,4766
2333,4785
2333,4847
2334,2381
2334,2448
2334,2456
2334,2499
2334,2517
2334,2537
2334,2573
2334,2709
2334,2799
2334,3060
2334,3125
2334,3139
2334,4046
2334,4094
2334,4261
2334,4703
2334,4924
2335,2472
2335,2755
2335,2781
2335,3391
2335,3561
2335,3683
2335,3820
2335,4079
2335,4124
2335,4177
2335,4367
2335,4419
2335,4638
2335,4671
2335,4806
2335,4877
2336,2540
2336,2654
2336,2764
2336,3043
2336,3054
2336,3093
2336,3198
2336,3274
2336,3336
2336,3369
2336,3545
2336,3804
2336,4078
2336,4222
2336,4425
2336,4934
2337,2533
2337,2886
2337,3117
2337,3373
2337,3899
2337,4370
2337,4371
2337,4391
2337,4416
2337,4582
2337,4800
2338,2373
2338,2525
2338,2842
2338,3086
2338,3340
2338,4515
2339,2629
2339,3258
2339,3521
2339,4144
2339,4318
2339,4387
2339,4433
2339,4539
2339,4600
2339,4769
2340,2393
2340,2541
2340,2597
2340,2626
2340,2813
2340,3036
2340,3163
2340,3230
2340,3245
2340,3350
2340,3564
2340,3645
2340,4243
2340,4562
2340,4592
2340,4680
2340,4818
2341,2446
2341,2848
2341,3218
2341,3254
2341,3297
2341,3314
2341,3347
2341,3403
2341,4330
2341,4688
2341,4734
2341,4908
2342,2384
2342,2557
2342,2624
2342,2646
2342,2875
2342,2915
2342,2951
2342,3053
2342,3148
2342,3189
2342,3190
2342,3398
2342,3430
2342,3623
2342,3664
2342,3709
2342,3736
2342,3753
2342,4003
2342,4037
2342,4154
2342,4349
2342,4688
2343,3240
2343,3277
2343,3575
2343,3796
2343,3914
2343,3948
2343,4249
2343,4532
2343,4637
2343,4683
2343,4934
2343,4979
2344,2432
2344,2661
2344,2666
2344,2769
2344,2811
2344,2835
2344,2837
2344,2859
2344,3277
2344,3283
2344,3449
2344,3596
2344,3830
2344,3847
2344,3879
2344,3938
2344,4056
2344,4226
2344,4229
2344,4415
2344,4544
2344,4687
2344,4858
2345,2365
2345,2860
2345,2875
2345,3145
2345,3173
2345,3332
2345,3803
2345,3813
2345,4003
2345,4177
2345,4496
2345,4599
2345,4707
2345,4783
2345,4930
2346,2476
2346,2501
2346,2810
2346,3211
2346,3348
2346,3354
2346,3523
2346,3902
2346,4297
2346,4309
2346,4325
2346,4334
2346,4711
2346,4728
2346,4782
2347,2477
2347,2646
2347,2649
2347,2677
2347,2742
2347,3527
2347,3923
2347,4142
2347,4173
2347,4213
2347,4249
2347,4458
2347,4527
2347,4638
2347,4986
2348,2806
2348,3288
2348,3348
2348,3853
2348,3894
2348,4418
2348,4450
2348,4654
2349,2507
2349,2518
2349,3017
2349,3257
2349,3303
2349,3457
2349,3604
2349,3768
2349,3866
2349,3990
2349,4442
2349,4897
2349,4948
2350,2434
2350,2748
2350,3225
2350,3427
2350,3577
2350,3863
2350,3995
2350,4081
2350,4322
2350,4397
2350,4482
2350,4841
2351,2363
2351,2370
2351,2444
2351,2472
2351,2594
2351,2607
2351,2641
2351,2807
2351,2842
2351,2998
2351,3087
2351,3813
2351,3865
2351,3882
2351,4017
2351,4121
2352,2411
2352,2507
2352,2552
2352,2555
2352,2577
2352,2581
2352,2713
2352,3207
2352,3438
2352,3457
2352,3627
2352,3808
2352,4021
2352,4043
2352,4486
2352,4579
2352,4624
2352,4647
2352,4883
2352,4989
2352,4999
2353,2437
2353,2546
2353,2580
2353,2674
2353,2708
2353,2755
2353,2969
2353,3051
2353,3057
2353,3176
2353,3727
2353,4210
2353,4965
2354,2573
2354,2854
2354,2863
2354,2907
2354,3209
2354,3738
2354,4081
2354,4297
2355,2417
2355,2523
2355,2805
2355,2843
2355,3174
2355,3488
2355,3769
2355,3992
2355,4163
2355,4193
2355,4402
2355,4554
2355,4698
2355,4809
2356,2364
2356,3008
2356,3742
2356,3764
2356,3870
2356,4369
2356,4733
2356,4766
2356,4908
2357,2772
2357,2777
2357,3082
2357,3210
2357,3625
2357,3644
2357,3784
2357,3926
2357,4473
2357,4481
2357,4499
2357,4531
2357,4582
2358,2518
2358,2585
2358,2625
2358,3176
2358,3403
2358,3599
2358,3611
2358,3623
2358,3821
2358,3974
2358,4155
2358,4274
2358,4307
2358,4635
2358,4652
2358,4797
2358,4998
2359,2476
2359,2648
2359,2965
2359,3021
2359,3053
2359,3067
2359,3451
2359,3491
2359,3929
2359,4822
2360,3366
2360,3431
2360,3448
2360,3615
2360,3923
2360,4060
2360,4100
2360,4104
2360,4175
2360,4451
2360,4573
2360,4579
2360,4731
2360,4877
2360,4932
2361,2371
2361,2392
2361,2875
2361,2969
2361,2973
2361,3195
2361,3331
2361,3377
2361,3920
2361,4737
2361,4835
2361,4898
2362,2449
2362,2486
2362,2567
2362,2703
2362,2760
2362,2843
2362,3265
2362,3316
2362,3426
2362,4096
2362,4173
2362,4320
2362,4508
2362,4556
2362,4593
2362,4621
2362,4846
2362,4862
2362,4998
2363,2388
2363,2453
2363,2748
2363,2780
2363,2797
2363,2839
2363,2932
2363,3068
2363,3204
2363,3446
2363,3513
2363,3548
2363,3886
2363,3901
2363,4318
2363,4379
2363,4546
2363,4574
2363,4784
2364,2522
2364,2524
2364,2681
2364,2801
2364,2936
2364,2951
2364,3191
2364,3446
2364,3831
2364,3885
2364,3888
2364,4312
2364,4472
2364,4512
2364,4714
2364,4797
2364,4920
2365,2594
2365,2608
2365,2673
2365,2901
2365,3390
2365,3541
2365,3657
2365,3956
2365,3976
2365,4468
2365,4612
2365,4646
2365,4700
2365,4785
2365,4953
2366,2531
2366,2553
2366,2930
2366,2989
2366,3022
2366,3144
2366,3203
2366,3338
2366,3467
2366,3479
2366,4042
2366,4065
2366,4206
2366,4436
2366,4736
2367,2687
2367,2920
2367,3087
2367,3213
2367,3240
2367,3275
2367,3767
2367,3791
2367,4470
2367,4588
2367,4714
2367,4789
2368,2431
2368,2923
2368,2976
2368,3043
2368,3551
2368,3615
2368,3713
2368,3805
2368,3999
2368,4169
2368,4272
2369,2919
2369,3053
2369,3131
2369,3366
2369,3838
2369,4000
2369,4051
2369,4070
2369,4204
2369,4408
2369,4614
2369,4854
2369,4873
2370,2436
2370,2543
2370,2707
2370,3000
2370,3130
2370,3190
2370,3241
2370,3251
2370,3471
2370,3533
2370,3944
2370,4026
2370,4682
2370,4764
2370,4778
2370,4850
2370,4858
2371,2526
2371,2612
2371,2783
2371,2997
2371,3003
2371,3259
2371,3370
2371,3549
2371,3629
2371,3894
2371,3965
2371,4026
2371,4169
2371,4439
2371,4807
2371,4975
2372,2629
2372,2721
2372,2770
2372,2974
2372,3630
2372,3937
2372,3986
2372,4066
2372,4261
2372,4575
2372,4843
2372,4947
2373,2638
2373,2872
2373,3262
2373,3844
2373,3884
2373,3948
2373,3993
2373,4191
2373,4272
2373,4585
2373,4642
2373,4647
2374,2938
2374,2939
2374,3048
2374,3119
2374,3341
2374,3415
2374,4093
2374,4232
2374,4388
2374,4457
2374,4570
2374,4767
2374,4794
2374,4991
2375,2433
2375,2707
2375,2904
2375,3305
2375,3616
2375,3760
2375,4365
2375,4609
2375,4636
2375,4711
2375,4727
2375,4731
2375,4847
2375,4925
2375,4961
2375,4992
2376,2529
2376,2677
2376,2797
2376,2821
2376,2831
2376,2920
2376,3095
2376,3105
2376,4085
2376,4177
2376,4201
2376,4395
2376,4591
2376,4760
2376,4873
2377,2475
2377,2728
2377,2864
2377,2884
2377,2951
2377,3088
2377,3233
2377,3352
2377,4169
2377,4314
2377,4341
2377,4448
2377,4847
2378,2528
2378,2538
2378,2554
2378,2759
2378,2868
2378,3018
2378,3170
2378,3362
2378,3851
2378,3968
2378,4098
2378,4597
2379,2701
2379,2785
2379,2992
2379,3199
2379,3204
2379,3349
2379,3426
2379,3544
2379,3559
2379,3599
2379,3624
2379,3693
2379,3859
2379,3880
2379,4188
2379,4308
2379,4346
2379,4738
2379,4916
2380,2587
2380,2737
2380,2837
2380,3171
2380,3261
2380,3281
2380,3723
2380,4229
2380,4245
2380,4470
2380,4727
2381,2872
2381,2878
2381,3007
2381,3096
2381,3339
2381,3411
2381,3711
2381,4171
2381,4513
2381,4951
2382,2575
2382,2704
2382,2885
2382,2964
2382,3641
2382,3723
2382,4177
2382,4607
2382,4814
2382,4821
2382,4884
2382,4900
2382,4954
2383,2499
2383,2533
2383,2975
2383,3054
2383,3687
2383,3689
2383,3792
2383,4023
2383,4255
2383,4298
2383,4344
2383,4373
2384,2588
2384,2669
2384,2764
2384,2870
2384,3298
2384,3414
2384,3524
2384,3989
2384,4081
2384,4084
2384,4307
2384,4915
2385,2525
2385,2540
2385,2556
2385,2671
2385,2672
2385,2692
2385,2778
2385,2823
2385,2987
2385,3072
2385,3174
2385,3490
2385,3971
2385,4057
2385,4106
2385,4128
2385,4242
2385,4381
2385,4383
2385,4480
2385,4533
2385,4684
2385,4740
2385,4787
2386,2460
2386,2640
2386,2742
2386,3378
2386,3501
2386,3763
2386,3928
2386,4282
2386,4554
2386,4630
2386,4644
2386,4714
2386,4825
2386,4964
2387,2466
2387,2498
2387,2711
2387,2756
2387,3013
2387,3016
2387,3029
2387,3197
2387,3324
2387,3368
2387,3419
2387,3842
2387,4082
2387,4175
2387,4527
2387,4860
2387,4944
2388,3240
2388,3341
2388,3452
2388,3464
2388,3568
2388,4155
2388,4171
2388,4196
2388,4202
2388,4317
2388,4517
2389,2421
2389,2486
2389,2540
2389,2676
2389,2679
2389,2750
2389,2898
2389,2932
2389,2958
2389,2983
2389,3380
2389,3429
2389,3441
2389,3451
2389,3602
2389,3918
2389,4187
2389,4218
2389,4508
2389,4538
2389,4540
2389,4595
2390,2401
2390,2536
2390,2909
2390,3007
2390,3239
2390,3368
2390,3380
2390,3819
2390,4139
2390,4257
2390,4296
2390,4313
2390,4449
2390,4510
2390,4840
2390,4841
2390,4880
2390,4913
2391,2496
2391,2981
2391,3103
2391,3116
2391,3148
2391,3162
2391,3169
2391,3275
2391,3293
2391,3426
2391,3427
2391,3485
2391,3608
2391,3800
2391,3828
2391,4107
2391,4196
2392,2399
2392,2409
2392,2838
2392,3034
2392,3101
2392,3520
2392,3593
2392,3839
2392,4600
2393,2478
2393,2591
2393,2632
2393,2761
2393,3097
2393,3118
2393,3172
2393,3576
2393,3683
2393,3746
2393,3774
2393,3859
2393,3983
2393,4107
2393,4122
2393,4297
2393,4570
2393,4874
2394,2420
2394,2422
2394,2498
2394,2871
2394,2883
2394,3210
2394,3483
2394,3577
2394,3710
2394,3729
2394,4044
2394,4093
2394,4095
2394,4281
2394,4386
2394,4443
2394,4561
2394,4614
2394,4846
2395,2553
2395,2675
2395,3807
2395,3970
2395,4147
2395,4222
2395,4798
2396,2561
2396,2596
2396,2791
2396,3106
2396,3174
2396,3879
2396,4076
2396,4346
2396,4406
2396,4528
2396,4675
2396,4689
2396,4838
2396,4852
2396,4977
2397,2461
2397,2469
2397,2546
2397,2554
2397,3102
2397,3241
2397,3428
2397,3596
2397,3638
2397,3803
2397,4125
2397,4180
2397,4503
2397,4684
2397,4807
2397,4985
2398,2601
2398,3079
2398,3771
2398,4053
2398,4183
2398,4233
2398,4330
2398,4332
2398,4839
2399,3440
2399,3467
2399,3513
2399,3572
2399,3685
2399,4030
2399,4231
2399,4569
2399,4655
2400,2469
2400,2676
2400,3083
2400,3433
2400,3505
2400,3824
2400,4738
2401,2729
2401,2912
2401,3182
2401,3237
2401,3363
2401,3435
2401,3815
2401,4071
2401,4712
2401,4769
2401,4808
2402,2855
2402,2861
2402,2920
2402,3067
2402,3134
2402,3381
2402,3465
2402,3883
2402,3984
2402,3998
2402,4114
2402,4545
2402,4841
2403,2423
2403,2443
2403,2469
2403,2629
2403,2666
2403,3157
2403,3234
2403,3601
2403,3906
2403,3944
2403,4005
2403,4870
2404,2489
2404,2900
2404,2945
2404,2965
2404,3217
2404,3229
2404,3290
2404,3687
2404,3702
2404,3711
2404,3723
2404,4069
2404,4175
2404,4177
2404,4522
2404,4588
2404,4731
2404,4859
2404,4941
2405,2450
2405,2829
2405,2888
2405,3017
2405,3256
2405,3309
2405,3760
2405,3811
2405,4064
2405,4102
2405,4113
2405,4181
2405,4255
2405,4366
2405,4373
2405,4396
2405,4402
2405,4842
2405,4859
2405,4865
2405,4907
2406,2419
2406,2442
2406,2999
2406,3095
2406,3397
2406,3427
2406,3564
2406,3575
2406,3582
2406,3686
2406,4495
2406,4578
2406,4592
2407,2639
2407,2790
2407,2905
2407,3042
2407,3214
2407,3506
2407,3545
2407,3688
2407,3713
2407,3798
2407,3967
2407,4385
2407,4433
2408,2516
2408,2604
2408,2652
2408,2745
2408,3176
2408,3337
2408,3735
2408,3910
2408,4748
2409,3194
2409,3266
2409,3768
2409,3814
2409,3999
2409,4012
2409,4266
2409,4287
2409,4307
2409,4542
2410,2418
2410,2549
2410,2956
2410,2959
2410,3085
2410,3363
2410,3529
2410,3985
2410,4019
2410,4327
2410,4803
2410,4821
2411,2590
2411,2731
2411,3104
2411,3317
2411,3417
2411,3452
2411,3793
2411,4010
2411,4016
2411,4216
2411,4541
2411,4681
2411,4950
2411,4954
2412,3045
2412,3118
2412,3202
2412,3287
2412,3467
2412,3493
2412,3652
2412,4018
2412,4218
2412,4697
2413,2468
2413,2616
2413,2764
2413,2984
2413,3435
2413,3679
2413,4463
2413,4643
2413,4943
2414,2946
2414,3063
2414,3638
2414,4157
2414,4318
2414,4363
2415,2430
2415,2504
2415,2728
2415,3734
2415,3891
2415,3902
2415,4036
2415,4805
2416,2993
2416,3422
2416,3705
2416,3778
2416,4425
2416,4575
2416,4940
2417,2761
2417,4623
2417,4804
2417,4937
2418,2419
2418,2822
2418,2916
2418,3055
2418,3157
2418,3205
2418,3697
2418,3867
2418,3874
2418,4002
2418,4263
2418,4341
2418,4610
2419,2536
2419,2829
2419,3127
2419,3488
2419,3890
2419,4226
2419,4269
2419,4342
2419,4348
2419,4400
2419,4473
2419,4550
2419,4692
2419,4966
2420,2577
2420,2652
2420,2693
2420,2959
2420,3582
2420,3634
2420,3801
2420,4022
2420,4123
2420,4429
2420,4524
2420,4660
2420,4848
2421,2487
2421,2658
2421,2854
2421,3006
2421,3085
2421,3462
2421,3487
2421,3769
2421,3920
2421,3943
2421,4200
2421,4452
2421,4787
2421,4808
2421,4879
2422,2769
2422,3585
2422,3610
2422,3614
2422,3798
2422,4089
2422,4138
2422,4237
2422,4808
2422,4957
2423,2937
2423,3030
2423,3088
2423,3166
2423,3656
2423,3728
2423,3784
2423,3978
2423,4029
2423,4211
2423,4244
2423,4464
2423,4537
2423,4556
2423,4866
2424,2432
2424,2755
2424,3173
2424,3613
2424,3680
2424,3763
2424,3869
2424,4173
2424,4441
2424,4478
2424,4705
2424,4794
2424,4898
2424,4915
2424,4961
2425,2584
2425,2975
2425,2991
2425,3327
2425,3352
2425,4103
2425,4370
2425,4432
2425,4601
2425,4744
2425,4859
2426,2440
2426,2462
2426,2474
2426,2572
2426,2594
2426,2604
2426,2664
2426,2869
2426,2992
2426,3040
2426,3403
2426,3590
2426,3825
2426,3920
2426,3932
2426,3981
2426,4008
2426,4357
2426,4715
2426,4865
2427,2463
2427,2571
2427,2752
2427,2802
2427,2865
2427,3065
2427,3134
2427,3471
2427,3952
2427,4380
2427,4552
2427,4568
2427,4910
2428,2557
2428,2598
2428,2947
2428,3011
2428,3018
2428,3287
2428,3567
2428,3630
2428,3724
2428,4054
2428,4183
2428,4276
2428,4465
2428,4794
2429,2470
2429,2559
2429,2842
2429,2969
2429,3025
2429,3078
2429,3133
2429,3275
2429,3487
2429,3521
2429,3783
2429,3886
2429,3947
2429,4283
2429,4333
2429,4469
2429,4702
2429,4713
2429,4887
2429,4957
2430,2648
2430,2956
2430,3129
2430,3384
2430,3418
2430,3447
2430,4092
2430,4443
2430,4491
2430,4641
2430,4659
2431,2598
2431,3030
2431,3068
2431,3126
2431,3347
2431,3430
2431,3587
2431,3796
2431,3804
2431,4434
2431,4601
2431,4695
2431,4743
2432,2476
2432,2745
2432,3488
2432,3555
2432,3562
2432,3812
2432,3940
2432,4200
2432,4369
2432,4636
2432,4793
2433,2542
2433,2779
2433,2919
2433,2935
2433,3107
2433,3113
2433,3403
2433,3505
2433,4094
2433,4175
2433,4366
2433,4552
2433,4716
2434,2837
2434,2884
2434,3048
2434,3083
2434,3712
2434,4052
2434,4427
2434,4767
2434,4992
2435,2880
2435,3417
2435,3798
2435,4621
2435,4744
2435,4794
2436,2556
2436,2580
2436,2615
2436,2703
2436,2763
2436,2944
2436,3321
2436,4182
2436,4185
2436,4290
2436,4530
2437,2868
2437,2997
2437,3075
2437,3772
2437,4324
2437,4356
2437,4627
2437,4663
2438,2660
2438,3080
2438,3318
2438,3331
2438,3386
2438,3562
2438,3689
2438,3829
2438,3917
2438,3957
2438,4204
2438,4481
2438,4871
2439,2563
2439,2637
2439,3247
2439,3409
2439,3878
2439,4192
2439,4218
2439,4305
2439,4311
2439,4321
2439,4789
2439,4955
2440,2457
2440,2518
2440,2589
2440,2590
2440,2603
2440,2992
2440,3069
2440,3080
2440,3107
2440,3289
2440,3339
2440,3377
2440,3420
2440,3675
2440,3721
2440,3725
2440,3742
2440,3945
2440,4238
2440,4654
2440,4660
2440,4670
2440,4700
2440,4999
2441,2544
2441,2549
2441,2762
2441,2938
2441,3101
2441,3102
2441,3218
2441,3230
2441,3268
2441,3492
2441,3682
2441,3755
2441,4002
2441,4365
2441,4367
2441,4568
2441,4785
2441,4805
2441,4933
2442,2750
2442,3030
2442,3315
2442,3614
2442,3630
2442,3688
2442,4122
2442,4177
2442,4229
2442,4467
2442,4545
2442,4693
2442,4907
2442,4939
2442,4983
2443,2820
2443,3611
2443,3798
2443,3845
2443,3929
2443,4123
2443,4308
2443,4610
2443,4639
2443,4755
2443,4850
2443,4894
2443,4937
2444,2501
2444,2803
2444,3385
2444,3620
2444,3762
2444,4016
2444,4019
2444,4028
2444,4596
2444,4943
2445,2492
2445,2705
2445,2719
2445,2757
2445,2796
2445,2965
2445,3037
2445,3228
2445,3320
2445,3640
2445,4351
2445,4598
2445,4993
2446,2509
2446,2536
2446,2624
2446,2657
2446,3012
2446,3185
2446,3292
2446,3620
2446,3982
2446,3986
2446,4267
2446,4586
2447,2475
2447,3256
2447,3603
2447,4022
2447,4096
2447,4259
2447,4417
2447,4483
2447,4554
2447,4622
2447,4744
2448,2587
2448,2753
2448,3146
2448,3398
2448,3610
2448,3748
2448,3824
2448,4459
2449,2597
2449,2656
2449,2687
2449,2709
2449,2739
2449,2909
2449,2990
2449,3109
2449,3226
2449,3242
2449,3356
2449,3640
2449,3932
2449,4087
2449,4717
2449,4876
2449,4983
2450,2673
2450,2833
2450,2857
2450,2993
2450,3242
2450,3255
2450,3271
2450,3421
2450,3515
2450,3687
2450,3727
2450,3774
2450,3784
2450,3954
2450,4071
2450,4423
2450,4849
2450,4879
2450,4964
2450,4980
2451,2609
2451,2714
2451,2781
2451,3061
2451,3217
2451,3440
2451,4095
2451,4488
2451,4718
2451,4751
2451,4869
2451,4976
2452,2521
2452,2545
2452,3105
2452,3230
2452,3358
2452,3400
2452,3657
2452,3685
2452,3752
2452,3872
2452,3995
2452,4135
2452,4754
2453,2514
2453,2585
2453,2635
2453,2760
2453,3102
2453,3136
2453,3143
2453,3746
2453,3754
2453,3784
2453,4058
2453,4339
2453,4543
2453,4733
2454,2486
2454,2495
2454,2638
2454,2802
2454,2911
2454,2993
2454,3117
2454,3387
2454,3759
2454,4244
2454,4324
2454,4379
2454,4576
2455,2464
2455,2698
2455,2918
2455,3119
2455,3363
2455,3410
2455,3449
2455,3523
2455,3745
2455,3801
2455,3972
2455,4062
2455,4479
2455,4482
2455,4638
2455,4816
2455,4927
2456,2653
2456,2745
2456,2805
2456,2808
2456,3177
2456,3254
2456,3262
2456,3477
2456,3603
2456,4008
2456,4419
2456,4511
2456,4682
2456,4748
2456,4892
2457,2498
2457,2803
2457,2806
2457,2864
2457,2874
2457,2961
2457,3130
2457,3146
2457,3245
2457,3292
2457,3374
2457,3409
2457,3468
2457,3607
2457,3703
2457,4341
2457,4558
2457,4720
2458,2798
2458,2962
2458,3174
2458,3349
2458,3602
2458,3690
2458,3950
2458,4250
2458,4425
2458,4433
2458,4655
2458,4852
2458,4885
2458,4969
2459,3358
2459,3435
2459,3561
2459,3903
2459,3904
2459,3970
2459,4015
2459,4133
2459,4747
2460,2545
2460,2555
2460,2755
2460,2876
2460,3378
2460,3733
2460,3979
2460,3998
2460,4848
2460,4978
2461,2729
2461,3244
2461,3361
2461,3791
2461,3833
2461,3934
2461,4044
2461,4487
2461,4595
2461,4597
2461,4608
2462,2687
2462,3026
2462,3874
2462,3934
2462,4149
2462,4322
2462,4408
2462,4422
2462,4485
2463,2483
2463,3006
2463,3007
2463,3468
2463,3511
2463,3531
2463,4102
2463,4111
2463,4550
2463,4643
2463,4645
2463,4972
2464,2531
2464,2558
2464,2592
2464,2607
2464,2634
2464,2717
2464,2811
2464,2865
2464,2936
2464,2968
2464,3156
2464,3559
2464,3746
2464,3938
2464,4218
2464,4580
2464,4637
2465,2533
2465,2934
2465,3018
2465,3724
2465,4310
2465,4528
2465,4609
2465,4648
2465,4667
2465,4714
2465,4752
2465,4873
2466,2649
2466,2842
2466,2985
2466,3143
2466,3173
2466,3672
2466,3800
2466,3944
2466,4170
2466,4798
2466,4987
2467,2495
2467,2518
2467,2944
2467,2961
2467,3280
2467,3313
2467,3345
2467,3731
2467,4307
2467,4310
2467,4389
2467,4401
2467,4462
2468,2616
2468,2873
2468,3359
2468,3383
2468,3721
2468,3746
2468,3782
2468,4267
2468,4508
2468,4603
2468,4719
2469,2615
2469,3436
2469,3935
2469,4105
2469,4721
2470,2630
2470,2661
2470,2754
2470,3060
2470,3087
2470,3495
2470,3701
2470,3804
2470,4298
2470,4617
2470,4732
2471,2697
2471,2941
2471,3113
2471,3487
2471,3622
2471,3958
2471,3981
2471,4143
2471,4660
2471,4716
2472,3092
2472,3226
2472,3459
2472,3502
2472,3698
2472,4066
2472,4227
2472,4449
2472,4759
2472,4829
2472,4878
2472,4884
2473,2773
2473,2858
2473,3104
2473,3316
2473,3503
2473,3523
2473,3662
2473,3682
2473,3793
2473,3889
2473,3964
2473,4043
2473,4440
2473,4472
2473,4564
2473,4752
2473,4934
2473,4935
2473,4955
2474,2996
2474,3243
2474,3979
2474,4024
2474,4030
2474,4334
2474,4454
2474,4704
2474,4952
2475,2810
2475,3230
2475,3688
2475,3719
2475,3925
2475,3978
2475,4429
2475,4720
2475,4751
2475,4921
2476,2561
2476,2673
2476,2910
2476,2951
2476,3013
2476,3397
2476,3410
2476,3586
2476,3637
2476,3679
2476,3699
2476,3742
2476,4206
2476,4208
2476,4346
2476,4482
2476,4614
2476,4840
2476,4847
2477,2519
2477,2927
2477,2964
2477,3037
2477,3357
2477,3358
2477,3651
2477,3965
2477,4035
2477,4893
2478,2660
2478,2874
2478,2880
2478,3145
2478,3300
2478,3302
2478,3325
2478,3471
2478,3731
2478,3801
2478,3919
2478,4277
2478,4330
2478,4594
2478,4830
2479,2516
2479,2975
2479,3426
2479,3614
2479,3703
2479,3797
2479,4237
2479,4265
2479,4468
2479,4527
2479,4543
2479,4579
2479,4919
2479,4968
2480,2892
2480,3035
2480,3339
2480,3660
2480,3883
2480,3967
2480,4021
2480,4120
2480,4263
2480,4385
2480,4895
2481,2550
2481,2649
2481,2953
2481,2955
2481,3046
2481,3140
2481,3249
2481,3323
2481,3358
2481,3432
2481,3659
2481,3851
2481,4572
2481,4598
2481,4710
2481,4793
2481,4875
2481,4933
2482,2649
2482,2871
2482,3154
2482,3240
2482,3271
2482,3345
2482,3798
2482,3891
2482,3983
2482,4181
2482,4577
2482,4925
2482,4929
2483,2633
2483,2934
2483,2947
2483,3021
2483,3048
2483,3529
2483,3591
2483,3641
2483,4286
2483,4306
2483,4369
2483,4418
2483,4696
2483,4767
2484,2619
2484,2841
2484,2938
2484,2959
2484,3020
2484,3220
2484,3252
2484,3731
2484,3870
2484,3925
2484,3987
2484,4143
2484,4243
2484,4457
2484,4505
2484,4679
2484,4767
2485,2592
2485,2714
2485,2733
2485,3648
2485,3674
2485,3707
2485,3714
2485,3864
2485,3886
2485,4028
2485,4122
2485,4209
2485,4278
2485,4752
2485,4825
2485,4993
2486,2492
2486,2637
2486,2729
2486,3534
2486,3833
2486,4076
2486,4374
2486,4526
2486,4603
2486,4841
2486,4894
2486,4976
2487,2534
2487,2632
2487,2731
2487,2762
2487,2813
2487,2965
2487,3273
2487,3369
2487,3412
2487,3431
2487,3545
2487,3710
2487,4355
2487,4557
2487,4729
2487,4953
2488,2498
2488,2745
2488,2851
2488,2871
2488,3193
2488,3552
2488,3719
2488,3794
2488,4045
2488,4344
2488,4539
2488,4576
2488,4671
2489,2799
2489,2972
2489,3103
2489,3341
2489,3471
2489,3782
2489,3916
2489,4484
2489,4517
2489,4567
2489,4642
2489,4694
2489,4710
2489,4739
2489,4752
2489,4935
2490,2688
2490,2736
2490,2966
2490,3053
2490,3147
2490,3325
2490,3344
2490,3415
2490,3472
2490,3753
2490,3879
2490,3959
2490,4214
2490,4416
2490,4497
2490,4655
2491,2596
2491,2972
2491,3019
2491,3027
2491,3174
2491,3444
2491,3455
2491,3485
2491,3652
2491,4148
2491,4248
2491,4429
2491,4550
2491,4578
2491,4729
2491,4838
2491,4989
2492,2538
2492,2713
2492,3009
2492,3494
2492,3538
2492,3616
2492,3978
2492,4139
2492,4359
2492,4812
2493,2642
2493,2838
2493,2870
2493,3254
2493,3912
2493,3945
2493,4146
2493,4166
2493,4344
2493,4611
2493,4614
2494,2715
2494,2721
2494,2753
2494,2963
2494,3154
2494,3669
2494,3761
2494,4135
2494,4306
2494,4728
2494,4761
2494,4845
2494,4852
2494,4975
2494,4977
2495,2499
2495,2657
2495,2702
2495,2839
2495,2875
2495,2956
2495,3270
2495,3414
2495,3779
2495,4034
2495,4215
2495,4434
2495,4689
2495,4732
2495,4770
2495,4779
2495,4840
2495,4855
2495,4894
2495,4968
2496,3196
2496,3291
2496,3506
2496,3782
2496,4022
2496,4440
2496,4735
2496,4831
2496,4849
2496,4878
2497,2604
2497,3219
2497,3371
2497,3467
2497,3589
2497,3926
2497,4427
2497,4453
2497,4561
2497,4642
2497,4928
2497,4958
2498,2776
2498,2807
2498,2896
2498,2971
2498,3372
2498,3826
2498,3980
2498,4342
2498,4475
2498,4580
2498,4643
2498,4730
2498,4845
2498,4917
2498,4957
2498,4960
2499,2712
2499,3101
2499,3185
2499,3354
2499,3419
2499,3461
2499,3462
2499,3574
2499,3950
2499,3972
2499,3982
2499,3984
2499,4017
2499,4523
2499,4677
2500,2633
2500,2755
2500,2770
2500,2842
2500,3291
2500,3586
2500,3749
2500,3753
2500,4319
2500,4407
2500,4446
2500,4454
2500,4665
2501,2796
2501,2907
2501,3691
2501,3817
2501,4686
2501,4834
2501,4974
2502,2848
2502,3076
2502,3085
2502,3288
2502,3441
2502,3925
2502,4158
2502,4312
2502,4362
2502,4371
2502,4430
2502,4457
2502,4925
2502,4966
2503,2608
2503,2936
2503,3384
2503,3397
2503,3529
2503,3617
2503,3641
2503,3677
2503,3935
2503,4162
2503,4393
2503,4795
2504,2727
2504,3057
2504,3332
2504,3524
2504,3878
2504,3913
2504,4036
2504,4081
2504,4206
2505,3380
2505,3885
2505,4004
2505,4232
2505,4351
2505,4523
2506,2535
2506,2595
2506,2647
2506,2858
2506,2951
2506,2979
2506,3032
2506,3091
2506,3124
2506,3221
2506,3260
2506,3547
2506,3560
2506,3633
2506,3645
2506,3888
2506,4082
2506,4374
2506,4553
2506,4956
2507,2541
2507,2547
2507,3481
2507,3730
2507,3900
2507,3931
2507,4003
2507,4961
2507,4978
2508,2569
2508,2676
2508,2731
2508,2797
2508,3201
2508,3755
2508,4026
2508,4765
2509,2686
2509,3032
2509,3280
2509,3362
2509,3391
2509,3398
2509,3647
2509,3741
2509,3940
2509,4075
2509,4215
2509,4235
2509,4569
2509,4904
2510,2675
2510,2749
2510,3140
2510,3218
2510,3534
2510,3655
2510,3667
2510,3798
2510,4025
2510,4188
2510,4293
2510,4475
2510,4488
2510,4687
2511,2556
2511,2634
2511,2725
2511,2788
2511,2804
2511,3125
2511,3275
2511,3486
2511,3755
2511,3798
2511,3823
2511,3898
2511,3993
2511,4054
2511,4249
2511,4296
2511,4351
2511,4722
2511,4860
2511,4863
2511,4976
2512,2632
2512,2972
2512,3139
2512,3166
2512,3793
2512,3964
2512,4017
2512,4108
2512,4204
2512,4533
2512,4657
2512,4700
2512,4841
2512,4891
2513,2731
2513,3106
2513,3175
2513,3248
2513,3298
2513,3480
2513,3595
2513,3623
2513,3655
2513,3766
2513,4245
2513,4333
2513,4384
2513,4471
2513,4587
2513,4730
2513,4872
2513,4979
2514,2947
2514,2961
2514,3027
2514,3032
2514,3806
2514,3936
2514,4864
2514,4926
2514,4936
2515,3593
2515,3910
2515,4253
2515,4278
2515,4912
2516,2536
2516,2813
2516,2858
2516,3003
2516,3208
2516,3209
2516,3564
2516,3788
2516,3868
2516,3958
2516,3996
2516,4068
2516,4257
2516,4378
2516,4457
2516,4474
2517,2657
2517,2692
2517,3185
2517,4009
2517,4078
2517,4091
2517,4417
2517,4436
2517,4628
2517,4698
2517,4737
2517,4829
2517,4946
2518,2621
2518,2632
2518,2835
2518,2880
2518,2953
2518,3300
2518,3386
2518,3408
2518,3760
2518,3879
2518,4114
2518,4204
2518,4226
2518,4383
2518,4440
2518,4463
2518,4549
2518,4562
2518,4603
2518,4826
2518,4864
2518,4949
2519,2804
2519,2863
2519,3045
2519,3060
2519,3209
2519,3318
2519,3354
2519,3401
2519,3718
2519,3786
2519,3814
2519,4052
2519,4115
2519,4293
2519,4410
2519,4441
2519,4633
2519,4736
2519,4758
2519,4799
2520,2985
2520,3018
2520,3097
2520,3453
2520,3626
2520,3714
2520,3998
2520,4318
2520,4333
2520,4426
2520,4825
2520,4842
2521,2559
2521,2668
2521,3331
2521,3500
2521,3531
2521,3537
2521,3723
2521,4120
2521,4303
2521,4346
2521,4364
2521,4481
2521,4571
2521,4963
2522,2566
2522,2908
2522,3218
2522,3463
2522,3490
2522,3683
2522,3707
2522,3734
2522,3921
2522,4120
2522,4387
2522,4449
2522,4760
2522,4874
2523,2832
2523,2921
2523,3023
2523,3325
2523,3722
2523,3977
2523,4076
2523,4483
2523,4519
2523,4792
2523,4871
2524,2945
2524,3058
2524,3118
2524,3135
2524,3148
2524,3282
2524,3467
2524,3615
2524,3759
2524,4556
2524,4569
2524,4707
2525,2599
2525,2933
2525,2981
2525,3072
2525,3165
2525,3198
2525,3789
2525,3896
2525,3902
2525,4054
2525,4064
2525,4122
2525,4230
2525,4289
2525,4463
2525,4481
2525,4821
2525,4923
2526,2941
2526,3067
2526,3093
2526,3209
2526,3465
2526,3564
2526,3690
2526,3764
2526,3936
2526,4004
2526,4298
2526,4751
2526,4778
2526,4987
2527,2699
2527,2739
2527,2742
2527,2924
2527,3073
2527,3571
2527,3746
2527,3974
2527,4121
2527,4274
2527,4464
2527,4516
2527,4692
2527,4756
2527,4857
2528,2552
2528,2817
2528,3143
2528,3314
2528,3372
2528,3481
2528,4288
2528,4784
2528,4895
2529,2578
2529,2799
2529,2866
2529,2973
2529,3225
2529,3233
2529,3245
2529,3529
2529,3816
2529,3898
2529,4260
2529,4364
2529,4369
2529,4436
2529,4481
2529,4529
2529,4782
2530,2730
2530,2747
2530,2991
2530,3853
2530,4222
2530,4354
2530,4361
2530,4426
2530,4767
2531,2649
2531,2887
2531,3166
2531,3415
2531,3569
2531,4260
2531,4350
2531,4495
2531,4582
2531,4696
2531,4961
2532,2547
2532,2640
2532,2712
2532,2847
2532,2960
2532,3142
2532,3387
2532,3418
2532,3497
2532,3556
2532,3689
2532,4875
2533,2735
2533,2750
2533,2944
2533,3454
2533,3796
2533,3873
2533,3877
2533,3979
2533,4123
2533,4462
2534,2540
2534,2769
2534,3033
2534,3120
2534,3511
2534,3544
2534,4002
2534,4009
2534,4073
2534,4103
2534,4331
2534,4525
2534,4832
2535,3001
2535,3455
2535,3604
2535,3750
2535,4000
2535,4321
2535,4621
2535,4665
2536,2953
2536,3106
2536,3508
2536,3821
2536,3861
2536,4188
2536,4483
2536,4580
2536,4771
2536,4904
2537,2556
2537,2575
2537,2655
2537,2914
2537,3164
2537,3231
2537,3445
2537,3541
2537,3546
2537,4238
2537,4445
2538,3191
2538,3425
2538,3473
2538,3585
2538,3772
2538,3954
2538,3958
2538,4063
2538,4096
2538,4803
2538,4935
2539,2575
2539,2777
2539,2976
2539,3084
2539,3125
2539,3175
2539,3356
2539,3707
2539,3933
2539,4048
2539,4178
2539,4455
2539,4493
2539,4533
2539,4769
2540,2588
2540,2619
2540,2737
2540,2969
2540,2976
2540,2979
2540,3136
2540,3174
2540,3224
2540,3325
2540,3569
2540,3625
2540,4166
2540,4258
2540,4350
2540,4906
2541,2656
2541,2672
2541,2675
2541,2722
2541,2875
2541,2996
2541,3907
2541,4050
2541,4165
2541,4349
2541,4590
2542,2649
2542,2716
2542,3098
2542,3381
2542,3526
2542,3545
2542,3596
2542,3660
2542,3784
2542,3969
2542,4156
2543,2695
2543,3085
2543,3286
2543,3494
2543,3571
2543,3605
2543,3963
2543,4111
2543,4251
2543,4272
2543,4317
2543,4687
2543,4910
2543,4992
2544,2583
2544,2690
2544,2909
2544,2971
2544,3041
2544,3052
2544,3110
2544,3192
2544,3223
2544,3416
2544,3807
2544,4336
2545,2587
2545,2628
2545,2650
2545,2892
2545,3289
2545,3456
2545,3623
2545,4071
2545,4216
2545,4439
2545,4900
2546,2663
2546,2915
2546,3102
2546,3236
2546,3240
2546,3371
2546,3587
2546,3911
2546,3941
2546,4027
2546,4136
2546,4279
2546,4632
2546,4655
2546,4810
2547,2663
2547,3110
2547,3507
2547,3612
2547,3716
2547,3865
2547,3944
2547,4128
2547,4337
2547,4516
2547,4757
2548,2648
2548,2658
2548,2826
2548,3083
2548,3474
2548,3516
2548,3780
2548,3893
2548,4268
2548,4688
2548,4707
2548,4745
2548,4872
2548,4931
2549,2623
2549,2763
2549,3035
2549,3047
2549,3080
2549,3726
2549,3837
2549,3997
2549,4122
2549,4552
2549,4583
2549,4692
2549,4705
2550,3210
2550,3227
2550,3229
2550,3348
2550,3463
2550,3510
2550,3819
2550,4063
2550,4079
2550,4415
2550,4576
2550,4631
2550,4694
2550,4787
2550,4828
2550,4875
2551,2862
2551,2926
2551,3014
2551,3095
2551,3153
2551,3208
2551,3409
2551,3565
2551,3824
2551,4171
2551,4674
2551,4675
2551,4855
2551,4991
2552,3014
2552,3342
2552,4146
2552,4315
2552,4558
2552,4624
2552,4641
2552,4643
2552,4771
2552,4786
2553,2698
2553,2714
2553,2872
2553,2930
2553,3237
2553,3476
2553,3583
2553,3942
2553,4083
2553,4102
2553,4523
2553,4743
2554,2605
2554,2917
2554,2975
2554,3235
2554,3474
2554,3819
2554,4138
2554,4336
2554,4559
2554,4864
2554,4889
2554,4993
2555,2875
2555,3072
2555,3144
2555,3283
2555,3376
2555,3482
2555,3521
2555,3788
2555,3923
2555,3934
2555,4024
2555,4277
2555,4293
2555,4611
2556,3195
2556,3343
2556,3685
2556,3824
2556,3920
2556,4146
2556,4735
2557,2722
2557,2742
2557,2788
2557,2864
2557,3126
2557,3222
2557,3263
2557,3264
2557,3637
2557,3763
2557,3871
2557,4822
2557,4839
2557,4944
2557,4959
2557,4971
2558,2647
2558,2806
2558,2942
2558,3195
2558,3264
2558,3460
2558,4020
2558,4375
2558,4413
2558,4499
2558,4998
2559,2885
2559,3191
2559,3393
2559,3875
2559,4326
2559,4358
2559,4481
2559,4491
2559,4614
2559,4755
2559,4888
2560,2797
2560,2909
2560,2932
2560,3168
2560,3195
2560,3333
2560,3504
2560,4329
2560,4497
2560,4672
2560,4707
2560,4972
2561,2603
2561,2771
2561,3705
2561,4164
2561,4315
2561,4346
2561,4395
2561,4460
2561,4704
2561,4736
2561,4814
2561,4951
2562,2626
2562,2647
2562,2717
2562,2797
2562,2850
2562,2954
2562,3252
2562,3334
2562,3469
2562,3481
2562,3540
2562,3560
2562,3594
2562,3597
2562,3613
2562,3955
2562,4085
2562,4159
2562,4490
2562,4587
2562,4671
2562,4953
2563,2628
2563,3244
2563,3307
2563,3339
2563,3405
2563,3416
2563,3429
2563,3450
2563,3574
2563,3767
2563,3770
2563,4455
2563,4683
2563,4845
2563,4880
2563,4934
2564,2726
2564,3232
2564,3641
2564,4106
2564,4146
2564,4339
2564,4369
2564,4533
2564,4932
2564,4973
2565,2686
2565,2902
2565,3304
2565,3634
2565,3894
2565,3971
2565,3997
2565,4179
2565,4989
2566,2701
2566,2884
2566,2922
2566,2993
2566,3451
2566,3461
2566,3672
2566,4116
2566,4154
2566,4171
2566,4271
2566,4310
2566,4353
2566,4369
2566,4533
2567,2892
2567,2940
2567,3062
2567,3242
2567,3284
2567,3323
2567,3352
2567,3369
2567,3422
2567,3589
2567,3721
2567,3792
2567,3931
2567,4235
2567,4478
2567,4635
2568,2791
2568,2823
2568,3144
2568,3145
2568,3154
2568,3161
2568,3439
2568,3480
2568,3681
2568,3707
2568,4137
2568,4376
2568,4634
2568,4714
2568,4820
2568,4917
2569,2885
2569,3103
2569,3228
2569,3422
2569,3718
2569,4188
2569,4619
2569,4627
2569,4667
2569,4793
2569,4844
2570,2615
2570,3046
2570,3127
2570,3392
2570,3511
2570,3774
2570,4130
2570,4242
2570,4312
2570,4329
2570,4515
2570,4808
2571,2713
2571,3058
2571,3626
2571,3729
2571,3757
2571,4651
2571,4691
2571,4756
2572,2584
2572,2746
2572,2756
2572,2850
2572,2948
2572,3187
2572,3270
2572,3404
2572,3599
2572,3973
2572,4018
2572,4029
2572,4172
2572,4516
2572,4800
2572,4997
2573,2849
2573,2903
2573,3015
2573,3095
2573,3358
2573,3450
2573,3840
2573,4128
2573,4571
2573,4667
2573,4735
2573,4759
2573,4844
2573,4915
2574,3542
2574,3556
2574,3624
2574,4001
2574,4102
2574,4164
2574,4259
2575,2780
2575,3040
2575,3212
2575,3315
2575,3477
2575,3595
2575,4270
2575,4481
2575,4569
2575,4575
2575,4582
2575,4806
2576,2732
2576,3169
2576,3198
2576,3332
2576,3433
2576,3637
2576,3988
2576,4453
2576,4717
2577,2827
2577,2882
2577,3131
2577,3351
2577,3471
2577,3532
2577,3550
2577,3573
2577,3697
2577,3814
2577,4025
2577,4089
2577,4372
2577,4484
2577,4696
2577,4942
2578,2799
2578,2943
2578,2961
2578,3546
2578,3612
2578,3834
2578,4055
2578,4073
2578,4300
2578,4625
2579,2611
2579,2845
2579,2860
2579,3055
2579,3159
2579,3726
2579,3849
2579,3970
2579,4182
2579,4493
2579,4767
2580,2615
2580,2717
2580,2785
2580,2861
2580,2905
2580,2907
2580,2997
2580,3084
2580,3171
2580,3606
2580,3933
2580,4226
2580,4408
2580,4954
2581,2629
2581,2974
2581,3016
2581,3146
2581,3372
2581,3706
2581,3750
2581,3959
2581,4035
2581,4196
2581,4478
2581,4596
2581,4617
2581,4992
2582,2794
2582,2812
2582,2960
2582,3412
2582,3534
2582,4006
2582,4059
2582,4137
2582,4452
2582,4668
2582,4919
2583,2587
2583,2882
2583,2892
2583,3154
2583,3670
2583,3734
2583,4047
2583,4065
2583,4095
2583,4557
2583,4933
2584,2704
2584,3260
2584,3368
2584,3523
2584,3547
2584,3835
2584,4046
2584,4186
2584,4500
2584,4547
2584,4758
2584,4913
2584,4922
2584,4930
2585,3024
2585,3113
2585,3280
2585,3301
2585,3572
2585,3819
2585,3909
2585,3954
2585,3997
2585,4127
2585,4263
2585,4480
2585,4609
2585,4785
2585,4981
2586,2605
2586,2622
2586,3170
2586,3992
2586,4072
2586,4351
2586,4543
2586,4623
2586,4624
2586,4826
2587,2649
2587,2920
2587,3011
2587,3024
2587,3121
2587,3247
2587,3308
2587,3494
2587,3523
2587,3698
2587,3821
2587,4242
2587,4297
2587,4308
2587,4454
2587,4697
2587,4972
2588,2595
2588,2915
2588,2931
2588,3035
2588,3360
2588,3714
2588,4023
2588,4379
2588,4511
2588,4912
2589,2629
2589,2667
2589,3572
2589,3590
2589,4628
2589,4722
2589,4749
2590,3582
2590,3785
2590,3798
2590,4238
2590,4394
2590,4401
2590,4479
2590,4599
2590,4700
2590,4954
2590,4988
2591,3231
2591,3524
2591,3745
2591,4175
2591,4400
2591,4450
2592,2887
2592,2918
2592,3343
2592,3431
2592,3728
2592,3805
2592,3835
2592,4205
2592,4225
2592,4418
2593,2662
2593,2858
2593,2978
2593,3027
2593,3085
2593,3107
2593,3160
2593,3183
2593,4066
2593,4096
2593,4171
2593,4272
2593,4301
2593,4647
2593,4657
2594,2669
2594,2891
2594,3094
2594,3239
2594,3505
2594,3673
2594,3936
2594,4632
2594,4737
2594,4870
2594,4877
2595,2722
2595,2820
2595,2887
2595,2940
2595,3050
2595,3117
2595,3470
2595,3644
2595,3778
2595,3941
2595,4417
2595,4429
2595,4517
2595,4566
2595,4758
2596,2882
2596,2960
2596,2992
2596,3339
2596,3377
2596,3458
2596,3809
2596,4784
2596,4794
2596,4805
2596,4840
2597,2893
2597,3670
2597,3940
2597,3973
2597,4094
2597,4295
2597,4477
2597,4850
2597,4957
2597,4995
2598,2793
2598,2837
2598,2974
2598,2980
2598,3374
2598,3391
2598,3713
2598,4348
2598,4446
2598,4470
2598,4572
2598,4974
2599,2649
2599,2676
2599,2780
2599,2872
2599,2911
2599,3566
2599,3720
2599,3775
2599,3809
2599,3893
2599,3963
2599,4016
2599,4217
2599,4231
2599,4526
2599,4532
2599,4628
2599,4635
2599,4655
2599,4691
2599,4711
2599,4765
2599,4882
2599,4891
2600,2692
2600,2735
2600,2806
2600,3285
2600,3729
2600,3791
2600,3964
2600,4102
2600,4353
2600,4576
2601,2711
2601,3145
2601,3319
2601,3336
2601,3507
2601,3567
2601,3646
2601,3726
2601,4264
2601,4322
2601,4706
2602,2662
2602,2742
2602,3140
2602,3311
2602,3359
2602,3382
2602,3390
2602,3888
2602,3896
2602,4109
2602,4640
2602,4747
2602,4774
2602,4858
2603,2960
2603,3777
2603,3858
2603,3982
2603,4101
2603,4149
2603,4191
2603,4217
2603,4290
2603,4522
2603,4535
2603,4785
2603,4814
2604,2868
2604,2988
2604,3093
2604,3675
2604,3719
2604,3894
2604,4208
2604,4399
2604,4423
2604,4734
2604,4761
2605,2618
2605,2747
2605,2771
2605,2799
2605,2810
2605,2825
2605,3201
2605,3375
2605,3407
2605,3662
2605,4038
2605,4437
2605,4607
2605,4814
2606,2633
2606,2674
2606,2805
2606,2981
2606,3239
2606,3325
2606,3517
2606,3876
2606,4088
2606,4734
2607,2717
2607,2944
2607,3663
2607,4787
2608,3189
2608,3285
2608,3399
2608,3801
2608,3858
2608,4060
2608,4321
2608,4506
2608,4650
2608,4881
2609,3466
2609,3506
2609,3526
2609,3819
2609,4027
2609,4681
2609,4919
2610,2702
2610,2721
2610,3689
2610,3746
2610,3975
2610,4654
2610,4918
2610,4926
2611,2734
2611,2765
2611,3149
2611,3180
2611,3207
2611,4017
2611,4116
2611,4173
2611,4202
2611,4255
2611,4323
2611,4960
2612,2787
2612,3023
2612,3092
2612,3134
2612,3276
2612,3728
2612,3748
2612,4069
2612,4186
2612,4214
2612,4231
2612,4484
2612,4703
2612,4818
2612,4934
2613,2617
2613,2942
2613,2969
2613,2974
2613,3029
2613,3646
2613,3878
2613,3932
2613,3950
2613,4075
2613,4109
2613,4118
2613,4179
2613,4225
2613,4403
2613,4468
2613,4735
2614,3135
2614,3430
2614,3645
2614,3812
2614,4146
2614,4299
2614,4316
2614,4378
2614,4949
2615,3655
2615,4178
2615,4309
2615,4548
2615,4630
2616,2666
2616,2972
2616,3523
2616,3540
2616,4388
2616,4766
2617,3240
2617,3814
2617,3889
2617,3976
2617,4359
2617,4561
2617,4703
2617,4854
2618,2707
2618,2801
2618,3125
2618,3216
2618,3394
2618,3444
2618,3541
2618,3715
2618,4028
2618,4411
2618,4413
2618,4782
2618,4968
2618,4987
2619,2885
2619,3000
2619,3278
2619,3541
2619,3757
2619,3872
2619,4074
2619,4349
2619,4352
2619,4490
2619,4544
2619,4641
2619,4904
2619,4936
2619,4982
2620,2871
2620,2991
2620,3291
2620,3302
2620,3442
2620,3822
2620,4142
2620,4179
2620,4513
2620,4833
2620,4924
2620,4930
2621,3066
2621,3078
2621,3444
2621,3493
2621,3499
2621,3683
2621,3701
2621,3984
2621,4005
2621,4229
2621,4326
2621,4452
2622,2625
2622,2820
2622,3170
2622,3354
2622,3533
2622,3706
2622,3967
2622,4391
2622,4717
2623,2802
2623,3619
2623,3637
2623,3775
2623,3788
2623,4478
2623,4734
2623,4868
2624,2754
2624,3006
2624,3313
2624,3326
2624,3333
2624,3625
2624,3651
2624,3779
2624,3898
2624,4054
2624,4075
2624,4342
2624,4521
2624,4651
2624,4911
2624,4953
2625,2757
2625,2857
2625,2978
2625,3532
2625,4088
2625,4343
2625,4398
2625,4842
2625,4966
2625,4991
2626,2768
2626,2962
2626,3205
2626,3206
2626,3484
2626,3726
2626,3733
2626,4080
2626,4087
2626,4513
2626,4646
2626,4724
2626,4819
2626,4961
2627,2953
2627,3027
2627,3097
2627,3132
2627,3640
2627,3916
2627,4026
2627,4192
2627,4257
2627,4293
2627,4312
2627,4350
2628,4375
2628,4850
2629,2873
2629,2988
2629,3634
2629,4150
2629,4581
2630,2846
2630,3224
2630,3376
2630,3461
2630,3603
2630,4399
2630,4405
2630,4424
2630,4828
2631,2730
2631,3120
2631,3392
2631,4330
2631,4444
2631,4568
2631,4659
2631,4775
2631,4929
2632,2711
2632,2806
2632,2916
2632,2997
2632,3333
2632,3567
2632,3654
2632,3679
2632,3739
2632,4087
2632,4160
2632,4764
2632,4797
2632,4893
2632,4930
2633,2788
2633,2908
2633,3214
2633,3421
2633,3737
2633,3960
2633,4542
2633,4712
2633,4852
2634,2798
2634,2954
2634,2985
2634,2998
2634,3182
2634,3217
2634,3278
2634,3320
2634,3927
2634,4071
2634,4284
2634,4375
2634,4458
2634,4675
2634,4758
2634,4972
2635,2693
2635,2700
2635,3121
2635,3129
2635,3247
2635,3369
2635,3523
2635,4094
2635,4170
2635,4253
2635,4341
2635,4423
2635,4622
2635,4744
2635,4927
2635,4998
2636,3057
2636,3080
2636,3491
2636,3648
2636,3813
2636,4011
2636,4329
2636,4506
2636,4557
2636,4586
2636,4662
2636,4992
2637,2652
2637,2919
2637,2958
2637,3295
2637,3686
2637,3749
2637,3757
2637,3785
2637,3929
2637,3953
2637,3956
2637,4103
2637,4216
2637,4368
2637,4538
2637,4693
2637,4697
2637,4758
2637,4873
2637,4896
2638,2930
2638,2977
2638,3179
2638,3301
2638,3373
2638,3752
2638,3880
2638,4599
2638,4869
2638,4872
2639,2780
2639,2903
2639,3655
2639,3797
2639,4293
2639,4332
2639,4985
2640,2942
2640,3115
2640,3312
2640,3374
2640,3564
2640,3569
2640,3752
2640,3802
2640,3873
2640,4545
2640,4903
2640,4956
2640,4973
2641,3325
2641,3726
2641,3735
2641,3758
2641,3956
2641,4030
2641,4185
2641,4192
2641,4607
2641,4615
2641,4868
2641,4966
2642,2897
2642,3018
2642,3056
2642,3135
2642,3362
2642,3445
2642,3714
2642,3875
2642,4311
2642,4362
2642,4421
2642,4588
2642,4596
2642,4668
2642,4698
2642,4870
2643,2754
2643,2826
2643,2886
2643,2958
2643,3142
2643,3274
2643,3431
2643,3527
2643,3828
2643,3836
2643,4027
2643,4126
2643,4404
2643,4716
2643,4768
2643,4773
2643,4878
2644,3345
2644,3358
2644,3555
2644,3692
2644,3771
2644,4221
2644,4721
2644,4755
2644,4877
2644,4948
2645,2890
2645,3320
2645,3557
2645,3637
2645,3652
2645,3662
2645,3787
2645,3830
2645,3937
2645,4154
2645,4236
2645,4250
2645,4285
2645,4483
2645,4503
2645,4730
2646,3652
2646,3940
2646,4144
2646,4218
2646,4265
2646,4302
2646,4345
2646,4444
2646,4646
2646,4802
2646,4950
2647,3429
2647,3692
2647,3913
2647,4159
2647,4219
2647,4531
2647,4693
2648,2711
2648,3094
2648,3171
2648,3327
2648,3852
2648,4142
2648,4269
2648,4981
2649,2795
2649,2983
2649,3014
2649,3067
2649,3164
2649,3260
2649,3446
2649,3858
2649,3964
2649,3973
2649,4382
2649,4467
2649,4741
2649,4935
2650,2840
2650,2895
2650,2930
2650,3043
2650,3075
2650,3106
2650,3148
2650,3250
2650,3396
2650,3465
2650,3636
2650,3751
2650,4032
2650,4374
2650,4445
2650,4676
2650,4841
2651,2861
2651,3112
2651,3264
2651,3548
2651,3767
2651,3914
2651,4172
2651,4273
2651,4588
2651,4775
2651,4844
2651,4937
2651,4987
2652,2878
2652,2933
2652,3465
2652,3597
2652,3847
2652,4192
2652,4203
2652,4207
2652,4723
2652,4784
2652,4994
2653,2661
2653,3170
2653,3177
2653,3482
2653,3517
2653,3684
2653,4023
2653,4454
2653,4795
2653,4823
2654,2665
2654,2729
2654,2822
2654,2868
2654,2900
2654,3128
2654,3415
2654,3497
2654,3970
2654,3997
2654,4017
2654,4022
2654,4080
2654,4247
2654,4327
2654,4385
2654,4552
2654,4690
2654,4847
2655,2979
2655,3067
2655,3089
2655,3495
2655,3511
2655,3534
2655,3608
2655,3692
2655,3741
2655,4033
2655,4143
2655,4875
2655,4991
2656,2999
2656,3366
2656,3410
2656,3851
2656,3862
2656,4114
2656,4449
2656,4520
2656,4654
2657,2901
2657,2967
2657,3021
2657,3306
2657,3396
2657,3938
2657,4244
2657,4665
2657,4679
2657,4759
2657,4935
2657,4947
2658,2787
2658,3020
2658,3274
2658,3899
2659,2859
2659,2881
2659,2896
2659,3252
2659,3485
2659,3629
2659,3714
2659,3742
2659,3833
2659,3885
2659,4813
2659,4993
2660,2786
2660,3637
2660,3670
2660,3685
2660,4789
2660,4832
2660,4977
2661,2897
2661,2926
2661,2935
2661,3557
2661,3620
2661,3633
2661,3718
2661,3932
2661,4110
2661,4707
2661,4730
2661,4905
2661,4962
2662,3041
2662,3663
2662,3681
2662,3990
2662,4089
2662,4236
2662,4509
2663,2961
2663,3135
2663,3382
2663,3485
2663,3561
2663,3840
2663,4025
2663,4192
2663,4242
2663,4388
2663,4606
2663,4762
2664,2680
2664,2828
2664,2976
2664,3262
2664,3511
2664,3687
2664,3736
2664,3749
2664,3796
2664,3863
2664,4026
2664,4172
2664,4351
2664,4418
2664,4421
2664,4595
2664,4847
2665,2709
2665,2885
2665,3058
2665,3207
2665,3293
2665,3477
2665,3626
2665,3796
2665,4308
2665,4798
2665,4954
2665,4979
2666,2737
2666,3081
2666,3157
2666,3964
2666,4356
2667,2747
2667,2764
2667,2873
2667,2908
2667,3043
2667,3157
2667,3350
2667,3505
2667,4032
2667,4116
2667,4594
2667,4712
2667,4814
2667,4828
2667,4942
2667,4959
2667,4987
2668,3079
2668,3166
2668,3183
2668,3320
2668,3716
2668,3858
2668,3906
2668,3999
2668,4755
2668,4901
2669,2715
2669,2829
2669,3191
2669,3598
2669,3722
2669,3748
2669,3912
2669,4090
2669,4152
2669,4269
2669,4627
2669,4785
2669,4906
2669,4948
2670,2856
2670,3696
2670,3708
2670,3974
2670,4129
2670,4428
2670,4818
2671,3328
2671,3339
2671,3623
2671,3724
2671,4186
2671,4587
2671,4844
2672,2746
2672,2977
2672,3383
2672,4043
2672,4133
2672,4885
2672,4945
2672,4977
2673,2760
2673,3537
2673,3628
2673,3638
2673,4282
2673,4396
2674,2749
2674,2984
2674,3077
2674,3345
2674,3357
2674,3487
2674,3545
2674,3622
2674,3747
2674,3785
2674,3876
2674,3944
2674,4424
2674,4498
2674,4761
2674,4924
2675,3040
2675,3063
2675,3397
2675,3461
2675,3551
2675,3599
2675,3789
2675,4220
2675,4482
2675,4485
2675,4918
2676,3052
2676,3174
2676,3293
2676,3374
2676,3551
2676,3696
2676,3773
2676,3788
2676,4586
2676,4710
2676,4745
2676,4888
2677,2678
2677,2741
2677,2895
2677,3080
2677,3161
2677,3615
2677,3641
2677,3802
2677,3955
2677,4073
2677,4252
2677,4796
2677,4976
2678,2853
2678,3443
2678,3686
2678,3699
2678,3958
2678,4095
2678,4169
2678,4191
2678,4249
2678,4274
2679,2887
2679,2923
2679,3092
2679,3233
2679,3669
2679,3710
2679,3717
2679,3825
2679,3880
2679,4208
2679,4516
2679,4844
2680,2745
2680,2787
2680,3068
2680,3164
2680,3202
2680,3669
2680,3914
2680,4159
2680,4171
2680,4590
2681,3255
2681,3272
2681,3296
2681,3335
2681,3630
2681,3705
2681,3717
2681,3755
2681,3803
2681,4078
2681,4115
2681,4205
2681,4242
2681,4471
2682,2702
2682,2803
2682,3009
2682,3198
2682,3287
2682,3528
2682,3536
2682,3630
2682,3745
2682,4379
2682,4394
2682,4694
2682,4714
2682,4786
2682,4895
2682,4988
2683,3095
2683,3191
2683,3437
2683,4028
2683,4058
2683,4207
2683,4708
2683,4710
2683,4996
2684,3150
2684,3265
2684,3501
2684,3569
2684,3613
2684,3804
2684,3858
2684,4001
2684,4079
2684,4164
2684,4172
2684,4193
2684,4395
2684,4553
2684,4620
2684,4762
2684,4886
2684,4896
2685,2767
2685,2821
2685,2974
2685,3120
2685,3273
2685,3387
2685,3485
2685,3505
2685,3876
2685,3935
2685,3957
2685,4171
2685,4269
2685,4548
2685,4608
2685,4652
2685,4987
2686,2733
2686,2914
2686,3189
2686,3223
2686,3281
2686,3309
2686,3493
2686,3642
2686,3737
2686,3747
2686,3782
2686,4247
2686,4444
2686,4491
2686,4720
2686,4810
2686,4976
2686,4995
2687,2800
2687,2835
2687,2877
2687,2943
2687,3007
2687,3400
2687,3549
2687,4153
2687,4186
2687,4606
2687,4717
2688,2695
2688,3370
2688,3407
2688,3470
2688,3545
2688,3642
2688,4107
2688,4365
2688,4599
2688,4637
2688,4787
2688,4840
2688,4850
2689,2741
2689,2783
2689,2828
2689,2913
2689,3122
2689,3362
2689,3494
2689,3542
2689,3788
2689,3907
2689,3910
2689,3918
2689,4308
2689,4650
2689,4758
2689,4762
2690,2755
2690,2849
2690,2867
2690,3440
2690,3749
2690,3939
2690,3972
2690,4091
2690,4165
2690,4263
2690,4410
2690,4698
2690,4734
2690,4791
2690,4934
2691,3107
2691,3314
2691,3906
2691,3933
2691,3977
2691,4193
2691,4465
2691,4564
2691,4584
2691,4753
2691,4778
2692,3107
2692,3551
2692,4076
2692,4205
2692,4883
2692,4919
2692,4922
2692,4974
2693,3095
2693,3319
2693,3472
2693,3482
2693,3616
2693,3761
2693,3821
2693,4302
2693,4358
2693,4405
2693,4439
2693,4721
2693,4792
2694,2880
2694,3057
2694,3095
2694,3266
2694,3676
2694,4297
2694,4754
2695,3085
2695,3329
2695,3804
2695,3898
2695,4380
2695,4696
2695,4917
2696,3058
2696,3532
2696,3628
2696,3814
2696,3830
2696,3864
2696,4076
2696,4177
2696,4250
2696,4484
2696,4549
2696,4602
2696,4824
2696,4867
2696,4868
2697,2998
2697,3324
2697,3501
2697,3652
2697,3665
2697,3704
2697,3729
2697,3767
2697,4045
2697,4055
2697,4215
2697,4293
2697,4535
2697,4860
2697,4892
2698,2743
2698,3080
2698,3109
2698,3348
2698,3650
2698,3694
2698,4054
2698,4182
2698,4215
2698,4277
2698,4559
2698,4817
2698,4844
2699,3298
2699,3802
2699,3963
2699,3999
2699,4006
2699,4088
2699,4164
2699,4387
2699,4570
2699,4925
2700,2805
2700,2922
2700,3403
2700,3439
2700,3446
2700,3788
2700,3823
2700,3894
2700,3940
2700,3972
2700,4050
2700,4094
2700,4307
2700,4486
2700,4555
2700,4695
2701,2761
2701,2857
2701,3053
2701,3355
2701,3629
2701,3717
2701,3749
2701,4430
2701,4501
2701,4742
2701,4775
2701,4884
2701,4885
2701,4896
2702,2782
2702,3187
2702,3565
2702,4086
2702,4257
2702,4355
2702,4515
2702,4729
2702,4856
2702,4948
2702,4986
2702,4997
2703,3038
2703,3147
2703,3173
2703,3718
2703,3796
2703,3975
2703,4886
2703,4899
2704,3188
2704,3430
2704,3579
2704,3680
2704,3754
2704,3882
2704,3945
2704,4243
2704,4624
2704,4679
2704,4783
2705,2754
2705,2820
2705,2948
2705,3616
2705,3623
2705,4235
2705,4357
2705,4419
2705,4455
2705,4555
2705,4635
2705,4845
2706,3097
2706,3450
2706,3743
2706,4587
2706,4756
2706,4819
2706,4861
2707,2841
2707,2936
2707,3210
2707,3302
2707,3765
2707,3935
2707,4535
2707,4589
2707,4602
2707,4787
2707,4893
2707,4920
2708,3406
2708,3491
2708,3563
2708,3762
2708,3813
2708,3861
2708,4001
2708,4019
2708,4033
2708,4065
2708,4100
2708,4194
2708,4679
2708,4707
2708,4813
2708,4986
2709,2897
2709,2928
2709,2929
2709,3059
2709,3524
2709,3605
2709,3790
2709,3818
2709,3967
2709,4295
2709,4371
2709,4511
2709,4656
2709,4808
2709,4852
2709,4888
2709,4977
2710,2988
2710,3179
2710,3324
2710,3400
2710,3476
2710,3580
2710,3757
2710,3928
2710,4019
2710,4357
2710,4664
2710,4799
2711,2785
2711,2888
2711,3700
2711,3758
2711,3788
2711,3908
2711,3910
2711,3970
2711,4143
2711,4203
2711,4304
2711,4373
2711,4427
2711,4507
2711,4731
2712,2833
2712,2959
2712,3378
2712,3522
2712,3932
2712,4143
2712,4337
2712,4928
2713,2925
2713,3124
2713,3817
2713,4010
2713,4206
2713,4208
2713,4546
2713,4605
2713,4712
2713,4729
2714,2804
2714,2871
2714,2910
2714,3811
2714,3944
2714,4006
2714,4119
2714,4187
2714,4223
2714,4845
2714,4897
2715,2779
2715,3147
2715,3737
2715,4104
2715,4298
2715,4306
2715,4667
2715,4690
2715,4785
2716,3036
2716,3583
2716,4005
2716,4095
2716,4135
2716,4333
2716,4479
2716,4559
2716,4707
2716,4959
2717,2725
2717,3023
2717,3472
2717,3862
2717,4148
2717,4191
2717,4233
2717,4255
2717,4798
2718,2762
2718,2767
2718,2820
2718,3074
2718,3488
2718,4321
2718,4427
2718,4671
2719,2963
2719,3194
2719,3362
2719,3431
2719,3667
2719,3889
2719,3957
2719,3975
2719,4132
2719,4157
2719,4403
2719,4523
2719,4645
2719,4797
2720,3344
2720,3442
2720,3459
2720,3699
2720,3743
2720,3769
2720,3851
2720,3900
2720,4587
2720,4701
2720,4841
2720,4927
2721,2984
2721,3069
2721,3128
2721,3660
2721,3759
2721,3978
2721,4094
2721,4120
2721,4518
2721,4708
2721,4926
2722,2855
2722,3218
2722,3294
2722,3314
2722,3351
2722,3621
2722,3895
2722,3981
2722,4161
2722,4225
2722,4251
2722,4439
2722,4470
2722,4560
2722,4625
2722,4764
2723,2727
2723,2754
2723,2859
2723,2982
2723,3025
2723,4044
2723,4106
2723,4757
2724,2856
2724,3268
2724,3496
2724,3521
2724,3547
2724,3799
2724,3814
2724,3953
2724,4068
2724,4257
2724,4264
2724,4423
2724,4591
2724,4682
2724,4821
2724,4894
2725,3077
2725,3093
2725,3300
2725,3413
2725,3533
2725,3552
2725,4399
2726,2835
2726,3218
2726,3257
2726,3330
2726,3585
2726,3791
2726,3996
2726,4013
2726,4266
2726,4505
2726,4520
2726,4791
2726,4900
2727,2799
2727,2856
2727,2948
2727,2990
2727,3041
2727,3393
2727,3466
2727,3607
2727,3749
2727,3785
2727,4620
2727,4765
2727,4784
2728,2754
2728,2808
2728,2812
2728,2821
2728,2900
2728,2950
2728,3041
2728,3503
2728,3798
2728,4139
2728,4203
2728,4596
2728,4712
2728,4725
2728,4988
2729,2817
2729,3017
2729,3263
2729,3387
2729,3419
2729,3585
2729,3929
2729,4301
2729,4492
2729,4865
2730,2826
2730,2891
2730,2909
2730,3470
2730,3900
2730,3993
2730,4023
2730,4273
2730,4566
2730,4706
2730,4847
2730,4870
2730,4875
2730,4967
2731,2758
2731,2856
2731,2916
2731,2983
2731,3261
2731,3612
2731,3764
2731,4181
2731,4312
2731,4524
2731,4595
2731,4715
2731,4738
2731,4852
2731,4887
2732,2740
2732,3039
2732,3431
2732,3539
2732,3811
2732,3994
2732,4100
2732,4281
2732,4293
2732,4644
2732,4916
2733,2961
2733,3513
2733,3563
2733,3584
2733,3586
2733,3640
2733,3725
2733,3735
2733,3972
2733,4395
2733,4505
2733,4585
2733,4612
2733,4681
2733,4743
2733,4803
2734,3231
2734,3254
2734,3379
2734,3955
2734,4068
2734,4210
2734,4315
2734,4503
2734,4771
2734,4891
2735,2775
2735,2791
2735,2904
2735,3265
2735,3767
2735,3940
2735,3954
2735,4465
2735,4509
2735,4574
2735,4597
2735,4659
2735,4969
2735,4980
2736,2782
2736,3051
2736,3530
2736,3762
2736,3944
2736,4291
2736,4303
2736,4774
2736,4903
2737,2964
2737,3096
2737,3103
2737,3130
2737,3654
2737,3716
2737,3843
2737,3889
2737,3942
2737,4147
2737,4543
2737,4546
2737,4908
2738,3132
2738,3157
2738,3404
2738,3713
2738,3808
2738,3904
2738,4423
2738,4557
2738,4802
2738,4950
2739,2925
2739,3377
2739,3384
2739,3667
2739,4647
2739,4778
2740,2995
2740,3004
2740,3016
2740,3264
2740,3351
2740,3380
2740,3548
2740,3942
2740,3976
2740,4048
2740,4571
2740,4881
2740,4991
2741,2802
2741,3556
2741,3631
2741,4124
2741,4245
2741,4309
2741,4730
2741,4835
2741,4870
2742,2792
2742,3077
2742,3084
2742,3107
2742,3205
2742,3340
2742,3795
2742,4021
2742,4216
2742,4297
2742,4604
2743,2918
2743,3082
2743,3832
2743,3886
2743,3991
2743,4486
2743,4546
2743,4686
2743,4826
2744,2947
2744,3369
2744,3553
2744,3565
2744,3818
2744,4085
2744,4273
2744,4299
2744,4341
2744,4466
2744,4682
2745,2860
2745,2965
2745,3738
2745,3766
2745,4044
2745,4091
2745,4121
2745,4368
2745,4843
2746,3043
2746,3690
2746,3701
2746,3711
2746,3876
2746,4686
2746,4704
2747,2777
2747,3142
2747,3284
2747,3391
2747,3769
2747,3876
2747,4134
2747,4175
2747,4349
2747,4499
2747,4585
2747,4588
2747,4990
2748,2764
2748,2794
2748,3510
2748,4255
2748,4342
2748,4843
2749,2934
2749,2940
2749,3286
2749,3598
2749,3647
2749,3868
2749,4308
2749,4383
2749,4483
2749,4751
2749,4797
2749,4890
2750,2888
2750,3089
2750,3296
2750,3530
2750,3699
2750,3907
2750,4064
2750,4088
2750,4279
2750,4450
2750,4589
2750,4594
2750,4686
2750,4814
2751,2827
2751,3033
2751,3086
2751,3303
2751,3335
2751,3723
2751,3788
2751,3825
2751,3866
2751,4112
2751,4164
2751,4920
2752,3046
2752,3176
2752,3721
2752,3769
2752,3965
2752,4000
2752,4035
2752,4191
2752,4302
2752,4426
2752,4490
2752,4662
2752,4747
2753,2791
2753,2828
2753,2926
2753,3227
2753,3290
2753,3575
2753,3594
2753,3739
2753,3755
2753,4026
2753,4280
2753,4316
2753,4333
2753,4415
2753,4486
2753,4495
2753,4575
2753,4970
2753,4979
2754,2893
2754,2908
2754,3020
2754,3035
2754,3128
2754,3695
2754,3952
2754,3996
2754,4012
2754,4306
2754,4775
2755,3099
2755,3621
2755,3668
2755,4299
2755,4798
2756,2902
2756,2904
2756,2981
2756,3109
2756,3203
2756,3691
2756,3910
2756,4114
2756,4186
2756,4284
2756,4478
2756,4517
2756,4631
2757,2965
2757,2969
2757,2985
2757,3362
2757,3392
2757,3649
2757,3703
2757,4123
2757,4176
2757,4472
2758,2802
2758,3266
2758,3319
2758,3359
2758,3707
2758,4043
2758,4124
2758,4199
2758,4233
2758,4378
2758,4474
2758,4613
2758,4615
2758,4621
2758,4763
2759,2858
2759,2951
2759,3625
2759,3647
2759,3786
2759,3854
2759,3916
2759,3966
2759,4137
2759,4298
2759,4332
2759,4621
2759,4897
2759,4997
2760,2889
2760,3040
2760,3057
2760,3359
2760,3452
2760,3564
2760,3812
2760,3878
2760,3893
2760,3934
2760,3959
2760,3980
2760,4176
2760,4391
2760,4680
2760,4758
2760,4923
2760,4978
2761,2961
2761,3113
2761,3384
2761,3527
2761,4330
2761,4434
2761,4486
2761,4557
2762,2888
2762,2907
2762,2941
2762,3063
2762,3229
2762,4000
2762,4029
2762,4191
2762,4363
2762,4913
2763,3118
2763,3322
2763,3636
2763,3694
2763,3940
2763,3944
2763,4168
2763,4299
2763,4794
2763,4798
2763,4853
2764,2816
2764,3155
2764,3252
2764,3278
2764,3347
2764,3538
2764,3608
2764,3789
2764,3869
2764,3919
2764,4048
2764,4159
2764,4195
2764,4229
2764,4460
2764,4647
2764,4723
2764,4759
2764,4921
2764,4922
2765,3148
2765,3306
2765,3718
2765,3795
2765,3943
2765,4416
2766,3044
2766,3284
2766,3437
2766,3460
2766,3558
2766,3567
2766,3643
2766,4066
2766,4105
2766,4310
2766,4339
2766,4823
2767,3079
2767,3126
2767,4263
2767,4547
2767,4560
2768,2822
2768,3261
2768,3738
2768,3871
2768,3893
2768,4260
2768,4697
2769,2902
2769,3015
2769,3103
2769,3268
2769,3818
2769,4071
2769,4601
2769,4712
2769,4958
2770,3043
2770,3077
2770,3130
2770,3329
2770,3535
2770,3755
2770,3774
2770,3993
2770,4106
2770,4213
2770,4362
2770,4376
2770,4559
2770,4807
2771,2772
2771,3157
2771,3607
2771,3609
2771,3657
2771,3940
2771,3972
2771,4048
2771,4092
2771,4398
2771,4436
2771,4561
2772,2912
2772,2919
2772,3591
2772,3617
2772,3959
2772,3975
2772,4206
2772,4209
2772,4710
2773,2801
2773,2888
2773,2937
2773,2962
2773,3504
2773,4308
2773,4315
2773,4637
2773,4709
2773,4773
2773,4867
2774,3789
2774,3842
2774,3847
2774,3989
2774,4083
2774,4646
2775,2848
2775,3569
2775,3844
2775,4203
2775,4592
2775,4678
2775,4727
2776,3303
2776,3436
2776,3508
2776,3659
2776,3679
2776,3733
2776,3747
2776,3947
2776,4010
2776,4045
2776,4083
2776,4350
2776,4767
2777,2795
2777,2807
2777,2811
2777,2860
2777,3122
2777,3209
2777,3541
2777,3666
2777,3862
2777,3906
2777,4089
2777,4116
2777,4208
2777,4372
2777,4428
2777,4461
2777,4520
2777,4935
2777,4978
2777,4985
2778,3100
2778,3240
2778,3335
2778,3375
2778,3499
2778,3964
2778,3973
2778,4320
2778,4323
2778,4439
2779,2998
2779,3099
2779,3415
2779,3635
2779,3704
2779,3845
2779,4296
2779,4369
2779,4618
2779,4713
2779,4869
2780,2947
2780,3015
2780,3071
2780,3138
2780,3353
2780,3429
2780,3533
2780,3671
2780,3837
2780,3924
2780,4011
2780,4370
2780,4400
2780,4547
2781,3010
2781,3399
2781,4347
2781,4416
2781,4430
2781,4502
2781,4717
2781,4720
2781,4851
2782,2930
2782,3330
2782,3373
2782,3561
2782,3618
2782,4080
2782,4711
2782,4723
2782,4797
2782,4920
2783,2794
2783,2805
2783,2836
2783,2861
2783,3111
2783,3172
2783,3216
2783,3331
2783,3333
2783,3415
2783,3559
2783,3805
2783,4482
2783,4515
2783,4902
2784,3027
2784,3036
2784,3061
2784,3092
2784,3096
2784,3285
2784,3598
2784,3653
2784,3827
2784,4082
2784,4266
2784,4289
2784,4377
2784,4444
2784,4789
2784,4899
2784,4938
2785,3013
2785,3156
2785,3256
2785,3265
2785,3509
2785,3586
2785,3641
2785,3704
2785,4077
2785,4227
2785,4288
2785,4374
2785,4458
2785,4546
2785,4583
2786,3124
2786,3479
2786,3666
2786,3678
2786,3949
2786,4001
2786,4089
2786,4102
2786,4370
2786,4476
2787,2898
2787,2913
2787,3171
2787,3330
2787,3660
2787,3668
2787,3875
2787,4124
2787,4472
2787,4574
2788,3049
2788,3356
2788,3535
2788,3835
2788,4191
2788,4654
2788,4719
2788,4737
2788,4949
2789,2850
2789,2923
2789,3300
2789,3493
2789,3643
2789,4077
2789,4240
2789,4467
2789,4546
2789,4844
2789,4900
2790,2810
2790,3277
2790,3387
2790,3768
2790,4083
2790,4122
2790,4521
2790,4740
2791,2819
2791,3203
2791,3369
2791,3491
2791,3734
2791,3970
2791,4072
2791,4159
2791,4166
2791,4182
2791,4427
2791,4486
2791,4502
2792,2882
2792,3060
2792,3114
2792,3168
2792,3322
2792,3823
2792,3862
2792,4457
2792,4967
2793,2858
2793,2981
2793,3006
2793,3459
2793,3525
2793,3925
2793,3995
2793,4090
2794,3337
2794,3455
2794,3605
2794,3833
2794,4026
2794,4358
2794,4429
2794,4496
2794,4734
2794,4775
2794,4920
2795,2873
2795,3255
2795,3534
2795,3855
2795,4035
2795,4158
2795,4643
2795,4903
2795,4972
2796,2997
2796,3344
2796,3490
2796,3573
2796,3583
2796,3974
2796,4472
2796,4633
2796,4877
2796,4899
2796,4939
2797,3040
2797,3181
2797,3440
2797,3886
2797,3903
2797,4118
2797,4199
2797,4212
2797,4399
2797,4461
2797,4605
2797,4639
2797,4801
2797,4988
2798,2904
2798,3024
2798,3493
2798,3642
2798,4352
2798,4558
2798,4626
2798,4698
2798,4821
2799,3099
2799,3184
2799,3355
2799,3389
2799,3509
2799,3728
2799,3765
2799,3775
2799,4000
2799,4210
2799,4681
2799,4816
2800,2886
2800,2963
2800,3099
2800,3563
2800,3687
2800,3732
2800,3747
2800,3798
2800,3910
2800,4450
2800,4537
2800,4766
2800,4820
2800,4912
2800,4945
2800,4966
2801,3104
2801,3308
2801,3468
2801,3494
2801,3848
2801,4169
2801,4339
2801,4530
2801,4547
2801,4592
2801,4693
2801,4731
2802,2867
2802,3089
2802,3589
2802,3680
2802,3846
2802,3887
2802,4083
2802,4198
2802,4348
2802,4352
2802,4449
2802,4778
2802,4818
2802,4863
2803,3108
2803,3292
2803,3491
2803,3929
2803,3963
2803,4180
2803,4541
2803,4587
2803,4613
2803,4806
2804,2949
2804,3004
2804,3225
2804,3255
2804,3573
2804,3892
2804,3916
2804,4339
2804,4460
2804,4611
2804,4687
2804,4990
2805,3109
2805,3277
2805,3659
2805,3717
2805,3877
2805,3910
2805,3929
2805,3977
2805,4661
2805,4964
2806,3045
2806,3190
2806,3258
2806,3590
2806,4225
2806,4287
2806,4297
2806,4598
2806,4608
2806,4760
2806,4790
2806,4863
2807,2862
2807,3008
2807,3090
2807,3516
2807,3605
2807,3933
2807,4409
2807,4433
2807,4539
2807,4673
2807,4782
2807,4928
2808,2994
2808,3071
2808,3194
2808,3434
2808,3523
2808,3685
2808,3722
2808,4008
2808,4223
2808,4401
2808,4876
2808,4943
2809,3249
2809,3355
2809,3490
2809,3694
2809,4045
2809,4083
2809,4160
2809,4719
2809,4764
2810,2962
2810,3186
2810,3372
2810,3418
2810,3427
2810,4092
2810,4308
2810,4650
2810,4653
2810,4679
2810,4847
2811,2846
2811,3012
2811,3407
2811,3417
2811,3839
2811,4360
2811,4413
2811,4637
2812,2877
2812,2898
2812,3079
2812,3096
2812,3137
2812,3365
2812,3534
2812,3872
2812,3957
2812,4046
2812,4122
2812,4126
2812,4386
2812,4712
2812,4762
2812,4857
2813,3393
2813,3547
2813,3733
2813,3983
2813,4394
2813,4527
2813,4631
2813,4774
2813,4807
2813,4855
2814,2825
2814,3272
2814,3294
2814,3303
2814,3771
2814,3856
2814,3974
2814,4046
2814,4051
2814,4079
2814,4590
2814,4640
2814,4655
2815,2846
2815,2934
2815,2935
2815,2969
2815,3082
2815,3357
2815,3545
2815,3563
2815,3640
2815,4221
2815,4369
2815,4408
2815,4715
2815,4760
2815,4804
2816,2856
2816,2934
2816,3216
2816,3374
2816,3497
2816,3503
2816,3866
2816,4172
2816,4680
2816,4952
2817,2870
2817,3026
2817,3130
2817,3253
2817,3729
2817,3737
2817,4148
2817,4384
2817,4967
2817,4986
2818,2896
2818,2936
2818,3262
2818,4223
2818,4294
2818,4540
2818,4684
2818,4931
2819,2823
2819,2915
2819,3098
2819,3266
2819,3319
2819,3688
2819,4387
2819,4501
2819,4896
2820,2850
2820,2943
2820,3112
2820,3323
2820,3338
2820,3339
2820,4175
2820,4182
2820,4189
2820,4329
2820,4428
2820,4687
2821,2986
2821,2991
2821,3107
2821,3238
2821,3291
2821,3337
2821,3400
2821,3401
2821,3671
2821,4081
2821,4459
2821,4603
2821,4943
2822,3042
2822,3153
2822,3287
2822,3612
2822,4124
2822,4650
2823,2911
2823,2972
2823,3117
2823,3325
2823,3332
2823,3468
2823,4128
2823,4231
2823,4495
2823,4774
2823,4982
2824,2908
2824,3353
2824,3697
2824,4072
2824,4186
2824,4364
2824,4388
2824,4545
2824,4624
2825,3070
2825,3161
2825,3401
2825,4244
2825,4759
2825,4840
2825,4978
2826,2888
2826,3002
2826,3064
2826,3750
2826,3752
2826,4128
2826,4148
2826,4318
2826,4417
2826,4744
2826,4750
2826,4894
2827,2937
2827,3044
2827,3678
2827,4009
2827,4036
2827,4098
2827,4280
2827,4329
2827,4332
2827,4569
2827,4605
2827,4856
2827,4983
2828,3231
2828,3423
2828,3458
2828,3581
2828,3960
2828,4022
2829,2901
2829,3055
2829,3397
2829,3613
2829,3917
2829,3927
2829,3931
2829,4276
2829,4433
2829,4487
2829,4550
2829,4798
2829,4849
2829,4861
2829,4866
2829,4916
2829,4968
2830,2978
2830,3003
2830,3279
2830,3306
2830,3336
2830,3671
2830,3790
2830,3875
2830,3893
2830,4350
2831,3410
2831,3538
2831,3768
2831,3916
2831,3926
2831,4856
2831,4932
2831,4951
2832,3277
2832,3317
2832,3612
2832,3680
2832,3705
2832,3710
2832,3891
2832,3992
2832,4041
2832,4052
2832,4125
2833,3113
2833,3290
2833,3574
2833,3676
2833,3733
2833,3817
2833,4093
2833,4112
2833,4731
2833,4883
2833,4904
2834,2838
2834,3380
2834,3609
2834,3893
2834,4011
2834,4016
2834,4404
2834,4610
2834,4962
2835,2985
2835,3214
2835,3315
2835,3386
2835,3488
2835,3661
2835,3827
2835,4246
2835,4262
2835,4649
2836,3067
2836,3443
2836,3446
2836,3518
2836,3711
2836,3780
2836,4147
2836,4356
2836,4594
2836,4601
2836,4767
2836,4901
2836,4950
2837,3015
2837,3432
2837,3706
2837,3989
2837,4233
2837,4249
2837,4271
2837,4568
2837,4671
2837,4748
2837,4899
2837,4942
2838,3025
2838,3026
2838,3178
2838,3218
2838,3442
2838,3990
2838,4125
2838,4146
2838,4153
2838,4165
2838,4290
2838,4639
2838,4678
2838,4961
2838,4982
2839,2968
2839,2984
2839,3483
2839,3832
2839,4100
2839,4344
2839,4371
2839,4634
2839,4857
2839,4871
2839,4888
2839,4957
2840,2915
2840,3074
2840,3242
2840,3526
2840,3544
2840,4093
2840,4572
2840,4578
2840,4725
2840,4990
2841,2898
2841,2910
2841,3207
2841,3778
2841,4276
2842,2865
2842,3165
2842,3351
2842,3445
2842,3474
2842,3846
2842,3879
2842,4244
2842,4594
2842,4741
2842,4770
2842,4835
2842,4977
2843,2951
2843,3327
2843,3583
2843,3658
2843,3827
2843,4032
2843,4362
2843,4507
2843,4911
2844,2856
2844,2891
2844,2900
2844,3074
2844,3236
2844,3381
2844,3505
2844,3870
2844,3879
2844,4006
2844,4619
2844,4920
2845,2985
2845,3459
2845,3662
2845,3957
2845,4021
2845,4042
2845,4108
2845,4546
2845,4605
2845,4672
2845,4882
2845,4908
2845,4995
2846,2966
2846,3085
2846,3256
2846,3455
2846,3494
2846,3543
2846,3957
2846,4095
2846,4217
2846,4342
2846,4551
2846,4555
2846,4687
2846,4689
2846,4728
2847,2968
2847,3480
2847,3620
2847,3679
2847,3689
2847,4081
2847,4112
2848,3012
2848,3169
2848,3265
2848,3593
2848,3922
2848,3985
2848,4135
2848,4228
2848,4370
2848,4427
2848,4572
2848,4724
2848,4857
2849,3085
2849,3090
2849,3272
2849,3327
2849,3478
2849,3550
2849,3944
2849,3957
2849,4369
2849,4465
2849,4582
2849,4683
2849,4923
2849,4982
2850,2891
2850,2983
2850,3074
2850,3081
2850,3139
2850,3405
2850,3636
2850,3913
2850,4147
2850,4207
2850,4837
2850,4877
2851,2958
2851,2990
2851,3211
2851,3240
2851,3888
2851,3995
2851,4249
2851,4502
2851,4615
2851,4879
2852,2923
2852,3306
2852,3311
2852,3377
2852,3560
2852,3999
2852,4244
2852,4264
2852,4357
2852,4729
2852,4785
2852,4813
2852,4855
2852,4948
2853,2893
2853,3073
2853,3129
2853,3153
2853,3431
2853,3529
2853,3820
2853,3967
2853,3985
2853,3990
2853,4485
2853,4778
2854,2898
2854,3163
2854,3313
2854,3366
2854,3399
2854,3741
2854,3811
2854,3853
2854,3855
2854,3861
2854,3936
2854,4139
2854,4467
2854,4489
2854,4572
2854,4682
2855,3399
2855,3459
2855,3948
2855,4053
2855,4262
2855,4381
2855,4503
2856,2923
2856,3175
2856,3197
2856,3306
2856,3450
2856,3781
2856,3830
2856,4348
2857,2956
2857,3178
2857,3191
2857,3322
2857,3489
2857,3670
2857,3716
2857,3725
2857,3751
2857,3767
2857,3769
2857,3807
2857,4261
2857,4269
2857,4319
2857,4643
2857,4899
2858,3108
2858,3239
2858,3697
2858,3741
2858,4100
2858,4423
2858,4471
2859,3155
2859,3450
2859,3454
2859,3486
2859,3537
2859,3722
2859,4049
2859,4057
2859,4311
2859,4694
2859,4738
2859,4875
2860,2907
2860,2947
2860,3103
2860,3273
2860,3342
2860,3564
2860,3590
2860,3617
2860,3876
2860,4057
2860,4148
2860,4163
2860,4565
2860,4690
2860,4727
2860,4807
2860,4976
2861,3001
2861,3031
2861,3781
2861,3934
2861,4033
2861,4067
2861,4150
2861,4297
2861,4435
2861,4489
2861,4541
2861,4891
2862,2930
2862,2959
2862,3056
2862,3255
2862,3438
2862,3512
2862,3516
2862,3645
2862,4043
2862,4330
2862,4561
2862,4631
2863,3014
2863,3211
2863,3477
2863,3712
2863,3900
2863,4137
2863,4531
2863,4568
2863,4700
2864,3548
2864,3961
2864,4060
2864,4322
2864,4410
2864,4960
2865,3059
2865,3146
2865,3370
2865,3419
2865,3431
2865,3471
2865,3984
2865,4016
2865,4033
2865,4435
2865,4866
2866,2949
2866,3107
2866,3172
2866,3289
2866,3310
2866,3377
2866,3384
2866,3565
2866,3742
2866,3769
2866,4079
2866,4277
2866,4407
2866,4510
2866,4576
2866,4596
2866,4780
2867,3347
2867,3410
2867,3449
2867,3498
2867,3678
2867,3849
2867,3981
2867,4179
2867,4334
2867,4448
2867,4586
2867,4697
2867,4796
2867,4859
2867,4871
2868,2882
2868,2999
2868,3909
2868,3995
2868,4049
2868,4516
2868,4887
2868,4982
2869,2895
2869,2995
2869,3385
2869,3727
2869,3828
2869,3952
2869,4035
2869,4166
2869,4958
2870,2961
2870,3102
2870,3275
2870,3330
2870,3858
2870,4280
2870,4318
2870,4600
2870,4615
2870,4692
2870,4758
2870,4923
2870,4954
2871,2887
2871,3382
2871,3522
2871,3588
2871,3881
2871,3992
2871,4546
2871,4672
2871,4686
2871,4807
2871,4998
2872,3134
2872,3320
2872,3354
2872,3563
2872,3625
2872,3730
2872,3986
2872,4458
2872,4824
2873,2932
2873,3032
2873,3084
2873,3338
2873,3429
2873,3977
2873,4032
2873,4182
2873,4194
2873,4474
2873,4503
2873,4515
2873,4562
2873,4772
2873,4943
2874,3292
2874,3590
2874,3641
2874,3682
2874,4014
2874,4322
2874,4641
2875,3269
2875,3658
2875,3673
2875,3712
2875,3804
2875,4071
2875,4080
2875,4142
2875,4638
2875,4763
2875,4804
2875,4901
2876,2971
2876,3483
2876,3542
2876,3544
2876,3652
2876,4204
2877,2995
2877,3016
2877,3309
2877,3482
2877,3519
2877,3704
2877,3805
2877,3836
2877,4103
2877,4135
2877,4157
2877,4168
2877,4639
2877,4925
2878,3172
2878,3272
2878,3505
2878,3508
2878,3733
2878,3777
2878,4007
2878,4136
2878,4287
2878,4923
2879,3028
2879,3671
2879,3762
2879,3766
2879,4063
2879,4086
2879,4245
2879,4395
2879,4669
2879,4762
2879,4888
2879,4972
2880,3181
2880,3253
2880,3518
2880,3807
2880,4402
2881,3014
2881,3021
2881,3537
2881,4197
2881,4257
2881,4828
2882,2985
2882,3283
2882,3292
2882,3304
2882,3822
2882,3911
2882,4384
2882,4451
2882,4591
2882,4877
2882,4880
2883,2980
2883,3094
2883,3411
2883,4157
2883,4232
2883,4244
2883,4568
2883,4928
2884,2977
2884,3194
2884,3283
2884,3330
2884,3784
2884,3902
2884,4562
2884,4594
2884,4639
2884,4832
2885,3089
2885,3099
2885,3361
2885,3373
2885,3907
2885,4152
2885,4727
2885,4791
2885,4795
2885,4886
2885,4969
2886,3194
2886,3586
2886,3982
2886,3984
2886,4308
2886,4401
2886,4644
2886,4805
2886,4870
2886,4951
2887,3453
2887,3650
2887,3943
2887,4030
2887,4122
2887,4192
2887,4263
2887,4277
2887,4820
2887,4835
2887,4865
2887,4994
2888,2989
2888,3109
2888,3439
2888,3652
2888,3928
2888,4337
2888,4434
2888,4743
2888,4772
2888,4872
2888,4935
2889,2991
2889,3066
2889,3126
2889,3536
2889,3725
2889,3806
2889,3858
2889,4077
2889,4145
2889,4514
2889,4563
2890,3037
2890,3389
2890,3503
2890,3683
2890,3726
2890,4032
2890,4089
2890,4161
2890,4187
2890,4297
2890,4343
2890,4626
2890,4705
2891,3008
2891,3535
2891,3720
2891,3786
2891,3839
2891,3882
2891,4331
2891,4445
2891,4593
2891,4615
2891,4788
2891,4950
2892,2922
2892,3739
2892,4029
2892,4043
2892,4058
2892,4276
2892,4306
2892,4637
2892,4708
2892,4948
2893,2940
2893,3178
2893,3183
2893,3530
2893,3760
2893,3913
2893,4269
2893,4311
2893,4324
2893,4403
2894,3439
2894,3585
2894,3615
2894,4008
2894,4017
2894,4234
2894,4284
2894,4385
2894,4795
2894,4925
2895,3165
2895,3378
2895,3466
2895,3484
2895,3517
2895,3766
2895,3811
2895,4287
2895,4921
2895,4988
2896,3002
2896,3094
2896,3312
2896,4035
2896,4260
2896,4383
2896,4564
2896,4645
2896,4725
2896,4922
2897,2984
2897,2999
2897,3025
2897,3045
2897,3093
2897,3181
2897,3484
2897,3546
2897,3989
2897,4202
2897,4213
2897,4391
2897,4658
2897,4724
2897,4766
2897,4789
2898,3117
2898,3140
2898,3178
2898,3509
2898,3699
2898,3767
2898,3811
2898,3931
2898,3988
2898,4102
2898,4342
2898,4494
2898,4535
2898,4981
2899,2943
2899,3021
2899,3048
2899,3133
2899,4688
2899,4803
2900,3036
2900,3282
2900,3329
2900,3415
2900,3470
2900,3523
2900,3585
2900,3937
2900,4049
2900,4275
2900,4686
2900,4782
2901,2922
2901,2965
2901,3082
2901,3103
2901,3367
2901,3505
2901,3523
2901,3702
2901,3931
2901,4052
2901,4250
2901,4562
2901,4581
2901,4850
2901,4907
2901,4946
2902,3202
2902,3742
2902,3745
2902,3814
2902,3818
2902,4064
2902,4569
2902,4632
2902,4660
2902,4717
2903,2919
2903,2978
2903,2981
2903,3653
2903,3666
2903,3784
2903,4081
2903,4250
2903,4357
2903,4458
2903,4875
2903,4976
2904,2984
2904,3270
2904,3314
2904,3650
2904,3703
2904,3809
2904,3877
2904,3882
2904,3954
2904,4246
2904,4312
2904,4481
2904,4563
2904,4602
2905,2986
2905,3039
2905,3065
2905,3086
2905,3155
2905,3176
2905,3196
2905,3429
2905,3693
2905,3830
2905,4051
2905,4587
2905,4641
2906,2922
2906,2976
2906,3613
2906,3616
2906,3758
2906,3850
2906,4102
2906,4274
2906,4323
2906,4396
2906,4494
2906,4691
2906,4902
2907,2970
2907,3237
2907,3347
2907,3428
2907,3493
2907,3651
2907,3667
2907,4292
2907,4446
2907,4581
2907,4838
2908,3156
2908,3408
2908,3501
2908,3637
2908,3995
2908,4576
2909,3190
2909,4055
2909,4175
2909,4182
2909,4426
2909,4672
2909,4965
2910,2920
2910,2972
2910,3139
2910,3215
2910,3516
2910,3583
2910,3829
2910,4096
2910,4430
2910,4701
2911,3144
2911,4260
2911,4367
2911,4406
2911,4924
2911,4971
2912,3233
2912,3334
2912,3388
2912,3890
2912,3974
2912,3976
2912,4138
2912,4201
2912,4402
2912,4432
2913,3018
2913,3418
2913,3542
2913,3779
2913,3853
2913,3976
2913,4097
2913,4135
2913,4163
2913,4437
2913,4464
2914,3133
2914,3272
2914,3397
2914,3442
2914,3514
2914,3722
2914,3768
2914,3831
2914,3884
2914,3927
2914,3990
2914,4250
2914,4274
2914,4428
2914,4481
2914,4521
2914,4740
2914,4788
2915,2917
2915,3147
2915,3250
2915,3255
2915,3439
2915,3811
2915,3897
2915,4588
2915,4646
2915,4955
2916,3123
2916,3454
2916,3683
2916,3814
2916,3934
2916,4018
2916,4109
2916,4381
2916,4565
2916,4656
2917,2958
2917,3047
2917,3317
2917,4041
2917,4155
2917,4225
2917,4383
2917,4992
2918,2926
2918,3148
2918,3174
2918,3940
2918,4124
2918,4129
2918,4153
2918,4352
2918,4379
2918,4520
2918,4748
2918,4773
2919,3099
2919,3408
2919,4012
2919,4069
2919,4489
2919,4788
2920,3034
2920,3053
2920,3130
2920,3238
2920,3369
2920,3404
2920,3534
2920,3714
2920,3910
2920,3958
2920,3973
2920,4024
2920,4040
2920,4225
2920,4974
2921,3477
2921,3518
2921,3525
2921,3805
2921,3993
2921,4227
2921,4717
2921,4865
2922,3090
2922,3203
2922,3253
2922,3338
2922,3454
2922,3519
2922,3989
2922,4394
2922,4422
2922,4632
2922,4867
2922,4899
2923,3054
2923,3145
2923,3373
2923,3481
2923,3782
2923,3879
2923,3904
2923,4099
2923,4184
2923,4212
2923,4216
2923,4259
2923,4383
2923,4407
2923,4632
2923,4792
2923,4805
2924,2997
2924,3197
2924,3336
2924,3986
2924,4624
2925,3245
2925,3385
2925,3429
2925,3513
2925,3777
2925,4081
2925,4178
2925,4467
2925,4490
2925,4816
2926,2979
2926,3204
2926,3302
2926,3425
2926,3526
2926,3714
2926,3933
2926,4021
2926,4023
2926,4134
2926,4277
2926,4929
2927,3074
2927,3290
2927,3336
2927,3349
2927,3473
2927,3703
2927,3802
2927,3883
2927,3943
2927,4329
2927,4447
2927,4823
2927,4924
2927,4965
2928,2971
2928,3255
2928,3458
2928,3508
2928,3569
2928,3693
2928,3776
2928,3821
2928,4019
2928,4551
2928,4875
2929,3795
2929,4161
2929,4430
2929,4565
2929,4649
2929,4743
2930,2936
2930,2943
2930,3129
2930,3385
2930,3424
2930,3584
2930,3816
2930,3844
2930,4198
2930,4442
2930,4478
2930,4584
2930,4683
2930,4716
2930,4968
2931,3006
2931,3327
2931,3355
2931,3361
2931,3698
2931,3739
2931,3853
2931,4103
2931,4241
2931,4255
2931,4306
2931,4437
2931,4762
2931,4836
2932,3026
2932,3068
2932,3167
2932,3237
2932,3316
2932,3409
2932,3861
2932,3947
2932,4036
2932,4220
2932,4257
2932,4424
2932,4506
2932,4557
2932,4614
2932,4681
2932,4683
2932,4701
2932,4763
2932,4855
2932,4922
2933,3130
2933,3613
2933,3895
2933,3903
2933,3926
2933,3942
2933,3990
2933,4017
2933,4459
2933,4511
2933,4564
2933,4769
2934,3068
2934,3208
2934,3391
2934,3697
2934,3770
2934,3937
2934,3960
2934,4111
2934,4123
2934,4485
2934,4553
2934,4554
2934,4560
2934,4579
2934,4987
2935,3132
2935,3470
2935,3741
2935,4079
2935,4431
2936,3012
2936,3107
2936,3514
2936,3549
2936,3679
2936,3763
2936,3896
2936,4335
2936,4772
2936,4813
2936,4946
2937,3063
2937,3528
2937,4076
2937,4739
2937,4927
2937,4948
2938,3061
2938,3481
2938,3553
2938,3943
2938,4084
2938,4393
2938,4686
2938,4790
2939,3270
2939,3440
2939,3732
2939,3846
2939,3878
2939,3981
2939,3985
2939,4194
2939,4231
2939,4394
2939,4491
2939,4559
2939,4881
2939,4938
2940,3051
2940,3504
2940,3680
2940,3842
2940,4072
2940,4081
2940,4216
2940,4409
2940,4429
2941,3032
2941,3692
2941,3736
2941,3813
2941,4042
2941,4126
2941,4212
2941,4296
2941,4461
2941,4775
2942,3442
2942,3665
2942,4003
2942,4418
2942,4750
2942,4777
2942,4792
2943,3753
2943,4048
2943,4121
2943,4746
2943,4754
2943,4757
2943,4897
2943,4957
2943,4986
2944,2970
2944,3233
2944,3870
2944,4223
2945,3149
2945,3416
2945,3624
2945,3661
2945,3908
2945,4113
2945,4145
2945,4287
2945,4420
2945,4495
2945,4695
2945,4702
2945,4931
2945,4974
2946,3072
2946,3311
2946,3479
2946,3725
2946,3786
2946,3951
2946,4330
2946,4402
2946,4527
2946,4640
2946,4984
2947,3041
2947,3101
2947,3134
2947,3336
2947,4110
2947,4132
2947,4237
2947,4250
2947,4592
2947,4645
2947,4741
2948,3243
2948,3282
2948,3501
2948,3517
2948,3565
2948,3665
2948,4104
2948,4135
2948,4532
2948,4566
2948,4644
2948,4779
2948,4926
2949,3028
2949,3149
2949,3248
2949,3352
2949,3392
2949,3396
2949,3469
2949,3548
2949,3755
2949,3759
2949,3765
2949,3953
2949,4019
2949,4218
2949,4323
2949,4352
2949,4519
2949,4727
2949,4796
2949,4927
2950,3172
2950,3488
2950,3545
2950,3660
2950,3970
2950,4145
2950,4175
2950,4187
2950,4497
2950,4817
2951,3116
2951,3324
2951,3546
2951,3603
2951,3896
2951,4017
2951,4205
2951,4244
2951,4478
2951,4609
2951,4717
2951,4872
2951,4902
2952,3008
2952,3229
2952,3262
2952,3472
2952,3587
2952,3665
2952,3734
2952,4153
2952,4383
2952,4621
2953,3145
2953,3454
2953,3836
2953,3953
2953,3987
2953,4206
2953,4396
2953,4748
2953,4890
2954,3153
2954,3606
2954,4070
2954,4296
2954,4435
2954,4918
2955,2964
2955,3017
2955,3588
2955,3611
2955,3689
2955,4089
2955,4207
2955,4791
2956,3079
2956,3097
2956,3353
2956,3584
2956,3862
2956,3958
2956,4244
2956,4249
2956,4428
2957,3080
2957,3301
2957,3380
2957,3467
2957,3708
2957,4093
2957,4343
2957,4550
2957,4774
2957,4938
2958,3181
2958,3325
2958,3651
2958,3719
2958,3813
2958,3873
2958,4053
2958,4126
2958,4240
2958,4689
2958,4797
2958,4925
2958,4946
2959,3017
2959,3098
2959,3112
2959,3155
2959,3254
2959,3294
2959,3874
2959,3949
2959,3993
2959,4029
2959,4101
2959,4642
2959,4656
2960,2985
2960,3204
2960,3616
2960,3624
2960,4344
2960,4528
2960,4681
2960,4754
2960,4888
2961,4229
2961,4260
2961,4464
2961,4546
2961,4641
2961,4838
2962,3116
2962,3223
2962,3234
2962,3250
2962,3473
2962,3519
2962,3625
2962,3756
2962,3964
2962,4169
2962,4186
2962,4403
2962,4751
2962,4886
2962,4984
2963,3170
2963,3257
2963,3318
2963,3349
2963,3354
2963,3401
2963,3590
2963,3768
2963,3808
2963,4013
2963,4087
2963,4104
2963,4665
2963,4987
2963,4995
2964,3430
2964,3836
2964,4099
2964,4133
2964,4687
2964,4851
2965,3228
2965,3369
2965,3517
2965,3657
2965,4658
2966,3219
2966,3661
2966,4526
2966,4787
2966,4797
2966,4836
2966,4930
2967,3149
2967,3665
2967,3986
2967,4225
2967,4317
2967,4895
2968,3117
2968,3203
2968,3611
2968,3970
2968,4232
2968,4287
2968,4452
2968,4664
2968,4730
2968,4772
2968,4932
2968,4986
2969,3083
2969,3320
2969,3488
2969,3627
2969,3714
2969,4070
2969,4118
2969,4188
2969,4466
2969,4552
2969,4557
2969,4711
2969,4892
2970,3096
2970,3361
2970,3428
2970,3627
2970,3835
2970,3917
2970,4060
2970,4125
2970,4220
2970,4326
2971,3004
2971,3088
2971,3159
2971,3228
2971,3398
2971,3626
2971,3643
2971,3821
2971,3840
2971,4016
2971,4400
2971,4411
2971,4426
2971,4429
2971,4606
2971,4977
2972,2997
2972,3281
2972,3386
2972,3954
2972,4384
2972,4458
2972,4571
2972,4991
2973,3391
2973,3502
2973,3623
2973,3762
2973,3895
2973,3909
2973,4755
2974,3179
2974,3233
2974,3248
2974,3356
2974,3691
2974,3902
2974,3995
2974,4041
2974,4062
2974,4113
2974,4365
2974,4623
2974,4744
2974,4884
2974,4935
2975,3702
2975,3757
2975,3792
2975,3861
2975,4619
2975,4979
2976,3024
2976,3159
2976,3489
2976,3514
2976,3624
2976,3826
2976,4189
2976,4391
2976,4490
2976,4654
2977,2981
2977,3323
2977,3362
2977,3539
2977,3938
2977,4026
2977,4165
2977,4290
2977,4517
2977,4556
2977,4798
2978,3273
2978,3573
2978,4292
2978,4299
2978,4476
2978,4702
2978,4741
2978,4823
2978,4865
2979,3133
2979,3325
2979,3590
2979,3623
2979,4480
2979,4648
2980,3074
2980,3272
2980,3346
2980,3397
2980,3409
2980,3916
2980,4197
2980,4307
2980,4376
2980,4518
2980,4598
2980,4859
2980,4965
2981,3044
2981,3284
2981,3372
2981,3460
2981,3506
2981,3629
2981,3867
2981,4153
2981,4371
2981,4954
2982,2986
2982,3275
2982,3342
2982,3379
2982,3397
2982,4545
2982,4947
2983,3455
2983,3456
2983,3540
2983,3706
2983,4324
2983,4437
2983,4520
2983,4610
2983,4619
2983,4665
2983,4734
2983,4748
2983,4875
2983,4907
2983,4956
2984,3149
2984,4224
2984,4240
2984,4324
2984,4352
2984,4553
2984,4897
2985,3222
2985,3237
2985,3314
2985,3405
2985,3555
2985,3990
2985,4310
2985,4366
2985,4578
2985,4606
2985,4704
2985,4914
2985,4956
2986,3066
2986,3191
2986,4689
2986,4717
2986,4938
2987,3130
2987,3156
2987,3199
2987,3502
2987,3874
2987,3933
2987,4082
2987,4110
2987,4207
2987,4435
2988,3079
2988,3431
2988,3498
2988,3655
2988,3820
2988,4088
2989,3072
2989,3115
2989,3488
2989,3778
2989,4020
2989,4053
2989,4410
2989,4458
2989,4765
2989,4775
2989,4942
2990,3009
2990,3634
2990,3735
2990,4078
2990,4142
2990,4427
2990,4446
2990,4505
2990,4753
2991,3263
2991,3514
2991,3916
2991,4023
2991,4046
2991,4887
2992,3236
2992,3518
2992,3545
2992,3589
2992,3594
2992,4244
2992,4344
2992,4455
2992,4879
2993,3181
2993,3245
2993,3300
2993,3429
2993,3495
2993,3557
2993,3606
2993,4013
2993,4119
2993,4341
2993,4608
2993,4641
2993,4844
2994,3236
2994,3270
2994,3312
2994,3895
2994,3907
2994,3953
2994,4113
2994,4252
2994,4449
2994,4488
2994,4661
2994,4662
2994,4712
2994,4951
2995,3122
2995,3343
2995,3353
2995,3472
2995,3627
2995,3687
2995,3766
2995,3782
2995,3916
2995,3955
2995,3989
2995,4246
2995,4590
2996,3735
2996,3917
2996,4136
2996,4368
2996,4551
2996,4719
2996,4983
2997,3117
2997,3142
2997,3250
2997,3300
2997,3375
2997,3388
2997,3405
2997,3648
2997,3779
2997,3927
2997,4126
2997,4151
2997,4193
2997,4319
2997,4634
2997,4725
2997,4820
2997,4872
2998,3001
2998,3030
2998,3214
2998,3755
2998,4123
2998,4212
2998,4273
2998,4756
2999,3073
2999,3150
2999,3270
2999,3317
2999,3872
2999,4123
2999,4176
2999,4408
2999,4463
2999,4622
2999,4656
3000,3078
3000,3217
3000,3394
3000,3828
3000,3890
3000,4346
3000,4565
3000,4585
3000,4721
3001,3020
3001,3181
3001,3389
3001,3757
3001,3888
3001,4600
3001,4628
3001,4720
3002,3223
3002,3398
3002,3748
3002,4051
3002,4208
3002,4474
3002,4740
3002,4843
3002,4859
3002,4902
3003,3094
3003,3239
3003,3295
3003,3348
3003,3460
3003,3761
3003,3770
3003,3888
3003,4034
3003,4136
3003,4196
3003,4491
3004,3260
3004,3769
3004,3805
3004,3942
3004,4004
3004,4059
3004,4151
3004,4218
3004,4434
3004,4738
3004,4775
3004,4836
3005,3133
3005,3147
3005,3280
3005,3320
3005,3358
3005,3456
3005,3480
3005,3736
3005,3857
3005,4486
3005,4799
3006,3057
3006,3136
3006,3226
3006,3651
3006,3710
3006,3721
3006,3837
3006,3846
3006,4197
3006,4453
3006,4908
3007,3061
3007,3197
3007,3381
3007,3778
3007,4137
3007,4233
3007,4359
3007,4607
3007,4783
3007,4837
3008,3014
3008,3250
3008,3253
3008,3395
3008,4414
3008,4516
3008,4682
3008,4810
3009,3145
3009,3312
3009,3590
3009,3688
3009,3717
3009,3802
3009,3865
3009,3983
3009,4221
3009,4781
3010,3046
3010,3125
3010,3722
3010,3802
3010,4115
3010,4435
3010,4622
3011,3441
3011,3646
3011,3825
3011,3948
3011,4105
3011,4290
3011,4785
3012,3074
3012,3187
3012,4062
3012,4174
3012,4395
3012,4572
3012,4588
3012,4737
3012,4742
3012,4812
3012,4910
3013,3014
3013,3396
3013,3442
3013,3718
3013,3890
3013,4000
3013,4208
3013,4452
3013,4530
3013,4566
3013,4800
3013,4951
3014,3144
3014,3407
3014,3447
3014,3639
3014,3785
3014,3897
3014,4136
3014,4603
3014,4777
3014,4877
3014,4908
3014,4915
3015,3074
3015,3488
3015,3512
3015,3944
3015,4338
3015,4436
3015,4755
3015,4957
3016,3206
3016,3332
3016,3414
3016,3727
3016,4083
3016,4627
3016,4712
3016,4721
3016,4851
3017,3040
3017,3110
3017,3190
3017,3245
3017,3280
3017,3515
3017,3621
3017,3657
3017,3748
3017,4008
3017,4169
3017,4294
3017,4323
3017,4369
3017,4602
3017,4646
3017,4695
3018,3225
3018,3252
3018,3758
3018,3864
3018,3910
3018,4386
3018,4477
3018,4490
3018,4679
3018,4877
3019,3040
3019,3072
3019,3490
3019,3692
3019,3797
3019,4330
3019,4431
3019,4628
3019,4909
3019,4951
3020,3295
3020,3664
3020,3943
3020,4151
3020,4234
3020,4559
3020,4572
3021,3033
3021,3432
3021,3666
3021,3794
3021,3821
3021,3874
3021,4030
3021,4053
3021,4286
3021,4307
3021,4821
3021,4833
3021,4896
3022,3063
3022,3190
3022,3205
3022,3329
3022,4353
3022,4671
3022,4705
3023,3161
3023,3167
3023,3326
3023,3698
3023,3795
3023,4014
3023,4223
3023,4366
3023,4610
3024,3032
3024,3154
3024,3513
3024,3546
3024,3558
3024,4041
3024,4459
3024,4533
3025,3409
3025,3510
3025,3754
3025,4541
3026,3268
3026,3294
3026,3385
3026,3458
3026,4066
3026,4308
3026,4350
3026,4367
3026,4474
3026,4510
3026,4690
3026,4786
3027,3067
3027,3341
3027,3808
3027,3921
3027,4566
3027,4662
3027,4806
3027,4837
3028,3385
3028,3409
3028,3534
3028,3797
3028,4012
3028,4082
3028,4198
3028,4495
3028,4743
3028,4790
3029,3090
3029,3114
3029,3121
3029,3283
3029,3467
3029,3602
3029,3625
3029,3630
3029,4308
3029,4398
3029,4455
3029,4696
3029,4866
3030,3073
3030,3248
3030,3390
3030,3630
3030,3961
3030,3979
3030,4186
3030,4274
3030,4650
3030,4656
3031,3416
3031,3444
3031,3533
3031,3564
3031,3692
3031,3750
3031,4134
3031,4277
3031,4498
3031,4854
3031,4911
3032,3034
3032,3062
3032,3096
3032,3188
3032,3305
3032,3703
3032,3707
3032,3767
3032,4084
3032,4119
3032,4526
3032,4594
3032,4697
3032,4767
3033,3179
3033,3271
3033,3476
3033,3500
3033,3567
3033,3673
3033,3687
3033,3891
3033,3952
3033,4178
3033,4517
3033,4558
3033,4850
3034,3192
3034,3405
3034,3440
3034,3839
3034,3990
3034,4177
3034,4336
3034,4429
3034,4832
3034,4986
3035,3211
3035,3347
3035,3512
3035,4187
3035,4230
3035,4285
3036,3293
3036,3553
3036,3637
3036,4094
3036,4267
3036,4291
3036,4338
3036,4385
3036,4646
3036,4698
3036,4824
3036,4905
3036,4929
3037,3569
3037,3716
3037,3850
3037,4422
3037,4466
3037,4480
3037,4839
3037,4888
3037,4934
3038,3129
3038,3210
3038,3641
3038,3957
3038,4112
3038,4196
3038,4381
3038,4535
3039,3079
3039,3107
3039,3941
3039,4032
3039,4194
3039,4447
3039,4503
3039,4557
3039,4587
3039,4903
3040,3098
3040,3230
3040,3250
3040,3366
3040,3535
3040,3751
3040,3863
3040,4087
3040,4104
3040,4282
3040,4501
3040,4546
3040,4837
3040,4907
3040,4969
3041,3071
3041,3096
3041,3592
3041,3865
3041,4815
3042,3092
3042,3252
3042,3427
3042,3452
3042,3964
3042,4017
3042,4187
3042,4375
3042,4720
3042,4734
3043,3642
3043,4338
3043,4430
3044,3514
3044,3957
3044,4003
3044,4119
3044,4395
3044,4490
3044,4491
3044,4536
3045,3783
3045,4178
3045,4260
3045,4378
3045,4487
3045,4641
3045,4781
3046,3066
3046,3101
3046,3149
3046,3399
3046,3785
3046,4075
3046,4197
3046,4246
3046,4382
3046,4509
3046,4575
3047,3221
3047,3452
3047,3533
3047,3803
3047,4091
3047,4121
3047,4252
3047,4492
3047,4511
3047,4571
3047,4617
3047,4851
3047,4941
3048,3055
3048,3243
3048,3295
3048,3433
3048,3619
3048,4338
3048,4384
3048,4523
3048,4755
3048,4773
3048,4885
3048,4890
3048,4901
3049,3109
3049,3175
3049,3323
3049,3377
3049,3525
3049,3692
3049,3782
3049,3903
3049,4915
3049,4940
3050,3073
3050,3237
3050,3272
3050,3741
3050,3905
3050,4265
3051,3524
3051,3549
3051,3813
3051,3875
3051,3981
3051,4117
3051,4215
3051,4504
3051,4702
3051,4781
3052,3114
3052,3284
3052,3345
3052,3451
3052,4033
3052,4293
3052,4908
3053,3086
3053,3093
3053,3256
3053,3268
3053,3417
3053,3617
3053,3637
3053,3875
3053,4084
3053,4225
3053,4242
3053,4388
3053,4938
3053,4958
3054,3307
3054,3625
3054,3729
3054,3888
3054,3987
3054,4162
3054,4319
3054,4367
3054,4373
3054,4456
3054,4528
3054,4675
3054,4836
3054,4882
3054,4991
3055,3312
3055,3550
3055,3600
3055,3961
3055,4134
3055,4294
3055,4937
3056,3336
3056,3340
3056,3786
3056,4346
3056,4360
3056,4644
3056,4844
3057,3063
3057,3491
3057,3496
3057,3650
3057,3922
3057,3966
3057,4035
3057,4397
3057,4513
3057,4789
3057,4809
3058,3172
3058,3201
3058,3325
3058,3353
3058,3374
3058,3636
3058,3739
3058,3746
3058,3771
3058,3849
3058,3869
3058,3887
3058,3908
3058,4034
3058,4307
3058,4647
3058,4911
3058,4919
3058,4989
3059,3323
3059,3522
3059,3531
3059,3783
3059,3812
3059,3917
3059,4083
3059,4193
3059,4546
3059,4952
3060,3295
3060,3788
3060,4070
3060,4117
3060,4175
3060,4587
3060,4781
3060,4950
3061,3266
3061,3639
3061,3864
3061,4175
3061,4441
3061,4834
3061,4960
3062,3102
3062,3270
3062,3346
3062,3403
3062,3567
3062,3724
3062,3915
3062,4900
3063,3143
3063,3226
3063,3844
3063,4062
3063,4067
3063,4389
3063,4458
3063,4679
3064,3324
3064,3652
3064,3684
3064,3803
3064,3809
3064,3929
3064,3945
3064,3972
3064,4057
3064,4140
3064,4214
3064,4863
3064,4995
3065,3169
3065,3250
3065,3865
3065,3957
3065,4489
3065,4509
3065,4891
3065,4929
3066,3191
3066,3913
3066,4025
3066,4102
3066,4137
3066,4695
3066,4876
3066,4952
3066,4955
3067,3085
3067,3141
3067,3220
3067,3364
3067,3583
3067,4133
3067,4206
3067,4449
3067,4546
3067,4554
3067,4572
3067,4650
3067,4670
3068,3167
3068,3960
3068,4321
3068,4538
3068,4675
3069,3117
3069,3147
3069,3184
3069,3449
3069,3516
3069,4271
3069,4372
3069,4571
3069,4674
3069,4753
3069,4798
3069,4873
3070,3218
3070,3347
3070,3371
3070,3479
3070,3563
3070,3601
3070,3973
3070,3979
3070,4056
3070,4434
3071,3355
3071,3527
3071,3812
3071,3829
3071,3887
3071,4016
3071,4037
3071,4200
3071,4516
3071,4520
3071,4601
3071,4925
3072,3247
3072,3268
3072,3545
3072,4025
3072,4323
3072,4697
3072,4856
3073,3091
3073,3245
3073,3345
3073,3600
3073,3766
3073,3811
3073,3967
3073,4059
3073,4114
3073,4418
3073,4975
3074,3246
3074,3462
3074,4013
3074,4164
3074,4169
3074,4211
3074,4587
3074,4744
3074,4776
3075,3204
3075,3276
3075,3312
3075,3596
3075,3791
3075,4195
3075,4293
3075,4303
3075,4660
3075,4675
3075,4734
3075,4817
3076,3143
3076,3205
3076,3293
3076,3488
3076,3552
3076,3998
3076,4059
3076,4409
3076,4608
3076,4972
3077,3134
3077,3270
3077,3285
3077,3339
3077,3562
3077,3661
3077,3735
3077,3882
3077,4318
3077,4462
3077,4830
3077,4941
3078,3113
3078,3233
3078,3237
3078,3564
3078,4455
3078,4456
3078,4476
3078,4483
3078,4884
3078,4998
3079,3224
3079,3287
3079,3503
3079,3808
3079,4096
3079,4409
3079,4433
3079,4584
3079,4733
3079,4786
3080,3943
3080,4054
3080,4249
3080,4350
3080,4442
3080,4560
3080,4852
3081,3187
3081,3618
3081,3774
3081,3796
3081,3905
3081,3910
3081,4137
3081,4336
3081,4763
3082,3166
3082,3316
3082,3329
3082,3365
3082,3438
3082,3448
3082,3689
3082,3844
3082,3969
3082,3989
3082,4299
3082,4484
3082,4593
3082,4716
3082,4884
3082,4936
3083,3287
3083,3685
3083,3727
3083,3917
3083,3959
3083,4140
3083,4148
3083,4157
3083,4176
3083,4279
3083,4377
3083,4585
3083,4731
3083,4954
3084,3087
3084,3119
3084,3307
3084,3311
3084,3378
3084,3443
3084,3567
3084,3834
3084,3885
3084,3994
3084,4247
3084,4291
3084,4360
3084,4570
3084,4580
3084,4617
3084,4666
3084,4709
3085,3217
3085,3320
3085,3755
3085,3800
3085,3894
3085,4007
3085,4134
3085,4169
3085,4921
3086,3174
3086,3551
3086,3657
3086,3926
3086,4043
3086,4080
3086,4476
3086,4666
3086,4885
3086,4941
3087,3306
3087,3394
3087,3736
3087,3812
3087,4299
3087,4401
3087,4552
3087,4942
3088,3197
3088,3336
3088,4319
3088,4329
3088,4767
3088,4798
3088,4839
3088,4889
3088,4965
3089,3132
3089,3235
3089,3257
3089,3808
3089,3897
3089,3900
3089,3936
3089,4064
3089,4603
3089,4693
3090,3325
3090,3695
3090,3977
3090,4090
3090,4299
3090,4773
3091,3504
3091,3571
3091,3630
3091,3972
3091,3974
3091,4078
3091,4082
3091,4237
3091,4263
3091,4297
3091,4370
3091,4466
3092,3277
3092,3411
3092,3560
3092,3657
3092,3930
3092,4201
3092,4626
3092,4680
3092,4750
3092,4762
3093,3153
3093,3445
3093,3606
3093,3705
3093,3729
3093,4033
3093,4057
3093,4273
3093,4617
3093,4922
3093,4936
3094,3231
3094,3376
3094,3748
3094,3751
3094,4146
3094,4379
3094,4402
3094,4512
3094,4684
3094,4705
3094,4997
3095,3213
3095,3221
3095,3225
3095,3548
3095,3590
3095,3599
3095,3904
3095,3914
3095,4419
3095,4676
3096,3224
3096,3257
3096,3392
3096,3541
3096,3775
3096,4105
3096,4449
3096,4607
3096,4728
3096,4802
3096,4942
3097,3280
3097,3445
3097,3722
3097,4262
3097,4381
3097,4437
3097,4585
3097,4992
3097,4999
3098,3128
3098,3358
3098,3730
3098,3845
3098,3912
3098,3953
3098,3984
3098,4871
3098,4874
3099,3128
3099,3140
3099,3334
3099,3658
3099,3667
3099,3785
3099,3788
3099,3809
3099,4365
3099,4379
3099,4856
3100,3112
3100,3117
3100,3167
3100,3234
3100,3237
3100,3483
3100,3758
3100,3809
3100,3907
3100,4092
3100,4094
3100,4422
3100,4428
3100,4438
3100,4596
3100,4600
3101,3239
3101,3611
3101,3749
3101,4476
3101,4486
3101,4779
3102,3281
3102,3380
3102,3839
3102,3850
3102,4513
3102,4535
3102,4633
3102,4735
3102,4973
3103,3252
3103,3496
3103,4326
3103,4451
3103,4865
3104,3124
3104,3308
3104,3312
3104,3324
3104,3492
3104,3598
3104,3628
3104,3978
3104,4289
3104,4405
3104,4469
3104,4716
3104,4748
3104,4848
3104,4949
3104,4999
3105,3132
3105,3454
3105,3796
3105,3980
3105,4012
3105,4439
3105,4481
3105,4585
3105,4732
3105,4876
3105,4999
3106,3937
3106,4011
3106,4022
3106,4666
3107,3287
3107,3712
3107,4168
3107,4255
3107,4565
3108,3227
3108,3250
3108,3493
3108,3712
3108,4187
3108,4248
3108,4570
3109,3291
3109,3475
3109,3532
3109,3547
3109,3765
3109,3798
3109,4084
3109,4206
3109,4335
3109,4505
3109,4560
3109,4788
3109,4859
3110,3413
3110,3485
3110,3732
3110,3766
3110,3829
3110,3985
3110,4070
3110,4269
3110,4379
3110,4391
3110,4831
3110,4905
3111,3286
3111,3379
3111,3598
3111,3872
3111,4073
3111,4100
3111,4442
3112,3234
3112,4392
3112,4400
3112,4750
3112,4837
3113,3130
3113,3188
3113,3293
3113,3947
3113,4227
3113,4595
3113,4820
3114,3575
3114,3598
3114,4124
3114,4277
3114,4332
3114,4376
3114,4411
3114,4607
3114,4842
3114,4920
3115,3268
3115,3715
3115,3726
3115,3763
3115,3936
3115,4068
3115,4675
3116,3477
3116,3856
3116,3859
3116,3917
3116,4030
3116,4314
3116,4624
3116,4945
3116,4954
3117,3688
3117,3863
3117,3956
3117,3959
3117,3990
3117,4101
3117,4499
3117,4650
3118,3122
3118,3271
3118,3353
3118,3384
3118,3586
3118,3751
3118,4070
3118,4183
3118,4239
3118,4460
3118,4595
3118,4739
3119,3167
3119,3443
3119,3491
3119,3546
3119,4325
3119,4727
3119,4768
3119,4776
3120,3238
3120,3276
3120,3373
3120,3377
3120,3436
3120,3556
3120,3611
3120,3629
3120,3656
3120,3704
3120,3716
3120,3822
3120,3986
3120,4737
3120,4835
3121,3246
3121,3264
3121,3295
3121,3510
3121,3552
3121,3598
3121,3890
3121,4169
3121,4309
3121,4613
3121,4717
3121,4742
3121,4962
3121,4982
3122,3671
3122,3825
3122,4000
3122,4061
3122,4236
3122,4359
3122,4521
3122,4906
3123,3310
3123,3616
3123,3640
3123,3813
3123,3917
3123,4243
3123,4556
3123,4786
3123,4910
3124,3215
3124,3358
3124,3868
3124,4014
3124,4039
3124,4049
3124,4307
3124,4612
3124,4707
3124,4768
3124,4821
3124,4844
3124,4857
3125,3158
3125,3622
3125,3873
3125,4251
3125,4279
3125,4288
3125,4306
3125,4453
3125,4872
3126,3296
3126,3480
3126,3656
3126,4314
3126,4416
3126,4454
3126,4685
3126,4768
3126,4826
3127,3602
3127,3837
3127,3908
3127,3977
3127,4000
3127,4128
3127,4161
3127,4194
3127,4429
3127,4442
3128,3359
3128,3496
3128,3767
3128,3816
3128,4071
3128,4078
3128,4511
3128,4758
3128,4945
3129,4265
3129,4275
3129,4824
3129,4825
3130,3596
3130,4206
3130,4675
3130,4970
3131,3230
3131,3424
3131,3426
3131,3482
3131,3510
3131,3611
3131,3675
3131,4016
3131,4292
3131,4368
3131,4477
3131,4667
3131,4853
3131,4917
3132,3141
3132,4038
3132,4617
3132,4656
3132,4796
3132,4800
3132,4916
3132,4962
3133,3364
3133,3459
3133,3543
3133,4696
3133,4950
3134,3269
3134,3295
3134,3307
3134,3420
3134,3961
3134,4244
3134,4369
3134,4668
3134,4905
3135,3240
3135,3260
3135,3444
3135,3831
3135,4336
3136,3147
3136,3191
3136,3214
3136,3557
3136,3962
3136,4109
3136,4302
3136,4512
3136,4671
3136,4782
3136,4894
3137,3237
3137,3326
3137,3570
3137,3650
3137,3971
3137,4003
3137,4121
3137,4263
3137,4498
3137,4518
3137,4599
3137,4686
3137,4719
3137,4783
3138,3267
3138,3293
3138,3327
3138,3582
3138,3899
3138,4364
3139,3531
3139,3758
3139,3838
3139,4108
3139,4174
3139,4355
3139,4365
3139,4598
3139,4700
3139,4770
3139,4970
3140,3167
3140,3434
3140,3582
3140,3886
3140,4090
3140,4337
3140,4342
3140,4384
3140,4460
3140,4765
3140,4969
3141,3261
3141,3416
3141,3481
3141,3749
3141,4027
3141,4241
3141,4353
3141,4538
3141,4556
3141,4578
3141,4899
3142,3160
3142,3199
3142,3296
3142,3369
3142,3380
3142,3415
3142,3820
3142,3972
3142,4148
3143,3227
3143,3242
3143,3271
3143,3413
3143,3525
3143,3588
3143,3600
3143,3679
3143,3935
3143,4601
3143,4807
3143,4898
3144,3254
3144,3285
3144,3310
3144,3450
3144,3951
3144,3993
3144,4031
3144,4118
3144,4832
3144,4897
3144,4993
3145,3156
3145,3178
3145,3206
3145,3798
3145,4464
3145,4644
3145,4734
3146,3322
3146,3766
3146,4077
3146,4193
3146,4205
3146,4949
3147,3183
3147,3285
3147,3320
3147,3418
3147,3541
3147,3563
3147,4050
3147,4594
3147,4680
3147,4801
3148,3193
3148,3316
3148,3817
3148,3875
3148,4058
3148,4674
3148,4899
3149,3471
3149,3677
3149,3684
3149,3939
3149,4143
3149,4180
3149,4221
3149,4428
3149,4489
3149,4630
3149,4679
3149,4766
3149,4767
3150,3501
3150,4184
3150,4461
3150,4640
3150,4664
3150,4674
3151,3308
3151,3364
3151,3661
3151,4798
3151,4885
3152,3253
3152,3908
3152,4375
3152,4526
3152,4579
3152,4833
3152,4859
3153,3161
3153,3204
3153,3303
3153,3427
3153,3463
3153,3498
3153,3730
3153,3803
3153,4077
3153,4668
3153,4924
3153,4936
3153,4952
3154,3343
3154,3355
3154,3558
3154,4461
3154,4957
3155,3414
3155,3575
3155,3613
3155,3621
3155,3724
3155,4049
3155,4800
3156,3170
3156,3639
3156,3752
3156,3842
3156,4344
3156,4599
3156,4683
3156,4774
3156,4885
3157,3929
3157,4233
3157,4712
3157,4766
3158,3168
3158,3230
3158,3252
3158,3341
3158,3463
3158,3952
3158,3975
3158,4045
3158,4093
3158,4191
3158,4251
3158,4335
3158,4812
3159,3789
3159,3816
3159,3880
3159,4059
3159,4479
3159,4486
3159,4604
3160,3340
3160,3363
3160,3419
3160,3453
3160,3534
3160,3574
3160,4139
3160,4241
3160,4566
3160,4731
3161,3173
3161,3488
3161,3699
3161,3994
3161,4757
3161,4766
3161,4973
3162,3601
3162,3700
3162,3776
3162,3854
3162,3877
3162,4110
3162,4618
3162,4691
3162,4734
3162,4936
3162,4949
3163,3220
3163,3371
3163,3387
3163,3494
3163,3733
3163,3980
3163,4075
3163,4296
3163,4602
3163,4717
3164,3391
3164,3429
3164,3438
3164,3573
3164,3661
3164,3698
3164,3764
3164,4321
3164,4442
3164,4469
3164,4605
3164,4670
3165,3169
3165,3409
3165,3675
3165,3796
3165,3965
3165,4068
3165,4086
3165,4258
3165,4322
3165,4341
3165,4470
3165,4560
3165,4569
3166,3525
3166,3783
3166,4403
3166,4499
3166,4520
3166,4847
3167,3251
3167,3876
3167,4015
3167,4259
3167,4504
3167,4990
3168,3248
3168,3273
3168,3278
3168,3319
3168,3333
3168,3895
3168,3935
3168,3954
3168,4056
3168,4206
3168,4434
3168,4642
3168,4940
3169,3574
3169,3716
3169,3736
3169,3760
3169,3802
3169,3858
3169,3925
3169,4049
3169,4192
3169,4549
3169,4743
3170,3342
3170,3428
3170,3534
3170,3581
3170,3650
3170,3915
3170,4041
3170,4205
3170,4447
3170,4934
3171,3258
3171,3276
3171,3294
3171,3593
3171,3609
3171,3951
3171,4076
3171,4084
3171,4138
3171,4157
3171,4202
3171,4212
3171,4697
3172,3280
3172,3375
3172,3566
3172,3713
3172,3889
3172,3960
3172,4016
3172,4017
3172,4049
3172,4075
3172,4136
3172,4633
3172,4728
3172,4746
3172,4783
3173,3327
3173,3380
3173,3399
3173,3718
3173,3808
3173,3880
3173,3931
3173,4179
3173,4527
3174,3471
3174,3633
3174,4085
3174,4423
3174,4430
3174,4910
3175,3181
3175,3766
3175,3854
3175,3924
3175,3936
3175,4539
3175,4650
3175,4893
3176,3375
3176,4142
3176,4533
3176,4565
3176,4584
3176,4733
3176,4820
3176,4879
3177,3593
3177,3659
3177,3735
3177,3779
3177,3794
3177,4287
3177,4403
3177,4659
3177,4662
3177,4780
3177,4961
3178,3307
3178,3392
3178,3446
3178,3556
3178,3593
3178,3721
3178,3824
3178,4024
3178,4110
3178,4145
3178,4153
3178,4641
3179,3220
3179,3555
3179,3675
3179,3790
3179,3861
3179,3887
3179,4738
3179,4829
3179,4838
3179,4869
3179,4874
3180,3195
3180,3524
3180,3542
3180,3594
3180,3685
3180,3865
3180,3961
3180,3976
3180,3979
3180,4331
3180,4347
3180,4416
3180,4534
3180,4636
3181,3519
3181,3889
3181,3923
3181,3924
3181,3950
3181,4290
3182,3189
3182,3221
3182,3266
3182,3298
3182,3341
3182,3608
3182,3694
3182,3867
3182,3877
3182,4185
3182,4335
3182,4420
3182,4495
3182,4524
3182,4762
3183,3484
3183,3606
3183,4488
3183,4507
3183,4569
3183,4858
3184,3275
3184,3398
3184,3411
3184,3454
3184,3635
3184,3717
3184,3830
3184,4207
3184,4279
3184,4699
3184,4820
3184,4834
3184,4976
3185,3399
3185,3508
3185,3691
3185,3764
3185,3974
3185,4064
3185,4075
3185,4382
3185,4754
3185,4762
3185,4774
3185,4882
3186,3387
3186,3445
3186,3708
3186,3939
3186,4556
3186,4762
3186,4851
3187,3499
3187,3808
3187,4050
3187,4799
3187,4907
3188,3686
3188,3736
3188,3956
3188,4111
3188,4314
3188,4468
3188,4796
3188,4797
3189,3205
3189,3211
3189,3367
3189,3463
3189,3916
3189,4162
3189,4196
3190,3234
3190,3558
3190,3671
3190,3711
3190,3773
3190,4097
3190,4126
3190,4528
3191,3329
3191,3711
3191,3789
3191,3844
3191,4473
3191,4761
3191,4835
3191,4930
3192,3998
3192,4199
3192,4467
3192,4583
3192,4616
3192,4930
3193,3337
3193,3399
3193,3570
3193,3600
3193,3723
3193,3772
3193,3816
3193,4048
3193,4403
3193,4423
3193,4681
3193,4699
3193,4890
3194,3439
3194,3445
3194,4160
3194,4165
3194,4949
3194,4995
3195,3331
3195,3515
3195,3602
3195,3767
3195,3901
3195,3927
3195,4112
3195,4149
3195,4241
3195,4319
3195,4342
3195,4469
3195,4484
3195,4501
3195,4861
3196,3199
3196,3339
3196,3857
3196,4547
3196,4843
3196,4851
3197,4062
3197,4318
3197,4380
3197,4450
3197,4655
3198,3210
3198,3302
3198,3840
3198,3878
3198,3973
3198,4116
3198,4487
3198,4746
3198,4939
3199,3389
3199,3449
3199,3661
3199,3923
3199,4216
3200,3356
3200,3391
3200,4831
3200,4875
3201,3338
3201,3404
3201,3800
3201,3853
3201,4476
3201,4520
3201,4568
3202,3815
3202,3980
3202,4375
3203,3253
3203,3382
3203,3430
3203,3544
3203,3640
3203,3967
3203,4423
3203,4530
3203,4771
3204,3886
3204,4416
3204,4610
3204,4763
3204,4880
3205,3395
3205,3448
3205,3598
3205,3615
3205,4016
3205,4084
3205,4192
3205,4232
3206,3222
3206,3317
3206,3706
3206,3775
3206,4466
3206,4482
3206,4653
3206,4794
3207,3445
3207,3619
3207,3620
3207,3688
3207,3898
3207,3965
3207,4547
3207,4672
3207,4801
3207,4882
3208,3364
3208,3579
3208,3592
3208,3782
3208,4143
3208,4216
3208,4258
3208,4552
3209,3280
3209,3524
3209,3541
3209,3751
3209,3783
3209,4246
3209,4726
3209,4776
3209,4891
3209,4986
3210,3426
3210,3495
3210,3688
3210,3851
3210,4027
3210,4077
3210,4118
3210,4185
3210,4204
3210,4449
3210,4719
3210,4765
3211,3373
3211,3465
3211,3622
3211,3678
3211,3781
3211,3793
3211,3905
3211,3934
3211,4379
3211,4405
3211,4439
3211,4482
3211,4633
3211,4839
3211,4862
3212,3462
3212,3615
3212,4230
3212,4444
3212,4511
3212,4767
3213,3450
3213,3593
3213,4245
3213,4337
3213,4706
3213,4724
3213,4928
3213,4947
3214,3824
3214,3825
3214,4033
3214,4085
3214,4137
3214,4262
3214,4440
3215,3258
3215,3266
3215,3358
3215,3504
3215,3712
3215,3734
3215,3828
3215,3886
3215,4051
3215,4213
3215,4274
3215,4295
3215,4418
3215,4473
3215,4506
3215,4801
3216,3368
3216,3518
3216,3557
3216,4059
3216,4158
3216,4396
3216,4539
3216,4572
3216,4576
3216,4649
3216,4801
3216,4935
3216,4943
3217,3261
3217,3623
3217,3851
3217,4007
3217,4103
3217,4327
3217,4749
3217,4767
3218,3841
3218,4010
3218,4030
3218,4125
3218,4272
3218,4371
3218,4528
3218,4687
3218,4690
3218,4696
3219,3369
3219,3438
3219,3621
3219,3921
3219,3946
3219,4831
3219,4918
3220,3583
3220,3921
3220,4266
3220,4451
3220,4671
3220,4801
3220,4931
3221,3240
3221,3255
3221,3264
3221,3429
3221,3571
3221,4017
3221,4223
3221,4859
3222,3680
3222,3706
3222,3965
3222,4793
3223,3416
3223,3592
3223,3750
3223,3753
3223,3932
3223,4051
3223,4370
3223,4507
3223,4563
3224,3486
3224,3547
3224,3602
3224,3667
3224,3761
3224,3898
3224,4125
3224,4208
3224,4693
3225,3279
3225,3491
3225,3629
3225,3748
3225,3925
3225,3935
3225,4691
3226,3320
3226,3758
3226,3777
3226,4458
3226,4480
3226,4610
3226,4654
3226,4697
3227,3490
3227,4051
3227,4096
3227,4201
3227,4715
3227,4840
3227,4925
3228,3240
3228,3395
3228,3467
3228,3642
3228,3695
3228,3705
3228,3734
3228,4386
3228,4699
3229,3407
3229,3651
3229,3689
3229,3804
3229,3912
3229,4198
3229,4253
3229,4275
3229,4387
3229,4414
3229,4649
3230,3328
3230,3333
3230,3418
3230,3554
3230,3708
3230,3783
3230,3973
3230,4003
3230,4091
3230,4725
3230,4940
3231,3838
3231,4069
3231,4159
3231,4208
3231,4576
3231,4613
3232,3253
3232,3354
3232,3403
3232,3496
3232,3661
3232,3702
3232,3921
3232,4111
3232,4642
3232,4703
3233,3350
3233,3932
3233,4319
3233,4414
3233,4737
3234,3242
3234,3374
3234,3559
3234,3629
3234,3754
3234,4245
3234,4289
3234,4374
3234,4461
3234,4540
3234,4626
3235,3366
3235,3404
3235,3438
3235,3549
3235,4133
3235,4313
3235,4790
3235,4831
3236,3972
3236,3985
3236,4160
3236,4511
3236,4550
3236,4982
3237,3485
3237,3813
3237,3848
3237,3896
3238,3417
3238,3602
3238,4704
3238,4841
3238,4935
3239,3369
3239,3561
3239,3624
3239,3671
3239,3869
3239,4412
3239,4576
3239,4622
3239,4806
3240,3938
3240,4026
3240,4242
3240,4474
3240,4799
3240,4820
3241,3496
3241,3782
3241,3962
3241,4270
3241,4393
3241,4604
3241,4686
3241,4774
3241,4797
3242,3703
3242,3716
3242,4272
3242,4464
3242,4663
3242,4840
3243,3441
3243,3848
3243,4078
3243,4151
3243,4290
3243,4511
3243,4919
3244,3415
3244,3574
3244,3720
3244,3867
3244,4019
3244,4254
3244,4260
3244,4365
3244,4553
3244,4618
3244,4637
3244,4843
3244,4955
3245,3268
3245,3362
3245,4041
3245,4113
3245,4173
3245,4485
3245,4695
3245,4848
3245,4998
3246,3349
3246,3357
3246,3414
3246,3875
3246,3965
3246,4233
3246,4336
3246,4364
3246,4578
3246,4694
3246,4782
3246,4940
3247,3874
3247,4115
3247,4468
3247,4869
3247,4983
3248,3633
3248,3915
3248,4168
3248,4278
3248,4370
3248,4561
3248,4676
3248,4752
3249,3606
3249,3714
3249,3857
3249,4692
3249,4879
3250,3315
3250,3551
3250,3605
3250,4008
3250,4114
3250,4117
3250,4320
3250,4340
3250,4827
3251,3421
3251,3826
3251,3887
3251,4157
3251,4804
3251,4845
3252,3303
3252,3658
3252,4971
3253,3338
3253,3801
3253,4212
3253,4261
3253,4546
3253,4692
3253,4697
3254,3255
3254,3321
3254,3386
3254,3649
3254,3682
3254,3820
3254,4196
3255,3824
3255,3998
3255,4269
3255,4324
3256,3510
3256,4138
3256,4244
3256,4324
3256,4389
3256,4992
3257,3405
3257,4513
3257,4899
3258,4153
3258,4279
3258,4286
3258,4622
3258,4957
3259,3269
3259,3278
3259,3303
3259,3473
3259,3963
3259,4396
3259,4419
3259,4789
3259,4794
3260,3479
3260,3752
3260,3948
3260,4105
3260,4298
3260,4326
3260,4489
3260,4640
3260,4670
3261,3304
3261,3607
3261,3927
3261,4559
3261,4761
3261,4804
3262,3279
3262,3410
3262,3473
3262,3920
3262,4084
3262,4279
3262,4601
3262,4873
3262,4894
3262,4919
3263,3509
3263,3531
3263,3784
3263,4301
3263,4781
3263,4894
3264,3288
3264,3501
3264,3552
3264,3743
3264,3749
3264,3835
3264,3903
3264,4541
3264,4665
3264,4720
3264,4800
3265,3287
3265,3944
3265,4126
3265,4429
3265,4461
3265,4558
3265,4587
3265,4707
3265,4795
3265,4837
3266,3276
3266,3603
3266,3660
3266,3830
3266,3887
3266,3959
3266,4147
3266,4358
3266,4525
3266,4627
3266,4766
3266,4874
3267,3586
3267,3714
3267,3756
3267,3781
3267,3788
3267,3917
3267,3923
3267,4571
3267,4967
3268,3315
3268,3378
3268,4026
3268,4058
3268,4205
3268,4229
3268,4887
3269,3273
3269,3287
3269,3915
3269,4106
3269,4492
3269,4647
3269,4796
3270,3288
3270,3372
3270,3996
3270,4416
3270,4503
3270,4818
3270,4823
3270,4872
3271,3544
3271,3550
3271,4135
3271,4213
3271,4420
3271,4465
3271,4574
3271,4930
3272,3333
3272,3451
3272,3467
3272,3492
3272,4654
3273,3321
3273,3489
3273,3662
3273,3692
3273,3720
3273,3884
3273,4004
3273,4281
3273,4535
3274,3275
3274,3976
3274,4296
3274,4310
3274,4419
3274,4420
3274,4656
3274,4805
3274,4845
3274,4897
3275,3415
3275,3662
3275,3729
3275,3877
3275,4013
3275,4092
3275,4112
3275,4166
3275,4574
3275,4577
3275,4707
3275,4953
3276,3302
3276,3649
3276,3669
3276,4052
3276,4181
3276,4231
3276,4405
3276,4564
3276,4637
3277,3594
3277,3679
3277,3827
3277,3887
3277,4171
3277,4306
3277,4755
3277,4834
3278,3352
3278,3426
3278,3609
3278,3710
3278,4080
3278,4211
3278,4823
3279,3576
3279,3668
3279,3815
3279,4064
3279,4316
3279,4360
3279,4472
3279,4485
3279,4815
3279,4923
3279,4997
3280,3357
3280,3378
3280,3518
3280,3594
3280,3609
3280,3659
3280,3733
3280,3877
3280,4579
3280,4702
3281,3990
3281,4033
3281,4141
3281,4302
3281,4316
3281,4467
3281,4492
3281,4689
3281,4770
3281,4976
3282,3287
3282,3371
3282,3377
3282,3486
3282,3869
3282,3879
3282,4149
3282,4172
3282,4368
3282,4523
3282,4614
3282,4905
3282,4927
3283,3346
3283,3370
3283,3541
3283,3687
3283,3752
3283,4027
3283,4282
3283,4385
3283,4645
3283,4992
3284,3383
3284,3559
3284,3665
3284,4434
3284,4609
3284,4744
3285,3683
3285,4023
3285,4066
3285,4211
3285,4461
3285,4720
3285,4877
3285,4895
3285,4919
3286,3331
3286,3377
3286,3380
3286,3421
3286,4149
3286,4320
3286,4342
3286,4504
3286,4552
3286,4660
3286,4706
3286,4834
3286,4847
3287,3289
3287,3467
3287,3525
3287,3567
3287,3747
3287,4023
3287,4122
3287,4372
3287,4392
3287,4671
3287,4675
3288,3464
3288,3667
3288,3847
3288,3979
3288,4051
3288,4089
3288,4203
3288,4274
3288,4564
3288,4690
3288,4987
3289,3375
3289,3431
3289,3438
3289,3488
3289,3733
3289,3807
3289,4373
3289,4441
3290,3755
3290,3782
3290,4225
3290,4320
3290,4647
3290,4961
3291,3420
3291,3452
3291,3670
3291,3762
3291,3907
3291,4440
3291,4533
3292,3377
3292,3379
3292,3406
3292,3840
3292,4093
3292,4238
3292,4283
3292,4991
3293,3890
3293,3951
3293,3959
3293,4012
3293,4057
3293,4252
3293,4273
3293,4277
3293,4514
3293,4608
3293,4641
3293,4735
3293,4900
3294,3328
3294,3360
3294,3574
3294,3654
3294,3795
3294,4233
3294,4514
3294,4612
3294,4670
3294,4753
3295,3394
3295,3524
3295,3631
3295,3837
3295,4001
3295,4091
3295,4174
3295,4237
3295,4332
3295,4582
3295,4897
3296,3373
3296,3499
3296,3586
3296,3841
3296,4074
3296,4091
3296,4347
3296,4587
3296,4713
3296,4723
3297,3679
3297,3702
3297,3751
3297,3818
3297,3821
3297,4052
3297,4080
3297,4150
3297,4196
3297,4465
3297,4568
3297,4826
3298,3479
3298,3845
3298,4072
3298,4210
3298,4221
3298,4331
3298,4495
3298,4831
3299,3388
3299,3584
3299,3848
3299,3881
3299,4219
3299,4529
3299,4804
3300,3400
3300,3724
3300,4005
3300,4511
3300,4719
3300,4763
3300,4798
3300,4834
3300,4880
3301,3465
3301,3764
3301,3783
3301,4018
3301,4029
3301,4039
3301,4160
3301,4814
3301,4820
3301,4824
3301,4837
3301,4887
3302,3492
3302,3497
3302,3541
3302,3920
3302,4294
3302,4376
3303,3566
3303,3944
3303,4106
3303,4280
3303,4634
3303,4786
3304,3626
3304,3756
3304,4248
3304,4411
3304,4481
3304,4667
3305,3435
3305,3671
3305,3945
3305,4231
3305,4675
3305,4892
3305,4966
3305,4968
3306,3547
3306,3806
3306,3841
3306,3895
3306,3940
3306,4829
3307,3830
3307,4160
3307,4326
3307,4426
3307,4467
3307,4777
3308,3486
3308,4172
3308,4418
3308,4454
3308,4464
3308,4534
3308,4627
3308,4643
3309,3366
3309,3503
3309,3677
3309,3685
3309,4100
3309,4170
3309,4174
3310,3321
3310,3339
3310,3405
3310,3512
3310,3522
3310,3590
3310,3875
3310,3976
3310,4165
3310,4336
3310,4419
3310,4600
3310,4620
3310,4854
3310,4994
3311,3363
3311,3403
3311,3573
3311,3798
3311,3891
3311,4412
3311,4538
3311,4720
3311,4806
3312,3328
3312,3342
3312,3416
3312,3692
3312,4209
3312,4315
3312,4389
3312,4427
3312,4530
3312,4767
3313,3616
3313,3620
3313,3631
3313,3983
3313,4160
3313,4280
3313,4907
3314,3444
3314,3710
3314,3763
3314,4141
3314,4580
3314,4616
3314,4774
3314,4806
3315,3377
3315,3561
3315,3993
3315,4095
3315,4256
3315,4357
3315,4507
3315,4760
3315,4896
3316,3381
3316,3396
3316,3714
3316,4308
3316,4548
3316,4718
3316,4726
3316,4741
3316,4800
3316,4849
3317,3437
3317,3636
3317,3712
3317,3809
3317,4462
3317,4690
3317,4807
3317,4824
3317,4853
3318,3336
3318,3380
3318,3498
3318,3774
3318,3780
3318,4139
3318,4179
3318,4667
3319,3567
3319,3938
3319,4407
3319,4707
3319,4753
3320,3391
3320,4134
3321,3421
3321,3455
3321,3501
3321,3564
3321,3643
3321,3798
3321,3805
3321,3857
3321,3943
3321,4233
3321,4597
3321,4674
3321,4751
3321,4799
3321,4909
3322,3781
3322,4166
3322,4243
3322,4340
3322,4695
3322,4738
3322,4813
3322,4817
3323,3389
3323,4269
3323,4621
3323,4633
3323,4946
3324,3461
3324,3526
3324,3789
3324,4350
3324,4571
3324,4796
3325,3875
3325,4152
3325,4155
3325,4188
3325,4239
3325,4543
3325,4777
3325,4920
3326,3895
3326,4074
3326,4205
3326,4462
3326,4529
3326,4818
3327,3389
3327,3493
3327,3677
3327,3860
3327,3981
3327,4072
3327,4970
3328,3343
3328,3608
3328,3733
3328,4009
3328,4447
3328,4687
3328,4723
3328,4746
3328,4984
3329,3424
3329,3656
3329,3732
3329,3966
3329,4054
3329,4348
3329,4407
3329,4830
3329,4981
3330,3525
3330,3635
3330,3769
3330,3837
3330,4017
3330,4262
3330,4289
3330,4565
3330,4652
3330,4742
3330,4749
3330,4981
3331,3387
3331,3789
3331,3930
3331,4160
3331,4161
3331,4330
3331,4448
3331,4598
3331,4834
3331,4905
3332,3700
3332,3706
3332,3800
3332,4481
3332,4861
3332,4870
3333,3441
3333,3756
3333,4031
3333,4121
3333,4171
3333,4328
3333,4403
3333,4437
3333,4790
3334,3394
3334,3782
3334,3792
3334,4261
3334,4342
3334,4381
3334,4444
3334,4975
3335,3395
3335,3479
3335,3590
3335,3656
3335,3716
3335,4069
3335,4147
3335,4309
3335,4400
3335,4409
3335,4567
3335,4714
3335,4744
3335,4811
3335,4835
3335,4918
3335,4959
3336,3392
3336,3519
3336,3758
3336,3785
3336,3972
3336,4483
3336,4626
3336,4931
3337,3404
3337,3660
3337,3687
3337,3850
3337,4101
3337,4315
3337,4760
3338,3406
3338,3463
3338,3774
3338,3790
3338,3918
3338,4086
3338,4090
3338,4370
3338,4493
3338,4809
3338,4984
3339,3638
3339,3724
3339,4344
3339,4908
3340,3369
3340,3522
3340,3530
3340,3532
3340,3579
3340,3681
3340,3961
3340,4259
3340,4564
3340,4569
3340,4691
3341,3937
3341,4199
3341,4485
3341,4489
3341,4839
3342,3355
3342,3390
3342,3472
3342,3539
3342,3887
3342,4022
3342,4105
3342,4196
3342,4317
3342,4396
3342,4397
3342,4663
3342,4719
3342,4820
3343,3586
3343,3616
3343,3619
3343,3624
3343,3721
3343,3867
3343,3888
3343,4299
3343,4535
3343,4607
3343,4818
3343,4888
3344,3827
3344,3865
3344,4066
3344,4169
3344,4209
3344,4401
3345,3632
3345,3721
3345,4207
3345,4272
3345,4824
3345,4851
3345,4973
3346,3496
3346,3646
3346,3891
3346,3949
3346,4266
3346,4271
3346,4309
3346,4381
3346,4624
3346,4682
3346,4893
3346,4936
3347,3487
3347,3659
3347,3740
3347,4246
3347,4393
3347,4552
3347,4631
3347,4711
3348,3428
3348,4634
3348,4815
3348,4840
3348,4871
3348,4981
3349,3550
3349,4078
3349,4176
3349,4190
3349,4337
3349,4377
3349,4439
3349,4620
3349,4654
3349,4771
3349,4788
3350,3448
3350,3564
3350,3599
3350,4041
3350,4395
3350,4489
3350,4775
3351,3352
3351,3541
3351,3596
3351,3598
3351,3624
3351,3939
3351,4059
3351,4169
3351,4256
3351,4408
3351,4483
3351,4672
3351,4910
3351,4968
3352,3386
3352,3412
3352,3744
3352,3823
3352,3876
3352,4477
3353,3721
3353,3759
3353,4164
3353,4219
3353,4501
3353,4628
3353,4799
3354,4273
3354,4274
3354,4697
3354,4973
3355,3547
3355,3830
3355,4077
3355,4138
3355,4440
3355,4646
3355,4878
3356,3477
3356,3714
3356,4339
3356,4424
3356,4753
3357,3637
3357,3702
3357,3842
3357,4049
3357,4057
3357,4130
3357,4233
3357,4685
3357,4797
3357,4819
3357,4833
3357,4851
3357,4965
3358,3444
3358,3502
3358,3509
3358,3722
3358,3875
3358,3985
3358,4164
3358,4268
3358,4333
3358,4447
3358,4581
3358,4696
3358,4927
3359,3627
3359,3876
3359,4069
3359,4586
3360,3468
3360,3560
3360,3784
3360,3814
3360,3889
3360,4058
3360,4396
3360,4542
3360,4584
3361,3646
3361,3924
3361,4022
3361,4178
3361,4663
3361,4772
3361,4889
3362,3635
3362,3642
3362,3646
3362,3660
3362,4079
3362,4165
3362,4295
3362,4323
3362,4662
3362,4691
3362,4805
3362,4809
3363,3769
3363,3804
3363,4156
3363,4415
3363,4558
3363,4604
3363,4705
3363,4737
3364,3749
3364,3825
3364,3996
3364,4129
3364,4179
3364,4214
3364,4603
3364,4851
3364,4933
3365,3385
3365,4305
3365,4337
3365,4372
3365,4399
3366,3419
3366,3435
3366,3730
3366,3939
3366,4047
3366,4165
3366,4428
3366,4438
3366,4453
3367,3820
3367,4029
3367,4110
3367,4231
3367,4277
3367,4502
3367,4824
3367,4883
3368,3625
3368,3773
3368,3785
3368,3893
3368,3910
3368,4030
3368,4088
3368,4099
3368,4128
3368,4199
3368,4572
3368,4573
3368,4771
3368,4992
3369,4003
3369,4666
3369,4716
3369,4979
3370,3402
3370,3497
3370,3591
3370,3746
3370,4167
3370,4210
3370,4471
3371,3663
3371,3927
3371,4012
3371,4056
3371,4260
3371,4264
3371,4558
3371,4922
3372,3375
3372,3470
3372,3540
3372,3955
3372,4359
3372,4426
3372,4474
3372,4614
3372,4899
3373,3396
3373,3486
3373,3505
3373,3533
3373,3749
3373,3796
3373,3930
3373,4016
3373,4068
3373,4306
3373,4453
3373,4594
3373,4740
3373,4856
3374,3520
3374,3726
3374,3975
3374,4035
3374,4042
3374,4045
3374,4127
3374,4586
3374,4903
3374,4919
3374,4997
3375,3519
3375,3559
3375,4078
3375,4194
3375,4261
3375,4293
3375,4508
3375,4877
3375,4985
3376,3404
3376,3547
3376,3767
3376,4398
3376,4404
3376,4673
3376,4781
3376,4951
3376,4999
3377,3431
3377,3721
3377,4048
3377,4667
3377,4801
3378,3484
3378,3878
3378,3976
3378,4386
3378,4609
3378,4740
3378,4925
3379,3715
3379,3990
3379,4183
3379,4892
3380,3662
3380,3841
3380,3883
3380,3983
3380,4008
3380,4102
3380,4409
3380,4809
3380,4866
3380,4895
3381,3388
3381,3536
3381,3546
3381,3898
3381,4118
3381,4510
3382,3695
3382,3818
3382,4391
3382,4442
3382,4664
3383,3751
3383,3827
3383,3952
3383,4187
3383,4413
3383,4604
3383,4911
3383,4969
3384,3388
3384,3421
3384,3554
3384,3583
3384,3615
3384,4197
3384,4489
3384,4505
3384,4662
3385,3577
3385,4368
3385,4406
3385,4476
3385,4568
3385,4720
3386,3414
3386,3459
3386,3545
3386,3585
3386,3774
3386,3812
3386,3931
3386,4176
3386,4288
3386,4444
3386,4446
3386,4484
3386,4732
3386,4788
3387,3466
3387,3712
3387,3751
3387,3790
3387,4448
3387,4555
3387,4761
3387,4946
3388,3456
3388,3965
3388,4143
3388,4372
3388,4427
3388,4479
3388,4545
3388,4805
3389,3396
3389,3536
3389,3681
3389,3708
3389,4112
3389,4157
3389,4341
3390,3693
3390,3738
3390,4191
3390,4221
3390,4366
3390,4461
3390,4573
3390,4989
3391,3815
3391,3859
3391,3896
3391,4332
3391,4816
3391,4909
3391,4962
3392,3502
3392,3592
3392,3966
3392,4016
3392,4359
3392,4715
3393,4618
3394,3526
3394,4004
3394,4112
3394,4371
3394,4412
3394,4638
3394,4675
3394,4969
3395,3430
3395,3850
3395,4079
3395,4174
3395,4446
3396,3608
3396,3722
3396,3971
3396,4314
3396,4556
3396,4583
3396,4674
3396,4726
3396,4759
3397,4013
3397,4033
3397,4459
3398,3586
3398,3886
3398,4056
3398,4215
3398,4406
3398,4771
3398,4893
3398,4976
3399,3455
3399,3509
3399,3855
3399,3926
3399,4097
3399,4138
3399,4245
3399,4440
3399,4467
3399,4502
3399,4575
3399,4666
3399,4680
3399,4752
3399,4904
3400,3570
3400,4012
3400,4777
3400,4840
3401,3733
3401,3782
3401,4508
3402,3489
3402,3975
3402,4488
3402,4832
3402,4931
3403,3481
3403,3641
3403,4128
3403,4327
3403,4418
3403,4459
3403,4528
3403,4672
3403,4705
3403,4738
3403,4831
3404,3555
3404,4568
3404,4636
3404,4830
3405,3436
3405,3969
3405,4076
3405,4227
3405,4475
3405,4668
3405,4852
3405,4942
3406,3714
3406,3752
3406,3801
3406,3838
3406,4039
3406,4108
3406,4160
3406,4356
3406,4404
3406,4755
3406,4851
3407,3969
3407,4461
3407,4605
3407,4686
3407,4710
3408,3596
3408,3731
3408,3917
3408,3932
3408,3943
3408,4341
3408,4517
3408,4877
3408,4887
3409,3479
3409,3755
3409,4236
3409,4323
3409,4629
3409,4869
3410,3669
3410,3892
3410,4293
3410,4444
3410,4578
3410,4788
3410,4910
3411,3646
3411,4261
3411,4360
3411,4387
3411,4735
3412,3511
3412,3603
3412,3729
3412,4034
3412,4421
3412,4508
3412,4739
3412,4894
3412,4945
3413,3498
3413,3575
3413,4009
3413,4436
3413,4574
3414,3430
3414,3526
3414,3559
3414,3564
3414,3611
3414,3829
3414,3851
3414,4215
3414,4257
3414,4643
3414,4653
3414,4832
3414,4906
3415,4001
3415,4033
3415,4215
3415,4319
3415,4777
3415,4909
3416,3430
3416,3681
3416,4352
3416,4646
3416,4929
3417,3618
3417,3766
3417,4090
3417,4139
3417,4599
3417,4905
3418,3632
3418,3923
3418,4250
3418,4284
3418,4380
3418,4403
3418,4661
3419,3527
3419,3528
3419,3641
3419,3819
3419,3856
3419,3988
3419,4138
3419,4851
3419,4881
3420,3521
3420,3574
3420,3666
3420,3697
3420,3879
3420,4105
3420,4468
3420,4840
3420,4862
3421,3654
3421,3740
3421,4114
3421,4826
3421,4884
3422,3497
3422,3576
3422,3639
3422,3745
3422,3915
3422,4119
3422,4610
3422,4631
3422,4683
3423,3917
3423,4167
3423,4258
3423,4335
3423,4551
3424,3861
3424,4027
3424,4144
3424,4198
3424,4989
3424,4996
3425,3430
3425,3682
3425,3958
3425,4392
3425,4488
3425,4746
3425,4916
3426,3550
3426,3561
3426,3580
3426,3719
3426,3795
3426,3997
3426,4077
3426,4369
3426,4462
3426,4502
3426,4865
3427,3663
3427,3877
3427,3967
3427,3979
3427,4245
3427,4637
3427,4726
3427,4768
3428,3789
3428,3903
3428,4150
3428,4209
3428,4389
3428,4551
3428,4567
3428,4739
3429,3665
3429,4058
3429,4633
3429,4994
3430,3444
3430,3528
3430,3874
3430,4361
3430,4588
3430,4911
3431,3880
3431,3946
3431,4002
3431,4121
3431,4551
3431,4710
3431,4822
3432,3444
3432,3508
3432,3670
3432,3771
3432,4068
3432,4084
3432,4327
3432,4378
3432,4650
3432,4950
3433,3448
3433,3739
3433,3820
3433,3934
3433,4008
3433,4334
3433,4480
3433,4816
3433,4849
3434,3461
3434,4389
3434,4483
3434,4566
3434,4728
3435,3460
3435,3531
3435,4059
3435,4083
3435,4087
3435,4105
3435,4320
3435,4560
3435,4747
3436,3898
3436,4337
3436,4685
3436,4724
3436,4805
3437,3560
3437,3689
3437,3806
3437,3864
3437,4054
3437,4135
3437,4343
3437,4646
3437,4668
3438,3576
3438,3641
3438,3896
3438,4086
3438,4433
3438,4653
3438,4863
3438,4899
3438,4947
3439,3460
3439,3731
3439,3945
3439,4070
3439,4410
3439,4484
3439,4746
3440,3449
3440,3558
3440,3723
3440,3897
3440,3947
3440,4110
3440,4230
3440,4674
3441,4117
3441,4139
3441,4144
3441,4284
3441,4378
3441,4397
3441,4590
3442,3514
3442,3564
3442,3569
3442,3709
3442,3889
3442,4043
3442,4449
3442,4680
3443,3462
3443,3642
3443,4205
3443,4258
3443,4414
3443,4474
3443,4820
3444,3497
3444,3503
3444,3576
3444,3598
3444,3606
3444,3696
3444,4126
3444,4130
3444,4161
3444,4311
3444,4884
3445,3452
3445,3555
3445,4009
3445,4287
3445,4328
3445,4838
3445,4908
3446,3761
3446,4194
3446,4327
3446,4724
3446,4920
3446,4964
3447,3669
3447,3686
3447,3815
3447,3990
3447,4236
3447,4239
3447,4240
3447,4537
3447,4811
3447,4820
3447,4871
3448,3556
3448,3598
3448,3710
3448,4150
3448,4420
3448,4434
3448,4513
3448,4579
3448,4682
3448,4686
3448,4986
3449,3757
3449,3933
3449,4063
3449,4543
3449,4719
3450,3499
3450,3681
3450,3755
3450,3849
3450,3855
3450,4182
3450,4281
3450,4440
3450,4464
3450,4488
3450,4778
3450,4813
3450,4851
3450,4892
3451,3471
3451,3503
3451,3555
3451,4024
3451,4167
3451,4348
3451,4372
3451,4500
3451,4555
3451,4867
3452,3698
3452,3831
3452,3847
3452,4294
3452,4475
3453,3525
3453,3662
3453,4162
3453,4712
3453,4760
3454,3576
3454,3716
3454,3818
3454,4015
3454,4205
3454,4377
3454,4545
3454,4763
3454,4884
3454,4935
3455,3560
3455,3622
3455,3891
3456,3506
3456,3937
3457,4436
3457,4437
3457,4674
3457,4712
3457,4811
3458,3813
3458,4244
3458,4245
3458,4665
3458,4689
3458,4875
3458,4891
3459,3605
3459,3873
3459,3926
3459,4220
3459,4295
3459,4300
3459,4472
3459,4474
3459,4573
3460,3844
3460,4003
3460,4252
3460,4725
3460,4830
3460,4964
3461,3478
3461,3856
3461,4408
3461,4649
3461,4932
3462,3663
3462,4138
3462,4617
3462,4732
3462,4819
3462,4835
3462,4905
3463,3672
3463,4072
3463,4379
3463,4404
3463,4566
3463,4698
3463,4984
3464,3512
3464,3763
3464,3838
3464,3989
3464,4002
3464,4217
3464,4534
3464,4539
3464,4769
3465,3512
3465,3644
3465,3719
3465,3868
3465,4088
3465,4288
3465,4451
3465,4530
3465,4531
3465,4641
3466,3664
3466,3711
3466,4819
3467,3484
3467,3981
3467,4074
3467,4162
3467,4602
3467,4848
3468,3525
3468,3585
3468,3672
3468,3880
3468,4300
3468,4356
3468,4397
3468,4459
3468,4509
3468,4560
3468,4627
3468,4633
3468,4719
3468,4980
3469,3494
3469,4128
3469,4153
3469,4575
3469,4746
3469,4761
3470,3681
3470,3688
3470,3796
3470,3984
3470,4431
3470,4514
3470,4623
3470,4824
3470,4955
3471,3857
3471,4036
3471,4245
3471,4300
3471,4379
3471,4504
3471,4726
3471,4776
3471,4956
3472,3514
3472,3898
3472,3902
3472,4072
3472,4308
3472,4486
3472,4570
3472,4812
3473,3499
3473,3933
3473,4276
3473,4425
3473,4439
3473,4520
3473,4756
3473,4777
3473,4870
3474,4348
3474,4508
3474,4519
3474,4788
3474,4918
3474,4934
3474,4942
3475,3735
3475,3998
3475,4271
3475,4624
3476,3481
3476,3688
3476,3918
3476,4055
3476,4417
3476,4600
3476,4603
3476,4660
3476,4672
3477,3810
3477,4313
3477,4362
3478,3509
3478,3924
3478,3928
3478,4035
3478,4069
3478,4139
3478,4512
3478,4883
3479,3734
3479,4395
3479,4729
3479,4822
3480,3525
3480,3658
3480,3689
3480,3875
3480,4167
3480,4511
3480,4566
3480,4703
3480,4850
3480,4914
3480,4930
3480,4980
3481,3495
3481,3623
3481,3657
3481,3717
3481,3788
3481,4171
3481,4237
3481,4289
3481,4548
3481,4632
3481,4685
3482,3638
3482,3751
3482,4091
3482,4322
3482,4341
3483,3515
3483,3840
3483,3896
3483,4002
3483,4008
3483,4342
3483,4554
3484,3521
3484,3727
3484,3874
3484,4101
3484,4727
3484,4799
3485,3589
3485,3757
3485,3818
3485,4035
3485,4345
3485,4376
3485,4461
3485,4468
3485,4505
3485,4550
3485,4764
3485,4987
3486,3798
3486,4442
3486,4555
3486,4745
3486,4757
3486,4918
3487,3503
3487,3562
3487,3968
3487,4333
3487,4444
3487,4446
3487,4777
3487,4816
3487,4960
3488,3542
3488,3563
3488,3838
3488,3955
3488,4336
3488,4506
3488,4596
3489,3710
3489,3744
3489,3944
3489,4136
3489,4138
3489,4170
3489,4226
3489,4236
3489,4310
3489,4381
3489,4382
3489,4409
3489,4419
3489,4470
3489,4690
3489,4866
3489,4949
3490,4233
3490,4331
3490,4374
3490,4552
3490,4755
3491,3523
3491,3777
3491,3782
3491,4416
3491,4515
3491,4540
3491,4638
3491,4642
3491,4676
3491,4685
3492,3537
3492,3847
3492,3900
3492,4145
3492,4345
3492,4428
3492,4904
3492,4905
3492,4963
3492,4999
3493,3503
3493,3676
3493,3739
3493,4157
3493,4479
3493,4724
3494,3600
3494,3691
3494,4048
3494,4083
3495,3505
3495,3558
3495,3717
3495,4226
3495,4359
3496,3509
3496,3564
3496,3579
3496,3956
3496,4242
3496,4329
3496,4543
3496,4980
3496,4981
3497,3572
3497,3952
3497,4091
3497,4122
3497,4252
3497,4336
3497,4467
3497,4637
3497,4728
3497,4754
3498,3876
3499,3554
3499,3671
3499,3887
3499,3974
3499,4585
3499,4632
3499,4692
3500,3620
3500,3784
3500,3927
3500,3945
3500,4097
3500,4253
3500,4309
3500,4640
3500,4762
3500,4846
3500,4910
3500,4914
3501,3593
3501,3908
3501,3986
3501,4027
3501,4188
3501,4967
3502,3646
3502,3684
3502,4234
3502,4288
3502,4496
3502,4647
3502,4867
3503,3543
3503,3717
3503,3809
3503,3901
3503,3963
3503,3970
3503,4001
3503,4038
3503,4196
3503,4353
3503,4483
3503,4579
3503,4645
3504,4937
3505,3510
3505,3806
3505,4214
3505,4386
3505,4452
3505,4491
3506,3561
3506,3654
3506,3691
3506,3741
3506,3750
3506,3898
3506,3977
3506,4082
3506,4294
3506,4477
3506,4809
3506,4824
3506,4910
3507,3650
3507,3768
3507,3925
3507,4160
3507,4243
3507,4308
3507,4315
3507,4350
3507,4871
3508,3681
3508,3801
3508,3860
3508,3957
3508,4049
3508,4130
3508,4251
3508,4316
3508,4921
3508,4933
3509,3652
3509,3957
3509,3971
3509,4104
3509,4458
3509,4564
3509,4585
3509,4677
3509,4881
3509,4957
3510,3807
3510,3927
3510,4072
3510,4302
3510,4617
3510,4673
3510,4888
3510,4950
3511,3585
3511,3865
3511,4589
3511,4806
3511,4872
3511,4958
3512,3903
3512,4054
3512,4162
3512,4379
3512,4475
3512,4514
3513,3905
3513,4437
3513,4562
3513,4581
3513,4651
3514,3679
3514,3682
3514,3792
3514,3856
3514,4047
3514,4137
3514,4173
3514,4186
3514,4315
3514,4587
3514,4619
3514,4720
3514,4733
3514,4740
3515,3807
3515,3870
3515,4321
3516,3648
3516,4270
3516,4344
3516,4406
3516,4654
3516,4718
3516,4769
3516,4825
3516,4941
3517,3588
3517,3675
3517,3829
3517,4183
3517,4636
3517,4804
3518,3577
3518,3620
3518,3703
3518,3820
3518,3882
3518,4013
3518,4074
3518,4078
3518,4588
3518,4699
3518,4703
3519,3904
3519,4007
3519,4084
3519,4155
3519,4225
3519,4389
3519,4502
3519,4888
3520,3630
3520,4201
3520,4265
3520,4345
3520,4393
3520,4535
3520,4639
3521,3727
3521,4188
3521,4410
3521,4511
3521,4749
3522,3588
3522,3773
3522,4202
3522,4411
3522,4639
3522,4979
3523,3652
3523,3670
3523,3722
3523,3785
3523,4469
3523,4543
3523,4739
3523,4884
3524,3638
3524,3753
3524,3796
3524,4259
3524,4896
3524,4929
3524,4978
3525,3757
3525,4449
3525,4933
3526,3709
3526,4269
3526,4805
3527,3758
3527,3768
3527,3870
3527,4015
3527,4085
3527,4209
3527,4242
3527,4463
3527,4787
3528,3674
3528,3731
3528,4026
3528,4061
3528,4205
3528,4333
3528,4727
3528,4781
3528,4879
3528,4966
3528,4976
3529,3537
3529,4045
3529,4971
3530,3746
3530,4277
3530,4372
3531,3595
3531,3642
3531,3914
3531,4051
3531,4164
3531,4180
3531,4613
3531,4632
3531,4802
3531,4922
3532,3551
3532,3673
3532,3761
3532,4031
3532,4169
3532,4299
3532,4475
3532,4573
3532,4597
3533,3759
3533,4091
3533,4795
3533,4804
3533,4883
3534,3871
3534,3956
3534,4761
3534,4789
3534,4939
3535,3544
3535,3601
3535,3765
3535,3882
3535,4013
3535,4107
3535,4141
3535,4606
3535,4866
3535,4995
3536,3538
3536,3653
3536,3721
3536,3765
3536,3858
3536,3899
3536,3901
3536,4479
3536,4714
3536,4873
3536,4939
3537,4161
3537,4269
3537,4853
3537,4938
3538,3956
3538,4019
3538,4046
3538,4049
3538,4058
3538,4081
3538,4352
3538,4402
3538,4597
3538,4917
3538,4984
3539,3649
3539,3758
3539,3769
3539,3830
3539,3950
3539,4070
3539,4500
3539,4602
3539,4958
3539,4996
3540,3955
3540,3978
3540,4236
3540,4287
3540,4358
3540,4516
3540,4588
3540,4686
3540,4739
3540,4871
3541,3630
3541,3652
3541,3704
3541,4110
3541,4353
3541,4840
3541,4929
3541,4965
3542,3598
3542,3799
3542,3856
3542,3995
3542,4318
3542,4452
3542,4471
3542,4791
3543,3726
3543,3940
3543,4145
3543,4234
3543,4417
3543,4517
3543,4544
3543,4588
3543,4927
3544,3707
3544,4089
3545,4216
3545,4461
3545,4557
3545,4786
3545,4983
3546,3565
3546,3842
3546,4059
3546,4206
3546,4394
3547,3580
3547,3821
3547,3995
3547,4020
3547,4080
3547,4417
3547,4456
3548,3577
3548,3612
3548,4020
3548,4144
3548,4371
3548,4514
3548,4602
3548,4694
3548,4732
3548,4798
3548,4931
3549,3678
3549,4267
3549,4404
3549,4414
3549,4781
3549,4808
3550,3772
3550,4045
3550,4124
3550,4316
3550,4999
3551,3658
3551,3896
3551,3996
3551,4101
3551,4174
3551,4178
3551,4196
3551,4569
3551,4913
3551,4940
3552,3701
3552,3930
3552,3947
3552,4113
3552,4242
3552,4364
3552,4381
3553,4264
3553,4458
3553,4706
3553,4791
3553,4795
3553,4843
3554,3742
3554,3848
3554,4036
3554,4085
3554,4304
3554,4592
3555,3912
3555,4295
3555,4339
3555,4818
3556,3857
3556,3861
3556,3891
3556,4091
3556,4388
3556,4609
3556,4616
3556,4804
3556,4970
3557,3773
3557,3806
3557,4399
3557,4571
3557,4722
3558,3842
3558,3999
3558,4442
3558,4506
3558,4555
3558,4942
3559,3624
3559,3627
3559,3789
3559,4115
3559,4280
3559,4506
3559,4905
3560,3629
3560,4137
3560,4292
3560,4518
3560,4525
3560,4563
3560,4594
3560,4672
3560,4783
3560,4816
3560,4826
3560,4880
3561,3960
3561,4017
3561,4096
3561,4291
3561,4292
3561,4337
3561,4341
3561,4515
3561,4776
3561,4784
3561,4807
3562,3572
3562,3942
3562,4194
3562,4650
3562,4778
3562,4968
3563,3737
3563,4169
3563,4228
3563,4260
3564,3774
3564,4009
3564,4282
3564,4372
3565,3713
3565,3720
3565,3812
3565,3818
3565,3829
3565,3974
3565,4448
3566,4252
3566,4490
3566,4749
3567,4073
3567,4378
3567,4389
3567,4413
3567,4873
3568,3628
3568,3655
3568,3680
3568,4151
3568,4273
3568,4477
3568,4768
3568,4774
3568,4824
3569,3645
3569,3744
3569,3767
3569,4386
3569,4414
3569,4624
3569,4748
3570,4157
3570,4359
3570,4439
3570,4634
3570,4759
3570,4817
3571,3686
3571,3691
3571,3775
3571,4135
3571,4353
3571,4483
3571,4681
3571,4778
3572,3686
3572,3910
3572,4202
3572,4207
3572,4230
3572,4310
3572,4778
3572,4871
3572,4886
3572,4999
3573,3829
3573,3836
3573,3845
3573,4070
3573,4130
3573,4160
3573,4184
3573,4227
3573,4553
3573,4666
3573,4835
3574,3648
3574,3718
3574,3774
3574,4092
3574,4191
3574,4215
3574,4422
3574,4580
3575,3589
3575,3717
3575,3793
3575,3816
3575,3905
3575,4094
3575,4325
3575,4357
3575,4930
3576,4036
3576,4054
3576,4181
3576,4264
3576,4354
3576,4403
3576,4408
3576,4484
3576,4585
3576,4611
3576,4684
3576,4913
3577,3956
3577,4060
3577,4118
3577,4221
3577,4235
3577,4532
3577,4768
3578,4017
3578,4054
3578,4197
3578,4694
3578,4697
3579,3681
3579,3857
3579,3889
3579,4210
3579,4404
3579,4432
3579,4470
3580,3609
3580,3683
3580,3858
3580,3969
3580,4056
3580,4423
3580,4767
3580,4826
3581,3873
3581,3948
3581,4123
3581,4195
3581,4422
3581,4684
3581,4705
3581,4884
3582,3593
3582,3628
3582,3702
3582,3886
3582,4182
3582,4203
3582,4310
3582,4431
3582,4736
3582,4778
3582,4842
3583,3704
3583,3792
3583,3831
3583,4243
3583,4465
3583,4521
3583,4569
3583,4762
3583,4904
3584,3589
3584,4270
3584,4276
3585,3794
3585,3843
3585,4377
3585,4919
3586,3594
3586,3607
3586,3656
3586,4160
3586,4216
3586,4276
3586,4625
3586,4696
3586,4709
3586,4846
3586,4937
3586,4952
3587,3806
3587,4415
3587,4540
3587,4665
3587,4699
3587,4806
3587,4876
3587,4923
3587,4992
3588,3589
3588,3723
3588,4061
3588,4466
3588,4530
3588,4710
3589,3652
3589,3783
3589,3876
3589,4951
3590,4026
3590,4189
3590,4647
3590,4732
3590,4757
3590,4832
3591,4554
3591,4726
3592,4218
3592,4306
3592,4480
3592,4662
3592,4883
3593,3685
3593,4130
3593,4350
3593,4384
3593,4385
3593,4877
3594,3705
3594,3710
3594,4093
3594,4406
3594,4516
3594,4858
3595,3650
3595,3677
3595,4635
3596,3803
3596,3843
3596,4002
3596,4199
3596,4290
3596,4528
3597,3637
3597,3659
3597,4027
3597,4345
3597,4424
3597,4470
3597,4502
3597,4581
3597,4650
3597,4651
3597,4773
3597,4859
3598,3727
3598,3850
3598,4331
3598,4332
3598,4412
3598,4968
3599,3672
3599,3820
3599,3946
3599,3977
3599,4138
3599,4324
3599,4401
3599,4406
3599,4694
3599,4798
3600,3678
3600,3946
3600,4217
3600,4526
3600,4715
3601,3656
3601,3806
3601,3887
3601,4314
3601,4468
3601,4493
3601,4534
3601,4642
3602,3826
3602,3869
3602,4442
3603,3861
3603,3988
3603,4009
3603,4141
3603,4566
3603,4692
3603,4724
3603,4727
3604,3759
3604,3879
3604,3907
3604,3929
3604,3994
3604,4275
3604,4298
3604,4310
3604,4488
3604,4538
3604,4540
3604,4878
3605,3889
3605,4104
3605,4252
3605,4292
3605,4952
3606,4008
3606,4100
3606,4211
3606,4483
3607,3806
3607,3845
3607,4008
3607,4244
3607,4352
3607,4635
3607,4834
3607,4977
3607,4998
3608,3842
3608,3987
3608,3999
3608,4720
3608,4859
3609,3662
3609,3683
3609,4008
3609,4279
3609,4340
3609,4462
3609,4472
3610,3807
3610,4161
3610,4164
3610,4220
3610,4284
3610,4355
3610,4620
3610,4644
3610,4661
3610,4726
3610,4744
3610,4824
3611,3665
3611,3802
3611,3838
3611,3867
3611,4172
3611,4374
3611,4560
3612,3772
3612,3856
3612,3987
3612,4120
3612,4154
3612,4591
3612,4687
3613,3681
3613,3700
3613,3829
3613,3830
3613,3842
3613,3860
3613,3946
3613,4013
3613,4032
3613,4478
3613,4498
3613,4805
3613,4847
3614,3738
3614,3787
3614,3991
3614,4199
3614,4432
3614,4538
3614,4570
3614,4815
3614,4968
3615,4002
3615,4194
3615,4436
3615,4504
3615,4653
3615,4659
3615,4869
3615,4970
3616,3648
3616,4135
3616,4224
3616,4693
3616,4697
3616,4744
3616,4840
3616,4845
3616,4905
3617,3824
3617,3856
3617,3989
3617,4083
3617,4388
3617,4475
3617,4569
3617,4599
3617,4640
3617,4752
3617,4841
3617,4866
3618,4103
3618,4237
3618,4276
3618,4749
3618,4755
3619,3662
3619,4049
3619,4051
3619,4086
3619,4192
3619,4330
3619,4369
3619,4410
3619,4921
3620,3657
3620,3892
3620,4309
3620,4519
3620,4841
3620,4967
3621,3756
3621,4146
3621,4436
3621,4630
3621,4631
3621,4644
3622,3639
3622,3945
3622,4143
3622,4617
3622,4718
3622,4861
3623,3713
3623,3740
3623,4055
3623,4068
3623,4352
3623,4601
3623,4610
3624,3644
3624,3733
3624,4492
3624,4721
3624,4975
3625,3772
3625,3776
3625,4389
3625,4744
3626,3675
3626,4604
3626,4606
3626,4637
3626,4643
3626,4663
3626,4941
3627,3693
3627,3790
3627,3816
3627,4022
3627,4152
3627,4230
3627,4251
3627,4487
3627,4497
3627,4526
3627,4754
3627,4755
3627,4786
3627,4855
3628,3678
3628,4577
3628,4820
3628,4939
3629,3860
3629,3890
3629,3949
3629,4000
3629,4194
3629,4722
3629,4740
3629,4893
3629,4974
3630,3887
3630,3911
3630,4055
3630,4625
3631,3634
3631,3716
3631,3878
3631,4151
3631,4288
3631,4386
3631,4468
3631,4908
3631,4977
3632,4178
3632,4540
3632,4845
3632,4880
3633,4068
3633,4229
3633,4276
3633,4280
3633,4981
3634,4073
3634,4146
3634,4150
3634,4256
3634,4443
3634,4731
3634,4804
3635,3868
3635,4033
3635,4358
3635,4865
3635,4973
3635,4990
3636,3783
3636,3793
3636,3973
3636,4089
3636,4398
3636,4445
3636,4777
3636,4803
3636,4877
3637,4073
3637,4150
3637,4210
3637,4425
3637,4630
3637,4729
3637,4857
3638,3760
3638,3792
3638,3867
3638,4245
3638,4467
3638,4960
3639,3666
3639,3724
3639,3794
3639,3997
3639,4280
3639,4860
3640,3673
3640,3677
3640,3916
3640,4730
3640,4764
3640,4918
3641,3920
3641,3948
3641,3975
3641,4234
3641,4379
3641,4848
3642,3859
3642,3927
3642,4203
3642,4232
3642,4344
3642,4418
3642,4465
3642,4834
3643,3712
3643,3763
3643,3948
3643,4299
3643,4334
3643,4370
3643,4405
3643,4433
3643,4492
3643,4495
3643,4814
3643,4878
3644,3732
3644,4082
3644,4203
3644,4283
3644,4292
3644,4911
3645,3659
3645,4028
3645,4114
3645,4147
3645,4959
3645,4966
3646,3657
3646,3840
3646,3891
3646,3905
3646,4066
3646,4116
3646,4276
3646,4648
3646,4824
3646,4885
3647,3853
3647,3901
3647,4142
3647,4167
3647,4267
3647,4341
3647,4779
3647,4989
3648,3717
3648,3861
3648,3866
3648,4207
3648,4402
3648,4504
3648,4572
3648,4651
3648,4814
3648,4857
3648,4944
3649,3775
3649,4079
3649,4115
3649,4582
3650,3680
3650,3701
3650,3864
3650,3932
3650,3941
3650,3952
3650,3963
3650,4196
3650,4735
3651,3835
3651,4022
3651,4052
3651,4206
3651,4453
3651,4463
3651,4529
3651,4618
3651,4963
3652,3672
3652,3982
3652,4018
3652,4523
3652,4777
3652,4847
3652,4967
3653,3778
3653,4078
3653,4144
3653,4267
3653,4607
3654,4002
3654,4432
3654,4705
3655,3706
3655,3744
3655,3945
3655,4165
3655,4962
3656,3685
3656,3906
3656,4268
3656,4298
3656,4333
3656,4414
3656,4591
3656,4770
3657,3715
3657,4371
3657,4543
3657,4642
3657,4706
3657,4776
3658,4009
3658,4082
3658,4119
3658,4308
3658,4319
3658,4341
3658,4807
3658,4881
3658,4928
3659,3991
3659,4170
3659,4280
3659,4296
3659,4409
3659,4490
3659,4598
3659,4687
3660,4357
3660,4958
3661,3668
3661,3747
3661,3863
3661,3881
3661,4748
3661,4848
3661,4912
3662,3811
3662,3902
3662,4121
3662,4469
3662,4710
3662,4821
3663,3905
3663,4604
3664,3766
3664,3930
3664,3964
3664,4227
3664,4235
3664,4418
3664,4602
3664,4626
3665,3769
3665,3895
3665,3929
3665,4313
3665,4423
3665,4620
3665,4706
3665,4990
3666,3760
3666,3839
3666,4117
3666,4120
3666,4231
3666,4313
3666,4612
3666,4988
3667,3741
3667,3923
3667,4068
3667,4278
3667,4438
3667,4485
3667,4643
3667,4775
3667,4857
3668,3694
3668,4237
3668,4532
3668,4737
3668,4935
3669,3701
3669,4241
3669,4351
3669,4864
3670,3927
3670,4318
3670,4507
3670,4941
3671,3827
3671,3990
3671,4234
3671,4242
3671,4311
3671,4446
3671,4710
3671,4907
3671,4966
3672,4005
3672,4242
3672,4636
3673,3780
3673,4098
3673,4211
3673,4388
3673,4523
3673,4725
3674,3687
3674,3769
3674,4144
3674,4290
3674,4940
3675,3744
3675,3883
3675,4427
3675,4549
3675,4625
3675,4751
3676,3700
3676,3788
3676,4458
3676,4769
3676,4788
3677,3688
3677,3916
3677,3938
3677,4059
3677,4218
3678,4243
3678,4448
3678,4753
3679,3914
3679,4058
3679,4261
3679,4440
3679,4694
3679,4859
3680,4109
3680,4304
3680,4312
3680,4709
3680,4731
3681,4138
3681,4575
3681,4787
3681,4815
3681,4881
3682,3812
3682,4467
3682,4671
3682,4873
3683,3872
3683,4109
3683,4135
3683,4260
3683,4624
3683,4790
3684,3930
3684,4446
3684,4610
3684,4625
3684,4685
3684,4801
3684,4830
3684,4963
3685,3795
3685,3896
3685,3943
3685,4030
3685,4624
3685,4831
3685,4894
3685,4935
3686,3815
3686,3987
3686,4019
3686,4131
3686,4151
3686,4234
3686,4548
3686,4690
3686,4707
3687,3793
3687,4245
3687,4417
3687,4447
3687,4777
3688,3821
3688,3954
3688,4013
3688,4313
3688,4449
3688,4510
3688,4669
3688,4887
3689,3711
3689,3742
3689,3803
3689,4023
3689,4270
3689,4366
3689,4695
3690,3972
3690,3975
3690,4609
3690,4679
3690,4836
3691,3990
3691,4221
3691,4275
3691,4580
3691,4622
3691,4841
3692,3796
3692,4239
3692,4442
3692,4986
3693,3777
3693,3977
3693,4019
3693,4024
3693,4124
3693,4143
3693,4320
3693,4371
3693,4433
3693,4476
3693,4518
3693,4644
3693,4809
3693,4840
3694,3755
3694,3810
3694,4346
3694,4698
3694,4910
3695,3910
3695,3918
3695,3974
3695,3984
3695,4056
3695,4167
3695,4256
3695,4553
3696,3747
3696,3814
3696,3857
3696,4434
3696,4478
3696,4657
3696,4777
3696,4988
3696,4993
3697,3765
3697,4846
3698,3975
3698,4151
3698,4363
3698,4404
3698,4437
3698,4538
3698,4828
3699,3717
3699,3770
3699,4314
3699,4786
3699,4899
3699,4909
3700,3836
3700,3979
3700,4055
3700,4277
3700,4486
3700,4789
3700,4790
3701,3749
3701,3824
3701,3977
3701,4137
3701,4170
3701,4229
3701,4629
3701,4644
3702,4409
3702,4635
3702,4709
3703,3781
3703,3827
3703,4924
3703,4975
3704,4114
3704,4263
3704,4311
3704,4548
3704,4578
3704,4838
3704,4919
3705,3712
3705,4356
3705,4700
3706,3721
3706,3856
3706,3921
3706,4773
3706,4805
3706,4953
3706,4982
3707,3897
3707,3963
3707,4010
3707,4178
3707,4341
3707,4563
3707,4617
3707,4806
3708,3719
3708,3811
3708,3828
3708,3951
3708,4012
3708,4508
3708,4660
3708,4702
3709,4362
3709,4431
3709,4460
3709,4657
3709,4831
3709,4858
3710,3737
3710,4220
3710,4350
3710,4435
3710,4686
3711,3897
3711,4265
3711,4332
3711,4382
3711,4385
3711,4474
3711,4486
3711,4545
3711,4558
3711,4580
3711,4782
3711,4806
3712,3752
3712,3854
3712,4073
3712,4289
3712,4450
3713,3874
3713,3986
3713,3988
3713,4359
3713,4436
3713,4620
3714,3835
3714,3984
3714,4166
3714,4238
3714,4293
3714,4349
3714,4549
3714,4787
3714,4865
3715,3798
3715,4299
3715,4441
3715,4474
3715,4591
3716,3755
3716,3797
3716,3886
3716,4026
3716,4575
3716,4633
3716,4857
3717,3887
3717,4015
3717,4283
3717,4565
3717,4789
3718,3724
3718,4031
3718,4032
3718,4611
3718,4783
3718,4795
3718,4980
3719,3837
3719,3880
3719,4078
3719,4456
3719,4805
3719,4938
3720,3885
3720,4267
3720,4458
3720,4479
3720,4500
3721,3758
3721,3877
3721,4067
3721,4260
3721,4663
3721,4864
3722,3732
3722,4081
3722,4491
3723,3826
3723,3967
3723,3984
3723,4035
3723,4245
3723,4639
3723,4678
3724,3816
3724,3858
3724,4699
3725,3772
3725,3817
3725,4162
3725,4181
3725,4745
3725,4804
3725,4957
3725,4991
3726,4053
3726,4567
3726,4754
3727,3748
3727,3820
3727,4258
3727,4281
3727,4505
3727,4524
3728,3932
3728,4348
3728,4365
3728,4472
3728,4610
3728,4645
3728,4824
3729,3968
3729,4167
3729,4565
3729,4594
3730,3847
3730,4014
3730,4167
3730,4227
3730,4780
3730,4902
3731,4056
3731,4417
3731,4588
3731,4770
3732,3795
3732,4232
3732,4519
3733,4314
3733,4544
3733,4647
3733,4661
3733,4961
3734,3981
3734,3994
3734,4003
3734,4100
3734,4116
3734,4297
3734,4477
3734,4494
3734,4827
3735,3884
3735,4204
3735,4373
3735,4799
3735,4873
3735,4926
3736,3808
3736,3852
3736,4281
3736,4502
3736,4568
3736,4601
3737,3840
3737,3914
3737,3929
3737,4315
3737,4373
3737,4576
3738,3848
3738,3894
3738,4280
3738,4303
3738,4540
3738,4611
3738,4698
3738,4792
3738,4898
3739,3965
3739,4172
3739,4735
3739,4738
3740,4183
3740,4567
3741,4276
3741,4356
3741,4396
3741,4548
3741,4654
3741,4776
3741,4872
3741,4908
3741,4963
3742,3842
3742,3873
3742,4254
3743,3824
3743,3864
3743,4214
3743,4232
3743,4762
3743,4875
3744,4060
3744,4153
3744,4311
3744,4345
3744,4369
3744,4543
3744,4669
3744,4672
3744,4721
3745,3840
3745,4651
3745,4932
3746,3852
3746,3880
3746,4102
3746,4486
3746,4580
3746,4672
3747,4046
3747,4081
3747,4102
3747,4717
3747,4938
3748,3962
3748,3977
3748,4126
3748,4578
3748,4582
3748,4631
3748,4674
3748,4782
3748,4853
3749,3799
3749,4671
3749,4727
3750,4270
3750,4272
3750,4941
3750,4978
3751,3776
3751,3811
3751,4062
3751,4142
3751,4241
3751,4695
3752,3827
3752,3845
3752,4390
3752,4552
3752,4567
3752,4588
3752,4599
3752,4708
3752,4862
3753,3905
3753,3971
3753,4098
3753,4250
3753,4398
3753,4434
3753,4512
3753,4664
3754,3835
3754,4127
3754,4195
3754,4967
3755,3865
3755,3903
3755,4223
3755,4259
3755,4519
3756,3865
3756,3890
3756,3998
3756,4311
3756,4468
3756,4542
3756,4672
3757,3766
3757,3917
3757,3977
3757,4067
3757,4305
3757,4549
3757,4773
3758,3818
3758,3875
3758,3882
3758,4238
3758,4332
3758,4493
3758,4523
3758,4637
3758,4787
3759,3957
3759,4291
3759,4421
3759,4758
3760,3945
3760,4304
3760,4313
3760,4441
3760,4664
3761,4193
3761,4515
3761,4556
3761,4781
3761,4929
3762,3829
3762,3975
3762,4260
3762,4373
3762,4377
3762,4390
3762,4528
3762,4874
3762,4985
3763,3822
3763,4032
3763,4293
3763,4549
3763,4570
3763,4617
3763,4764
3763,4777
3763,4782
3763,4890
3764,3812
3764,3909
3764,4284
3764,4594
3765,3863
3765,4080
3765,4388
3765,4770
3766,4156
3766,4660
3766,4940
3767,3828
3767,3889
3767,3985
3767,4075
3767,4311
3767,4834
3768,4204
3768,4296
3768,4538
3768,4682
3768,4852
3769,3957
3769,4035
3769,4997
3770,3968
3770,4225
3770,4741
3770,4830
3770,4966
3771,4082
3771,4509
3771,4839
3772,3777
3772,3817
3772,3886
3772,4189
3772,4219
3772,4297
3773,3869
3773,4511
3773,4531
3773,4540
3773,4634
3774,3853
3774,3919
3774,3968
3774,4244
3774,4290
3774,4819
3775,4135
3775,4176
3775,4209
3775,4232
3775,4314
3775,4819
3775,4905
3776,3884
3776,4036
3776,4046
3776,4396
3776,4457
3776,4739
3776,4820
3777,3902
3777,3947
3777,4024
3777,4765
3778,3868
3778,4589
3778,4789
3778,4972
3779,4042
3779,4063
3779,4527
3779,4896
3780,3860
3780,4239
3780,4476
3780,4577
3780,4636
3780,4692
3780,4780
3780,4965
3781,3853
3781,3858
3781,3893
3781,3934
3781,4001
3781,4139
3781,4256
3781,4325
3781,4753
3781,4779
3781,4842
3781,4856
3781,4900
3782,3891
3782,3920
3782,4028
3782,4095
3782,4510
3782,4636
3782,4645
3782,4864
3783,3925
3783,4183
3784,4326
3784,4995
3785,3955
3785,3991
3785,4126
3785,4165
3785,4534
3785,4690
3785,4701
3785,4800
3786,4046
3786,4063
3786,4245
3786,4812
3786,4917
3787,4107
3787,4237
3787,4335
3787,4450
3787,4506
3787,4581
3787,4911
3787,4976
3788,3882
3788,4130
3788,4131
3788,4768
3788,4850
3788,4902
3789,3800
3789,3823
3789,4062
3789,4685
3789,4759
3790,3816
3790,4202
3790,4294
3790,4454
3790,4592
3790,4842
3791,4173
3791,4422
3791,4621
3792,3832
3792,3854
3792,3984
3792,4048
3792,4524
3792,4597
3793,4237
3793,4284
3793,4410
3794,3916
3794,4003
3794,4206
3794,4369
3794,4848
3795,3900
3795,4171
3795,4641
3795,4668
3795,4680
3795,4868
3796,3974
3796,4005
3796,4409
3796,4568
3796,4596
3796,4819
3796,4977
3796,4990
3797,4024
3797,4170
3797,4602
3797,4687
3798,3816
3798,4002
3798,4581
3798,4596
3798,4889
3799,3839
3799,3940
3799,3991
3799,4261
3799,4284
3799,4389
3799,4449
3799,4453
3799,4648
3799,4948
3800,4039
3800,4152
3800,4214
3800,4306
3800,4335
3800,4741
3800,4754
3800,4799
3800,4942
3800,4982
3801,3818
3801,4068
3801,4264
3801,4285
3801,4426
3801,4629
3802,3847
3802,4053
3802,4430
3802,4761
3803,3919
3803,4050
3803,4218
3803,4462
3803,4982
3804,3886
3804,4554
3804,4645
3805,4519
3805,4558
3805,4905
3805,4992
3806,3877
3806,3885
3806,4003
3806,4087
3806,4295
3806,4549
3806,4752
3806,4920
3807,3865
3807,3983
3807,4024
3807,4311
3807,4327
3807,4344
3807,4427
3807,4439
3807,4831
3807,4885
3808,3840
3808,4031
3808,4433
3808,4538
3808,4612
3808,4622
3808,4634
3808,4687
3808,4733
3808,4847
3808,4866
3808,4869
3809,3887
3809,4291
3809,4883
3809,4885
3810,3868
3810,3928
3810,4160
3810,4210
3810,4332
3810,4513
3810,4608
3810,4712
3810,4842
3810,4860
3810,4931
3810,4946
3811,3969
3811,4286
3811,4422
3811,4457
3811,4725
3812,3872
3812,4212
3812,4215
3812,4385
3812,4544
3812,4635
3812,4648
3812,4908
3813,3877
3813,4118
3813,4163
3813,4178
3813,4267
3813,4416
3813,4808
3813,4985
3814,3830
3814,3936
3814,4280
3814,4398
3814,4862
3815,4066
3815,4194
3815,4209
3815,4699
3815,4720
3815,4749
3815,4784
3816,4226
3816,4339
3816,4890
3817,3862
3817,4564
3818,4076
3818,4301
3818,4393
3818,4403
3818,4451
3818,4694
3818,4773
3818,4874
3818,4976
3819,3835
3819,4076
3819,4717
3820,3861
3820,3887
3820,4006
3820,4024
3820,4261
3820,4535
3820,4589
3820,4604
3820,4705
3820,4739
3821,3893
3821,4007
3821,4099
3821,4690
3822,3823
3822,4033
3822,4227
3822,4257
3822,4412
3822,4912
3822,4945
3823,3987
3823,4067
3823,4105
3823,4115
3823,4228
3823,4266
3823,4649
3823,4733
3823,4853
3823,4896
3823,4982
3824,4091
3824,4113
3824,4434
3824,4507
3824,4513
3824,4699
3824,4750
3824,4925
3825,4051
3825,4135
3825,4201
3825,4377
3825,4823
3825,4869
3826,3907
3826,3908
3826,4327
3826,4622
3826,4634
3826,4746
3826,4852
3827,4048
3827,4058
3827,4096
3827,4158
3827,4423
3827,4751
3827,4943
3828,3964
3828,4139
3828,4305
3828,4443
3828,4600
3828,4793
3828,4848
3828,4865
3829,3845
3829,4285
3829,4420
3829,4463
3829,4622
3829,4630
3829,4864
3829,4890
3830,3896
3830,3957
3830,3962
3830,4088
3830,4362
3831,4154
3831,4393
3831,4548
3831,4664
3831,4701
3832,3896
3832,4074
3832,4249
3832,4396
3832,4422
3832,4913
3833,3835
3833,4080
3833,4136
3833,4252
3833,4427
3833,4538
3833,4637
3833,4748
3834,3838
3834,3919
3834,3933
3834,4058
3834,4608
3835,3922
3835,4517
3835,4579
3835,4768
3835,4777
3835,4845
3836,3867
3836,4039
3836,4170
3836,4426
3836,4463
3836,4960
3836,4974
3837,3854
3837,3992
3837,4232
3837,4393
3837,4496
3837,4580
3837,4646
3837,4676
3837,4831
3837,4870
3837,4933
3838,4228
3838,4301
3838,4468
3838,4750
3839,4042
3839,4066
3839,4123
3839,4207
3839,4397
3839,4675
3839,4790
3839,4919
3840,3996
3840,4132
3840,4340
3840,4731
3841,4118
3841,4190
3841,4593
3841,4650
3841,4987
3842,3866
3842,3961
3842,4009
3842,4116
3842,4208
3842,4265
3842,4482
3842,4500
3842,4541
3842,4855
3842,4949
3843,4123
3843,4251
3843,4255
3843,4266
3843,4378
3843,4583
3843,4591
3843,4623
3843,4691
3843,4968
3843,4970
3844,4215
3844,4330
3844,4539
3844,4686
3844,4812
3844,4831
3844,4971
3845,3943
3845,4076
3845,4145
3845,4461
3845,4512
3845,4713
3845,4911
3846,4001
3847,3890
3847,4844
3848,3949
3848,4109
3848,4296
3848,4396
3848,4415
3848,4419
3849,3949
3849,4603
3849,4873
3850,4159
3850,4352
3850,4379
3850,4686
3851,4122
3851,4254
3851,4437
3851,4709
3851,4821
3851,4927
3852,4264
3852,4532
3852,4656
3853,4075
3853,4117
3853,4710
3853,4773
3853,4830
3853,4906
3854,4081
3854,4272
3854,4286
3854,4410
3854,4447
3854,4749
3855,4587
3855,4665
3855,4962
3856,4870
3856,4872
3857,3980
3857,4101
3857,4235
3857,4308
3857,4553
3858,3892
3858,4064
3858,4246
3858,4486
3858,4907
3859,4019
3859,4039
3859,4409
3859,4449
3859,4882
3859,4931
3859,4999
3860,3936
3860,4007
3860,4615
3860,4869
3860,4887
3861,3956
3861,4050
3861,4146
3861,4357
3861,4455
3861,4574
3861,4633
3861,4637
3861,4699
3861,4706
3861,4790
3861,4916
3862,4873
3862,4880
3862,4927
3863,3923
3863,4011
3863,4083
3863,4123
3863,4215
3863,4226
3863,4659
3864,3913
3864,3946
3864,4217
3864,4538
3864,4628
3864,4667
3865,3990
3865,4113
3865,4594
3865,4864
3865,4910
3866,3899
3866,4132
3866,4405
3866,4633
3866,4737
3867,4030
3867,4327
3868,3952
3868,4278
3868,4515
3868,4640
3868,4904
3869,4011
3869,4019
3869,4047
3869,4108
3869,4186
3869,4498
3869,4632
3869,4898
3870,3946
3870,3987
3870,4209
3870,4425
3870,4528
3871,4173
3871,4320
3871,4455
3871,4648
3872,4096
3872,4164
3872,4742
3872,4795
3872,4815
3873,4030
3873,4137
3873,4498
3873,4547
3873,4688
3873,4936
3874,3895
3874,4136
3874,4231
3874,4401
3874,4491
3874,4505
3874,4560
3874,4564
3874,4874
3875,3891
3875,4780
3876,3990
3876,4389
3876,4489
3876,4607
3876,4756
3876,4957
3877,4032
3877,4254
3877,4525
3877,4773
3877,4838
3877,4858
3877,4903
3878,4044
3878,4114
3878,4165
3878,4190
3878,4648
3878,4732
3879,4055
3879,4189
3879,4248
3879,4264
3879,4336
3879,4501
3879,4857
3879,4900
3880,4200
3880,4427
3881,4077
3881,4150
3881,4185
3881,4408
3881,4431
3881,4521
3881,4659
3882,3890
3882,4067
3882,4394
3882,4596
3882,4951
3883,4575
3883,4817
3883,4891
3884,4062
3884,4112
3885,4048
3885,4122
3885,4127
3885,4155
3885,4392
3885,4412
3885,4536
3885,4594
3886,4157
3887,3912
3887,4076
3887,4417
3887,4785
3888,3961
3888,4063
3888,4655
3888,4720
3888,4778
3889,4070
3889,4082
3889,4125
3889,4226
3889,4889
3890,4170
3890,4216
3890,4410
3890,4784
3890,4872
3891,4046
3891,4678
3892,3975
3892,3978
3892,4086
3892,4179
3892,4235
3892,4494
3892,4766
3892,4791
3892,4827
3892,4838
3892,4868
3893,4152
3893,4437
3893,4711
3893,4727
3894,4000
3894,4154
3894,4227
3894,4679
3894,4721
3894,4756
3894,4966
3895,4008
3895,4115
3895,4644
3895,4844
3896,4117
3896,4237
3896,4296
3896,4409
3896,4539
3896,4609
3896,4715
3896,4934
3897,4213
3897,4851
3898,3972
3898,4062
3898,4446
3898,4710
3898,4816
3899,4305
3899,4504
3899,4612
3899,4809
3900,3902
3900,4811
3900,4942
3901,4016
3901,4099
3901,4198
3901,4639
3901,4844
3902,4123
3902,4250
3902,4429
3902,4502
3902,4814
3902,4860
3903,4184
3903,4760
3904,4197
3905,4439
3905,4490
3905,4575
3905,4655
3905,4826
3906,4174
3906,4354
3906,4359
3906,4380
3906,4431
3906,4721
3906,4760
3907,3994
3907,4115
3907,4266
3907,4693
3907,4864
3907,4881
3908,4014
3908,4136
3908,4380
3908,4684
3908,4878
3908,4926
3909,4058
3909,4682
3910,3982
3910,4011
3910,4080
3910,4151
3910,4192
3910,4225
3910,4350
3910,4390
3910,4537
3910,4628
3910,4963
3911,4106
3911,4233
3912,4040
3912,4156
3912,4171
3912,4199
3912,4285
3912,4446
3912,4479
3912,4558
3912,4590
3912,4781
3912,4890
3912,4900
3913,4018
3913,4023
3913,4223
3913,4663
3914,4271
3914,4337
3914,4629
3914,4649
3914,4935
3914,4946
3915,3925
3915,4200
3915,4599
3915,4614
3915,4838
3915,4839
3915,4983
3916,4052
3916,4321
3916,4652
3917,4004
3917,4049
3917,4170
3917,4232
3917,4262
3917,4499
3917,4717
3917,4775
3917,4819
3917,4895
3918,4008
3918,4425
3918,4794
3919,4097
3919,4344
3919,4362
3919,4815
3919,4882
3919,4909
3919,4949
3920,4094
3920,4182
3920,4457
3920,4489
3920,4912
3921,4211
3921,4793
3922,3990
3922,4045
3922,4122
3922,4432
3922,4436
3922,4741
3922,4786
3922,4925
3923,4996
3924,4317
3924,4439
3924,4485
3924,4756
3924,4894
3924,4965
3925,4029
3925,4062
3925,4636
3925,4788
3926,4423
3926,4578
3926,4963
3927,3997
3927,4075
3927,4537
3927,4750
3928,3961
3928,3964
3928,4110
3928,4113
3928,4777
3928,4833
3928,4835
3929,4138
3929,4232
3929,4303
3929,4546
3929,4571
3929,4948
3930,3944
3930,3998
3930,4067
3930,4115
3930,4415
3930,4603
3930,4620
3931,4037
3931,4142
3931,4163
3932,4723
3932,4745
3932,4817
3932,4965
3933,4140
3933,4453
3933,4548
3934,4183
3934,4301
3934,4412
3934,4449
3934,4583
3934,4766
3934,4854
3935,4019
3935,4300
3935,4708
3935,4820
3935,4902
3936,4029
3936,4063
3936,4330
3936,4338
3936,4419
3936,4571
3936,4762
3937,3981
3937,4237
3937,4515
3937,4715
3937,4832
3937,4937
3937,4992
3938,4572
3939,3999
3939,4169
3939,4857
3939,4944
3940,4532
3940,4900
3940,4991
3941,4785
3941,4956
3942,4039
3942,4789
3943,4050
3943,4945
3943,4956
3943,4990
3944,3962
3944,4372
3944,4453
3944,4469
3944,4828
3945,4049
3945,4066
3945,4283
3945,4368
3945,4475
3945,4476
3945,4590
3945,4666
3945,4798
3945,4810
3947,4199
3947,4277
3947,4311
3947,4377
3947,4490
3947,4938
3948,3968
3948,4273
3948,4307
3948,4322
3948,4520
3948,4578
3948,4598
3948,4633
3949,4262
3949,4486
3949,4609
3949,4614
3949,4936
3949,4995
3950,4028
3950,4299
3950,4338
3950,4341
3950,4465
3950,4466
3950,4811
3950,4882
3951,4095
3951,4152
3951,4481
3951,4995
3952,4017
3952,4062
3952,4761
3952,4825
3952,4992
3953,3976
3953,4152
3953,4159
3953,4369
3953,4551
3953,4599
3953,4810
3953,4867
3953,4894
3954,4508
3954,4849
3955,3990
3955,4018
3955,4179
3955,4221
3955,4678
3956,4055
3956,4105
3956,4253
3956,4406
3956,4411
3956,4943
3957,4134
3957,4266
3958,4236
3958,4412
3959,3992
3959,3996
3959,4004
3959,4096
3959,4452
3959,4796
3959,4797
3959,4853
3959,4860
3960,3972
3960,4115
3960,4670
3960,4796
3961,4220
3961,4225
3961,4285
3961,4298
3961,4365
3961,4771
3961,4780
3961,4832
3962,4027
3962,4134
3962,4153
3962,4239
3962,4377
3962,4488
3962,4712
3963,4004
3963,4130
3963,4174
3963,4209
3963,4425
3963,4537
3963,4634
3964,3976
3964,3996
3964,4086
3964,4107
3964,4368
3965,4064
3965,4153
3965,4237
3965,4377
3965,4563
3965,4671
3966,4315
3966,4328
3966,4603
3966,4606
3966,4688
3967,4034
3967,4433
3967,4438
3967,4500
3967,4695
3967,4825
3968,4148
3968,4289
3968,4308
3968,4449
3968,4598
3968,4820
3968,4830
3968,4896
3969,4038
3969,4217
3969,4302
3969,4589
3969,4682
3969,4843
3969,4853
3969,4937
3970,4170
3970,4479
3971,4164
3971,4232
3971,4620
3971,4661
3971,4682
3971,4786
3972,4128
3972,4303
3972,4400
3972,4515
3972,4757
3973,4156
3973,4258
3973,4328
3973,4483
3973,4755
3973,4982
3974,4184
3974,4249
3974,4348
3974,4396
3974,4833
3974,4956
3975,4030
3975,4246
3975,4248
3975,4390
3975,4477
3975,4563
3975,4673
3975,4677
3975,4898
3975,4909
3975,4920
3975,4965
3976,4042
3976,4417
3976,4643
3976,4678
3976,4908
3977,4363
3977,4687
3978,3993
3978,4340
3978,4363
3978,4522
3978,4707
3978,4711
3978,4753
3978,4965
3979,4287
3979,4553
3979,4975
3980,4130
3980,4176
3980,4251
3980,4526
3980,4936
3981,4035
3981,4125
3981,4130
3981,4290
3981,4659
3981,4705
3981,4901
3981,4907
3981,4937
3981,4938
3982,4261
3982,4370
3982,4378
3982,4577
3982,4723
3982,4766
3982,4924
3983,4085
3983,4112
3983,4414
3984,4185
3984,4867
3984,4874
3985,4129
3985,4604
3986,4263
3986,4455
3986,4500
3986,4505
3986,4509
3986,4718
3986,4728
3987,4265
3987,4532
3987,4725
3987,4771
3987,4796
3987,4923
3987,4930
3988,4093
3988,4098
3988,4162
3988,4196
3988,4352
3988,4474
3988,4533
3988,4553
3989,4257
3989,4692
3989,4862
3990,4029
3990,4144
3990,4245
3990,4334
3990,4345
3990,4474
3990,4504
3990,4544
3990,4711
3990,4936
3990,4950
3990,4972
3991,4178
3991,4186
3991,4296
3991,4550
3991,4742
3991,4754
3991,4851
3992,4279
3992,4415
3992,4423
3992,4427
3992,4645
3992,4759
3992,4948
3993,4175
3993,4423
3993,4588
3993,4663
3993,4766
3993,4784
3993,4843
3994,4060
3994,4323
3994,4643
3994,4730
3995,4068
3995,4226
3995,4293
3995,4536
3995,4545
3995,4582
3996,4131
3996,4145
3996,4556
3996,4586
3996,4791
3996,4884
3997,3998
3997,4386
3997,4419
3997,4423
3997,4577
3998,4257
3998,4301
3998,4304
3998,4309
3998,4368
3998,4793
3998,4938
3999,4654
4000,4068
4000,4131
4000,4150
4000,4277
4000,4349
4000,4354
4000,4530
4000,4701
4000,4708
4000,4816
4001,4252
4001,4651
4001,4658
4001,4678
4002,4257
4002,4260
4002,4582
4002,4807
4003,4164
4003,4234
4003,4823
4004,4006
4004,4054
4004,4111
4004,4657
4004,4727
4004,4772
4005,4605
4005,4642
4005,4668
4005,4839
4005,4931
4006,4164
4006,4462
4006,4575
4007,4273
4007,4306
4007,4797
4007,4962
4008,4137
4008,4431
4008,4509
4008,4580
4008,4640
4008,4724
4008,4931
4009,4308
4009,4347
4009,4778
4010,4152
4010,4343
4010,4501
4010,4970
4011,4162
4011,4370
4011,4727
4011,4771
4012,4345
4012,4801
4012,4848
4012,4852
4013,4093
4013,4223
4013,4290
4013,4454
4013,4660
4014,4605
4014,4888
4015,4024
4015,4178
4015,4393
4015,4447
4015,4634
4015,4765
4015,4941
4016,4398
4016,4720
4017,4054
4017,4263
4017,4780
4017,4827
4017,4942
4018,4045
4018,4148
4018,4196
4018,4241
4018,4245
4018,4273
4018,4298
4018,4381
4018,4468
4019,4493
4019,4953
4019,4956
4020,4935
4021,4359
4021,4725
4022,4182
4022,4368
4022,4978
4023,4230
4023,4270
4023,4585
4024,4176
4024,4234
4024,4690
4025,4299
4025,4458
4025,4498
4025,4572
4025,4682
4026,4359
4026,4428
4026,4768
4026,4792
4026,4897
4027,4294
4027,4436
4027,4796
4027,4812
4027,4924
4028,4122
4028,4220
4028,4762
4029,4147
4029,4203
4029,4335
4029,4994
4030,4158
4030,4328
4030,4894
4031,4197
4031,4211
4031,4239
4031,4443
4031,4691
4031,4926
4031,4965
4031,4996
4032,4589
4032,4591
4032,4763
4033,4106
4033,4249
4033,4303
4033,4418
4033,4580
4033,4948
4034,4061
4034,4122
4034,4299
4034,4317
4034,4713
4034,4979
4035,4051
4035,4346
4036,4477
4036,4664
4036,4690
4036,4784
4036,4790
4036,4989
4037,4277
4037,4502
4037,4723
4037,4752
4037,4761
4037,4865
4038,4187
4038,4248
4038,4506
4038,4509
4038,4515
4038,4581
4038,4673
4038,4776
4038,4825
4038,4918
4039,4307
4039,4545
4039,4604
4039,4681
4040,4494
4040,4857
4040,4898
4041,4138
4041,4354
4041,4710
4041,4750
4041,4806
4042,4190
4042,4195
4042,4602
4042,4622
4042,4633
4042,4751
4042,4772
4042,4846
4042,4870
4042,4931
4043,4089
4043,4109
4043,4532
4044,4150
4044,4170
4044,4640
4044,4789
4044,4854
4045,4098
4045,4166
4045,4472
4045,4714
4046,4122
4046,4225
4046,4250
4046,4338
4046,4345
4046,4870
4046,4894
4046,4917
4046,4950
4046,4966
4047,4114
4047,4119
4047,4193
4047,4246
4047,4256
4047,4470
4047,4865
4047,4903
4047,4944
4047,4965
4048,4171
4048,4281
4048,4817
4048,4834
4049,4305
4049,4708
4049,4788
4050,4086
4050,4202
4050,4281
4050,4297
4050,4970
4051,4671
4051,4834
4052,4185
4052,4386
4053,4076
4053,4345
4053,4627
4053,4651
4053,4674
4053,4811
4053,4904
4054,4363
4054,4527
4054,4531
4054,4812
4054,4917
4055,4120
4055,4256
4055,4720
4055,4812
4055,4869
4055,4887
4056,4674
4056,4862
4057,4079
4057,4303
4057,4332
4057,4757
4058,4189
4058,4268
4058,4465
4058,4488
4059,4146
4059,4248
4059,4285
4059,4368
4059,4388
4059,4557
4059,4751
4059,4781
4060,4592
4060,4600
4060,4640
4060,4682
4060,4817
4060,4873
4061,4191
4061,4305
4061,4917
4062,4087
4062,4599
4062,4629
4062,4873
4063,4179
4063,4517
4063,4666
4063,4672
4064,4158
4064,4213
4064,4288
4064,4579
4064,4731
4064,4744
4064,4914
4064,4974
4065,4080
4065,4341
4065,4511
4065,4725
4066,4283
4066,4453
4066,4531
4066,4815
4066,4921
4067,4270
4067,4417
4067,4425
4067,4514
4067,4663
4067,4975
4068,4278
4068,4444
4068,4587
4068,4818
4068,4851
4068,4998
4069,4072
4069,4286
4069,4395
4069,4652
4069,4658
4069,4672
4069,4882
4069,4945
4070,4350
4070,4673
4070,4732
4071,4230
4071,4240
4071,4275
4071,4365
4071,4953
4071,4974
4072,4132
4072,4318
4072,4417
4072,4723
4073,4312
4073,4452
4073,4653
4073,4960
4074,4120
4074,4620
4074,4676
4074,4744
4075,4240
4075,4584
4075,4739
4076,4134
4076,4318
4076,4401
4076,4523
4076,4699
4076,4887
4077,4079
4077,4102
4077,4252
4077,4324
4077,4650
4078,4545
4078,4651
4078,4668
4078,4671
4079,4325
4079,4571
4079,4712
4079,4722
4079,4928
4079,4939
4080,4155
4080,4315
4080,4407
4080,4656
4081,4635
4081,4772
4081,4997
4082,4196
4082,4286
4082,4565
4082,4622
4082,4663
4082,4790
4082,4800
4083,4206
4083,4681
4084,4122
4084,4514
4084,4694
4084,4699
4084,4700
4084,4742
4084,4795
4085,4367
4085,4486
4085,4579
4085,4949
4086,4097
4086,4365
4086,4674
4087,4112
4087,4225
4087,4528
4087,4620
4087,4687
4087,4703
4087,4827
4088,4112
4088,4583
4088,4653
4088,4832
4088,4939
4089,4189
4089,4245
4089,4246
4089,4298
4089,4752
4089,4796
4090,4128
4090,4333
4090,4492
4090,4599
4091,4093
4091,4218
4091,4426
4091,4431
4091,4595
4091,4607
4091,4897
4092,4385
4092,4444
4092,4674
4092,4866
4092,4894
4093,4148
4093,4520
4093,4788
4094,4456
4094,4651
4094,4655
4094,4905
4094,4944
4095,4659
4095,4816
4096,4282
4096,4438
4096,4465
4096,4503
4096,4829
4097,4219
4097,4245
4097,4266
4097,4280
4097,4423
4097,4775
4098,4288
4098,4539
4098,4585
4098,4738
4098,4827
4099,4193
4099,4543
4100,4292
4100,4993
4101,4853
4101,4908
4102,4430
4102,4777
4102,4926
4102,4934
4103,4122
4103,4175
4103,4423
4103,4516
4103,4579
4103,4595
4103,4769
4104,4220
4105,4117
4105,4455
4105,4576
4105,4617
4106,4113
4106,4204
4106,4554
4106,4732
4106,4881
4107,4351
4107,4419
4108,4112
4108,4137
4108,4223
4108,4225
4108,4466
4108,4560
4108,4692
4108,4831
4108,4990
4109,4956
4110,4156
4110,4665
4110,4944
4110,4973
4111,4245
4111,4489
4111,4947
4112,4176
4112,4320
4112,4376
4112,4386
4112,4502
4112,4613
4112,4791
4113,4154
4113,4461
4113,4564
4114,4417
4114,4686
4114,4790
4114,4845
4115,4153
4115,4336
4115,4533
4115,4778
4116,4189
4116,4215
4116,4366
4116,4524
4116,4526
4116,4741
4116,4816
4117,4138
4117,4338
4117,4788
4118,4598
4118,4674
4118,4741
4119,4269
4119,4716
4119,4794
4119,4973
4120,4291
4120,4336
4120,4438
4120,4452
4120,4617
4120,4681
4120,4725
4120,4791
4120,4862
4121,4436
4121,4562
4121,4690
4122,4384
4122,4736
4122,4806
4122,4850
4123,4314
4123,4449
4124,4126
4124,4143
4124,4427
4124,4899
4125,4177
4125,4289
4125,4534
4125,4671
4125,4701
4125,4725
4126,4154
4126,4196
4126,4251
4126,4558
4126,4569
4126,4668
4126,4848
4127,4141
4127,4974
4128,4179
4128,4213
4128,4258
4128,4529
4128,4720
4128,4890
4128,4982
4129,4152
4129,4214
4129,4232
4129,4372
4129,4796
4129,4815
4130,4409
4130,4566
4130,4607
4130,4629
4131,4174
4131,4487
4131,4788
4132,4283
4132,4325
4132,4375
4132,4492
4132,4684
4132,4912
4133,4297
4133,4423
4133,4831
4133,4875
4134,4205
4134,4773
4134,4812
4135,4145
4135,4290
4135,4448
4135,4773
4135,4778
4135,4963
4136,4207
4136,4283
4136,4396
4136,4584
4136,4714
4136,4733
4137,4562
4137,4641
4137,4719
4137,4767
4137,4932
4138,4383
4138,4535
4138,4861
4139,4183
4139,4750
4139,4957
4140,4201
4140,4228
4140,4352
4140,4421
4140,4432
4140,4435
4140,4565
4140,4998
4141,4207
4141,4578
4141,4707
4141,4852
4141,4930
4141,4960
4142,4797
4143,4273
4143,4462
4143,4727
4143,4775
4144,4350
4144,4547
4145,4156
4145,4267
4145,4686
4146,4192
4146,4365
4146,4859
4147,4200
4147,4267
4147,4547
4147,4593
4147,4638
4148,4228
4148,4254
4148,4481
4148,4610
4148,4627
4148,4635
4148,4749
4148,4911
4149,4342
4149,4344
4149,4424
4149,4789
4149,4791
4150,4472
4150,4658
4151,4337
4151,4726
4151,4789
4152,4166
4152,4193
4152,4217
4152,4360
4152,4465
4152,4825
4153,4579
4153,4993
4154,4491
4154,4641
4154,4706
4154,4765
4154,4995
4155,4250
4155,4508
4155,4578
4155,4677
4155,4887
4155,4910
4155,4927
4156,4196
4157,4568
4157,4898
4158,4284
4158,4355
4158,4640
4158,4811
4158,4828
4158,4999
4159,4251
4159,4284
4159,4481
4159,4667
4159,4806
4159,4904
4159,4964
4160,4183
4160,4447
4161,4253
4161,4484
4161,4640
4161,4936
4161,4986
4162,4242
4162,4722
4163,4576
4163,4771
4164,4309
4164,4561
4164,4733
4165,4307
4165,4633
4165,4766
4166,4256
4166,4391
4166,4616
4166,4893
4167,4360
4167,4468
4169,4193
4169,4299
4169,4411
4169,4415
4169,4748
4169,4866
4170,4256
4170,4390
4170,4750
4170,4915
4171,4326
4171,4617
4171,4897
4172,4209
4172,4509
4172,4886
4172,4923
4173,4350
4173,4498
4173,4828
4173,4984
4174,4336
4174,4477
4174,4540
4174,4753
4174,4786
4174,4881
4175,4290
4175,4428
4176,4484
4176,4523
4176,4646
4176,4682
4176,4701
4176,4896
4177,4308
4177,4419
4177,4528
4177,4687
4177,4760
4177,4961
4178,4184
4178,4271
4178,4411
4178,4619
4178,4806
4179,4339
4179,4365
4179,4447
4179,4639
4179,4955
4180,4690
4181,4236
4181,4678
4181,4694
4182,4497
4182,4780
4183,4522
4183,4591
4183,4680
4183,4790
4183,4851
4184,4255
4184,4352
4184,4647
4185,4268
4185,4690
4185,4722
4186,4324
4186,4334
4186,4344
4186,4432
4186,4489
4186,4515
4186,4795
4186,4818
4186,4927
4187,4214
4187,4343
4187,4378
4187,4482
4187,4577
4187,4842
4187,4991
4188,4441
4188,4446
4188,4449
4188,4496
4188,4581
4188,4795
4189,4322
4189,4476
4189,4559
4189,4795
4189,4834
4190,4450
4190,4715
4190,4947
4191,4403
4191,4584
4191,4721
4191,4856
4192,4688
4192,4771
4192,4778
4193,4376
4193,4853
4193,4859
4193,4879
4193,4965
4193,4993
4194,4356
4194,4434
4194,4533
4194,4748
4194,4824
4194,4993
4195,4292
4195,4448
4196,4302
4196,4414
4196,4517
4196,4525
4196,4641
4197,4298
4197,4714
4197,4858
4198,4408
4198,4550
4198,4656
4198,4945
4199,4216
4199,4544
4199,4603
4199,4981
4200,4553
4200,4646
4201,4374
4201,4925
4202,4322
4202,4544
4202,4559
4202,4661
4203,4235
4203,4325
4203,4624
4203,4670
4203,4706
4203,4781
4204,4470
4204,4708
4205,4228
4205,4488
4205,4739
4205,4872
4205,4893
4205,4987
4206,4256
4206,4429
4206,4463
4206,4554
4206,4590
4206,4760
4206,4801
4206,4858
4206,4936
4207,4239
4207,4242
4207,4245
4207,4268
4207,4385
4207,4518
4207,4532
4207,4796
4207,4955
4208,4266
4208,4293
4208,4336
4208,4467
4208,4636
4208,4690
4209,4880
4210,4213
4210,4306
4210,4464
4210,4716
4210,4758
4210,4835
4210,4987
4211,4357
4211,4537
4211,4580
4211,4693
4211,4714
4211,4834
4212,4507
4212,4875
4212,4901
4213,4280
4213,4415
4213,4471
4213,4698
4213,4833
4213,4852
4214,4519
4214,4757
4214,4955
4215,4496
4215,4916
4216,4866
4217,4367
4217,4369
4217,4478
4217,4547
4217,4793
4217,4903
4218,4495
4218,4598
4219,4560
4219,4694
4219,4974
4220,4241
4220,4379
4221,4282
4221,4321
4221,4636
4221,4712
4221,4852
4221,4948
4221,4986
4223,4377
4223,4393
4223,4556
4223,4567
4223,4843
4223,4973
4224,4273
4224,4316
4224,4803
4225,4270
4225,4283
4225,4884
4226,4366
4226,4381
4226,4389
4226,4514
4226,4558
4226,4952
4226,4990
4227,4831
4227,4832
4227,4908
4227,4949
4228,4898
4228,4977
4229,4241
4229,4297
4229,4676
4229,4738
4229,4774
4229,4850
4229,4999
4230,4387
4230,4514
4230,4944
4231,4287
4231,4401
4231,4470
4231,4827
4232,4560
4232,4591
4232,4780
4233,4282
4233,4346
4233,4525
4233,4731
4234,4404
4234,4741
4234,4799
4235,4371
4235,4643
4235,4679
4235,4745
4235,4979
4236,4256
4236,4313
4236,4355
4236,4453
4236,4528
4236,4530
4236,4544
4236,4562
4236,4921
4237,4268
4237,4308
4237,4665
4237,4813
4237,4828
4238,4279
4238,4411
4238,4514
4238,4558
4238,4867
4239,4300
4239,4409
4239,4612
4239,4640
4239,4875
4240,4259
4240,4307
4240,4575
4240,4752
4240,4757
4241,4335
4241,4410
4241,4445
4241,4520
4241,4557
4241,4988
4242,4313
4242,4436
4242,4605
4242,4713
4242,4757
4242,4759
4242,4778
4242,4990
4243,4561
4243,4621
4243,4797
4243,4907
4245,4482
4245,4519
4245,4626
4245,4939
4246,4319
4246,4516
4246,4630
4246,4847
4247,4427
4247,4429
4247,4479
4247,4585
4247,4661
4247,4708
4247,4977
4248,4370
4248,4535
4248,4799
4248,4882
4249,4569
4249,4636
4249,4692
4249,4730
4249,4825
4250,4413
4250,4631
4250,4970
4251,4637
4251,4881
4251,4895
4252,4831
4252,4953
4253,4535
4253,4609
4253,4709
4253,4780
4254,4322
4254,4553
4254,4887
4255,4543
4255,4571
4255,4855
4255,4887
4255,4888
4255,4927
4256,4390
4256,4639
4256,4990
4257,4361
4257,4375
4257,4625
4257,4895
4257,4993
4258,4362
4258,4384
4258,4507
4258,4522
4258,4875
4259,4312
4259,4432
4259,4434
4259,4661
4259,4769
4259,4780
4259,4825
4259,4943
4260,4337
4260,4463
4260,4638
4260,4829
4261,4511
4261,4632
4261,4933
4262,4501
4262,4664
4262,4931
4263,4315
4263,4481
4263,4556
4263,4874
4263,4981
4263,4990
4264,4282
4264,4401
4264,4693
4265,4390
4265,4423
4265,4770
4265,4964
4266,4424
4266,4465
4266,4705
4267,4339
4267,4549
4267,4971
4268,4449
4268,4868
4268,4917
4269,4438
4269,4760
4270,4635
4271,4438
4272,4316
4272,4448
4272,4575
4272,4613
4272,4616
4272,4671
4272,4763
4272,4921
4273,4385
4273,4614
4273,4763
4273,4884
4273,4898
4273,4911
4274,4511
4274,4729
4274,4777
4275,4593
4275,4772
4276,4462
4276,4648
4276,4700
4276,4985
4277,4804
4277,4914
4278,4280
4278,4737
4279,4526
4279,4572
4279,4855
4279,4920
4280,4360
4280,4705
4280,4938
4281,4355
4281,4473
4281,4623
4281,4644
4281,4675
4281,4891
4282,4858
4282,4984
4283,4403
4283,4433
4283,4506
4283,4629
4283,4657
4283,4794
4284,4322
4284,4439
4284,4548
4284,4642
4284,4813
4284,4864
4285,4450
4285,4614
4285,4712
4285,4721
4285,4789
4285,4790
4285,4834
4285,4920
4285,4984
4286,4856
4287,4335
4287,4611
4287,4632
4287,4703
4287,4749
4288,4305
4288,4624
4288,4729
4288,4863
4289,4634
4289,4749
4289,4832
4289,4895
4290,4295
4290,4459
4290,4789
4290,4978
4291,4438
4291,4600
4291,4607
4291,4656
4291,4668
4291,4714
4291,4801
4291,4813
4291,4924
4292,4304
4292,4656
4292,4728
4292,4855
4293,4556
4293,4615
4293,4958
4294,4910
4295,4595
4295,4853
4295,4871
4296,4379
4296,4943
4297,4349
4297,4609
4297,4665
4297,4842
4298,4521
4299,4394
4299,4428
4299,4843
4299,4933
4300,4755
4300,4857
4301,4588
4301,4702
4302,4607
4302,4633
4302,4694
4302,4947
4303,4753
4303,4981
4304,4371
4304,4716
4304,4731
4304,4923
4304,4942
4305,4395
4305,4619
4305,4835
4306,4381
4306,4470
4306,4590
4306,4618
4307,4727
4307,4853
4307,4990
4308,4417
4308,4615
4308,4914
4308,4915
4308,4920
4309,4314
4309,4372
4309,4519
4309,4543
4309,4769
4310,4336
4310,4369
4310,4410
4310,4434
4310,4577
4310,4756
4311,4589
4311,4693
4311,4964
4312,4490
4312,4613
4313,4342
4313,4378
4313,4459
4313,4938
4313,4949
4314,4616
4314,4709
4315,4467
4315,4558
4316,4633
4316,4812
4316,4943
4317,4403
4317,4588
4317,4621
4317,4810
4317,4912
4318,4712
4319,4586
4319,4629
4319,4633
4319,4644
4320,4337
4320,4534
4320,4785
4321,4418
4321,4426
4321,4470
4321,4922
4322,4346
4323,4533
4323,4659
4323,4835
4324,4384
4324,4450
4324,4617
4325,4703
4325,4748
4325,4788
4325,4812
4325,4906
4326,4486
4326,4630
4326,4651
4326,4671
4326,4704
4326,4738
4327,4374
4327,4517
4327,4701
4327,4770
4327,4887
4328,4609
4328,4710
4328,4856
4329,4724
4329,4832
4329,4858
4330,4488
4330,4864
4330,4926
4331,4414
4331,4459
4331,4468
4331,4588
4331,4640
4331,4748
4331,4896
4332,4660
4333,4407
4333,4614
4333,4689
4333,4819
4334,4335
4334,4535
4334,4751
4334,4790
4334,4811
4334,4848
4334,4912
4335,4354
4335,4357
4335,4861
4336,4878
4336,4929
4337,4743
4337,4929
4338,4387
4338,4583
4338,4669
4338,4749
4339,4473
4339,4542
4339,4627
4340,4629
4340,4810
4341,4408
4341,4604
4341,4624
4342,4427
4342,4440
4342,4536
4342,4605
4342,4785
4342,4861
4343,4374
4343,4650
4343,4783
4343,4905
4344,4509
4344,4542
4344,4691
4344,4735
4345,4368
4345,4834
4346,4394
4346,4448
4346,4495
4346,4943
4347,4553
4347,4761
4347,4871
4348,4421
4348,4514
4348,4605
4348,4872
4349,4509
4349,4619
4349,4671
4349,4834
4349,4896
4350,4905
4351,4541
4351,4564
4352,4764
4352,4778
4352,4786
4352,4877
4353,4490
4353,4981
4354,4612
4354,4990
4355,4469
4355,4637
4356,4541
4356,4716
4356,4741
4357,4432
4357,4512
4357,4910
4358,4911
4359,4431
4359,4433
4359,4576
4359,4804
4359,4990
4360,4706
4360,4806
4360,4858
4360,4951
4361,4475
4361,4809
4361,4832
4361,4841
4361,4902
4361,4969
4363,4413
4363,4475
4363,4952
4364,4717
4365,4431
4365,4515
4365,4523
4365,4616
4365,4703
4365,4744
4365,4824
4366,4664
4366,4902
4366,4968
4367,4513
4367,4773
4367,4866
4367,4893
4368,4387
4368,4458
4369,4402
4369,4945
4370,4596
4370,4607
4370,4668
4372,4499
4372,4673
4373,4575
4373,4627
4373,4771
4373,4837
4374,4668
4375,4696
4375,4720
4376,4453
4376,4675
4376,4819
4376,4872
4377,4430
4377,4525
4377,4686
4377,4924
4378,4481
4378,4694
4378,4748
4379,4384
4379,4597
4379,4845
4379,4987
4380,4735
4381,4399
4381,4477
4381,4679
4381,4803
4381,4814
4382,4547
4382,4672
4382,4912
4383,4500
4383,4853
4385,4441
4385,4526
4385,4566
4386,4609
4386,4737
4386,4784
4387,4410
4387,4552
4387,4651
4387,4718
4387,4722
4387,4846
4388,4413
4388,4892
4388,4920
4389,4570
4389,4810
4389,4977
4390,4419
4390,4841
4390,4842
4390,4924
4390,4950
4390,4989
4391,4423
4391,4781
4392,4474
4392,4556
4392,4581
4392,4650
4392,4741
4392,4765
4393,4975
4394,4485
4394,4796
4395,4417
4395,4533
4395,4557
4396,4536
4396,4796
4396,4819
4397,4409
4397,4443
4397,4472
4398,4420
4398,4697
4399,4457
4399,4563
4399,4704
4399,4831
4400,4462
4400,4606
4400,4906
4401,4926
4402,4680
4402,4740
4402,4921
4403,4500
4403,4618
4403,4730
4404,4575
4404,4890
4404,4929
4405,4520
4405,4556
4405,4639
4405,4995
4406,4476
4406,4808
4406,4911
4406,4947
4407,4820
4407,4967
4408,4560
4408,4592
4408,4881
4409,4501
4409,4517
4409,4784
4409,4805
4410,4556
4410,4993
4411,4520
4411,4661
4411,4667
4411,4798
4411,4801
4412,4434
4412,4503
4412,4514
4412,4818
4412,4819
4413,4733
4413,4920
4414,4466
4414,4508
4414,4647
4414,4689
4414,4888
4415,4870
4416,4659
4416,4702
4417,4636
4417,4637
4417,4654
4417,4763
4418,4465
4418,4588
4418,4804
4419,4422
4419,4598
4419,4944
4420,4441
4420,4528
4420,4551
4420,4647
4420,4722
4420,4782
4420,4800
4420,4930
4421,4543
4421,4998
4422,4460
4422,4658
4422,4885
4423,4487
4423,4657
4424,4570
4425,4543
4427,4552
4427,4845
4428,4572
4428,4581
4428,4663
4428,4742
4429,4487
4429,4494
4429,4641
4429,4643
4429,4703
4429,4752
4430,4561
4431,4527
4431,4631
4431,4726
4431,4856
4432,4605
4432,4637
4432,4839
4432,4897
4433,4598
4433,4600
4433,4700
4433,4891
4433,4992
4434,4686
4434,4889
4435,4545
4435,4754
4435,4783
4435,4985
4437,4586
4437,4742
4437,4957
4437,4987
4438,4534
4438,4548
4439,4876
4441,4504
4441,4538
4441,4609
4441,4718
4441,4914
4442,4780
4442,4906
4443,4475
4443,4561
4443,4658
4443,4840
4443,4853
4444,4452
4444,4465
4444,4543
4445,4544
4445,4993
4446,4710
4446,4742
4446,4789
4446,4830
4446,4991
4447,4552
4447,4972
4448,4498
4448,4591
4448,4753
4448,4867
4449,4676
4449,4833
4449,4909
4450,4654
4450,4683
4451,4531
4451,4740
4451,4755
4451,4770
4451,4843
4452,4784
4452,4896
4453,4734
4453,4913
4454,4467
4454,4601
4454,4655
4454,4677
4454,4771
4454,4975
4454,4977
4455,4999
4456,4521
4457,4642
4457,4726
4457,4762
4457,4774
4458,4997
4459,4908
4460,4521
4460,4531
4460,4780
4460,4831
4460,4845
4460,4910
4461,4608
4462,4752
4462,4806
4462,4927
4462,4967
4462,4986
4463,4583
4464,4769
4465,4832
4467,4533
4467,4910
4467,4935
4468,4759
4470,4534
4470,4599
4470,4668
4470,4705
4470,4706
4473,4504
4473,4734
4475,4548
4475,4853
4475,4869
4476,4492
4476,4528
4476,4778
4477,4619
4477,4899
4478,4529
4478,4636
4478,4689
4479,4537
4479,4782
4479,4941
4480,4524
4480,4819
4480,4944
4480,4977
4481,4571
4482,4497
4482,4743
4484,4567
4485,4513
4485,4591
4485,4686
4485,4732
4485,4910
4486,4820
4486,4846
4486,4915
4487,4988
4488,4719
4488,4759
4489,4519
4489,4912
4489,4970
4490,4515
4490,4568
4490,4622
4490,4740
4490,4759
4490,4895
4491,4581
4492,4710
4493,4848
4493,4940
4493,4968
4494,4731
4494,4772
4494,4845
4494,4857
4495,4628
4495,4633
4495,4639
4495,4644
4495,4768
4495,4840
4495,4945
4496,4560
4496,4681
4497,4625
4497,4785
4498,4843
4498,4968
4499,4698
4500,4501
4500,4503
4500,4536
4501,4528
4501,4529
4501,4647
4501,4719
4501,4726
4501,4874
4503,4640
4504,4738
4504,4852
4506,4519
4506,4606
4506,4821
4507,4540
4507,4622
4507,4722
4507,4761
4508,4645
4508,4744
4508,4950
4509,4743
4510,4686
4510,4844
4511,4567
4511,4742
4512,4639
4512,4718
4512,4970
4513,4818
4514,4679
4514,4782
4514,4863
4514,4875
4515,4801
4516,4801
4517,4596
4517,4755
4517,4936
4518,4524
4518,4576
4518,4690
4518,4782
4519,4592
4520,4570
4520,4823
4522,4656
4522,4672
4522,4795
4523,4662
4523,4779
4523,4874
4523,4899
4524,4693
4525,4643
4525,4717
4525,4825
4525,4971
4526,4594
4526,4751
4526,4788
4527,4553
4527,4859
4527,4898
4527,4964
4528,4746
4528,4868
4529,4664
4529,4882
4529,4925
4529,4993
4530,4697
4530,4806
4531,4547
4531,4795
4532,4581
4532,4647
4533,4846
4534,4885
4535,4837
4535,4876
4536,4593
4536,4856
4536,4959
4536,4990
4537,4934
4538,4730
4538,4800
4538,4860
4538,4890
4540,4544
4540,4547
4540,4953
4541,4964
4542,4544
4542,4581
4542,4688
4542,4928
4543,4642
4543,4797
4543,4993
4544,4574
4544,4684
4544,4687
4544,4718
4545,4651
4545,4936
4546,4866
4546,4991
4547,4634
4547,4907
4547,4990
4548,4577
4548,4596
4548,4717
4548,4875
4548,4937
4549,4556
4549,4731
4550,4825
4551,4861
4551,4893
4551,4992
4552,4736
4552,4746
4552,4774
4552,4795
4553,4565
4554,4727
4555,4653
4555,4693
4555,4876
4556,4575
4556,4768
4557,4725
4557,4778
4558,4603
4558,4684
4558,4865
4559,4579
4559,4675
4559,4946
4560,4655
4560,4791
4560,4963
4561,4811
4562,4888
4563,4901
4564,4792
4564,4793
4565,4615
4566,4676
4566,4790
4567,4722
4568,4952
4569,4951
4569,4989
4570,4630
4570,4800
4570,4910
4570,4954
4571,4686
4572,4629
4572,4977
4573,4701
4574,4740
4574,4971
4575,4596
4575,4642
4576,4857
4576,4907
4577,4778
4577,4808
4578,4613
4579,4666
4580,4700
4581,4645
4581,4695
4581,4826
4582,4730
4582,4823
4582,4826
4582,4917
4583,4826
4583,4866
4583,4979
4584,4773
4585,4745
4585,4828
4585,4966
4586,4760
4586,4892
4587,4618
4587,4637
4587,4734
4587,4768
4587,4792
4587,4919
4588,4748
4589,4869
4590,4859
4591,4595
4591,4734
4591,4798
4592,4849
4593,4670
4593,4854
4593,4928
4594,4999
4595,4943
4596,4883
4597,4654
4597,4897
4597,4933
4598,4715
4598,4774
4598,4865
4600,4609
4600,4737
4600,4938
4601,4886
4602,4840
4603,4670
4603,4727
4603,4880
4604,4742
4604,4938
4604,4983
4605,4819
4605,4934
4606,4880
4607,4913
4608,4685
4608,4699
4608,4719
4608,4724
4608,4977
4610,4702
4611,4782
4611,4919
4611,4953
4611,4976
4612,4639
4612,4964
4612,4996
4613,4663
4613,4794
4613,4799
4613,4955
4613,4995
4614,4914
4614,4948
4614,4955
4616,4617
4616,4629
4616,4800
4616,4867
4616,4928
4616,4950
4617,4705
4617,4706
4617,4777
4618,4814
4619,4755
4619,4909
4620,4634
4620,4679
4620,4972
4621,4838
4621,4840
4622,4719
4622,4894
4623,4664
4623,4843
4623,4855
4624,4677
4624,4830
4625,4699
4625,4945
4626,4873
4628,4976
4629,4655
4629,4742
4629,4901
4629,4948
4630,4632
4630,4802
4630,4974
4632,4639
4632,4996
4633,4800
4634,4686
4634,4716
4634,4927
4634,4979
4635,4775
4635,4796
4635,4817
4635,4880
4635,4902
4637,4745
4637,4883
4638,4779
4638,4834
4640,4674
4640,4679
4640,4682
4640,4808
4641,4778
4641,4796
4641,4908
4644,4752
4644,4916
4644,4948
4645,4895
4645,4910
4646,4955
4647,4815
4649,4671
4650,4677
4651,4854
4653,4730
4653,4735
4653,4774
4653,4830
4653,4912
4654,4712
4654,4792
4654,4941
4655,4664
4657,4775
4657,4868
4657,4957
4658,4946
4659,4713
4659,4715
4659,4904
4659,4960
4659,4962
4659,4989
4660,4879
4661,4894
4665,4820
4665,4922
4666,4886
4666,4964
4667,4937
4668,4687
4668,4758
4669,4810
4669,4947
4670,4873
4670,4926
4671,4818
4671,4892
4671,4950
4672,4728
4673,4766
4673,4796
4673,4958
4673,4995
4674,4960
4674,4991
4675,4688
4676,4725
4676,4757
4676,4887
4676,4952
4676,4973
4678,4952
4679,4736
4679,4778
4680,4882
4681,4694
4681,4725
4681,4973
4683,4896
4684,4825
4684,4838
4685,4758
4686,4875
4686,4885
4687,4795
4687,4831
4687,4986
4690,4704
4690,4880
4691,4733
4691,4807
4691,4979
4692,4693
4692,4708
4692,4800
4692,4960
4693,4778
4693,4819
4695,4703
4695,4873
4695,4898
4696,4802
4696,4906
4696,4979
4697,4755
4699,4840
4699,4960
4700,4884
4701,4774
4702,4961
4703,4714
4703,4755
4704,4752
4704,4974
4705,4713
4705,4831
4705,4924
4705,4934
4706,4997
4707,4937
4707,4940
4707,4984
4708,4792
4708,4844
4709,4855
4709,4991
4711,4742
4711,4749
4711,4796
4713,4770
4713,4802
4717,4990
4718,4831
4718,4887
4718,4901
4719,4802
4719,4945
4720,4885
4720,4931
4722,4904
4726,4884
4728,4783
4729,4878
4730,4976
4732,4929
4732,4948
4732,4980
4733,4916
4734,4792
4735,4747
4735,4973
4736,4865
4736,4891
4736,4916
4736,4918
4738,4952
4739,4885
4740,4771
4742,4884
4742,4890
4742,4945
4744,4875
4744,4996
4745,4783
4745,4879
4746,4794
4746,4906
4746,4938
4747,4856
4747,4920
4747,4978
4748,4852
4748,4886
4748,4925
4749,4783
4751,4858
4752,4769
4752,4840
4752,4887
4753,4974
4754,4778
4754,4884
4754,4935
4755,4876
4755,4918
4756,4771
4757,4821
4757,4876
4758,4986
4759,4803
4760,4849
4761,4770
4761,4890
4761,4982
4762,4846
4762,4917
4763,4791
4763,4908
4766,4866
4766,4977
4767,4865
4767,4958
4768,4881
4769,4898
4769,4979
4772,4902
4772,4937
4773,4880
4774,4850
4775,4828
4775,4936
4775,4953
4776,4808
4776,4831
4776,4874
4776,4948
4777,4784
4777,4943
4778,4982
4779,4790
4779,4852
4779,4891
4779,4901
4781,4939
4782,4986
4783,4982
4784,4880
4786,4853
4787,4815
4788,4819
4789,4978
4791,4927
4792,4906
4793,4946
4795,4825
4795,4849
4795,4888
4795,4890
4796,4829
4799,4861
4801,4823
4808,4838
4809,4863
4810,4888
4814,4960
4815,4820
4816,4902
4816,4945
4816,4950
4817,4998
4818,4844
4818,4980
4819,4858
4819,4903
4820,4886
4820,4913
4821,4915
4821,4918
4823,4850
4826,4907
4828,4887
4828,4922
4831,4994
4832,4847
4833,4967
4834,4856
4834,4994
4835,4949
4836,4870
4836,4913
4837,4991
4838,4918
4838,4949
4842,4871
4842,4927
4842,4934
4842,4989
4842,4997
4845,4994
4849,4948
4851,4971
4852,4928
4853,4959
4854,4965
4857,4958
4858,4901
4858,4928
4858,4989
4863,4912
4865,4972
4866,4915
4868,4894
4870,4874
4876,4903
4876,4976
4876,4979
4878,4956
4880,4882
4880,4896
4880,4973
4884,4905
4885,4987
4886,4920
4887,4974
4889,4993
4892,4994
4893,4932
4894,4953
4899,4935
4900,4982
4907,4910
4910,4916
4910,4945
4912,4919
4914,4918
4914,4960
4915,4938
4925,4933
4925,4975
4928,4941
4931,4991
4933,4969
4936,4957
4940,4949
4944,4972
4948,4975
4949,4968
4950,4991
4951,4958
4952,4985
4952,4997
4956,4991
4958,4976
4960,4965
4961,4966
4966,4997
4971,4977
4971,4986
4971,4989
4973,4975
4989,4992
